ISO-10303-21;
HEADER;
FILE_DESCRIPTION(('STEP AP214'),'1');
FILE_NAME('CONN_PH1-07-UA_ADM','2026-06-20T02:47:19',(''),(''),'','','');
FILE_SCHEMA(('AUTOMOTIVE_DESIGN'));
ENDSEC;
DATA;
#1=SHAPE_DEFINITION_REPRESENTATION(#2,#3);
#2=PRODUCT_DEFINITION_SHAPE('',$,#4);
#3=SHAPE_REPRESENTATION('',(#188,#4405,#4407,#5389,#5391,#6373,#6375,#7357,#7359,#8341,#8343,#9325,#9327,#10309,#10311,#19),#11);
#4=PRODUCT_DEFINITION('design','example product_definition',#6,#5);
#5=PRODUCT_DEFINITION_CONTEXT('3D Mechanical Parts',#10,'design');
#6=PRODUCT_DEFINITION_FORMATION('1.0','first version',#8);
#7=APPLICATION_PROTOCOL_DEFINITION('international standard','automotive_design',2003,#10);
#8=PRODUCT('product','part','',(#9));
#9=PRODUCT_CONTEXT('3D Mechanical Parts',#10,'mechanical');
#10=APPLICATION_CONTEXT('Core Data for Automotive Mechanical Design Process');
#11=(GEOMETRIC_REPRESENTATION_CONTEXT(3) GLOBAL_UNCERTAINTY_ASSIGNED_CONTEXT((#12)) GLOBAL_UNIT_ASSIGNED_CONTEXT((#13,#14,#18)) REPRESENTATION_CONTEXT('ID1','3D'));
#12=UNCERTAINTY_MEASURE_WITH_UNIT(LENGTH_MEASURE(1.E-005),#13,'DISTANCE_ACCURACY_VALUE','Maximum model space distance between geometric entities at asserted connectivities');
#13=(LENGTH_UNIT() NAMED_UNIT(*) SI_UNIT(.MILLI.,.METRE.));
#14=(CONVERSION_BASED_UNIT('degree',#16) NAMED_UNIT(#15) PLANE_ANGLE_UNIT());
#15=DIMENSIONAL_EXPONENTS(0.,0.,0.,0.,0.,0.,0.);
#16=MEASURE_WITH_UNIT(PLANE_ANGLE_MEASURE(0.01745329252),#17);
#17=(NAMED_UNIT(*) PLANE_ANGLE_UNIT() SI_UNIT($,.RADIAN.));
#18=(NAMED_UNIT(*) SI_UNIT($,.STERADIAN.) SOLID_ANGLE_UNIT());
#19=AXIS2_PLACEMENT_3D('',#20,#21,#22);
#20=CARTESIAN_POINT('',(0.0,0.0,0.0));
#21=DIRECTION('',(0.0,0.0,1.0));
#22=DIRECTION('',(1.0,0.0,0.0));
#25=MECHANICAL_DESIGN_GEOMETRIC_PRESENTATION_REPRESENTATION($,(#190,#239,#288,#337,#386,#435,#484,#533,#582,#631,#680,#729,#778,#827,#876,#925,#974,#1023,#1072,#1121,#1170,#1219,#1268,#1317,#1366,#1415,#1464,#1513,#1562,#1611,#1660,#1709,#1758,#1807,#1856,#1905,#1954,#2003,#2052,#2101,#2150,#2199,#2248,#2297,#2346,#2395,#2444,#2493,#2542,#2591,#2640,#2689,#2738,#2787,#2836,#2885,#2934,#2983,#3032,#3081,#3130,#3179,#3228,#3277,#3326,#3375,#3424,#3473,#3522,#3571,#3620,#3669,#3718,#3767,#3816,#3865,#3914,#3963,#4012,#4061,#4110,#4159,#4208,#4257,#4306,#4355,#4409,#4458,#4507,#4556,#4605,#4654,#4703,#4752,#4801,#4850,#4899,#4948,#4997,#5046,#5095,#5144,#5193,#5242,#5291,#5340,#5393,#5442,#5491,#5540,#5589,#5638,#5687,#5736,#5785,#5834,#5883,#5932,#5981,#6030,#6079,#6128,#6177,#6226,#6275,#6324,#6377,#6426,#6475,#6524,#6573,#6622,#6671,#6720,#6769,#6818,#6867,#6916,#6965,#7014,#7063,#7112,#7161,#7210,#7259,#7308,#7361,#7410,#7459,#7508,#7557,#7606,#7655,#7704,#7753,#7802,#7851,#7900,#7949,#7998,#8047,#8096,#8145,#8194,#8243,#8292,#8345,#8394,#8443,#8492,#8541,#8590,#8639,#8688,#8737,#8786,#8835,#8884,#8933,#8982,#9031,#9080,#9129,#9178,#9227,#9276,#9329,#9378,#9427,#9476,#9525,#9574,#9623,#9672,#9721,#9770,#9819,#9868,#9917,#9966,#10015,#10064,#10113,#10162,#10211,#10260,#10313,#10362,#10411,#10460,#10509,#10558,#10607,#10656,#10705,#10754,#10803,#10852,#10901,#10950,#10999,#11048,#11097,#11146,#11195,#11244),#11);
#26=PRODUCT_CATEGORY_RELATIONSHIP('','',#27,#28);
#27=PRODUCT_CATEGORY('part','');
#28=PRODUCT_RELATED_PRODUCT_CATEGORY('','',(#8));
#34=PRESENTATION_STYLE_ASSIGNMENT((#35,#40));
#35=SURFACE_STYLE_USAGE(.BOTH.,#36);
#36=SURFACE_SIDE_STYLE('',(#37));
#37=SURFACE_STYLE_FILL_AREA(#38);
#38=FILL_AREA_STYLE('',(#39));
#39=FILL_AREA_STYLE_COLOUR('',#41);
#40=CURVE_STYLE('',#42,POSITIVE_LENGTH_MEASURE(0.1),#41);
#41=COLOUR_RGB('Gold',0.843,0.686,0.0);
#42=DRAUGHTING_PRE_DEFINED_CURVE_FONT('continuous');
#43=PRESENTATION_STYLE_ASSIGNMENT((#44,#49));
#44=SURFACE_STYLE_USAGE(.BOTH.,#45);
#45=SURFACE_SIDE_STYLE('',(#46));
#46=SURFACE_STYLE_FILL_AREA(#47);
#47=FILL_AREA_STYLE('',(#48));
#48=FILL_AREA_STYLE_COLOUR('',#50);
#49=CURVE_STYLE('',#51,POSITIVE_LENGTH_MEASURE(0.1),#50);
#50=COLOUR_RGB('Black',0.196,0.196,0.196);
#51=DRAUGHTING_PRE_DEFINED_CURVE_FONT('continuous');
#52=PRESENTATION_STYLE_ASSIGNMENT((#53,#58));
#53=SURFACE_STYLE_USAGE(.BOTH.,#54);
#54=SURFACE_SIDE_STYLE('',(#55));
#55=SURFACE_STYLE_FILL_AREA(#56);
#56=FILL_AREA_STYLE('',(#57));
#57=FILL_AREA_STYLE_COLOUR('',#59);
#58=CURVE_STYLE('',#60,POSITIVE_LENGTH_MEASURE(0.1),#59);
#59=COLOUR_RGB('Pin1',0.588,0.588,0.588);
#60=DRAUGHTING_PRE_DEFINED_CURVE_FONT('continuous');
#61=PRESENTATION_STYLE_ASSIGNMENT((#62,#67));
#62=SURFACE_STYLE_USAGE(.BOTH.,#63);
#63=SURFACE_SIDE_STYLE('',(#64));
#64=SURFACE_STYLE_FILL_AREA(#65);
#65=FILL_AREA_STYLE('',(#66));
#66=FILL_AREA_STYLE_COLOUR('',#68);
#67=CURVE_STYLE('',#69,POSITIVE_LENGTH_MEASURE(0.1),#68);
#68=COLOUR_RGB('HeatTab',0.588,0.588,0.588);
#69=DRAUGHTING_PRE_DEFINED_CURVE_FONT('continuous');
#70=PRESENTATION_STYLE_ASSIGNMENT((#71,#76));
#71=SURFACE_STYLE_USAGE(.BOTH.,#72);
#72=SURFACE_SIDE_STYLE('',(#73));
#73=SURFACE_STYLE_FILL_AREA(#74);
#74=FILL_AREA_STYLE('',(#75));
#75=FILL_AREA_STYLE_COLOUR('',#77);
#76=CURVE_STYLE('',#78,POSITIVE_LENGTH_MEASURE(0.1),#77);
#77=COLOUR_RGB('Aluminum',0.725,0.725,0.725);
#78=DRAUGHTING_PRE_DEFINED_CURVE_FONT('continuous');
#79=PRESENTATION_STYLE_ASSIGNMENT((#80,#85));
#80=SURFACE_STYLE_USAGE(.BOTH.,#81);
#81=SURFACE_SIDE_STYLE('',(#82));
#82=SURFACE_STYLE_FILL_AREA(#83);
#83=FILL_AREA_STYLE('',(#84));
#84=FILL_AREA_STYLE_COLOUR('',#86);
#85=CURVE_STYLE('',#87,POSITIVE_LENGTH_MEASURE(0.1),#86);
#86=COLOUR_RGB('Brown',0.459,0.345,0.176);
#87=DRAUGHTING_PRE_DEFINED_CURVE_FONT('continuous');
#88=PRESENTATION_STYLE_ASSIGNMENT((#89,#94));
#89=SURFACE_STYLE_USAGE(.BOTH.,#90);
#90=SURFACE_SIDE_STYLE('',(#91));
#91=SURFACE_STYLE_FILL_AREA(#92);
#92=FILL_AREA_STYLE('',(#93));
#93=FILL_AREA_STYLE_COLOUR('',#95);
#94=CURVE_STYLE('',#96,POSITIVE_LENGTH_MEASURE(0.1),#95);
#95=COLOUR_RGB('Tan',0.784,0.686,0.51);
#96=DRAUGHTING_PRE_DEFINED_CURVE_FONT('continuous');
#97=PRESENTATION_STYLE_ASSIGNMENT((#98,#103));
#98=SURFACE_STYLE_USAGE(.BOTH.,#99);
#99=SURFACE_SIDE_STYLE('',(#100));
#100=SURFACE_STYLE_FILL_AREA(#101);
#101=FILL_AREA_STYLE('',(#102));
#102=FILL_AREA_STYLE_COLOUR('',#104);
#103=CURVE_STYLE('',#105,POSITIVE_LENGTH_MEASURE(0.1),#104);
#104=COLOUR_RGB('Gray',0.431,0.431,0.431);
#105=DRAUGHTING_PRE_DEFINED_CURVE_FONT('continuous');
#106=PRESENTATION_STYLE_ASSIGNMENT((#107,#112));
#107=SURFACE_STYLE_USAGE(.BOTH.,#108);
#108=SURFACE_SIDE_STYLE('',(#109));
#109=SURFACE_STYLE_FILL_AREA(#110);
#110=FILL_AREA_STYLE('',(#111));
#111=FILL_AREA_STYLE_COLOUR('',#113);
#112=CURVE_STYLE('',#114,POSITIVE_LENGTH_MEASURE(0.1),#113);
#113=COLOUR_RGB('Red',0.6,0.0,0.0);
#114=DRAUGHTING_PRE_DEFINED_CURVE_FONT('continuous');
#115=PRESENTATION_STYLE_ASSIGNMENT((#116,#121));
#116=SURFACE_STYLE_USAGE(.BOTH.,#117);
#117=SURFACE_SIDE_STYLE('',(#118));
#118=SURFACE_STYLE_FILL_AREA(#119);
#119=FILL_AREA_STYLE('',(#120));
#120=FILL_AREA_STYLE_COLOUR('',#122);
#121=CURVE_STYLE('',#123,POSITIVE_LENGTH_MEASURE(0.1),#122);
#122=COLOUR_RGB('Blue',0.157,0.157,0.588);
#123=DRAUGHTING_PRE_DEFINED_CURVE_FONT('continuous');
#124=PRESENTATION_STYLE_ASSIGNMENT((#125,#130));
#125=SURFACE_STYLE_USAGE(.BOTH.,#126);
#126=SURFACE_SIDE_STYLE('',(#127));
#127=SURFACE_STYLE_FILL_AREA(#128);
#128=FILL_AREA_STYLE('',(#129));
#129=FILL_AREA_STYLE_COLOUR('',#131);
#130=CURVE_STYLE('',#132,POSITIVE_LENGTH_MEASURE(0.1),#131);
#131=COLOUR_RGB('Maroon',0.294,0.0,0.0);
#132=DRAUGHTING_PRE_DEFINED_CURVE_FONT('continuous');
#133=PRESENTATION_STYLE_ASSIGNMENT((#134,#139));
#134=SURFACE_STYLE_USAGE(.BOTH.,#135);
#135=SURFACE_SIDE_STYLE('',(#136));
#136=SURFACE_STYLE_FILL_AREA(#137);
#137=FILL_AREA_STYLE('',(#138));
#138=FILL_AREA_STYLE_COLOUR('',#140);
#139=CURVE_STYLE('',#141,POSITIVE_LENGTH_MEASURE(0.1),#140);
#140=COLOUR_RGB('Green',0.0,0.294,0.0);
#141=DRAUGHTING_PRE_DEFINED_CURVE_FONT('continuous');
#142=PRESENTATION_STYLE_ASSIGNMENT((#143,#148));
#143=SURFACE_STYLE_USAGE(.BOTH.,#144);
#144=SURFACE_SIDE_STYLE('',(#145));
#145=SURFACE_STYLE_FILL_AREA(#146);
#146=FILL_AREA_STYLE('',(#147));
#147=FILL_AREA_STYLE_COLOUR('',#149);
#148=CURVE_STYLE('',#150,POSITIVE_LENGTH_MEASURE(0.1),#149);
#149=COLOUR_RGB('Pin1Wrap',0.98,0.706,0.176);
#150=DRAUGHTING_PRE_DEFINED_CURVE_FONT('continuous');
#151=PRESENTATION_STYLE_ASSIGNMENT((#152,#157));
#152=SURFACE_STYLE_USAGE(.BOTH.,#153);
#153=SURFACE_SIDE_STYLE('',(#154));
#154=SURFACE_STYLE_FILL_AREA(#155);
#155=FILL_AREA_STYLE('',(#156));
#156=FILL_AREA_STYLE_COLOUR('',#158);
#157=CURVE_STYLE('',#159,POSITIVE_LENGTH_MEASURE(0.1),#158);
#158=COLOUR_RGB('Pin1Rad',0.588,0.588,0.588);
#159=DRAUGHTING_PRE_DEFINED_CURVE_FONT('continuous');
#160=PRESENTATION_STYLE_ASSIGNMENT((#161,#166));
#161=SURFACE_STYLE_USAGE(.BOTH.,#162);
#162=SURFACE_SIDE_STYLE('',(#163));
#163=SURFACE_STYLE_FILL_AREA(#164);
#164=FILL_AREA_STYLE('',(#165));
#165=FILL_AREA_STYLE_COLOUR('',#167);
#166=CURVE_STYLE('',#168,POSITIVE_LENGTH_MEASURE(0.1),#167);
#167=COLOUR_RGB('Pin1Axial',0.98,0.706,0.176);
#168=DRAUGHTING_PRE_DEFINED_CURVE_FONT('continuous');
#169=PRESENTATION_STYLE_ASSIGNMENT((#170,#175));
#170=SURFACE_STYLE_USAGE(.BOTH.,#171);
#171=SURFACE_SIDE_STYLE('',(#172));
#172=SURFACE_STYLE_FILL_AREA(#173);
#173=FILL_AREA_STYLE('',(#174));
#174=FILL_AREA_STYLE_COLOUR('',#176);
#175=CURVE_STYLE('',#177,POSITIVE_LENGTH_MEASURE(0.1),#176);
#176=COLOUR_RGB('Pin1Tant',0.459,0.345,0.176);
#177=DRAUGHTING_PRE_DEFINED_CURVE_FONT('continuous');
#178=PRESENTATION_STYLE_ASSIGNMENT((#179,#184));
#179=SURFACE_STYLE_USAGE(.BOTH.,#180);
#180=SURFACE_SIDE_STYLE('',(#181));
#181=SURFACE_STYLE_FILL_AREA(#182);
#182=FILL_AREA_STYLE('',(#183));
#183=FILL_AREA_STYLE_COLOUR('',#185);
#184=CURVE_STYLE('',#186,POSITIVE_LENGTH_MEASURE(0.1),#185);
#185=COLOUR_RGB('Shroud',0.235,0.235,0.235);
#186=DRAUGHTING_PRE_DEFINED_CURVE_FONT('continuous');
#188=MANIFOLD_SOLID_BREP($,#189);
#189=CLOSED_SHELL('',(#191,#240,#289,#338,#387,#436,#485,#534,#583,#632,#681,#730,#779,#828,#877,#926,#975,#1024,#1073,#1122,#1171,#1220,#1269,#1318,#1367,#1416,#1465,#1514,#1563,#1612,#1661,#1710,#1759,#1808,#1857,#1906,#1955,#2004,#2053,#2102,#2151,#2200,#2249,#2298,#2347,#2396,#2445,#2494,#2543,#2592,#2641,#2690,#2739,#2788,#2837,#2886,#2935,#2984,#3033,#3082,#3131,#3180,#3229,#3278,#3327,#3376,#3425,#3474,#3523,#3572,#3621,#3670,#3719,#3768,#3817,#3866,#3915,#3964,#4013,#4062,#4111,#4160,#4209,#4258,#4307,#4356));
#190=STYLED_ITEM('',(#43),#191);
#191=ADVANCED_FACE('',(#197),#192,.T.);
#192=PLANE('',#193);
#193=AXIS2_PLACEMENT_3D('',#194,#195,#196);
#194=CARTESIAN_POINT('',(16.51,-1.054,2.278));
#195=DIRECTION('',(0.495,0.0,0.869));
#196=DIRECTION('',(0.,0.,1.));
#197=FACE_OUTER_BOUND('',#198,.T.);
#198=EDGE_LOOP('',(#199,#209,#219,#229));
#202=CARTESIAN_POINT('',(16.51,1.054,2.278));
#201=VERTEX_POINT('',#202);
#204=CARTESIAN_POINT('',(16.51,-1.054,2.278));
#203=VERTEX_POINT('',#204);
#200=EDGE_CURVE('',#201,#203,#205,.T.);
#205=LINE('',#202,#207);
#207=VECTOR('',#208,2.108327);
#208=DIRECTION('',(0.0,-1.0,0.0));
#199=ORIENTED_EDGE('',*,*,#200,.F.);
#212=CARTESIAN_POINT('',(16.065,1.245,2.532));
#211=VERTEX_POINT('',#212);
#210=EDGE_CURVE('',#211,#201,#215,.T.);
#215=LINE('',#212,#217);
#217=VECTOR('',#218,0.545883914462702);
#218=DIRECTION('',(0.814,-0.349,-0.464));
#209=ORIENTED_EDGE('',*,*,#210,.F.);
#222=CARTESIAN_POINT('',(16.065,-1.245,2.532));
#221=VERTEX_POINT('',#222);
#220=EDGE_CURVE('',#221,#211,#225,.T.);
#225=LINE('',#222,#227);
#227=VECTOR('',#228,2.4892);
#228=DIRECTION('',(0.0,1.0,0.0));
#219=ORIENTED_EDGE('',*,*,#220,.F.);
#230=EDGE_CURVE('',#203,#221,#235,.T.);
#235=LINE('',#204,#237);
#237=VECTOR('',#238,0.545883914462702);
#238=DIRECTION('',(-0.814,-0.349,0.464));
#229=ORIENTED_EDGE('',*,*,#230,.F.);
#239=STYLED_ITEM('',(#43),#240);
#240=ADVANCED_FACE('',(#246),#241,.T.);
#241=PLANE('',#242);
#242=AXIS2_PLACEMENT_3D('',#243,#244,#245);
#243=CARTESIAN_POINT('',(14.415,-1.245,2.532));
#244=DIRECTION('',(0.0,0.0,1.0));
#245=DIRECTION('',(0.,1.,0.));
#246=FACE_OUTER_BOUND('',#247,.T.);
#247=EDGE_LOOP('',(#248,#258,#268,#278));
#253=CARTESIAN_POINT('',(14.415,-1.245,2.532));
#252=VERTEX_POINT('',#253);
#249=EDGE_CURVE('',#221,#252,#254,.T.);
#254=LINE('',#222,#256);
#256=VECTOR('',#257,1.650873);
#257=DIRECTION('',(-1.0,0.0,0.0));
#248=ORIENTED_EDGE('',*,*,#249,.F.);
#258=ORIENTED_EDGE('',*,*,#220,.T.);
#271=CARTESIAN_POINT('',(14.415,1.245,2.532));
#270=VERTEX_POINT('',#271);
#269=EDGE_CURVE('',#270,#211,#274,.T.);
#274=LINE('',#271,#276);
#276=VECTOR('',#277,1.650873);
#277=DIRECTION('',(1.0,0.0,0.0));
#268=ORIENTED_EDGE('',*,*,#269,.F.);
#279=EDGE_CURVE('',#252,#270,#284,.T.);
#284=LINE('',#253,#286);
#286=VECTOR('',#287,2.4892);
#287=DIRECTION('',(0.0,1.0,0.0));
#278=ORIENTED_EDGE('',*,*,#279,.F.);
#288=STYLED_ITEM('',(#43),#289);
#289=ADVANCED_FACE('',(#295),#290,.T.);
#290=PLANE('',#291);
#291=AXIS2_PLACEMENT_3D('',#292,#293,#294);
#292=CARTESIAN_POINT('',(13.97,-1.054,2.278));
#293=DIRECTION('',(-0.495,0.0,0.869));
#294=DIRECTION('',(0.,0.,1.));
#295=FACE_OUTER_BOUND('',#296,.T.);
#296=EDGE_LOOP('',(#297,#307,#317,#327));
#302=CARTESIAN_POINT('',(13.97,-1.054,2.278));
#301=VERTEX_POINT('',#302);
#298=EDGE_CURVE('',#252,#301,#303,.T.);
#303=LINE('',#253,#305);
#305=VECTOR('',#306,0.545883914462702);
#306=DIRECTION('',(-0.814,0.349,-0.464));
#297=ORIENTED_EDGE('',*,*,#298,.F.);
#307=ORIENTED_EDGE('',*,*,#279,.T.);
#320=CARTESIAN_POINT('',(13.97,1.054,2.278));
#319=VERTEX_POINT('',#320);
#318=EDGE_CURVE('',#319,#270,#323,.T.);
#323=LINE('',#320,#325);
#325=VECTOR('',#326,0.545883914462702);
#326=DIRECTION('',(0.814,0.349,0.464));
#317=ORIENTED_EDGE('',*,*,#318,.F.);
#328=EDGE_CURVE('',#301,#319,#333,.T.);
#333=LINE('',#302,#335);
#335=VECTOR('',#336,2.108327);
#336=DIRECTION('',(0.0,1.0,0.0));
#327=ORIENTED_EDGE('',*,*,#328,.F.);
#337=STYLED_ITEM('',(#43),#338);
#338=ADVANCED_FACE('',(#344),#339,.T.);
#339=PLANE('',#340);
#340=AXIS2_PLACEMENT_3D('',#341,#342,#343);
#341=CARTESIAN_POINT('',(16.51,-1.054,0.633));
#342=DIRECTION('',(1.0,0.0,0.0));
#343=DIRECTION('',(0.,0.,1.));
#344=FACE_OUTER_BOUND('',#345,.T.);
#345=EDGE_LOOP('',(#346,#356,#366,#376));
#349=CARTESIAN_POINT('',(16.51,1.054,0.633));
#348=VERTEX_POINT('',#349);
#351=CARTESIAN_POINT('',(16.51,-1.054,0.633));
#350=VERTEX_POINT('',#351);
#347=EDGE_CURVE('',#348,#350,#352,.T.);
#352=LINE('',#349,#354);
#354=VECTOR('',#355,2.108327);
#355=DIRECTION('',(0.0,-1.0,0.0));
#346=ORIENTED_EDGE('',*,*,#347,.F.);
#357=EDGE_CURVE('',#201,#348,#362,.T.);
#362=LINE('',#202,#364);
#364=VECTOR('',#365,1.64549502117);
#365=DIRECTION('',(0.0,0.0,-1.0));
#356=ORIENTED_EDGE('',*,*,#357,.F.);
#366=ORIENTED_EDGE('',*,*,#200,.T.);
#377=EDGE_CURVE('',#350,#203,#382,.T.);
#382=LINE('',#351,#384);
#384=VECTOR('',#385,1.64549502117);
#385=DIRECTION('',(0.0,0.0,1.0));
#376=ORIENTED_EDGE('',*,*,#377,.F.);
#386=STYLED_ITEM('',(#43),#387);
#387=ADVANCED_FACE('',(#393),#388,.T.);
#388=PLANE('',#389);
#389=AXIS2_PLACEMENT_3D('',#390,#391,#392);
#390=CARTESIAN_POINT('',(16.51,1.054,0.633));
#391=DIRECTION('',(0.394,0.919,0.0));
#392=DIRECTION('',(0.,0.,1.));
#393=FACE_OUTER_BOUND('',#394,.T.);
#394=EDGE_LOOP('',(#395,#405,#415,#425));
#398=CARTESIAN_POINT('',(16.065,1.245,0.0));
#397=VERTEX_POINT('',#398);
#396=EDGE_CURVE('',#397,#348,#401,.T.);
#401=LINE('',#398,#403);
#403=VECTOR('',#404,0.79651947784934);
#404=DIRECTION('',(0.558,-0.239,0.795));
#395=ORIENTED_EDGE('',*,*,#396,.F.);
#406=EDGE_CURVE('',#211,#397,#411,.T.);
#411=LINE('',#212,#413);
#413=VECTOR('',#414,2.5315308018);
#414=DIRECTION('',(0.0,0.0,-1.0));
#405=ORIENTED_EDGE('',*,*,#406,.F.);
#415=ORIENTED_EDGE('',*,*,#210,.T.);
#425=ORIENTED_EDGE('',*,*,#357,.T.);
#435=STYLED_ITEM('',(#43),#436);
#436=ADVANCED_FACE('',(#442),#437,.T.);
#437=PLANE('',#438);
#438=AXIS2_PLACEMENT_3D('',#439,#440,#441);
#439=CARTESIAN_POINT('',(16.065,1.245,0.0));
#440=DIRECTION('',(0.0,1.0,0.0));
#441=DIRECTION('',(0.,0.,1.));
#442=FACE_OUTER_BOUND('',#443,.T.);
#443=EDGE_LOOP('',(#444,#454,#464,#474));
#447=CARTESIAN_POINT('',(14.415,1.245,0.0));
#446=VERTEX_POINT('',#447);
#445=EDGE_CURVE('',#446,#397,#450,.T.);
#450=LINE('',#447,#452);
#452=VECTOR('',#453,1.650873);
#453=DIRECTION('',(1.0,0.0,0.0));
#444=ORIENTED_EDGE('',*,*,#445,.F.);
#455=EDGE_CURVE('',#270,#446,#460,.T.);
#460=LINE('',#271,#462);
#462=VECTOR('',#463,2.5315308018);
#463=DIRECTION('',(0.0,0.0,-1.0));
#454=ORIENTED_EDGE('',*,*,#455,.F.);
#464=ORIENTED_EDGE('',*,*,#269,.T.);
#474=ORIENTED_EDGE('',*,*,#406,.T.);
#484=STYLED_ITEM('',(#43),#485);
#485=ADVANCED_FACE('',(#491),#486,.T.);
#486=PLANE('',#487);
#487=AXIS2_PLACEMENT_3D('',#488,#489,#490);
#488=CARTESIAN_POINT('',(14.415,1.245,0.0));
#489=DIRECTION('',(-0.394,0.919,0.0));
#490=DIRECTION('',(0.,0.,1.));
#491=FACE_OUTER_BOUND('',#492,.T.);
#492=EDGE_LOOP('',(#493,#503,#513,#523));
#496=CARTESIAN_POINT('',(13.97,1.054,0.633));
#495=VERTEX_POINT('',#496);
#494=EDGE_CURVE('',#495,#446,#499,.T.);
#499=LINE('',#496,#501);
#501=VECTOR('',#502,0.79651947784934);
#502=DIRECTION('',(0.558,0.239,-0.795));
#493=ORIENTED_EDGE('',*,*,#494,.F.);
#504=EDGE_CURVE('',#319,#495,#509,.T.);
#509=LINE('',#320,#511);
#511=VECTOR('',#512,1.64549502117);
#512=DIRECTION('',(0.0,0.0,-1.0));
#503=ORIENTED_EDGE('',*,*,#504,.F.);
#513=ORIENTED_EDGE('',*,*,#318,.T.);
#523=ORIENTED_EDGE('',*,*,#455,.T.);
#533=STYLED_ITEM('',(#43),#534);
#534=ADVANCED_FACE('',(#540),#535,.T.);
#535=PLANE('',#536);
#536=AXIS2_PLACEMENT_3D('',#537,#538,#539);
#537=CARTESIAN_POINT('',(13.97,-1.054,0.633));
#538=DIRECTION('',(-0.394,-0.919,0.0));
#539=DIRECTION('',(0.,0.,1.));
#540=FACE_OUTER_BOUND('',#541,.T.);
#541=EDGE_LOOP('',(#542,#552,#562,#572));
#545=CARTESIAN_POINT('',(14.415,-1.245,0.0));
#544=VERTEX_POINT('',#545);
#547=CARTESIAN_POINT('',(13.97,-1.054,0.633));
#546=VERTEX_POINT('',#547);
#543=EDGE_CURVE('',#544,#546,#548,.T.);
#548=LINE('',#545,#550);
#550=VECTOR('',#551,0.79651947784934);
#551=DIRECTION('',(-0.558,0.239,0.795));
#542=ORIENTED_EDGE('',*,*,#543,.F.);
#553=EDGE_CURVE('',#252,#544,#558,.T.);
#558=LINE('',#253,#560);
#560=VECTOR('',#561,2.5315308018);
#561=DIRECTION('',(0.0,0.0,-1.0));
#552=ORIENTED_EDGE('',*,*,#553,.F.);
#562=ORIENTED_EDGE('',*,*,#298,.T.);
#573=EDGE_CURVE('',#546,#301,#578,.T.);
#578=LINE('',#547,#580);
#580=VECTOR('',#581,1.64549502117);
#581=DIRECTION('',(0.0,0.0,1.0));
#572=ORIENTED_EDGE('',*,*,#573,.F.);
#582=STYLED_ITEM('',(#43),#583);
#583=ADVANCED_FACE('',(#589),#584,.T.);
#584=PLANE('',#585);
#585=AXIS2_PLACEMENT_3D('',#586,#587,#588);
#586=CARTESIAN_POINT('',(14.415,-1.245,0.0));
#587=DIRECTION('',(0.0,-1.0,0.0));
#588=DIRECTION('',(0.,0.,1.));
#589=FACE_OUTER_BOUND('',#590,.T.);
#590=EDGE_LOOP('',(#591,#601,#611,#621));
#594=CARTESIAN_POINT('',(16.065,-1.245,0.0));
#593=VERTEX_POINT('',#594);
#592=EDGE_CURVE('',#593,#544,#597,.T.);
#597=LINE('',#594,#599);
#599=VECTOR('',#600,1.650873);
#600=DIRECTION('',(-1.0,0.0,0.0));
#591=ORIENTED_EDGE('',*,*,#592,.F.);
#602=EDGE_CURVE('',#221,#593,#607,.T.);
#607=LINE('',#222,#609);
#609=VECTOR('',#610,2.5315308018);
#610=DIRECTION('',(0.0,0.0,-1.0));
#601=ORIENTED_EDGE('',*,*,#602,.F.);
#611=ORIENTED_EDGE('',*,*,#249,.T.);
#621=ORIENTED_EDGE('',*,*,#553,.T.);
#631=STYLED_ITEM('',(#43),#632);
#632=ADVANCED_FACE('',(#638),#633,.T.);
#633=PLANE('',#634);
#634=AXIS2_PLACEMENT_3D('',#635,#636,#637);
#635=CARTESIAN_POINT('',(16.065,-1.245,0.0));
#636=DIRECTION('',(0.394,-0.919,0.0));
#637=DIRECTION('',(0.,0.,1.));
#638=FACE_OUTER_BOUND('',#639,.T.);
#639=EDGE_LOOP('',(#640,#650,#660,#670));
#641=EDGE_CURVE('',#350,#593,#646,.T.);
#646=LINE('',#351,#648);
#648=VECTOR('',#649,0.79651947784934);
#649=DIRECTION('',(-0.558,-0.239,-0.795));
#640=ORIENTED_EDGE('',*,*,#641,.F.);
#650=ORIENTED_EDGE('',*,*,#377,.T.);
#660=ORIENTED_EDGE('',*,*,#230,.T.);
#670=ORIENTED_EDGE('',*,*,#602,.T.);
#680=STYLED_ITEM('',(#43),#681);
#681=ADVANCED_FACE('',(#687),#682,.T.);
#682=PLANE('',#683);
#683=AXIS2_PLACEMENT_3D('',#684,#685,#686);
#684=CARTESIAN_POINT('',(16.065,-1.245,0.0));
#685=DIRECTION('',(0.818,0.0,-0.575));
#686=DIRECTION('',(0.,0.,1.));
#687=FACE_OUTER_BOUND('',#688,.T.);
#688=EDGE_LOOP('',(#689,#699,#709,#719));
#690=EDGE_CURVE('',#397,#593,#695,.T.);
#695=LINE('',#398,#697);
#697=VECTOR('',#698,2.4892);
#698=DIRECTION('',(0.0,-1.0,0.0));
#689=ORIENTED_EDGE('',*,*,#690,.F.);
#699=ORIENTED_EDGE('',*,*,#396,.T.);
#709=ORIENTED_EDGE('',*,*,#347,.T.);
#719=ORIENTED_EDGE('',*,*,#641,.T.);
#729=STYLED_ITEM('',(#43),#730);
#730=ADVANCED_FACE('',(#736),#731,.T.);
#731=PLANE('',#732);
#732=AXIS2_PLACEMENT_3D('',#733,#734,#735);
#733=CARTESIAN_POINT('',(14.415,1.245,0.0));
#734=DIRECTION('',(0.0,0.0,-1.0));
#735=DIRECTION('',(0.,1.,0.));
#736=FACE_OUTER_BOUND('',#737,.T.);
#737=EDGE_LOOP('',(#738,#748,#758,#768));
#738=ORIENTED_EDGE('',*,*,#445,.T.);
#748=ORIENTED_EDGE('',*,*,#690,.T.);
#758=ORIENTED_EDGE('',*,*,#592,.T.);
#769=EDGE_CURVE('',#446,#544,#774,.T.);
#774=LINE('',#447,#776);
#776=VECTOR('',#777,2.4892);
#777=DIRECTION('',(0.0,-1.0,0.0));
#768=ORIENTED_EDGE('',*,*,#769,.F.);
#778=STYLED_ITEM('',(#43),#779);
#779=ADVANCED_FACE('',(#785),#780,.T.);
#780=PLANE('',#781);
#781=AXIS2_PLACEMENT_3D('',#782,#783,#784);
#782=CARTESIAN_POINT('',(14.415,1.245,0.0));
#783=DIRECTION('',(-0.818,0.0,-0.575));
#784=DIRECTION('',(0.,0.,1.));
#785=FACE_OUTER_BOUND('',#786,.T.);
#786=EDGE_LOOP('',(#787,#797,#807,#817));
#787=ORIENTED_EDGE('',*,*,#769,.T.);
#797=ORIENTED_EDGE('',*,*,#543,.T.);
#808=EDGE_CURVE('',#495,#546,#813,.T.);
#813=LINE('',#496,#815);
#815=VECTOR('',#816,2.108327);
#816=DIRECTION('',(0.0,-1.0,0.0));
#807=ORIENTED_EDGE('',*,*,#808,.F.);
#817=ORIENTED_EDGE('',*,*,#494,.T.);
#827=STYLED_ITEM('',(#43),#828);
#828=ADVANCED_FACE('',(#834),#829,.T.);
#829=PLANE('',#830);
#830=AXIS2_PLACEMENT_3D('',#831,#832,#833);
#831=CARTESIAN_POINT('',(13.97,-1.054,2.278));
#832=DIRECTION('',(0.495,0.0,0.869));
#833=DIRECTION('',(0.,0.,1.));
#834=FACE_OUTER_BOUND('',#835,.T.);
#835=EDGE_LOOP('',(#836,#846,#856,#866));
#836=ORIENTED_EDGE('',*,*,#328,.T.);
#849=CARTESIAN_POINT('',(13.525,1.245,2.532));
#848=VERTEX_POINT('',#849);
#847=EDGE_CURVE('',#848,#319,#852,.T.);
#852=LINE('',#849,#854);
#854=VECTOR('',#855,0.545883914462702);
#855=DIRECTION('',(0.814,-0.349,-0.464));
#846=ORIENTED_EDGE('',*,*,#847,.F.);
#859=CARTESIAN_POINT('',(13.525,-1.245,2.532));
#858=VERTEX_POINT('',#859);
#857=EDGE_CURVE('',#858,#848,#862,.T.);
#862=LINE('',#859,#864);
#864=VECTOR('',#865,2.4892);
#865=DIRECTION('',(0.0,1.0,0.0));
#856=ORIENTED_EDGE('',*,*,#857,.F.);
#867=EDGE_CURVE('',#301,#858,#872,.T.);
#872=LINE('',#302,#874);
#874=VECTOR('',#875,0.545883914462702);
#875=DIRECTION('',(-0.814,-0.349,0.464));
#866=ORIENTED_EDGE('',*,*,#867,.F.);
#876=STYLED_ITEM('',(#43),#877);
#877=ADVANCED_FACE('',(#883),#878,.T.);
#878=PLANE('',#879);
#879=AXIS2_PLACEMENT_3D('',#880,#881,#882);
#880=CARTESIAN_POINT('',(11.875,-1.245,2.532));
#881=DIRECTION('',(0.0,0.0,1.0));
#882=DIRECTION('',(0.,1.,0.));
#883=FACE_OUTER_BOUND('',#884,.T.);
#884=EDGE_LOOP('',(#885,#895,#905,#915));
#890=CARTESIAN_POINT('',(11.875,-1.245,2.532));
#889=VERTEX_POINT('',#890);
#886=EDGE_CURVE('',#858,#889,#891,.T.);
#891=LINE('',#859,#893);
#893=VECTOR('',#894,1.650873);
#894=DIRECTION('',(-1.0,0.0,0.0));
#885=ORIENTED_EDGE('',*,*,#886,.F.);
#895=ORIENTED_EDGE('',*,*,#857,.T.);
#908=CARTESIAN_POINT('',(11.875,1.245,2.532));
#907=VERTEX_POINT('',#908);
#906=EDGE_CURVE('',#907,#848,#911,.T.);
#911=LINE('',#908,#913);
#913=VECTOR('',#914,1.650873);
#914=DIRECTION('',(1.0,0.0,0.0));
#905=ORIENTED_EDGE('',*,*,#906,.F.);
#916=EDGE_CURVE('',#889,#907,#921,.T.);
#921=LINE('',#890,#923);
#923=VECTOR('',#924,2.4892);
#924=DIRECTION('',(0.0,1.0,0.0));
#915=ORIENTED_EDGE('',*,*,#916,.F.);
#925=STYLED_ITEM('',(#43),#926);
#926=ADVANCED_FACE('',(#932),#927,.T.);
#927=PLANE('',#928);
#928=AXIS2_PLACEMENT_3D('',#929,#930,#931);
#929=CARTESIAN_POINT('',(11.43,-1.054,2.278));
#930=DIRECTION('',(-0.495,0.0,0.869));
#931=DIRECTION('',(0.,0.,1.));
#932=FACE_OUTER_BOUND('',#933,.T.);
#933=EDGE_LOOP('',(#934,#944,#954,#964));
#939=CARTESIAN_POINT('',(11.43,-1.054,2.278));
#938=VERTEX_POINT('',#939);
#935=EDGE_CURVE('',#889,#938,#940,.T.);
#940=LINE('',#890,#942);
#942=VECTOR('',#943,0.545883914462701);
#943=DIRECTION('',(-0.814,0.349,-0.464));
#934=ORIENTED_EDGE('',*,*,#935,.F.);
#944=ORIENTED_EDGE('',*,*,#916,.T.);
#957=CARTESIAN_POINT('',(11.43,1.054,2.278));
#956=VERTEX_POINT('',#957);
#955=EDGE_CURVE('',#956,#907,#960,.T.);
#960=LINE('',#957,#962);
#962=VECTOR('',#963,0.545883914462701);
#963=DIRECTION('',(0.814,0.349,0.464));
#954=ORIENTED_EDGE('',*,*,#955,.F.);
#965=EDGE_CURVE('',#938,#956,#970,.T.);
#970=LINE('',#939,#972);
#972=VECTOR('',#973,2.108327);
#973=DIRECTION('',(0.0,1.0,0.0));
#964=ORIENTED_EDGE('',*,*,#965,.F.);
#974=STYLED_ITEM('',(#43),#975);
#975=ADVANCED_FACE('',(#981),#976,.T.);
#976=PLANE('',#977);
#977=AXIS2_PLACEMENT_3D('',#978,#979,#980);
#978=CARTESIAN_POINT('',(13.97,1.054,0.633));
#979=DIRECTION('',(0.394,0.919,0.0));
#980=DIRECTION('',(0.,0.,1.));
#981=FACE_OUTER_BOUND('',#982,.T.);
#982=EDGE_LOOP('',(#983,#993,#1003,#1013));
#986=CARTESIAN_POINT('',(13.525,1.245,0.0));
#985=VERTEX_POINT('',#986);
#984=EDGE_CURVE('',#985,#495,#989,.T.);
#989=LINE('',#986,#991);
#991=VECTOR('',#992,0.79651947784934);
#992=DIRECTION('',(0.558,-0.239,0.795));
#983=ORIENTED_EDGE('',*,*,#984,.F.);
#994=EDGE_CURVE('',#848,#985,#999,.T.);
#999=LINE('',#849,#1001);
#1001=VECTOR('',#1002,2.5315308018);
#1002=DIRECTION('',(0.0,0.0,-1.0));
#993=ORIENTED_EDGE('',*,*,#994,.F.);
#1003=ORIENTED_EDGE('',*,*,#847,.T.);
#1013=ORIENTED_EDGE('',*,*,#504,.T.);
#1023=STYLED_ITEM('',(#43),#1024);
#1024=ADVANCED_FACE('',(#1030),#1025,.T.);
#1025=PLANE('',#1026);
#1026=AXIS2_PLACEMENT_3D('',#1027,#1028,#1029);
#1027=CARTESIAN_POINT('',(13.525,1.245,0.0));
#1028=DIRECTION('',(0.0,1.0,0.0));
#1029=DIRECTION('',(0.,0.,1.));
#1030=FACE_OUTER_BOUND('',#1031,.T.);
#1031=EDGE_LOOP('',(#1032,#1042,#1052,#1062));
#1035=CARTESIAN_POINT('',(11.875,1.245,0.0));
#1034=VERTEX_POINT('',#1035);
#1033=EDGE_CURVE('',#1034,#985,#1038,.T.);
#1038=LINE('',#1035,#1040);
#1040=VECTOR('',#1041,1.650873);
#1041=DIRECTION('',(1.0,0.0,0.0));
#1032=ORIENTED_EDGE('',*,*,#1033,.F.);
#1043=EDGE_CURVE('',#907,#1034,#1048,.T.);
#1048=LINE('',#908,#1050);
#1050=VECTOR('',#1051,2.5315308018);
#1051=DIRECTION('',(0.0,0.0,-1.0));
#1042=ORIENTED_EDGE('',*,*,#1043,.F.);
#1052=ORIENTED_EDGE('',*,*,#906,.T.);
#1062=ORIENTED_EDGE('',*,*,#994,.T.);
#1072=STYLED_ITEM('',(#43),#1073);
#1073=ADVANCED_FACE('',(#1079),#1074,.T.);
#1074=PLANE('',#1075);
#1075=AXIS2_PLACEMENT_3D('',#1076,#1077,#1078);
#1076=CARTESIAN_POINT('',(11.875,1.245,0.0));
#1077=DIRECTION('',(-0.394,0.919,0.0));
#1078=DIRECTION('',(0.,0.,1.));
#1079=FACE_OUTER_BOUND('',#1080,.T.);
#1080=EDGE_LOOP('',(#1081,#1091,#1101,#1111));
#1084=CARTESIAN_POINT('',(11.43,1.054,0.633));
#1083=VERTEX_POINT('',#1084);
#1082=EDGE_CURVE('',#1083,#1034,#1087,.T.);
#1087=LINE('',#1084,#1089);
#1089=VECTOR('',#1090,0.796519477849339);
#1090=DIRECTION('',(0.558,0.239,-0.795));
#1081=ORIENTED_EDGE('',*,*,#1082,.F.);
#1092=EDGE_CURVE('',#956,#1083,#1097,.T.);
#1097=LINE('',#957,#1099);
#1099=VECTOR('',#1100,1.64549502117);
#1100=DIRECTION('',(0.0,0.0,-1.0));
#1091=ORIENTED_EDGE('',*,*,#1092,.F.);
#1101=ORIENTED_EDGE('',*,*,#955,.T.);
#1111=ORIENTED_EDGE('',*,*,#1043,.T.);
#1121=STYLED_ITEM('',(#43),#1122);
#1122=ADVANCED_FACE('',(#1128),#1123,.T.);
#1123=PLANE('',#1124);
#1124=AXIS2_PLACEMENT_3D('',#1125,#1126,#1127);
#1125=CARTESIAN_POINT('',(11.43,-1.054,0.633));
#1126=DIRECTION('',(-0.394,-0.919,0.0));
#1127=DIRECTION('',(0.,0.,1.));
#1128=FACE_OUTER_BOUND('',#1129,.T.);
#1129=EDGE_LOOP('',(#1130,#1140,#1150,#1160));
#1133=CARTESIAN_POINT('',(11.875,-1.245,0.0));
#1132=VERTEX_POINT('',#1133);
#1135=CARTESIAN_POINT('',(11.43,-1.054,0.633));
#1134=VERTEX_POINT('',#1135);
#1131=EDGE_CURVE('',#1132,#1134,#1136,.T.);
#1136=LINE('',#1133,#1138);
#1138=VECTOR('',#1139,0.796519477849339);
#1139=DIRECTION('',(-0.558,0.239,0.795));
#1130=ORIENTED_EDGE('',*,*,#1131,.F.);
#1141=EDGE_CURVE('',#889,#1132,#1146,.T.);
#1146=LINE('',#890,#1148);
#1148=VECTOR('',#1149,2.5315308018);
#1149=DIRECTION('',(0.0,0.0,-1.0));
#1140=ORIENTED_EDGE('',*,*,#1141,.F.);
#1150=ORIENTED_EDGE('',*,*,#935,.T.);
#1161=EDGE_CURVE('',#1134,#938,#1166,.T.);
#1166=LINE('',#1135,#1168);
#1168=VECTOR('',#1169,1.64549502117);
#1169=DIRECTION('',(0.0,0.0,1.0));
#1160=ORIENTED_EDGE('',*,*,#1161,.F.);
#1170=STYLED_ITEM('',(#43),#1171);
#1171=ADVANCED_FACE('',(#1177),#1172,.T.);
#1172=PLANE('',#1173);
#1173=AXIS2_PLACEMENT_3D('',#1174,#1175,#1176);
#1174=CARTESIAN_POINT('',(11.875,-1.245,0.0));
#1175=DIRECTION('',(0.0,-1.0,0.0));
#1176=DIRECTION('',(0.,0.,1.));
#1177=FACE_OUTER_BOUND('',#1178,.T.);
#1178=EDGE_LOOP('',(#1179,#1189,#1199,#1209));
#1182=CARTESIAN_POINT('',(13.525,-1.245,0.0));
#1181=VERTEX_POINT('',#1182);
#1180=EDGE_CURVE('',#1181,#1132,#1185,.T.);
#1185=LINE('',#1182,#1187);
#1187=VECTOR('',#1188,1.650873);
#1188=DIRECTION('',(-1.0,0.0,0.0));
#1179=ORIENTED_EDGE('',*,*,#1180,.F.);
#1190=EDGE_CURVE('',#858,#1181,#1195,.T.);
#1195=LINE('',#859,#1197);
#1197=VECTOR('',#1198,2.5315308018);
#1198=DIRECTION('',(0.0,0.0,-1.0));
#1189=ORIENTED_EDGE('',*,*,#1190,.F.);
#1199=ORIENTED_EDGE('',*,*,#886,.T.);
#1209=ORIENTED_EDGE('',*,*,#1141,.T.);
#1219=STYLED_ITEM('',(#43),#1220);
#1220=ADVANCED_FACE('',(#1226),#1221,.T.);
#1221=PLANE('',#1222);
#1222=AXIS2_PLACEMENT_3D('',#1223,#1224,#1225);
#1223=CARTESIAN_POINT('',(13.525,-1.245,0.0));
#1224=DIRECTION('',(0.394,-0.919,0.0));
#1225=DIRECTION('',(0.,0.,1.));
#1226=FACE_OUTER_BOUND('',#1227,.T.);
#1227=EDGE_LOOP('',(#1228,#1238,#1248,#1258));
#1229=EDGE_CURVE('',#546,#1181,#1234,.T.);
#1234=LINE('',#547,#1236);
#1236=VECTOR('',#1237,0.79651947784934);
#1237=DIRECTION('',(-0.558,-0.239,-0.795));
#1228=ORIENTED_EDGE('',*,*,#1229,.F.);
#1238=ORIENTED_EDGE('',*,*,#573,.T.);
#1248=ORIENTED_EDGE('',*,*,#867,.T.);
#1258=ORIENTED_EDGE('',*,*,#1190,.T.);
#1268=STYLED_ITEM('',(#43),#1269);
#1269=ADVANCED_FACE('',(#1275),#1270,.T.);
#1270=PLANE('',#1271);
#1271=AXIS2_PLACEMENT_3D('',#1272,#1273,#1274);
#1272=CARTESIAN_POINT('',(13.525,-1.245,0.0));
#1273=DIRECTION('',(0.818,0.0,-0.575));
#1274=DIRECTION('',(0.,0.,1.));
#1275=FACE_OUTER_BOUND('',#1276,.T.);
#1276=EDGE_LOOP('',(#1277,#1287,#1297,#1307));
#1278=EDGE_CURVE('',#985,#1181,#1283,.T.);
#1283=LINE('',#986,#1285);
#1285=VECTOR('',#1286,2.4892);
#1286=DIRECTION('',(0.0,-1.0,0.0));
#1277=ORIENTED_EDGE('',*,*,#1278,.F.);
#1287=ORIENTED_EDGE('',*,*,#984,.T.);
#1297=ORIENTED_EDGE('',*,*,#808,.T.);
#1307=ORIENTED_EDGE('',*,*,#1229,.T.);
#1317=STYLED_ITEM('',(#43),#1318);
#1318=ADVANCED_FACE('',(#1324),#1319,.T.);
#1319=PLANE('',#1320);
#1320=AXIS2_PLACEMENT_3D('',#1321,#1322,#1323);
#1321=CARTESIAN_POINT('',(11.875,-1.245,0.0));
#1322=DIRECTION('',(0.0,0.0,-1.0));
#1323=DIRECTION('',(0.,1.,0.));
#1324=FACE_OUTER_BOUND('',#1325,.T.);
#1325=EDGE_LOOP('',(#1326,#1336,#1346,#1356));
#1327=EDGE_CURVE('',#1034,#1132,#1332,.T.);
#1332=LINE('',#1035,#1334);
#1334=VECTOR('',#1335,2.4892);
#1335=DIRECTION('',(0.0,-1.0,0.0));
#1326=ORIENTED_EDGE('',*,*,#1327,.F.);
#1336=ORIENTED_EDGE('',*,*,#1033,.T.);
#1346=ORIENTED_EDGE('',*,*,#1278,.T.);
#1356=ORIENTED_EDGE('',*,*,#1180,.T.);
#1366=STYLED_ITEM('',(#43),#1367);
#1367=ADVANCED_FACE('',(#1373),#1368,.T.);
#1368=PLANE('',#1369);
#1369=AXIS2_PLACEMENT_3D('',#1370,#1371,#1372);
#1370=CARTESIAN_POINT('',(11.43,-1.054,0.633));
#1371=DIRECTION('',(-0.818,0.0,-0.575));
#1372=DIRECTION('',(0.,0.,1.));
#1373=FACE_OUTER_BOUND('',#1374,.T.);
#1374=EDGE_LOOP('',(#1375,#1385,#1395,#1405));
#1376=EDGE_CURVE('',#1083,#1134,#1381,.T.);
#1381=LINE('',#1084,#1383);
#1383=VECTOR('',#1384,2.108327);
#1384=DIRECTION('',(0.0,-1.0,0.0));
#1375=ORIENTED_EDGE('',*,*,#1376,.F.);
#1385=ORIENTED_EDGE('',*,*,#1082,.T.);
#1395=ORIENTED_EDGE('',*,*,#1327,.T.);
#1405=ORIENTED_EDGE('',*,*,#1131,.T.);
#1415=STYLED_ITEM('',(#43),#1416);
#1416=ADVANCED_FACE('',(#1422),#1417,.T.);
#1417=PLANE('',#1418);
#1418=AXIS2_PLACEMENT_3D('',#1419,#1420,#1421);
#1419=CARTESIAN_POINT('',(11.43,-1.054,2.278));
#1420=DIRECTION('',(0.495,0.0,0.869));
#1421=DIRECTION('',(0.,0.,1.));
#1422=FACE_OUTER_BOUND('',#1423,.T.);
#1423=EDGE_LOOP('',(#1424,#1434,#1444,#1454));
#1424=ORIENTED_EDGE('',*,*,#965,.T.);
#1437=CARTESIAN_POINT('',(10.985,1.245,2.532));
#1436=VERTEX_POINT('',#1437);
#1435=EDGE_CURVE('',#1436,#956,#1440,.T.);
#1440=LINE('',#1437,#1442);
#1442=VECTOR('',#1443,0.545883914462701);
#1443=DIRECTION('',(0.814,-0.349,-0.464));
#1434=ORIENTED_EDGE('',*,*,#1435,.F.);
#1447=CARTESIAN_POINT('',(10.985,-1.245,2.532));
#1446=VERTEX_POINT('',#1447);
#1445=EDGE_CURVE('',#1446,#1436,#1450,.T.);
#1450=LINE('',#1447,#1452);
#1452=VECTOR('',#1453,2.4892);
#1453=DIRECTION('',(0.0,1.0,0.0));
#1444=ORIENTED_EDGE('',*,*,#1445,.F.);
#1455=EDGE_CURVE('',#938,#1446,#1460,.T.);
#1460=LINE('',#939,#1462);
#1462=VECTOR('',#1463,0.545883914462701);
#1463=DIRECTION('',(-0.814,-0.349,0.464));
#1454=ORIENTED_EDGE('',*,*,#1455,.F.);
#1464=STYLED_ITEM('',(#43),#1465);
#1465=ADVANCED_FACE('',(#1471),#1466,.T.);
#1466=PLANE('',#1467);
#1467=AXIS2_PLACEMENT_3D('',#1468,#1469,#1470);
#1468=CARTESIAN_POINT('',(9.335,-1.245,2.532));
#1469=DIRECTION('',(0.0,0.0,1.0));
#1470=DIRECTION('',(0.,1.,0.));
#1471=FACE_OUTER_BOUND('',#1472,.T.);
#1472=EDGE_LOOP('',(#1473,#1483,#1493,#1503));
#1478=CARTESIAN_POINT('',(9.335,-1.245,2.532));
#1477=VERTEX_POINT('',#1478);
#1474=EDGE_CURVE('',#1446,#1477,#1479,.T.);
#1479=LINE('',#1447,#1481);
#1481=VECTOR('',#1482,1.650873);
#1482=DIRECTION('',(-1.0,0.0,0.0));
#1473=ORIENTED_EDGE('',*,*,#1474,.F.);
#1483=ORIENTED_EDGE('',*,*,#1445,.T.);
#1496=CARTESIAN_POINT('',(9.335,1.245,2.532));
#1495=VERTEX_POINT('',#1496);
#1494=EDGE_CURVE('',#1495,#1436,#1499,.T.);
#1499=LINE('',#1496,#1501);
#1501=VECTOR('',#1502,1.650873);
#1502=DIRECTION('',(1.0,0.0,0.0));
#1493=ORIENTED_EDGE('',*,*,#1494,.F.);
#1504=EDGE_CURVE('',#1477,#1495,#1509,.T.);
#1509=LINE('',#1478,#1511);
#1511=VECTOR('',#1512,2.4892);
#1512=DIRECTION('',(0.0,1.0,0.0));
#1503=ORIENTED_EDGE('',*,*,#1504,.F.);
#1513=STYLED_ITEM('',(#43),#1514);
#1514=ADVANCED_FACE('',(#1520),#1515,.T.);
#1515=PLANE('',#1516);
#1516=AXIS2_PLACEMENT_3D('',#1517,#1518,#1519);
#1517=CARTESIAN_POINT('',(8.89,-1.054,2.278));
#1518=DIRECTION('',(-0.495,0.0,0.869));
#1519=DIRECTION('',(0.,0.,1.));
#1520=FACE_OUTER_BOUND('',#1521,.T.);
#1521=EDGE_LOOP('',(#1522,#1532,#1542,#1552));
#1527=CARTESIAN_POINT('',(8.89,-1.054,2.278));
#1526=VERTEX_POINT('',#1527);
#1523=EDGE_CURVE('',#1477,#1526,#1528,.T.);
#1528=LINE('',#1478,#1530);
#1530=VECTOR('',#1531,0.545883914462701);
#1531=DIRECTION('',(-0.814,0.349,-0.464));
#1522=ORIENTED_EDGE('',*,*,#1523,.F.);
#1532=ORIENTED_EDGE('',*,*,#1504,.T.);
#1545=CARTESIAN_POINT('',(8.89,1.054,2.278));
#1544=VERTEX_POINT('',#1545);
#1543=EDGE_CURVE('',#1544,#1495,#1548,.T.);
#1548=LINE('',#1545,#1550);
#1550=VECTOR('',#1551,0.545883914462701);
#1551=DIRECTION('',(0.814,0.349,0.464));
#1542=ORIENTED_EDGE('',*,*,#1543,.F.);
#1553=EDGE_CURVE('',#1526,#1544,#1558,.T.);
#1558=LINE('',#1527,#1560);
#1560=VECTOR('',#1561,2.108327);
#1561=DIRECTION('',(0.0,1.0,0.0));
#1552=ORIENTED_EDGE('',*,*,#1553,.F.);
#1562=STYLED_ITEM('',(#43),#1563);
#1563=ADVANCED_FACE('',(#1569),#1564,.T.);
#1564=PLANE('',#1565);
#1565=AXIS2_PLACEMENT_3D('',#1566,#1567,#1568);
#1566=CARTESIAN_POINT('',(11.43,1.054,0.633));
#1567=DIRECTION('',(0.394,0.919,0.0));
#1568=DIRECTION('',(0.,0.,1.));
#1569=FACE_OUTER_BOUND('',#1570,.T.);
#1570=EDGE_LOOP('',(#1571,#1581,#1591,#1601));
#1574=CARTESIAN_POINT('',(10.985,1.245,0.0));
#1573=VERTEX_POINT('',#1574);
#1572=EDGE_CURVE('',#1573,#1083,#1577,.T.);
#1577=LINE('',#1574,#1579);
#1579=VECTOR('',#1580,0.796519477849339);
#1580=DIRECTION('',(0.558,-0.239,0.795));
#1571=ORIENTED_EDGE('',*,*,#1572,.F.);
#1582=EDGE_CURVE('',#1436,#1573,#1587,.T.);
#1587=LINE('',#1437,#1589);
#1589=VECTOR('',#1590,2.5315308018);
#1590=DIRECTION('',(0.0,0.0,-1.0));
#1581=ORIENTED_EDGE('',*,*,#1582,.F.);
#1591=ORIENTED_EDGE('',*,*,#1435,.T.);
#1601=ORIENTED_EDGE('',*,*,#1092,.T.);
#1611=STYLED_ITEM('',(#43),#1612);
#1612=ADVANCED_FACE('',(#1618),#1613,.T.);
#1613=PLANE('',#1614);
#1614=AXIS2_PLACEMENT_3D('',#1615,#1616,#1617);
#1615=CARTESIAN_POINT('',(10.985,1.245,0.0));
#1616=DIRECTION('',(0.0,1.0,0.0));
#1617=DIRECTION('',(0.,0.,1.));
#1618=FACE_OUTER_BOUND('',#1619,.T.);
#1619=EDGE_LOOP('',(#1620,#1630,#1640,#1650));
#1623=CARTESIAN_POINT('',(9.335,1.245,0.0));
#1622=VERTEX_POINT('',#1623);
#1621=EDGE_CURVE('',#1622,#1573,#1626,.T.);
#1626=LINE('',#1623,#1628);
#1628=VECTOR('',#1629,1.650873);
#1629=DIRECTION('',(1.0,0.0,0.0));
#1620=ORIENTED_EDGE('',*,*,#1621,.F.);
#1631=EDGE_CURVE('',#1495,#1622,#1636,.T.);
#1636=LINE('',#1496,#1638);
#1638=VECTOR('',#1639,2.5315308018);
#1639=DIRECTION('',(0.0,0.0,-1.0));
#1630=ORIENTED_EDGE('',*,*,#1631,.F.);
#1640=ORIENTED_EDGE('',*,*,#1494,.T.);
#1650=ORIENTED_EDGE('',*,*,#1582,.T.);
#1660=STYLED_ITEM('',(#43),#1661);
#1661=ADVANCED_FACE('',(#1667),#1662,.T.);
#1662=PLANE('',#1663);
#1663=AXIS2_PLACEMENT_3D('',#1664,#1665,#1666);
#1664=CARTESIAN_POINT('',(9.335,1.245,0.0));
#1665=DIRECTION('',(-0.394,0.919,0.0));
#1666=DIRECTION('',(0.,0.,1.));
#1667=FACE_OUTER_BOUND('',#1668,.T.);
#1668=EDGE_LOOP('',(#1669,#1679,#1689,#1699));
#1672=CARTESIAN_POINT('',(8.89,1.054,0.633));
#1671=VERTEX_POINT('',#1672);
#1670=EDGE_CURVE('',#1671,#1622,#1675,.T.);
#1675=LINE('',#1672,#1677);
#1677=VECTOR('',#1678,0.796519477849339);
#1678=DIRECTION('',(0.558,0.239,-0.795));
#1669=ORIENTED_EDGE('',*,*,#1670,.F.);
#1680=EDGE_CURVE('',#1544,#1671,#1685,.T.);
#1685=LINE('',#1545,#1687);
#1687=VECTOR('',#1688,1.64549502117);
#1688=DIRECTION('',(0.0,0.0,-1.0));
#1679=ORIENTED_EDGE('',*,*,#1680,.F.);
#1689=ORIENTED_EDGE('',*,*,#1543,.T.);
#1699=ORIENTED_EDGE('',*,*,#1631,.T.);
#1709=STYLED_ITEM('',(#43),#1710);
#1710=ADVANCED_FACE('',(#1716),#1711,.T.);
#1711=PLANE('',#1712);
#1712=AXIS2_PLACEMENT_3D('',#1713,#1714,#1715);
#1713=CARTESIAN_POINT('',(8.89,-1.054,0.633));
#1714=DIRECTION('',(-0.394,-0.919,0.0));
#1715=DIRECTION('',(0.,0.,1.));
#1716=FACE_OUTER_BOUND('',#1717,.T.);
#1717=EDGE_LOOP('',(#1718,#1728,#1738,#1748));
#1721=CARTESIAN_POINT('',(9.335,-1.245,0.0));
#1720=VERTEX_POINT('',#1721);
#1723=CARTESIAN_POINT('',(8.89,-1.054,0.633));
#1722=VERTEX_POINT('',#1723);
#1719=EDGE_CURVE('',#1720,#1722,#1724,.T.);
#1724=LINE('',#1721,#1726);
#1726=VECTOR('',#1727,0.796519477849339);
#1727=DIRECTION('',(-0.558,0.239,0.795));
#1718=ORIENTED_EDGE('',*,*,#1719,.F.);
#1729=EDGE_CURVE('',#1477,#1720,#1734,.T.);
#1734=LINE('',#1478,#1736);
#1736=VECTOR('',#1737,2.5315308018);
#1737=DIRECTION('',(0.0,0.0,-1.0));
#1728=ORIENTED_EDGE('',*,*,#1729,.F.);
#1738=ORIENTED_EDGE('',*,*,#1523,.T.);
#1749=EDGE_CURVE('',#1722,#1526,#1754,.T.);
#1754=LINE('',#1723,#1756);
#1756=VECTOR('',#1757,1.64549502117);
#1757=DIRECTION('',(0.0,0.0,1.0));
#1748=ORIENTED_EDGE('',*,*,#1749,.F.);
#1758=STYLED_ITEM('',(#43),#1759);
#1759=ADVANCED_FACE('',(#1765),#1760,.T.);
#1760=PLANE('',#1761);
#1761=AXIS2_PLACEMENT_3D('',#1762,#1763,#1764);
#1762=CARTESIAN_POINT('',(9.335,-1.245,0.0));
#1763=DIRECTION('',(0.0,-1.0,0.0));
#1764=DIRECTION('',(0.,0.,1.));
#1765=FACE_OUTER_BOUND('',#1766,.T.);
#1766=EDGE_LOOP('',(#1767,#1777,#1787,#1797));
#1770=CARTESIAN_POINT('',(10.985,-1.245,0.0));
#1769=VERTEX_POINT('',#1770);
#1768=EDGE_CURVE('',#1769,#1720,#1773,.T.);
#1773=LINE('',#1770,#1775);
#1775=VECTOR('',#1776,1.650873);
#1776=DIRECTION('',(-1.0,0.0,0.0));
#1767=ORIENTED_EDGE('',*,*,#1768,.F.);
#1778=EDGE_CURVE('',#1446,#1769,#1783,.T.);
#1783=LINE('',#1447,#1785);
#1785=VECTOR('',#1786,2.5315308018);
#1786=DIRECTION('',(0.0,0.0,-1.0));
#1777=ORIENTED_EDGE('',*,*,#1778,.F.);
#1787=ORIENTED_EDGE('',*,*,#1474,.T.);
#1797=ORIENTED_EDGE('',*,*,#1729,.T.);
#1807=STYLED_ITEM('',(#43),#1808);
#1808=ADVANCED_FACE('',(#1814),#1809,.T.);
#1809=PLANE('',#1810);
#1810=AXIS2_PLACEMENT_3D('',#1811,#1812,#1813);
#1811=CARTESIAN_POINT('',(10.985,-1.245,0.0));
#1812=DIRECTION('',(0.394,-0.919,0.0));
#1813=DIRECTION('',(0.,0.,1.));
#1814=FACE_OUTER_BOUND('',#1815,.T.);
#1815=EDGE_LOOP('',(#1816,#1826,#1836,#1846));
#1817=EDGE_CURVE('',#1134,#1769,#1822,.T.);
#1822=LINE('',#1135,#1824);
#1824=VECTOR('',#1825,0.796519477849339);
#1825=DIRECTION('',(-0.558,-0.239,-0.795));
#1816=ORIENTED_EDGE('',*,*,#1817,.F.);
#1826=ORIENTED_EDGE('',*,*,#1161,.T.);
#1836=ORIENTED_EDGE('',*,*,#1455,.T.);
#1846=ORIENTED_EDGE('',*,*,#1778,.T.);
#1856=STYLED_ITEM('',(#43),#1857);
#1857=ADVANCED_FACE('',(#1863),#1858,.T.);
#1858=PLANE('',#1859);
#1859=AXIS2_PLACEMENT_3D('',#1860,#1861,#1862);
#1860=CARTESIAN_POINT('',(10.985,-1.245,0.0));
#1861=DIRECTION('',(0.818,0.0,-0.575));
#1862=DIRECTION('',(0.,0.,1.));
#1863=FACE_OUTER_BOUND('',#1864,.T.);
#1864=EDGE_LOOP('',(#1865,#1875,#1885,#1895));
#1866=EDGE_CURVE('',#1573,#1769,#1871,.T.);
#1871=LINE('',#1574,#1873);
#1873=VECTOR('',#1874,2.4892);
#1874=DIRECTION('',(0.0,-1.0,0.0));
#1865=ORIENTED_EDGE('',*,*,#1866,.F.);
#1875=ORIENTED_EDGE('',*,*,#1572,.T.);
#1885=ORIENTED_EDGE('',*,*,#1376,.T.);
#1895=ORIENTED_EDGE('',*,*,#1817,.T.);
#1905=STYLED_ITEM('',(#43),#1906);
#1906=ADVANCED_FACE('',(#1912),#1907,.T.);
#1907=PLANE('',#1908);
#1908=AXIS2_PLACEMENT_3D('',#1909,#1910,#1911);
#1909=CARTESIAN_POINT('',(9.335,1.245,0.0));
#1910=DIRECTION('',(0.0,0.0,-1.0));
#1911=DIRECTION('',(0.,1.,0.));
#1912=FACE_OUTER_BOUND('',#1913,.T.);
#1913=EDGE_LOOP('',(#1914,#1924,#1934,#1944));
#1914=ORIENTED_EDGE('',*,*,#1621,.T.);
#1924=ORIENTED_EDGE('',*,*,#1866,.T.);
#1934=ORIENTED_EDGE('',*,*,#1768,.T.);
#1945=EDGE_CURVE('',#1622,#1720,#1950,.T.);
#1950=LINE('',#1623,#1952);
#1952=VECTOR('',#1953,2.4892);
#1953=DIRECTION('',(0.0,-1.0,0.0));
#1944=ORIENTED_EDGE('',*,*,#1945,.F.);
#1954=STYLED_ITEM('',(#43),#1955);
#1955=ADVANCED_FACE('',(#1961),#1956,.T.);
#1956=PLANE('',#1957);
#1957=AXIS2_PLACEMENT_3D('',#1958,#1959,#1960);
#1958=CARTESIAN_POINT('',(9.335,1.245,0.0));
#1959=DIRECTION('',(-0.818,0.0,-0.575));
#1960=DIRECTION('',(0.,0.,1.));
#1961=FACE_OUTER_BOUND('',#1962,.T.);
#1962=EDGE_LOOP('',(#1963,#1973,#1983,#1993));
#1963=ORIENTED_EDGE('',*,*,#1945,.T.);
#1973=ORIENTED_EDGE('',*,*,#1719,.T.);
#1984=EDGE_CURVE('',#1671,#1722,#1989,.T.);
#1989=LINE('',#1672,#1991);
#1991=VECTOR('',#1992,2.108327);
#1992=DIRECTION('',(0.0,-1.0,0.0));
#1983=ORIENTED_EDGE('',*,*,#1984,.F.);
#1993=ORIENTED_EDGE('',*,*,#1670,.T.);
#2003=STYLED_ITEM('',(#43),#2004);
#2004=ADVANCED_FACE('',(#2010),#2005,.T.);
#2005=PLANE('',#2006);
#2006=AXIS2_PLACEMENT_3D('',#2007,#2008,#2009);
#2007=CARTESIAN_POINT('',(8.89,-1.054,2.278));
#2008=DIRECTION('',(0.495,0.0,0.869));
#2009=DIRECTION('',(0.,0.,1.));
#2010=FACE_OUTER_BOUND('',#2011,.T.);
#2011=EDGE_LOOP('',(#2012,#2022,#2032,#2042));
#2012=ORIENTED_EDGE('',*,*,#1553,.T.);
#2025=CARTESIAN_POINT('',(8.445,1.245,2.532));
#2024=VERTEX_POINT('',#2025);
#2023=EDGE_CURVE('',#2024,#1544,#2028,.T.);
#2028=LINE('',#2025,#2030);
#2030=VECTOR('',#2031,0.545883914462701);
#2031=DIRECTION('',(0.814,-0.349,-0.464));
#2022=ORIENTED_EDGE('',*,*,#2023,.F.);
#2035=CARTESIAN_POINT('',(8.445,-1.245,2.532));
#2034=VERTEX_POINT('',#2035);
#2033=EDGE_CURVE('',#2034,#2024,#2038,.T.);
#2038=LINE('',#2035,#2040);
#2040=VECTOR('',#2041,2.4892);
#2041=DIRECTION('',(0.0,1.0,0.0));
#2032=ORIENTED_EDGE('',*,*,#2033,.F.);
#2043=EDGE_CURVE('',#1526,#2034,#2048,.T.);
#2048=LINE('',#1527,#2050);
#2050=VECTOR('',#2051,0.545883914462701);
#2051=DIRECTION('',(-0.814,-0.349,0.464));
#2042=ORIENTED_EDGE('',*,*,#2043,.F.);
#2052=STYLED_ITEM('',(#43),#2053);
#2053=ADVANCED_FACE('',(#2059),#2054,.T.);
#2054=PLANE('',#2055);
#2055=AXIS2_PLACEMENT_3D('',#2056,#2057,#2058);
#2056=CARTESIAN_POINT('',(6.795,-1.245,2.532));
#2057=DIRECTION('',(0.0,0.0,1.0));
#2058=DIRECTION('',(0.,1.,0.));
#2059=FACE_OUTER_BOUND('',#2060,.T.);
#2060=EDGE_LOOP('',(#2061,#2071,#2081,#2091));
#2066=CARTESIAN_POINT('',(6.795,-1.245,2.532));
#2065=VERTEX_POINT('',#2066);
#2062=EDGE_CURVE('',#2034,#2065,#2067,.T.);
#2067=LINE('',#2035,#2069);
#2069=VECTOR('',#2070,1.650873);
#2070=DIRECTION('',(-1.0,0.0,0.0));
#2061=ORIENTED_EDGE('',*,*,#2062,.F.);
#2071=ORIENTED_EDGE('',*,*,#2033,.T.);
#2084=CARTESIAN_POINT('',(6.795,1.245,2.532));
#2083=VERTEX_POINT('',#2084);
#2082=EDGE_CURVE('',#2083,#2024,#2087,.T.);
#2087=LINE('',#2084,#2089);
#2089=VECTOR('',#2090,1.650873);
#2090=DIRECTION('',(1.0,0.0,0.0));
#2081=ORIENTED_EDGE('',*,*,#2082,.F.);
#2092=EDGE_CURVE('',#2065,#2083,#2097,.T.);
#2097=LINE('',#2066,#2099);
#2099=VECTOR('',#2100,2.4892);
#2100=DIRECTION('',(0.0,1.0,0.0));
#2091=ORIENTED_EDGE('',*,*,#2092,.F.);
#2101=STYLED_ITEM('',(#43),#2102);
#2102=ADVANCED_FACE('',(#2108),#2103,.T.);
#2103=PLANE('',#2104);
#2104=AXIS2_PLACEMENT_3D('',#2105,#2106,#2107);
#2105=CARTESIAN_POINT('',(6.35,-1.054,2.278));
#2106=DIRECTION('',(-0.495,0.0,0.869));
#2107=DIRECTION('',(0.,0.,1.));
#2108=FACE_OUTER_BOUND('',#2109,.T.);
#2109=EDGE_LOOP('',(#2110,#2120,#2130,#2140));
#2115=CARTESIAN_POINT('',(6.35,-1.054,2.278));
#2114=VERTEX_POINT('',#2115);
#2111=EDGE_CURVE('',#2065,#2114,#2116,.T.);
#2116=LINE('',#2066,#2118);
#2118=VECTOR('',#2119,0.545883914462701);
#2119=DIRECTION('',(-0.814,0.349,-0.464));
#2110=ORIENTED_EDGE('',*,*,#2111,.F.);
#2120=ORIENTED_EDGE('',*,*,#2092,.T.);
#2133=CARTESIAN_POINT('',(6.35,1.054,2.278));
#2132=VERTEX_POINT('',#2133);
#2131=EDGE_CURVE('',#2132,#2083,#2136,.T.);
#2136=LINE('',#2133,#2138);
#2138=VECTOR('',#2139,0.545883914462701);
#2139=DIRECTION('',(0.814,0.349,0.464));
#2130=ORIENTED_EDGE('',*,*,#2131,.F.);
#2141=EDGE_CURVE('',#2114,#2132,#2146,.T.);
#2146=LINE('',#2115,#2148);
#2148=VECTOR('',#2149,2.108327);
#2149=DIRECTION('',(0.0,1.0,0.0));
#2140=ORIENTED_EDGE('',*,*,#2141,.F.);
#2150=STYLED_ITEM('',(#43),#2151);
#2151=ADVANCED_FACE('',(#2157),#2152,.T.);
#2152=PLANE('',#2153);
#2153=AXIS2_PLACEMENT_3D('',#2154,#2155,#2156);
#2154=CARTESIAN_POINT('',(8.89,1.054,0.633));
#2155=DIRECTION('',(0.394,0.919,0.0));
#2156=DIRECTION('',(0.,0.,1.));
#2157=FACE_OUTER_BOUND('',#2158,.T.);
#2158=EDGE_LOOP('',(#2159,#2169,#2179,#2189));
#2162=CARTESIAN_POINT('',(8.445,1.245,0.0));
#2161=VERTEX_POINT('',#2162);
#2160=EDGE_CURVE('',#2161,#1671,#2165,.T.);
#2165=LINE('',#2162,#2167);
#2167=VECTOR('',#2168,0.796519477849339);
#2168=DIRECTION('',(0.558,-0.239,0.795));
#2159=ORIENTED_EDGE('',*,*,#2160,.F.);
#2170=EDGE_CURVE('',#2024,#2161,#2175,.T.);
#2175=LINE('',#2025,#2177);
#2177=VECTOR('',#2178,2.5315308018);
#2178=DIRECTION('',(0.0,0.0,-1.0));
#2169=ORIENTED_EDGE('',*,*,#2170,.F.);
#2179=ORIENTED_EDGE('',*,*,#2023,.T.);
#2189=ORIENTED_EDGE('',*,*,#1680,.T.);
#2199=STYLED_ITEM('',(#43),#2200);
#2200=ADVANCED_FACE('',(#2206),#2201,.T.);
#2201=PLANE('',#2202);
#2202=AXIS2_PLACEMENT_3D('',#2203,#2204,#2205);
#2203=CARTESIAN_POINT('',(8.445,1.245,0.0));
#2204=DIRECTION('',(0.0,1.0,0.0));
#2205=DIRECTION('',(0.,0.,1.));
#2206=FACE_OUTER_BOUND('',#2207,.T.);
#2207=EDGE_LOOP('',(#2208,#2218,#2228,#2238));
#2211=CARTESIAN_POINT('',(6.795,1.245,0.0));
#2210=VERTEX_POINT('',#2211);
#2209=EDGE_CURVE('',#2210,#2161,#2214,.T.);
#2214=LINE('',#2211,#2216);
#2216=VECTOR('',#2217,1.650873);
#2217=DIRECTION('',(1.0,0.0,0.0));
#2208=ORIENTED_EDGE('',*,*,#2209,.F.);
#2219=EDGE_CURVE('',#2083,#2210,#2224,.T.);
#2224=LINE('',#2084,#2226);
#2226=VECTOR('',#2227,2.5315308018);
#2227=DIRECTION('',(0.0,0.0,-1.0));
#2218=ORIENTED_EDGE('',*,*,#2219,.F.);
#2228=ORIENTED_EDGE('',*,*,#2082,.T.);
#2238=ORIENTED_EDGE('',*,*,#2170,.T.);
#2248=STYLED_ITEM('',(#43),#2249);
#2249=ADVANCED_FACE('',(#2255),#2250,.T.);
#2250=PLANE('',#2251);
#2251=AXIS2_PLACEMENT_3D('',#2252,#2253,#2254);
#2252=CARTESIAN_POINT('',(6.795,1.245,0.0));
#2253=DIRECTION('',(-0.394,0.919,0.0));
#2254=DIRECTION('',(0.,0.,1.));
#2255=FACE_OUTER_BOUND('',#2256,.T.);
#2256=EDGE_LOOP('',(#2257,#2267,#2277,#2287));
#2260=CARTESIAN_POINT('',(6.35,1.054,0.633));
#2259=VERTEX_POINT('',#2260);
#2258=EDGE_CURVE('',#2259,#2210,#2263,.T.);
#2263=LINE('',#2260,#2265);
#2265=VECTOR('',#2266,0.796519477849339);
#2266=DIRECTION('',(0.558,0.239,-0.795));
#2257=ORIENTED_EDGE('',*,*,#2258,.F.);
#2268=EDGE_CURVE('',#2132,#2259,#2273,.T.);
#2273=LINE('',#2133,#2275);
#2275=VECTOR('',#2276,1.64549502117);
#2276=DIRECTION('',(0.0,0.0,-1.0));
#2267=ORIENTED_EDGE('',*,*,#2268,.F.);
#2277=ORIENTED_EDGE('',*,*,#2131,.T.);
#2287=ORIENTED_EDGE('',*,*,#2219,.T.);
#2297=STYLED_ITEM('',(#43),#2298);
#2298=ADVANCED_FACE('',(#2304),#2299,.T.);
#2299=PLANE('',#2300);
#2300=AXIS2_PLACEMENT_3D('',#2301,#2302,#2303);
#2301=CARTESIAN_POINT('',(6.35,-1.054,0.633));
#2302=DIRECTION('',(-0.394,-0.919,0.0));
#2303=DIRECTION('',(0.,0.,1.));
#2304=FACE_OUTER_BOUND('',#2305,.T.);
#2305=EDGE_LOOP('',(#2306,#2316,#2326,#2336));
#2309=CARTESIAN_POINT('',(6.795,-1.245,0.0));
#2308=VERTEX_POINT('',#2309);
#2311=CARTESIAN_POINT('',(6.35,-1.054,0.633));
#2310=VERTEX_POINT('',#2311);
#2307=EDGE_CURVE('',#2308,#2310,#2312,.T.);
#2312=LINE('',#2309,#2314);
#2314=VECTOR('',#2315,0.796519477849339);
#2315=DIRECTION('',(-0.558,0.239,0.795));
#2306=ORIENTED_EDGE('',*,*,#2307,.F.);
#2317=EDGE_CURVE('',#2065,#2308,#2322,.T.);
#2322=LINE('',#2066,#2324);
#2324=VECTOR('',#2325,2.5315308018);
#2325=DIRECTION('',(0.0,0.0,-1.0));
#2316=ORIENTED_EDGE('',*,*,#2317,.F.);
#2326=ORIENTED_EDGE('',*,*,#2111,.T.);
#2337=EDGE_CURVE('',#2310,#2114,#2342,.T.);
#2342=LINE('',#2311,#2344);
#2344=VECTOR('',#2345,1.64549502117);
#2345=DIRECTION('',(0.0,0.0,1.0));
#2336=ORIENTED_EDGE('',*,*,#2337,.F.);
#2346=STYLED_ITEM('',(#43),#2347);
#2347=ADVANCED_FACE('',(#2353),#2348,.T.);
#2348=PLANE('',#2349);
#2349=AXIS2_PLACEMENT_3D('',#2350,#2351,#2352);
#2350=CARTESIAN_POINT('',(6.795,-1.245,0.0));
#2351=DIRECTION('',(0.0,-1.0,0.0));
#2352=DIRECTION('',(0.,0.,1.));
#2353=FACE_OUTER_BOUND('',#2354,.T.);
#2354=EDGE_LOOP('',(#2355,#2365,#2375,#2385));
#2358=CARTESIAN_POINT('',(8.445,-1.245,0.0));
#2357=VERTEX_POINT('',#2358);
#2356=EDGE_CURVE('',#2357,#2308,#2361,.T.);
#2361=LINE('',#2358,#2363);
#2363=VECTOR('',#2364,1.650873);
#2364=DIRECTION('',(-1.0,0.0,0.0));
#2355=ORIENTED_EDGE('',*,*,#2356,.F.);
#2366=EDGE_CURVE('',#2034,#2357,#2371,.T.);
#2371=LINE('',#2035,#2373);
#2373=VECTOR('',#2374,2.5315308018);
#2374=DIRECTION('',(0.0,0.0,-1.0));
#2365=ORIENTED_EDGE('',*,*,#2366,.F.);
#2375=ORIENTED_EDGE('',*,*,#2062,.T.);
#2385=ORIENTED_EDGE('',*,*,#2317,.T.);
#2395=STYLED_ITEM('',(#43),#2396);
#2396=ADVANCED_FACE('',(#2402),#2397,.T.);
#2397=PLANE('',#2398);
#2398=AXIS2_PLACEMENT_3D('',#2399,#2400,#2401);
#2399=CARTESIAN_POINT('',(8.445,-1.245,0.0));
#2400=DIRECTION('',(0.394,-0.919,0.0));
#2401=DIRECTION('',(0.,0.,1.));
#2402=FACE_OUTER_BOUND('',#2403,.T.);
#2403=EDGE_LOOP('',(#2404,#2414,#2424,#2434));
#2405=EDGE_CURVE('',#1722,#2357,#2410,.T.);
#2410=LINE('',#1723,#2412);
#2412=VECTOR('',#2413,0.796519477849339);
#2413=DIRECTION('',(-0.558,-0.239,-0.795));
#2404=ORIENTED_EDGE('',*,*,#2405,.F.);
#2414=ORIENTED_EDGE('',*,*,#1749,.T.);
#2424=ORIENTED_EDGE('',*,*,#2043,.T.);
#2434=ORIENTED_EDGE('',*,*,#2366,.T.);
#2444=STYLED_ITEM('',(#43),#2445);
#2445=ADVANCED_FACE('',(#2451),#2446,.T.);
#2446=PLANE('',#2447);
#2447=AXIS2_PLACEMENT_3D('',#2448,#2449,#2450);
#2448=CARTESIAN_POINT('',(8.445,-1.245,0.0));
#2449=DIRECTION('',(0.818,0.0,-0.575));
#2450=DIRECTION('',(0.,0.,1.));
#2451=FACE_OUTER_BOUND('',#2452,.T.);
#2452=EDGE_LOOP('',(#2453,#2463,#2473,#2483));
#2454=EDGE_CURVE('',#2161,#2357,#2459,.T.);
#2459=LINE('',#2162,#2461);
#2461=VECTOR('',#2462,2.4892);
#2462=DIRECTION('',(0.0,-1.0,0.0));
#2453=ORIENTED_EDGE('',*,*,#2454,.F.);
#2463=ORIENTED_EDGE('',*,*,#2160,.T.);
#2473=ORIENTED_EDGE('',*,*,#1984,.T.);
#2483=ORIENTED_EDGE('',*,*,#2405,.T.);
#2493=STYLED_ITEM('',(#43),#2494);
#2494=ADVANCED_FACE('',(#2500),#2495,.T.);
#2495=PLANE('',#2496);
#2496=AXIS2_PLACEMENT_3D('',#2497,#2498,#2499);
#2497=CARTESIAN_POINT('',(6.795,1.245,0.0));
#2498=DIRECTION('',(0.0,0.0,-1.0));
#2499=DIRECTION('',(0.,1.,0.));
#2500=FACE_OUTER_BOUND('',#2501,.T.);
#2501=EDGE_LOOP('',(#2502,#2512,#2522,#2532));
#2502=ORIENTED_EDGE('',*,*,#2209,.T.);
#2512=ORIENTED_EDGE('',*,*,#2454,.T.);
#2522=ORIENTED_EDGE('',*,*,#2356,.T.);
#2533=EDGE_CURVE('',#2210,#2308,#2538,.T.);
#2538=LINE('',#2211,#2540);
#2540=VECTOR('',#2541,2.4892);
#2541=DIRECTION('',(0.0,-1.0,0.0));
#2532=ORIENTED_EDGE('',*,*,#2533,.F.);
#2542=STYLED_ITEM('',(#43),#2543);
#2543=ADVANCED_FACE('',(#2549),#2544,.T.);
#2544=PLANE('',#2545);
#2545=AXIS2_PLACEMENT_3D('',#2546,#2547,#2548);
#2546=CARTESIAN_POINT('',(6.795,1.245,0.0));
#2547=DIRECTION('',(-0.818,0.0,-0.575));
#2548=DIRECTION('',(0.,0.,1.));
#2549=FACE_OUTER_BOUND('',#2550,.T.);
#2550=EDGE_LOOP('',(#2551,#2561,#2571,#2581));
#2551=ORIENTED_EDGE('',*,*,#2533,.T.);
#2561=ORIENTED_EDGE('',*,*,#2307,.T.);
#2572=EDGE_CURVE('',#2259,#2310,#2577,.T.);
#2577=LINE('',#2260,#2579);
#2579=VECTOR('',#2580,2.108327);
#2580=DIRECTION('',(0.0,-1.0,0.0));
#2571=ORIENTED_EDGE('',*,*,#2572,.F.);
#2581=ORIENTED_EDGE('',*,*,#2258,.T.);
#2591=STYLED_ITEM('',(#43),#2592);
#2592=ADVANCED_FACE('',(#2598),#2593,.T.);
#2593=PLANE('',#2594);
#2594=AXIS2_PLACEMENT_3D('',#2595,#2596,#2597);
#2595=CARTESIAN_POINT('',(6.35,-1.054,2.278));
#2596=DIRECTION('',(0.495,0.0,0.869));
#2597=DIRECTION('',(0.,0.,1.));
#2598=FACE_OUTER_BOUND('',#2599,.T.);
#2599=EDGE_LOOP('',(#2600,#2610,#2620,#2630));
#2600=ORIENTED_EDGE('',*,*,#2141,.T.);
#2613=CARTESIAN_POINT('',(5.905,1.245,2.532));
#2612=VERTEX_POINT('',#2613);
#2611=EDGE_CURVE('',#2612,#2132,#2616,.T.);
#2616=LINE('',#2613,#2618);
#2618=VECTOR('',#2619,0.545883914462701);
#2619=DIRECTION('',(0.814,-0.349,-0.464));
#2610=ORIENTED_EDGE('',*,*,#2611,.F.);
#2623=CARTESIAN_POINT('',(5.905,-1.245,2.532));
#2622=VERTEX_POINT('',#2623);
#2621=EDGE_CURVE('',#2622,#2612,#2626,.T.);
#2626=LINE('',#2623,#2628);
#2628=VECTOR('',#2629,2.4892);
#2629=DIRECTION('',(0.0,1.0,0.0));
#2620=ORIENTED_EDGE('',*,*,#2621,.F.);
#2631=EDGE_CURVE('',#2114,#2622,#2636,.T.);
#2636=LINE('',#2115,#2638);
#2638=VECTOR('',#2639,0.545883914462701);
#2639=DIRECTION('',(-0.814,-0.349,0.464));
#2630=ORIENTED_EDGE('',*,*,#2631,.F.);
#2640=STYLED_ITEM('',(#43),#2641);
#2641=ADVANCED_FACE('',(#2647),#2642,.T.);
#2642=PLANE('',#2643);
#2643=AXIS2_PLACEMENT_3D('',#2644,#2645,#2646);
#2644=CARTESIAN_POINT('',(4.255,-1.245,2.532));
#2645=DIRECTION('',(0.0,0.0,1.0));
#2646=DIRECTION('',(0.,1.,0.));
#2647=FACE_OUTER_BOUND('',#2648,.T.);
#2648=EDGE_LOOP('',(#2649,#2659,#2669,#2679));
#2654=CARTESIAN_POINT('',(4.255,-1.245,2.532));
#2653=VERTEX_POINT('',#2654);
#2650=EDGE_CURVE('',#2622,#2653,#2655,.T.);
#2655=LINE('',#2623,#2657);
#2657=VECTOR('',#2658,1.650873);
#2658=DIRECTION('',(-1.0,0.0,0.0));
#2649=ORIENTED_EDGE('',*,*,#2650,.F.);
#2659=ORIENTED_EDGE('',*,*,#2621,.T.);
#2672=CARTESIAN_POINT('',(4.255,1.245,2.532));
#2671=VERTEX_POINT('',#2672);
#2670=EDGE_CURVE('',#2671,#2612,#2675,.T.);
#2675=LINE('',#2672,#2677);
#2677=VECTOR('',#2678,1.650873);
#2678=DIRECTION('',(1.0,0.0,0.0));
#2669=ORIENTED_EDGE('',*,*,#2670,.F.);
#2680=EDGE_CURVE('',#2653,#2671,#2685,.T.);
#2685=LINE('',#2654,#2687);
#2687=VECTOR('',#2688,2.4892);
#2688=DIRECTION('',(0.0,1.0,0.0));
#2679=ORIENTED_EDGE('',*,*,#2680,.F.);
#2689=STYLED_ITEM('',(#43),#2690);
#2690=ADVANCED_FACE('',(#2696),#2691,.T.);
#2691=PLANE('',#2692);
#2692=AXIS2_PLACEMENT_3D('',#2693,#2694,#2695);
#2693=CARTESIAN_POINT('',(3.81,-1.054,2.278));
#2694=DIRECTION('',(-0.495,0.0,0.869));
#2695=DIRECTION('',(0.,0.,1.));
#2696=FACE_OUTER_BOUND('',#2697,.T.);
#2697=EDGE_LOOP('',(#2698,#2708,#2718,#2728));
#2703=CARTESIAN_POINT('',(3.81,-1.054,2.278));
#2702=VERTEX_POINT('',#2703);
#2699=EDGE_CURVE('',#2653,#2702,#2704,.T.);
#2704=LINE('',#2654,#2706);
#2706=VECTOR('',#2707,0.545883914462701);
#2707=DIRECTION('',(-0.814,0.349,-0.464));
#2698=ORIENTED_EDGE('',*,*,#2699,.F.);
#2708=ORIENTED_EDGE('',*,*,#2680,.T.);
#2721=CARTESIAN_POINT('',(3.81,1.054,2.278));
#2720=VERTEX_POINT('',#2721);
#2719=EDGE_CURVE('',#2720,#2671,#2724,.T.);
#2724=LINE('',#2721,#2726);
#2726=VECTOR('',#2727,0.545883914462701);
#2727=DIRECTION('',(0.814,0.349,0.464));
#2718=ORIENTED_EDGE('',*,*,#2719,.F.);
#2729=EDGE_CURVE('',#2702,#2720,#2734,.T.);
#2734=LINE('',#2703,#2736);
#2736=VECTOR('',#2737,2.108327);
#2737=DIRECTION('',(0.0,1.0,0.0));
#2728=ORIENTED_EDGE('',*,*,#2729,.F.);
#2738=STYLED_ITEM('',(#43),#2739);
#2739=ADVANCED_FACE('',(#2745),#2740,.T.);
#2740=PLANE('',#2741);
#2741=AXIS2_PLACEMENT_3D('',#2742,#2743,#2744);
#2742=CARTESIAN_POINT('',(6.35,1.054,0.633));
#2743=DIRECTION('',(0.394,0.919,0.0));
#2744=DIRECTION('',(0.,0.,1.));
#2745=FACE_OUTER_BOUND('',#2746,.T.);
#2746=EDGE_LOOP('',(#2747,#2757,#2767,#2777));
#2750=CARTESIAN_POINT('',(5.905,1.245,0.0));
#2749=VERTEX_POINT('',#2750);
#2748=EDGE_CURVE('',#2749,#2259,#2753,.T.);
#2753=LINE('',#2750,#2755);
#2755=VECTOR('',#2756,0.796519477849339);
#2756=DIRECTION('',(0.558,-0.239,0.795));
#2747=ORIENTED_EDGE('',*,*,#2748,.F.);
#2758=EDGE_CURVE('',#2612,#2749,#2763,.T.);
#2763=LINE('',#2613,#2765);
#2765=VECTOR('',#2766,2.5315308018);
#2766=DIRECTION('',(0.0,0.0,-1.0));
#2757=ORIENTED_EDGE('',*,*,#2758,.F.);
#2767=ORIENTED_EDGE('',*,*,#2611,.T.);
#2777=ORIENTED_EDGE('',*,*,#2268,.T.);
#2787=STYLED_ITEM('',(#43),#2788);
#2788=ADVANCED_FACE('',(#2794),#2789,.T.);
#2789=PLANE('',#2790);
#2790=AXIS2_PLACEMENT_3D('',#2791,#2792,#2793);
#2791=CARTESIAN_POINT('',(5.905,1.245,0.0));
#2792=DIRECTION('',(0.0,1.0,0.0));
#2793=DIRECTION('',(0.,0.,1.));
#2794=FACE_OUTER_BOUND('',#2795,.T.);
#2795=EDGE_LOOP('',(#2796,#2806,#2816,#2826));
#2799=CARTESIAN_POINT('',(4.255,1.245,0.0));
#2798=VERTEX_POINT('',#2799);
#2797=EDGE_CURVE('',#2798,#2749,#2802,.T.);
#2802=LINE('',#2799,#2804);
#2804=VECTOR('',#2805,1.650873);
#2805=DIRECTION('',(1.0,0.0,0.0));
#2796=ORIENTED_EDGE('',*,*,#2797,.F.);
#2807=EDGE_CURVE('',#2671,#2798,#2812,.T.);
#2812=LINE('',#2672,#2814);
#2814=VECTOR('',#2815,2.5315308018);
#2815=DIRECTION('',(0.0,0.0,-1.0));
#2806=ORIENTED_EDGE('',*,*,#2807,.F.);
#2816=ORIENTED_EDGE('',*,*,#2670,.T.);
#2826=ORIENTED_EDGE('',*,*,#2758,.T.);
#2836=STYLED_ITEM('',(#43),#2837);
#2837=ADVANCED_FACE('',(#2843),#2838,.T.);
#2838=PLANE('',#2839);
#2839=AXIS2_PLACEMENT_3D('',#2840,#2841,#2842);
#2840=CARTESIAN_POINT('',(4.255,1.245,0.0));
#2841=DIRECTION('',(-0.394,0.919,0.0));
#2842=DIRECTION('',(0.,0.,1.));
#2843=FACE_OUTER_BOUND('',#2844,.T.);
#2844=EDGE_LOOP('',(#2845,#2855,#2865,#2875));
#2848=CARTESIAN_POINT('',(3.81,1.054,0.633));
#2847=VERTEX_POINT('',#2848);
#2846=EDGE_CURVE('',#2847,#2798,#2851,.T.);
#2851=LINE('',#2848,#2853);
#2853=VECTOR('',#2854,0.796519477849339);
#2854=DIRECTION('',(0.558,0.239,-0.795));
#2845=ORIENTED_EDGE('',*,*,#2846,.F.);
#2856=EDGE_CURVE('',#2720,#2847,#2861,.T.);
#2861=LINE('',#2721,#2863);
#2863=VECTOR('',#2864,1.64549502117);
#2864=DIRECTION('',(0.0,0.0,-1.0));
#2855=ORIENTED_EDGE('',*,*,#2856,.F.);
#2865=ORIENTED_EDGE('',*,*,#2719,.T.);
#2875=ORIENTED_EDGE('',*,*,#2807,.T.);
#2885=STYLED_ITEM('',(#43),#2886);
#2886=ADVANCED_FACE('',(#2892),#2887,.T.);
#2887=PLANE('',#2888);
#2888=AXIS2_PLACEMENT_3D('',#2889,#2890,#2891);
#2889=CARTESIAN_POINT('',(3.81,-1.054,0.633));
#2890=DIRECTION('',(-0.394,-0.919,0.0));
#2891=DIRECTION('',(0.,0.,1.));
#2892=FACE_OUTER_BOUND('',#2893,.T.);
#2893=EDGE_LOOP('',(#2894,#2904,#2914,#2924));
#2897=CARTESIAN_POINT('',(4.255,-1.245,0.0));
#2896=VERTEX_POINT('',#2897);
#2899=CARTESIAN_POINT('',(3.81,-1.054,0.633));
#2898=VERTEX_POINT('',#2899);
#2895=EDGE_CURVE('',#2896,#2898,#2900,.T.);
#2900=LINE('',#2897,#2902);
#2902=VECTOR('',#2903,0.796519477849339);
#2903=DIRECTION('',(-0.558,0.239,0.795));
#2894=ORIENTED_EDGE('',*,*,#2895,.F.);
#2905=EDGE_CURVE('',#2653,#2896,#2910,.T.);
#2910=LINE('',#2654,#2912);
#2912=VECTOR('',#2913,2.5315308018);
#2913=DIRECTION('',(0.0,0.0,-1.0));
#2904=ORIENTED_EDGE('',*,*,#2905,.F.);
#2914=ORIENTED_EDGE('',*,*,#2699,.T.);
#2925=EDGE_CURVE('',#2898,#2702,#2930,.T.);
#2930=LINE('',#2899,#2932);
#2932=VECTOR('',#2933,1.64549502117);
#2933=DIRECTION('',(0.0,0.0,1.0));
#2924=ORIENTED_EDGE('',*,*,#2925,.F.);
#2934=STYLED_ITEM('',(#43),#2935);
#2935=ADVANCED_FACE('',(#2941),#2936,.T.);
#2936=PLANE('',#2937);
#2937=AXIS2_PLACEMENT_3D('',#2938,#2939,#2940);
#2938=CARTESIAN_POINT('',(4.255,-1.245,0.0));
#2939=DIRECTION('',(0.0,-1.0,0.0));
#2940=DIRECTION('',(0.,0.,1.));
#2941=FACE_OUTER_BOUND('',#2942,.T.);
#2942=EDGE_LOOP('',(#2943,#2953,#2963,#2973));
#2946=CARTESIAN_POINT('',(5.905,-1.245,0.0));
#2945=VERTEX_POINT('',#2946);
#2944=EDGE_CURVE('',#2945,#2896,#2949,.T.);
#2949=LINE('',#2946,#2951);
#2951=VECTOR('',#2952,1.650873);
#2952=DIRECTION('',(-1.0,0.0,0.0));
#2943=ORIENTED_EDGE('',*,*,#2944,.F.);
#2954=EDGE_CURVE('',#2622,#2945,#2959,.T.);
#2959=LINE('',#2623,#2961);
#2961=VECTOR('',#2962,2.5315308018);
#2962=DIRECTION('',(0.0,0.0,-1.0));
#2953=ORIENTED_EDGE('',*,*,#2954,.F.);
#2963=ORIENTED_EDGE('',*,*,#2650,.T.);
#2973=ORIENTED_EDGE('',*,*,#2905,.T.);
#2983=STYLED_ITEM('',(#43),#2984);
#2984=ADVANCED_FACE('',(#2990),#2985,.T.);
#2985=PLANE('',#2986);
#2986=AXIS2_PLACEMENT_3D('',#2987,#2988,#2989);
#2987=CARTESIAN_POINT('',(5.905,-1.245,0.0));
#2988=DIRECTION('',(0.394,-0.919,0.0));
#2989=DIRECTION('',(0.,0.,1.));
#2990=FACE_OUTER_BOUND('',#2991,.T.);
#2991=EDGE_LOOP('',(#2992,#3002,#3012,#3022));
#2993=EDGE_CURVE('',#2310,#2945,#2998,.T.);
#2998=LINE('',#2311,#3000);
#3000=VECTOR('',#3001,0.796519477849339);
#3001=DIRECTION('',(-0.558,-0.239,-0.795));
#2992=ORIENTED_EDGE('',*,*,#2993,.F.);
#3002=ORIENTED_EDGE('',*,*,#2337,.T.);
#3012=ORIENTED_EDGE('',*,*,#2631,.T.);
#3022=ORIENTED_EDGE('',*,*,#2954,.T.);
#3032=STYLED_ITEM('',(#43),#3033);
#3033=ADVANCED_FACE('',(#3039),#3034,.T.);
#3034=PLANE('',#3035);
#3035=AXIS2_PLACEMENT_3D('',#3036,#3037,#3038);
#3036=CARTESIAN_POINT('',(5.905,-1.245,0.0));
#3037=DIRECTION('',(0.818,0.0,-0.575));
#3038=DIRECTION('',(0.,0.,1.));
#3039=FACE_OUTER_BOUND('',#3040,.T.);
#3040=EDGE_LOOP('',(#3041,#3051,#3061,#3071));
#3042=EDGE_CURVE('',#2749,#2945,#3047,.T.);
#3047=LINE('',#2750,#3049);
#3049=VECTOR('',#3050,2.4892);
#3050=DIRECTION('',(0.0,-1.0,0.0));
#3041=ORIENTED_EDGE('',*,*,#3042,.F.);
#3051=ORIENTED_EDGE('',*,*,#2748,.T.);
#3061=ORIENTED_EDGE('',*,*,#2572,.T.);
#3071=ORIENTED_EDGE('',*,*,#2993,.T.);
#3081=STYLED_ITEM('',(#43),#3082);
#3082=ADVANCED_FACE('',(#3088),#3083,.T.);
#3083=PLANE('',#3084);
#3084=AXIS2_PLACEMENT_3D('',#3085,#3086,#3087);
#3085=CARTESIAN_POINT('',(4.255,1.245,0.0));
#3086=DIRECTION('',(0.0,0.0,-1.0));
#3087=DIRECTION('',(0.,1.,0.));
#3088=FACE_OUTER_BOUND('',#3089,.T.);
#3089=EDGE_LOOP('',(#3090,#3100,#3110,#3120));
#3090=ORIENTED_EDGE('',*,*,#2797,.T.);
#3100=ORIENTED_EDGE('',*,*,#3042,.T.);
#3110=ORIENTED_EDGE('',*,*,#2944,.T.);
#3121=EDGE_CURVE('',#2798,#2896,#3126,.T.);
#3126=LINE('',#2799,#3128);
#3128=VECTOR('',#3129,2.4892);
#3129=DIRECTION('',(0.0,-1.0,0.0));
#3120=ORIENTED_EDGE('',*,*,#3121,.F.);
#3130=STYLED_ITEM('',(#43),#3131);
#3131=ADVANCED_FACE('',(#3137),#3132,.T.);
#3132=PLANE('',#3133);
#3133=AXIS2_PLACEMENT_3D('',#3134,#3135,#3136);
#3134=CARTESIAN_POINT('',(4.255,1.245,0.0));
#3135=DIRECTION('',(-0.818,0.0,-0.575));
#3136=DIRECTION('',(0.,0.,1.));
#3137=FACE_OUTER_BOUND('',#3138,.T.);
#3138=EDGE_LOOP('',(#3139,#3149,#3159,#3169));
#3139=ORIENTED_EDGE('',*,*,#3121,.T.);
#3149=ORIENTED_EDGE('',*,*,#2895,.T.);
#3160=EDGE_CURVE('',#2847,#2898,#3165,.T.);
#3165=LINE('',#2848,#3167);
#3167=VECTOR('',#3168,2.108327);
#3168=DIRECTION('',(0.0,-1.0,0.0));
#3159=ORIENTED_EDGE('',*,*,#3160,.F.);
#3169=ORIENTED_EDGE('',*,*,#2846,.T.);
#3179=STYLED_ITEM('',(#43),#3180);
#3180=ADVANCED_FACE('',(#3186),#3181,.T.);
#3181=PLANE('',#3182);
#3182=AXIS2_PLACEMENT_3D('',#3183,#3184,#3185);
#3183=CARTESIAN_POINT('',(3.81,-1.054,2.278));
#3184=DIRECTION('',(0.495,0.0,0.869));
#3185=DIRECTION('',(0.,0.,1.));
#3186=FACE_OUTER_BOUND('',#3187,.T.);
#3187=EDGE_LOOP('',(#3188,#3198,#3208,#3218));
#3188=ORIENTED_EDGE('',*,*,#2729,.T.);
#3201=CARTESIAN_POINT('',(3.365,1.245,2.532));
#3200=VERTEX_POINT('',#3201);
#3199=EDGE_CURVE('',#3200,#2720,#3204,.T.);
#3204=LINE('',#3201,#3206);
#3206=VECTOR('',#3207,0.545883914462701);
#3207=DIRECTION('',(0.814,-0.349,-0.464));
#3198=ORIENTED_EDGE('',*,*,#3199,.F.);
#3211=CARTESIAN_POINT('',(3.365,-1.245,2.532));
#3210=VERTEX_POINT('',#3211);
#3209=EDGE_CURVE('',#3210,#3200,#3214,.T.);
#3214=LINE('',#3211,#3216);
#3216=VECTOR('',#3217,2.4892);
#3217=DIRECTION('',(0.0,1.0,0.0));
#3208=ORIENTED_EDGE('',*,*,#3209,.F.);
#3219=EDGE_CURVE('',#2702,#3210,#3224,.T.);
#3224=LINE('',#2703,#3226);
#3226=VECTOR('',#3227,0.545883914462701);
#3227=DIRECTION('',(-0.814,-0.349,0.464));
#3218=ORIENTED_EDGE('',*,*,#3219,.F.);
#3228=STYLED_ITEM('',(#43),#3229);
#3229=ADVANCED_FACE('',(#3235),#3230,.T.);
#3230=PLANE('',#3231);
#3231=AXIS2_PLACEMENT_3D('',#3232,#3233,#3234);
#3232=CARTESIAN_POINT('',(1.715,-1.245,2.532));
#3233=DIRECTION('',(0.0,0.0,1.0));
#3234=DIRECTION('',(0.,1.,0.));
#3235=FACE_OUTER_BOUND('',#3236,.T.);
#3236=EDGE_LOOP('',(#3237,#3247,#3257,#3267));
#3242=CARTESIAN_POINT('',(1.715,-1.245,2.532));
#3241=VERTEX_POINT('',#3242);
#3238=EDGE_CURVE('',#3210,#3241,#3243,.T.);
#3243=LINE('',#3211,#3245);
#3245=VECTOR('',#3246,1.650873);
#3246=DIRECTION('',(-1.0,0.0,0.0));
#3237=ORIENTED_EDGE('',*,*,#3238,.F.);
#3247=ORIENTED_EDGE('',*,*,#3209,.T.);
#3260=CARTESIAN_POINT('',(1.715,1.245,2.532));
#3259=VERTEX_POINT('',#3260);
#3258=EDGE_CURVE('',#3259,#3200,#3263,.T.);
#3263=LINE('',#3260,#3265);
#3265=VECTOR('',#3266,1.650873);
#3266=DIRECTION('',(1.0,0.0,0.0));
#3257=ORIENTED_EDGE('',*,*,#3258,.F.);
#3268=EDGE_CURVE('',#3241,#3259,#3273,.T.);
#3273=LINE('',#3242,#3275);
#3275=VECTOR('',#3276,2.4892);
#3276=DIRECTION('',(0.0,1.0,0.0));
#3267=ORIENTED_EDGE('',*,*,#3268,.F.);
#3277=STYLED_ITEM('',(#43),#3278);
#3278=ADVANCED_FACE('',(#3284),#3279,.T.);
#3279=PLANE('',#3280);
#3280=AXIS2_PLACEMENT_3D('',#3281,#3282,#3283);
#3281=CARTESIAN_POINT('',(1.27,-1.054,2.278));
#3282=DIRECTION('',(-0.495,0.0,0.869));
#3283=DIRECTION('',(0.,0.,1.));
#3284=FACE_OUTER_BOUND('',#3285,.T.);
#3285=EDGE_LOOP('',(#3286,#3296,#3306,#3316));
#3291=CARTESIAN_POINT('',(1.27,-1.054,2.278));
#3290=VERTEX_POINT('',#3291);
#3287=EDGE_CURVE('',#3241,#3290,#3292,.T.);
#3292=LINE('',#3242,#3294);
#3294=VECTOR('',#3295,0.545883914462701);
#3295=DIRECTION('',(-0.814,0.349,-0.464));
#3286=ORIENTED_EDGE('',*,*,#3287,.F.);
#3296=ORIENTED_EDGE('',*,*,#3268,.T.);
#3309=CARTESIAN_POINT('',(1.27,1.054,2.278));
#3308=VERTEX_POINT('',#3309);
#3307=EDGE_CURVE('',#3308,#3259,#3312,.T.);
#3312=LINE('',#3309,#3314);
#3314=VECTOR('',#3315,0.545883914462701);
#3315=DIRECTION('',(0.814,0.349,0.464));
#3306=ORIENTED_EDGE('',*,*,#3307,.F.);
#3317=EDGE_CURVE('',#3290,#3308,#3322,.T.);
#3322=LINE('',#3291,#3324);
#3324=VECTOR('',#3325,2.108327);
#3325=DIRECTION('',(0.0,1.0,0.0));
#3316=ORIENTED_EDGE('',*,*,#3317,.F.);
#3326=STYLED_ITEM('',(#43),#3327);
#3327=ADVANCED_FACE('',(#3333),#3328,.T.);
#3328=PLANE('',#3329);
#3329=AXIS2_PLACEMENT_3D('',#3330,#3331,#3332);
#3330=CARTESIAN_POINT('',(3.81,1.054,0.633));
#3331=DIRECTION('',(0.394,0.919,0.0));
#3332=DIRECTION('',(0.,0.,1.));
#3333=FACE_OUTER_BOUND('',#3334,.T.);
#3334=EDGE_LOOP('',(#3335,#3345,#3355,#3365));
#3338=CARTESIAN_POINT('',(3.365,1.245,0.0));
#3337=VERTEX_POINT('',#3338);
#3336=EDGE_CURVE('',#3337,#2847,#3341,.T.);
#3341=LINE('',#3338,#3343);
#3343=VECTOR('',#3344,0.796519477849339);
#3344=DIRECTION('',(0.558,-0.239,0.795));
#3335=ORIENTED_EDGE('',*,*,#3336,.F.);
#3346=EDGE_CURVE('',#3200,#3337,#3351,.T.);
#3351=LINE('',#3201,#3353);
#3353=VECTOR('',#3354,2.5315308018);
#3354=DIRECTION('',(0.0,0.0,-1.0));
#3345=ORIENTED_EDGE('',*,*,#3346,.F.);
#3355=ORIENTED_EDGE('',*,*,#3199,.T.);
#3365=ORIENTED_EDGE('',*,*,#2856,.T.);
#3375=STYLED_ITEM('',(#43),#3376);
#3376=ADVANCED_FACE('',(#3382),#3377,.T.);
#3377=PLANE('',#3378);
#3378=AXIS2_PLACEMENT_3D('',#3379,#3380,#3381);
#3379=CARTESIAN_POINT('',(3.365,1.245,0.0));
#3380=DIRECTION('',(0.0,1.0,0.0));
#3381=DIRECTION('',(0.,0.,1.));
#3382=FACE_OUTER_BOUND('',#3383,.T.);
#3383=EDGE_LOOP('',(#3384,#3394,#3404,#3414));
#3387=CARTESIAN_POINT('',(1.715,1.245,0.0));
#3386=VERTEX_POINT('',#3387);
#3385=EDGE_CURVE('',#3386,#3337,#3390,.T.);
#3390=LINE('',#3387,#3392);
#3392=VECTOR('',#3393,1.650873);
#3393=DIRECTION('',(1.0,0.0,0.0));
#3384=ORIENTED_EDGE('',*,*,#3385,.F.);
#3395=EDGE_CURVE('',#3259,#3386,#3400,.T.);
#3400=LINE('',#3260,#3402);
#3402=VECTOR('',#3403,2.5315308018);
#3403=DIRECTION('',(0.0,0.0,-1.0));
#3394=ORIENTED_EDGE('',*,*,#3395,.F.);
#3404=ORIENTED_EDGE('',*,*,#3258,.T.);
#3414=ORIENTED_EDGE('',*,*,#3346,.T.);
#3424=STYLED_ITEM('',(#43),#3425);
#3425=ADVANCED_FACE('',(#3431),#3426,.T.);
#3426=PLANE('',#3427);
#3427=AXIS2_PLACEMENT_3D('',#3428,#3429,#3430);
#3428=CARTESIAN_POINT('',(1.715,1.245,0.0));
#3429=DIRECTION('',(-0.394,0.919,0.0));
#3430=DIRECTION('',(0.,0.,1.));
#3431=FACE_OUTER_BOUND('',#3432,.T.);
#3432=EDGE_LOOP('',(#3433,#3443,#3453,#3463));
#3436=CARTESIAN_POINT('',(1.27,1.054,0.633));
#3435=VERTEX_POINT('',#3436);
#3434=EDGE_CURVE('',#3435,#3386,#3439,.T.);
#3439=LINE('',#3436,#3441);
#3441=VECTOR('',#3442,0.796519477849339);
#3442=DIRECTION('',(0.558,0.239,-0.795));
#3433=ORIENTED_EDGE('',*,*,#3434,.F.);
#3444=EDGE_CURVE('',#3308,#3435,#3449,.T.);
#3449=LINE('',#3309,#3451);
#3451=VECTOR('',#3452,1.64549502117);
#3452=DIRECTION('',(0.0,0.0,-1.0));
#3443=ORIENTED_EDGE('',*,*,#3444,.F.);
#3453=ORIENTED_EDGE('',*,*,#3307,.T.);
#3463=ORIENTED_EDGE('',*,*,#3395,.T.);
#3473=STYLED_ITEM('',(#43),#3474);
#3474=ADVANCED_FACE('',(#3480),#3475,.T.);
#3475=PLANE('',#3476);
#3476=AXIS2_PLACEMENT_3D('',#3477,#3478,#3479);
#3477=CARTESIAN_POINT('',(1.27,-1.054,0.633));
#3478=DIRECTION('',(-0.394,-0.919,0.0));
#3479=DIRECTION('',(0.,0.,1.));
#3480=FACE_OUTER_BOUND('',#3481,.T.);
#3481=EDGE_LOOP('',(#3482,#3492,#3502,#3512));
#3485=CARTESIAN_POINT('',(1.715,-1.245,0.0));
#3484=VERTEX_POINT('',#3485);
#3487=CARTESIAN_POINT('',(1.27,-1.054,0.633));
#3486=VERTEX_POINT('',#3487);
#3483=EDGE_CURVE('',#3484,#3486,#3488,.T.);
#3488=LINE('',#3485,#3490);
#3490=VECTOR('',#3491,0.796519477849339);
#3491=DIRECTION('',(-0.558,0.239,0.795));
#3482=ORIENTED_EDGE('',*,*,#3483,.F.);
#3493=EDGE_CURVE('',#3241,#3484,#3498,.T.);
#3498=LINE('',#3242,#3500);
#3500=VECTOR('',#3501,2.5315308018);
#3501=DIRECTION('',(0.0,0.0,-1.0));
#3492=ORIENTED_EDGE('',*,*,#3493,.F.);
#3502=ORIENTED_EDGE('',*,*,#3287,.T.);
#3513=EDGE_CURVE('',#3486,#3290,#3518,.T.);
#3518=LINE('',#3487,#3520);
#3520=VECTOR('',#3521,1.64549502117);
#3521=DIRECTION('',(0.0,0.0,1.0));
#3512=ORIENTED_EDGE('',*,*,#3513,.F.);
#3522=STYLED_ITEM('',(#43),#3523);
#3523=ADVANCED_FACE('',(#3529),#3524,.T.);
#3524=PLANE('',#3525);
#3525=AXIS2_PLACEMENT_3D('',#3526,#3527,#3528);
#3526=CARTESIAN_POINT('',(1.715,-1.245,0.0));
#3527=DIRECTION('',(0.0,-1.0,0.0));
#3528=DIRECTION('',(0.,0.,1.));
#3529=FACE_OUTER_BOUND('',#3530,.T.);
#3530=EDGE_LOOP('',(#3531,#3541,#3551,#3561));
#3534=CARTESIAN_POINT('',(3.365,-1.245,0.0));
#3533=VERTEX_POINT('',#3534);
#3532=EDGE_CURVE('',#3533,#3484,#3537,.T.);
#3537=LINE('',#3534,#3539);
#3539=VECTOR('',#3540,1.650873);
#3540=DIRECTION('',(-1.0,0.0,0.0));
#3531=ORIENTED_EDGE('',*,*,#3532,.F.);
#3542=EDGE_CURVE('',#3210,#3533,#3547,.T.);
#3547=LINE('',#3211,#3549);
#3549=VECTOR('',#3550,2.5315308018);
#3550=DIRECTION('',(0.0,0.0,-1.0));
#3541=ORIENTED_EDGE('',*,*,#3542,.F.);
#3551=ORIENTED_EDGE('',*,*,#3238,.T.);
#3561=ORIENTED_EDGE('',*,*,#3493,.T.);
#3571=STYLED_ITEM('',(#43),#3572);
#3572=ADVANCED_FACE('',(#3578),#3573,.T.);
#3573=PLANE('',#3574);
#3574=AXIS2_PLACEMENT_3D('',#3575,#3576,#3577);
#3575=CARTESIAN_POINT('',(3.365,-1.245,0.0));
#3576=DIRECTION('',(0.394,-0.919,0.0));
#3577=DIRECTION('',(0.,0.,1.));
#3578=FACE_OUTER_BOUND('',#3579,.T.);
#3579=EDGE_LOOP('',(#3580,#3590,#3600,#3610));
#3581=EDGE_CURVE('',#2898,#3533,#3586,.T.);
#3586=LINE('',#2899,#3588);
#3588=VECTOR('',#3589,0.796519477849339);
#3589=DIRECTION('',(-0.558,-0.239,-0.795));
#3580=ORIENTED_EDGE('',*,*,#3581,.F.);
#3590=ORIENTED_EDGE('',*,*,#2925,.T.);
#3600=ORIENTED_EDGE('',*,*,#3219,.T.);
#3610=ORIENTED_EDGE('',*,*,#3542,.T.);
#3620=STYLED_ITEM('',(#43),#3621);
#3621=ADVANCED_FACE('',(#3627),#3622,.T.);
#3622=PLANE('',#3623);
#3623=AXIS2_PLACEMENT_3D('',#3624,#3625,#3626);
#3624=CARTESIAN_POINT('',(3.365,-1.245,0.0));
#3625=DIRECTION('',(0.818,0.0,-0.575));
#3626=DIRECTION('',(0.,0.,1.));
#3627=FACE_OUTER_BOUND('',#3628,.T.);
#3628=EDGE_LOOP('',(#3629,#3639,#3649,#3659));
#3630=EDGE_CURVE('',#3337,#3533,#3635,.T.);
#3635=LINE('',#3338,#3637);
#3637=VECTOR('',#3638,2.4892);
#3638=DIRECTION('',(0.0,-1.0,0.0));
#3629=ORIENTED_EDGE('',*,*,#3630,.F.);
#3639=ORIENTED_EDGE('',*,*,#3336,.T.);
#3649=ORIENTED_EDGE('',*,*,#3160,.T.);
#3659=ORIENTED_EDGE('',*,*,#3581,.T.);
#3669=STYLED_ITEM('',(#43),#3670);
#3670=ADVANCED_FACE('',(#3676),#3671,.T.);
#3671=PLANE('',#3672);
#3672=AXIS2_PLACEMENT_3D('',#3673,#3674,#3675);
#3673=CARTESIAN_POINT('',(1.715,1.245,0.0));
#3674=DIRECTION('',(0.0,0.0,-1.0));
#3675=DIRECTION('',(0.,1.,0.));
#3676=FACE_OUTER_BOUND('',#3677,.T.);
#3677=EDGE_LOOP('',(#3678,#3688,#3698,#3708));
#3678=ORIENTED_EDGE('',*,*,#3385,.T.);
#3688=ORIENTED_EDGE('',*,*,#3630,.T.);
#3698=ORIENTED_EDGE('',*,*,#3532,.T.);
#3709=EDGE_CURVE('',#3386,#3484,#3714,.T.);
#3714=LINE('',#3387,#3716);
#3716=VECTOR('',#3717,2.4892);
#3717=DIRECTION('',(0.0,-1.0,0.0));
#3708=ORIENTED_EDGE('',*,*,#3709,.F.);
#3718=STYLED_ITEM('',(#43),#3719);
#3719=ADVANCED_FACE('',(#3725),#3720,.T.);
#3720=PLANE('',#3721);
#3721=AXIS2_PLACEMENT_3D('',#3722,#3723,#3724);
#3722=CARTESIAN_POINT('',(1.715,1.245,0.0));
#3723=DIRECTION('',(-0.818,0.0,-0.575));
#3724=DIRECTION('',(0.,0.,1.));
#3725=FACE_OUTER_BOUND('',#3726,.T.);
#3726=EDGE_LOOP('',(#3727,#3737,#3747,#3757));
#3727=ORIENTED_EDGE('',*,*,#3709,.T.);
#3737=ORIENTED_EDGE('',*,*,#3483,.T.);
#3748=EDGE_CURVE('',#3435,#3486,#3753,.T.);
#3753=LINE('',#3436,#3755);
#3755=VECTOR('',#3756,2.108327);
#3756=DIRECTION('',(0.0,-1.0,0.0));
#3747=ORIENTED_EDGE('',*,*,#3748,.F.);
#3757=ORIENTED_EDGE('',*,*,#3434,.T.);
#3767=STYLED_ITEM('',(#43),#3768);
#3768=ADVANCED_FACE('',(#3774),#3769,.T.);
#3769=PLANE('',#3770);
#3770=AXIS2_PLACEMENT_3D('',#3771,#3772,#3773);
#3771=CARTESIAN_POINT('',(1.27,-1.054,2.278));
#3772=DIRECTION('',(0.495,0.0,0.869));
#3773=DIRECTION('',(0.,0.,1.));
#3774=FACE_OUTER_BOUND('',#3775,.T.);
#3775=EDGE_LOOP('',(#3776,#3786,#3796,#3806));
#3776=ORIENTED_EDGE('',*,*,#3317,.T.);
#3789=CARTESIAN_POINT('',(0.825,1.245,2.532));
#3788=VERTEX_POINT('',#3789);
#3787=EDGE_CURVE('',#3788,#3308,#3792,.T.);
#3792=LINE('',#3789,#3794);
#3794=VECTOR('',#3795,0.545883914462701);
#3795=DIRECTION('',(0.814,-0.349,-0.464));
#3786=ORIENTED_EDGE('',*,*,#3787,.F.);
#3799=CARTESIAN_POINT('',(0.825,-1.245,2.532));
#3798=VERTEX_POINT('',#3799);
#3797=EDGE_CURVE('',#3798,#3788,#3802,.T.);
#3802=LINE('',#3799,#3804);
#3804=VECTOR('',#3805,2.4892);
#3805=DIRECTION('',(0.0,1.0,0.0));
#3796=ORIENTED_EDGE('',*,*,#3797,.F.);
#3807=EDGE_CURVE('',#3290,#3798,#3812,.T.);
#3812=LINE('',#3291,#3814);
#3814=VECTOR('',#3815,0.545883914462701);
#3815=DIRECTION('',(-0.814,-0.349,0.464));
#3806=ORIENTED_EDGE('',*,*,#3807,.F.);
#3816=STYLED_ITEM('',(#43),#3817);
#3817=ADVANCED_FACE('',(#3823),#3818,.T.);
#3818=PLANE('',#3819);
#3819=AXIS2_PLACEMENT_3D('',#3820,#3821,#3822);
#3820=CARTESIAN_POINT('',(-0.825,-1.245,2.532));
#3821=DIRECTION('',(0.0,0.0,1.0));
#3822=DIRECTION('',(0.,1.,0.));
#3823=FACE_OUTER_BOUND('',#3824,.T.);
#3824=EDGE_LOOP('',(#3825,#3835,#3845,#3855));
#3830=CARTESIAN_POINT('',(-0.825,-1.245,2.532));
#3829=VERTEX_POINT('',#3830);
#3826=EDGE_CURVE('',#3798,#3829,#3831,.T.);
#3831=LINE('',#3799,#3833);
#3833=VECTOR('',#3834,1.650873);
#3834=DIRECTION('',(-1.0,0.0,0.0));
#3825=ORIENTED_EDGE('',*,*,#3826,.F.);
#3835=ORIENTED_EDGE('',*,*,#3797,.T.);
#3848=CARTESIAN_POINT('',(-0.825,1.245,2.532));
#3847=VERTEX_POINT('',#3848);
#3846=EDGE_CURVE('',#3847,#3788,#3851,.T.);
#3851=LINE('',#3848,#3853);
#3853=VECTOR('',#3854,1.650873);
#3854=DIRECTION('',(1.0,0.0,0.0));
#3845=ORIENTED_EDGE('',*,*,#3846,.F.);
#3856=EDGE_CURVE('',#3829,#3847,#3861,.T.);
#3861=LINE('',#3830,#3863);
#3863=VECTOR('',#3864,2.4892);
#3864=DIRECTION('',(0.0,1.0,0.0));
#3855=ORIENTED_EDGE('',*,*,#3856,.F.);
#3865=STYLED_ITEM('',(#43),#3866);
#3866=ADVANCED_FACE('',(#3872),#3867,.T.);
#3867=PLANE('',#3868);
#3868=AXIS2_PLACEMENT_3D('',#3869,#3870,#3871);
#3869=CARTESIAN_POINT('',(-1.27,-1.054,2.278));
#3870=DIRECTION('',(-0.495,0.0,0.869));
#3871=DIRECTION('',(0.,0.,1.));
#3872=FACE_OUTER_BOUND('',#3873,.T.);
#3873=EDGE_LOOP('',(#3874,#3884,#3894,#3904));
#3879=CARTESIAN_POINT('',(-1.27,-1.054,2.278));
#3878=VERTEX_POINT('',#3879);
#3875=EDGE_CURVE('',#3829,#3878,#3880,.T.);
#3880=LINE('',#3830,#3882);
#3882=VECTOR('',#3883,0.545883914462701);
#3883=DIRECTION('',(-0.814,0.349,-0.464));
#3874=ORIENTED_EDGE('',*,*,#3875,.F.);
#3884=ORIENTED_EDGE('',*,*,#3856,.T.);
#3897=CARTESIAN_POINT('',(-1.27,1.054,2.278));
#3896=VERTEX_POINT('',#3897);
#3895=EDGE_CURVE('',#3896,#3847,#3900,.T.);
#3900=LINE('',#3897,#3902);
#3902=VECTOR('',#3903,0.545883914462701);
#3903=DIRECTION('',(0.814,0.349,0.464));
#3894=ORIENTED_EDGE('',*,*,#3895,.F.);
#3905=EDGE_CURVE('',#3878,#3896,#3910,.T.);
#3910=LINE('',#3879,#3912);
#3912=VECTOR('',#3913,2.108327);
#3913=DIRECTION('',(0.0,1.0,0.0));
#3904=ORIENTED_EDGE('',*,*,#3905,.F.);
#3914=STYLED_ITEM('',(#43),#3915);
#3915=ADVANCED_FACE('',(#3921),#3916,.T.);
#3916=PLANE('',#3917);
#3917=AXIS2_PLACEMENT_3D('',#3918,#3919,#3920);
#3918=CARTESIAN_POINT('',(1.27,1.054,0.633));
#3919=DIRECTION('',(0.394,0.919,0.0));
#3920=DIRECTION('',(0.,0.,1.));
#3921=FACE_OUTER_BOUND('',#3922,.T.);
#3922=EDGE_LOOP('',(#3923,#3933,#3943,#3953));
#3926=CARTESIAN_POINT('',(0.825,1.245,0.0));
#3925=VERTEX_POINT('',#3926);
#3924=EDGE_CURVE('',#3925,#3435,#3929,.T.);
#3929=LINE('',#3926,#3931);
#3931=VECTOR('',#3932,0.796519477849339);
#3932=DIRECTION('',(0.558,-0.239,0.795));
#3923=ORIENTED_EDGE('',*,*,#3924,.F.);
#3934=EDGE_CURVE('',#3788,#3925,#3939,.T.);
#3939=LINE('',#3789,#3941);
#3941=VECTOR('',#3942,2.5315308018);
#3942=DIRECTION('',(0.0,0.0,-1.0));
#3933=ORIENTED_EDGE('',*,*,#3934,.F.);
#3943=ORIENTED_EDGE('',*,*,#3787,.T.);
#3953=ORIENTED_EDGE('',*,*,#3444,.T.);
#3963=STYLED_ITEM('',(#43),#3964);
#3964=ADVANCED_FACE('',(#3970),#3965,.T.);
#3965=PLANE('',#3966);
#3966=AXIS2_PLACEMENT_3D('',#3967,#3968,#3969);
#3967=CARTESIAN_POINT('',(0.825,1.245,0.0));
#3968=DIRECTION('',(0.0,1.0,0.0));
#3969=DIRECTION('',(0.,0.,1.));
#3970=FACE_OUTER_BOUND('',#3971,.T.);
#3971=EDGE_LOOP('',(#3972,#3982,#3992,#4002));
#3975=CARTESIAN_POINT('',(-0.825,1.245,0.0));
#3974=VERTEX_POINT('',#3975);
#3973=EDGE_CURVE('',#3974,#3925,#3978,.T.);
#3978=LINE('',#3975,#3980);
#3980=VECTOR('',#3981,1.650873);
#3981=DIRECTION('',(1.0,0.0,0.0));
#3972=ORIENTED_EDGE('',*,*,#3973,.F.);
#3983=EDGE_CURVE('',#3847,#3974,#3988,.T.);
#3988=LINE('',#3848,#3990);
#3990=VECTOR('',#3991,2.5315308018);
#3991=DIRECTION('',(0.0,0.0,-1.0));
#3982=ORIENTED_EDGE('',*,*,#3983,.F.);
#3992=ORIENTED_EDGE('',*,*,#3846,.T.);
#4002=ORIENTED_EDGE('',*,*,#3934,.T.);
#4012=STYLED_ITEM('',(#43),#4013);
#4013=ADVANCED_FACE('',(#4019),#4014,.T.);
#4014=PLANE('',#4015);
#4015=AXIS2_PLACEMENT_3D('',#4016,#4017,#4018);
#4016=CARTESIAN_POINT('',(-0.825,1.245,0.0));
#4017=DIRECTION('',(-0.394,0.919,0.0));
#4018=DIRECTION('',(0.,0.,1.));
#4019=FACE_OUTER_BOUND('',#4020,.T.);
#4020=EDGE_LOOP('',(#4021,#4031,#4041,#4051));
#4024=CARTESIAN_POINT('',(-1.27,1.054,0.633));
#4023=VERTEX_POINT('',#4024);
#4022=EDGE_CURVE('',#4023,#3974,#4027,.T.);
#4027=LINE('',#4024,#4029);
#4029=VECTOR('',#4030,0.796519477849339);
#4030=DIRECTION('',(0.558,0.239,-0.795));
#4021=ORIENTED_EDGE('',*,*,#4022,.F.);
#4032=EDGE_CURVE('',#3896,#4023,#4037,.T.);
#4037=LINE('',#3897,#4039);
#4039=VECTOR('',#4040,1.64549502117);
#4040=DIRECTION('',(0.0,0.0,-1.0));
#4031=ORIENTED_EDGE('',*,*,#4032,.F.);
#4041=ORIENTED_EDGE('',*,*,#3895,.T.);
#4051=ORIENTED_EDGE('',*,*,#3983,.T.);
#4061=STYLED_ITEM('',(#43),#4062);
#4062=ADVANCED_FACE('',(#4068),#4063,.T.);
#4063=PLANE('',#4064);
#4064=AXIS2_PLACEMENT_3D('',#4065,#4066,#4067);
#4065=CARTESIAN_POINT('',(-1.27,-1.054,0.633));
#4066=DIRECTION('',(-0.394,-0.919,0.0));
#4067=DIRECTION('',(0.,0.,1.));
#4068=FACE_OUTER_BOUND('',#4069,.T.);
#4069=EDGE_LOOP('',(#4070,#4080,#4090,#4100));
#4073=CARTESIAN_POINT('',(-0.825,-1.245,0.0));
#4072=VERTEX_POINT('',#4073);
#4075=CARTESIAN_POINT('',(-1.27,-1.054,0.633));
#4074=VERTEX_POINT('',#4075);
#4071=EDGE_CURVE('',#4072,#4074,#4076,.T.);
#4076=LINE('',#4073,#4078);
#4078=VECTOR('',#4079,0.796519477849339);
#4079=DIRECTION('',(-0.558,0.239,0.795));
#4070=ORIENTED_EDGE('',*,*,#4071,.F.);
#4081=EDGE_CURVE('',#3829,#4072,#4086,.T.);
#4086=LINE('',#3830,#4088);
#4088=VECTOR('',#4089,2.5315308018);
#4089=DIRECTION('',(0.0,0.0,-1.0));
#4080=ORIENTED_EDGE('',*,*,#4081,.F.);
#4090=ORIENTED_EDGE('',*,*,#3875,.T.);
#4101=EDGE_CURVE('',#4074,#3878,#4106,.T.);
#4106=LINE('',#4075,#4108);
#4108=VECTOR('',#4109,1.64549502117);
#4109=DIRECTION('',(0.0,0.0,1.0));
#4100=ORIENTED_EDGE('',*,*,#4101,.F.);
#4110=STYLED_ITEM('',(#43),#4111);
#4111=ADVANCED_FACE('',(#4117),#4112,.T.);
#4112=PLANE('',#4113);
#4113=AXIS2_PLACEMENT_3D('',#4114,#4115,#4116);
#4114=CARTESIAN_POINT('',(-0.825,-1.245,0.0));
#4115=DIRECTION('',(0.0,-1.0,0.0));
#4116=DIRECTION('',(0.,0.,1.));
#4117=FACE_OUTER_BOUND('',#4118,.T.);
#4118=EDGE_LOOP('',(#4119,#4129,#4139,#4149));
#4122=CARTESIAN_POINT('',(0.825,-1.245,0.0));
#4121=VERTEX_POINT('',#4122);
#4120=EDGE_CURVE('',#4121,#4072,#4125,.T.);
#4125=LINE('',#4122,#4127);
#4127=VECTOR('',#4128,1.650873);
#4128=DIRECTION('',(-1.0,0.0,0.0));
#4119=ORIENTED_EDGE('',*,*,#4120,.F.);
#4130=EDGE_CURVE('',#3798,#4121,#4135,.T.);
#4135=LINE('',#3799,#4137);
#4137=VECTOR('',#4138,2.5315308018);
#4138=DIRECTION('',(0.0,0.0,-1.0));
#4129=ORIENTED_EDGE('',*,*,#4130,.F.);
#4139=ORIENTED_EDGE('',*,*,#3826,.T.);
#4149=ORIENTED_EDGE('',*,*,#4081,.T.);
#4159=STYLED_ITEM('',(#43),#4160);
#4160=ADVANCED_FACE('',(#4166),#4161,.T.);
#4161=PLANE('',#4162);
#4162=AXIS2_PLACEMENT_3D('',#4163,#4164,#4165);
#4163=CARTESIAN_POINT('',(0.825,-1.245,0.0));
#4164=DIRECTION('',(0.394,-0.919,0.0));
#4165=DIRECTION('',(0.,0.,1.));
#4166=FACE_OUTER_BOUND('',#4167,.T.);
#4167=EDGE_LOOP('',(#4168,#4178,#4188,#4198));
#4169=EDGE_CURVE('',#3486,#4121,#4174,.T.);
#4174=LINE('',#3487,#4176);
#4176=VECTOR('',#4177,0.796519477849339);
#4177=DIRECTION('',(-0.558,-0.239,-0.795));
#4168=ORIENTED_EDGE('',*,*,#4169,.F.);
#4178=ORIENTED_EDGE('',*,*,#3513,.T.);
#4188=ORIENTED_EDGE('',*,*,#3807,.T.);
#4198=ORIENTED_EDGE('',*,*,#4130,.T.);
#4208=STYLED_ITEM('',(#43),#4209);
#4209=ADVANCED_FACE('',(#4215),#4210,.T.);
#4210=PLANE('',#4211);
#4211=AXIS2_PLACEMENT_3D('',#4212,#4213,#4214);
#4212=CARTESIAN_POINT('',(0.825,-1.245,0.0));
#4213=DIRECTION('',(0.818,0.0,-0.575));
#4214=DIRECTION('',(0.,0.,1.));
#4215=FACE_OUTER_BOUND('',#4216,.T.);
#4216=EDGE_LOOP('',(#4217,#4227,#4237,#4247));
#4218=EDGE_CURVE('',#3925,#4121,#4223,.T.);
#4223=LINE('',#3926,#4225);
#4225=VECTOR('',#4226,2.4892);
#4226=DIRECTION('',(0.0,-1.0,0.0));
#4217=ORIENTED_EDGE('',*,*,#4218,.F.);
#4227=ORIENTED_EDGE('',*,*,#3924,.T.);
#4237=ORIENTED_EDGE('',*,*,#3748,.T.);
#4247=ORIENTED_EDGE('',*,*,#4169,.T.);
#4257=STYLED_ITEM('',(#43),#4258);
#4258=ADVANCED_FACE('',(#4264),#4259,.T.);
#4259=PLANE('',#4260);
#4260=AXIS2_PLACEMENT_3D('',#4261,#4262,#4263);
#4261=CARTESIAN_POINT('',(-0.825,1.245,0.0));
#4262=DIRECTION('',(0.0,0.0,-1.0));
#4263=DIRECTION('',(0.,1.,0.));
#4264=FACE_OUTER_BOUND('',#4265,.T.);
#4265=EDGE_LOOP('',(#4266,#4276,#4286,#4296));
#4266=ORIENTED_EDGE('',*,*,#3973,.T.);
#4276=ORIENTED_EDGE('',*,*,#4218,.T.);
#4286=ORIENTED_EDGE('',*,*,#4120,.T.);
#4297=EDGE_CURVE('',#3974,#4072,#4302,.T.);
#4302=LINE('',#3975,#4304);
#4304=VECTOR('',#4305,2.4892);
#4305=DIRECTION('',(0.0,-1.0,0.0));
#4296=ORIENTED_EDGE('',*,*,#4297,.F.);
#4306=STYLED_ITEM('',(#43),#4307);
#4307=ADVANCED_FACE('',(#4313),#4308,.T.);
#4308=PLANE('',#4309);
#4309=AXIS2_PLACEMENT_3D('',#4310,#4311,#4312);
#4310=CARTESIAN_POINT('',(-0.825,1.245,0.0));
#4311=DIRECTION('',(-0.818,0.0,-0.575));
#4312=DIRECTION('',(0.,0.,1.));
#4313=FACE_OUTER_BOUND('',#4314,.T.);
#4314=EDGE_LOOP('',(#4315,#4325,#4335,#4345));
#4315=ORIENTED_EDGE('',*,*,#4297,.T.);
#4325=ORIENTED_EDGE('',*,*,#4071,.T.);
#4336=EDGE_CURVE('',#4023,#4074,#4341,.T.);
#4341=LINE('',#4024,#4343);
#4343=VECTOR('',#4344,2.108327);
#4344=DIRECTION('',(0.0,-1.0,0.0));
#4335=ORIENTED_EDGE('',*,*,#4336,.F.);
#4345=ORIENTED_EDGE('',*,*,#4022,.T.);
#4355=STYLED_ITEM('',(#43),#4356);
#4356=ADVANCED_FACE('',(#4362),#4357,.T.);
#4357=PLANE('',#4358);
#4358=AXIS2_PLACEMENT_3D('',#4359,#4360,#4361);
#4359=CARTESIAN_POINT('',(-1.27,1.054,0.633));
#4360=DIRECTION('',(-1.0,0.0,0.0));
#4361=DIRECTION('',(0.,0.,1.));
#4362=FACE_OUTER_BOUND('',#4363,.T.);
#4363=EDGE_LOOP('',(#4364,#4374,#4384,#4394));
#4364=ORIENTED_EDGE('',*,*,#4336,.T.);
#4374=ORIENTED_EDGE('',*,*,#4101,.T.);
#4384=ORIENTED_EDGE('',*,*,#3905,.T.);
#4394=ORIENTED_EDGE('',*,*,#4032,.T.);
#4405=MANIFOLD_SOLID_BREP($,#4406);
#4406=CLOSED_SHELL('',(#4410,#4459,#4508,#4557,#4606,#4655,#4704,#4753,#4802,#4851));
#4407=MANIFOLD_SOLID_BREP($,#4408);
#4408=CLOSED_SHELL('',(#4900,#4949,#4998,#5047,#5096,#5145,#5194,#5243,#5292,#5341));
#4409=STYLED_ITEM('',(#34),#4410);
#4410=ADVANCED_FACE('',(#4416),#4411,.T.);
#4411=PLANE('',#4412);
#4412=AXIS2_PLACEMENT_3D('',#4413,#4414,#4415);
#4413=CARTESIAN_POINT('',(15.05,-0.19,8.509));
#4414=DIRECTION('',(0.0,0.0,1.0));
#4415=DIRECTION('',(0.,1.,0.));
#4416=FACE_OUTER_BOUND('',#4417,.T.);
#4417=EDGE_LOOP('',(#4418,#4428,#4438,#4448));
#4421=CARTESIAN_POINT('',(15.43,-0.19,8.509));
#4420=VERTEX_POINT('',#4421);
#4423=CARTESIAN_POINT('',(15.05,-0.19,8.509));
#4422=VERTEX_POINT('',#4423);
#4419=EDGE_CURVE('',#4420,#4422,#4424,.T.);
#4424=LINE('',#4421,#4426);
#4426=VECTOR('',#4427,0.381);
#4427=DIRECTION('',(-1.0,0.0,0.0));
#4418=ORIENTED_EDGE('',*,*,#4419,.F.);
#4431=CARTESIAN_POINT('',(15.43,0.19,8.509));
#4430=VERTEX_POINT('',#4431);
#4429=EDGE_CURVE('',#4430,#4420,#4434,.T.);
#4434=LINE('',#4431,#4436);
#4436=VECTOR('',#4437,0.381);
#4437=DIRECTION('',(0.0,-1.0,0.0));
#4428=ORIENTED_EDGE('',*,*,#4429,.F.);
#4441=CARTESIAN_POINT('',(15.05,0.19,8.509));
#4440=VERTEX_POINT('',#4441);
#4439=EDGE_CURVE('',#4440,#4430,#4444,.T.);
#4444=LINE('',#4441,#4446);
#4446=VECTOR('',#4447,0.381);
#4447=DIRECTION('',(1.0,0.0,0.0));
#4438=ORIENTED_EDGE('',*,*,#4439,.F.);
#4449=EDGE_CURVE('',#4422,#4440,#4454,.T.);
#4454=LINE('',#4423,#4456);
#4456=VECTOR('',#4457,0.381);
#4457=DIRECTION('',(0.0,1.0,0.0));
#4448=ORIENTED_EDGE('',*,*,#4449,.F.);
#4458=STYLED_ITEM('',(#34),#4459);
#4459=ADVANCED_FACE('',(#4465),#4460,.T.);
#4460=PLANE('',#4461);
#4461=AXIS2_PLACEMENT_3D('',#4462,#4463,#4464);
#4462=CARTESIAN_POINT('',(15.621,-0.381,8.318));
#4463=DIRECTION('',(0.707,0.0,0.707));
#4464=DIRECTION('',(0.,0.,1.));
#4465=FACE_OUTER_BOUND('',#4466,.T.);
#4466=EDGE_LOOP('',(#4467,#4477,#4487,#4497));
#4470=CARTESIAN_POINT('',(15.621,0.381,8.318));
#4469=VERTEX_POINT('',#4470);
#4472=CARTESIAN_POINT('',(15.621,-0.381,8.318));
#4471=VERTEX_POINT('',#4472);
#4468=EDGE_CURVE('',#4469,#4471,#4473,.T.);
#4473=LINE('',#4470,#4475);
#4475=VECTOR('',#4476,0.762);
#4476=DIRECTION('',(0.0,-1.0,0.0));
#4467=ORIENTED_EDGE('',*,*,#4468,.F.);
#4478=EDGE_CURVE('',#4430,#4469,#4483,.T.);
#4483=LINE('',#4431,#4485);
#4485=VECTOR('',#4486,0.329955678841871);
#4486=DIRECTION('',(0.577,0.577,-0.577));
#4477=ORIENTED_EDGE('',*,*,#4478,.F.);
#4487=ORIENTED_EDGE('',*,*,#4429,.T.);
#4498=EDGE_CURVE('',#4471,#4420,#4503,.T.);
#4503=LINE('',#4472,#4505);
#4505=VECTOR('',#4506,0.329955678841871);
#4506=DIRECTION('',(-0.577,0.577,0.577));
#4497=ORIENTED_EDGE('',*,*,#4498,.F.);
#4507=STYLED_ITEM('',(#34),#4508);
#4508=ADVANCED_FACE('',(#4514),#4509,.T.);
#4509=PLANE('',#4510);
#4510=AXIS2_PLACEMENT_3D('',#4511,#4512,#4513);
#4511=CARTESIAN_POINT('',(15.621,0.381,8.318));
#4512=DIRECTION('',(0.0,0.707,0.707));
#4513=DIRECTION('',(0.,0.,1.));
#4514=FACE_OUTER_BOUND('',#4515,.T.);
#4515=EDGE_LOOP('',(#4516,#4526,#4536,#4546));
#4519=CARTESIAN_POINT('',(14.859,0.381,8.318));
#4518=VERTEX_POINT('',#4519);
#4517=EDGE_CURVE('',#4518,#4469,#4522,.T.);
#4522=LINE('',#4519,#4524);
#4524=VECTOR('',#4525,0.762);
#4525=DIRECTION('',(1.0,0.0,0.0));
#4516=ORIENTED_EDGE('',*,*,#4517,.F.);
#4527=EDGE_CURVE('',#4440,#4518,#4532,.T.);
#4532=LINE('',#4441,#4534);
#4534=VECTOR('',#4535,0.329955678841871);
#4535=DIRECTION('',(-0.577,0.577,-0.577));
#4526=ORIENTED_EDGE('',*,*,#4527,.F.);
#4536=ORIENTED_EDGE('',*,*,#4439,.T.);
#4546=ORIENTED_EDGE('',*,*,#4478,.T.);
#4556=STYLED_ITEM('',(#34),#4557);
#4557=ADVANCED_FACE('',(#4563),#4558,.T.);
#4558=PLANE('',#4559);
#4559=AXIS2_PLACEMENT_3D('',#4560,#4561,#4562);
#4560=CARTESIAN_POINT('',(14.859,0.381,8.318));
#4561=DIRECTION('',(-0.707,0.0,0.707));
#4562=DIRECTION('',(0.,0.,1.));
#4563=FACE_OUTER_BOUND('',#4564,.T.);
#4564=EDGE_LOOP('',(#4565,#4575,#4585,#4595));
#4568=CARTESIAN_POINT('',(14.859,-0.381,8.318));
#4567=VERTEX_POINT('',#4568);
#4566=EDGE_CURVE('',#4567,#4518,#4571,.T.);
#4571=LINE('',#4568,#4573);
#4573=VECTOR('',#4574,0.762);
#4574=DIRECTION('',(0.0,1.0,0.0));
#4565=ORIENTED_EDGE('',*,*,#4566,.F.);
#4576=EDGE_CURVE('',#4422,#4567,#4581,.T.);
#4581=LINE('',#4423,#4583);
#4583=VECTOR('',#4584,0.329955678841871);
#4584=DIRECTION('',(-0.577,-0.577,-0.577));
#4575=ORIENTED_EDGE('',*,*,#4576,.F.);
#4585=ORIENTED_EDGE('',*,*,#4449,.T.);
#4595=ORIENTED_EDGE('',*,*,#4527,.T.);
#4605=STYLED_ITEM('',(#34),#4606);
#4606=ADVANCED_FACE('',(#4612),#4607,.T.);
#4607=PLANE('',#4608);
#4608=AXIS2_PLACEMENT_3D('',#4609,#4610,#4611);
#4609=CARTESIAN_POINT('',(14.859,-0.381,8.318));
#4610=DIRECTION('',(0.0,-0.707,0.707));
#4611=DIRECTION('',(0.,0.,1.));
#4612=FACE_OUTER_BOUND('',#4613,.T.);
#4613=EDGE_LOOP('',(#4614,#4624,#4634,#4644));
#4615=EDGE_CURVE('',#4471,#4567,#4620,.T.);
#4620=LINE('',#4472,#4622);
#4622=VECTOR('',#4623,0.762);
#4623=DIRECTION('',(-1.0,0.0,0.0));
#4614=ORIENTED_EDGE('',*,*,#4615,.F.);
#4624=ORIENTED_EDGE('',*,*,#4498,.T.);
#4634=ORIENTED_EDGE('',*,*,#4419,.T.);
#4644=ORIENTED_EDGE('',*,*,#4576,.T.);
#4654=STYLED_ITEM('',(#34),#4655);
#4655=ADVANCED_FACE('',(#4661),#4656,.T.);
#4656=PLANE('',#4657);
#4657=AXIS2_PLACEMENT_3D('',#4658,#4659,#4660);
#4658=CARTESIAN_POINT('',(15.621,-0.381,2.532));
#4659=DIRECTION('',(1.0,0.0,0.0));
#4660=DIRECTION('',(0.,0.,1.));
#4661=FACE_OUTER_BOUND('',#4662,.T.);
#4662=EDGE_LOOP('',(#4663,#4673,#4683,#4693));
#4666=CARTESIAN_POINT('',(15.621,0.381,2.532));
#4665=VERTEX_POINT('',#4666);
#4668=CARTESIAN_POINT('',(15.621,-0.381,2.532));
#4667=VERTEX_POINT('',#4668);
#4664=EDGE_CURVE('',#4665,#4667,#4669,.T.);
#4669=LINE('',#4666,#4671);
#4671=VECTOR('',#4672,0.762);
#4672=DIRECTION('',(0.0,-1.0,0.0));
#4663=ORIENTED_EDGE('',*,*,#4664,.F.);
#4674=EDGE_CURVE('',#4469,#4665,#4679,.T.);
#4679=LINE('',#4470,#4681);
#4681=VECTOR('',#4682,5.7869691982);
#4682=DIRECTION('',(0.0,0.0,-1.0));
#4673=ORIENTED_EDGE('',*,*,#4674,.F.);
#4683=ORIENTED_EDGE('',*,*,#4468,.T.);
#4694=EDGE_CURVE('',#4667,#4471,#4699,.T.);
#4699=LINE('',#4668,#4701);
#4701=VECTOR('',#4702,5.7869691982);
#4702=DIRECTION('',(0.0,0.0,1.0));
#4693=ORIENTED_EDGE('',*,*,#4694,.F.);
#4703=STYLED_ITEM('',(#34),#4704);
#4704=ADVANCED_FACE('',(#4710),#4705,.T.);
#4705=PLANE('',#4706);
#4706=AXIS2_PLACEMENT_3D('',#4707,#4708,#4709);
#4707=CARTESIAN_POINT('',(15.621,0.381,2.532));
#4708=DIRECTION('',(0.0,1.0,0.0));
#4709=DIRECTION('',(0.,0.,1.));
#4710=FACE_OUTER_BOUND('',#4711,.T.);
#4711=EDGE_LOOP('',(#4712,#4722,#4732,#4742));
#4715=CARTESIAN_POINT('',(14.859,0.381,2.532));
#4714=VERTEX_POINT('',#4715);
#4713=EDGE_CURVE('',#4714,#4665,#4718,.T.);
#4718=LINE('',#4715,#4720);
#4720=VECTOR('',#4721,0.762);
#4721=DIRECTION('',(1.0,0.0,0.0));
#4712=ORIENTED_EDGE('',*,*,#4713,.F.);
#4723=EDGE_CURVE('',#4518,#4714,#4728,.T.);
#4728=LINE('',#4519,#4730);
#4730=VECTOR('',#4731,5.7869691982);
#4731=DIRECTION('',(0.0,0.0,-1.0));
#4722=ORIENTED_EDGE('',*,*,#4723,.F.);
#4732=ORIENTED_EDGE('',*,*,#4517,.T.);
#4742=ORIENTED_EDGE('',*,*,#4674,.T.);
#4752=STYLED_ITEM('',(#34),#4753);
#4753=ADVANCED_FACE('',(#4759),#4754,.T.);
#4754=PLANE('',#4755);
#4755=AXIS2_PLACEMENT_3D('',#4756,#4757,#4758);
#4756=CARTESIAN_POINT('',(14.859,0.381,2.532));
#4757=DIRECTION('',(-1.0,0.0,0.0));
#4758=DIRECTION('',(0.,0.,1.));
#4759=FACE_OUTER_BOUND('',#4760,.T.);
#4760=EDGE_LOOP('',(#4761,#4771,#4781,#4791));
#4764=CARTESIAN_POINT('',(14.859,-0.381,2.532));
#4763=VERTEX_POINT('',#4764);
#4762=EDGE_CURVE('',#4763,#4714,#4767,.T.);
#4767=LINE('',#4764,#4769);
#4769=VECTOR('',#4770,0.762);
#4770=DIRECTION('',(0.0,1.0,0.0));
#4761=ORIENTED_EDGE('',*,*,#4762,.F.);
#4772=EDGE_CURVE('',#4567,#4763,#4777,.T.);
#4777=LINE('',#4568,#4779);
#4779=VECTOR('',#4780,5.7869691982);
#4780=DIRECTION('',(0.0,0.0,-1.0));
#4771=ORIENTED_EDGE('',*,*,#4772,.F.);
#4781=ORIENTED_EDGE('',*,*,#4566,.T.);
#4791=ORIENTED_EDGE('',*,*,#4723,.T.);
#4801=STYLED_ITEM('',(#34),#4802);
#4802=ADVANCED_FACE('',(#4808),#4803,.T.);
#4803=PLANE('',#4804);
#4804=AXIS2_PLACEMENT_3D('',#4805,#4806,#4807);
#4805=CARTESIAN_POINT('',(14.859,-0.381,2.532));
#4806=DIRECTION('',(0.0,-1.0,0.0));
#4807=DIRECTION('',(0.,0.,1.));
#4808=FACE_OUTER_BOUND('',#4809,.T.);
#4809=EDGE_LOOP('',(#4810,#4820,#4830,#4840));
#4811=EDGE_CURVE('',#4667,#4763,#4816,.T.);
#4816=LINE('',#4668,#4818);
#4818=VECTOR('',#4819,0.762);
#4819=DIRECTION('',(-1.0,0.0,0.0));
#4810=ORIENTED_EDGE('',*,*,#4811,.F.);
#4820=ORIENTED_EDGE('',*,*,#4694,.T.);
#4830=ORIENTED_EDGE('',*,*,#4615,.T.);
#4840=ORIENTED_EDGE('',*,*,#4772,.T.);
#4850=STYLED_ITEM('',(#34),#4851);
#4851=ADVANCED_FACE('',(#4857),#4852,.T.);
#4852=PLANE('',#4853);
#4853=AXIS2_PLACEMENT_3D('',#4854,#4855,#4856);
#4854=CARTESIAN_POINT('',(14.859,0.381,2.532));
#4855=DIRECTION('',(0.0,0.0,-1.0));
#4856=DIRECTION('',(0.,1.,0.));
#4857=FACE_OUTER_BOUND('',#4858,.T.);
#4858=EDGE_LOOP('',(#4859,#4869,#4879,#4889));
#4859=ORIENTED_EDGE('',*,*,#4713,.T.);
#4869=ORIENTED_EDGE('',*,*,#4664,.T.);
#4879=ORIENTED_EDGE('',*,*,#4811,.T.);
#4889=ORIENTED_EDGE('',*,*,#4762,.T.);
#4899=STYLED_ITEM('',(#34),#4900);
#4900=ADVANCED_FACE('',(#4906),#4901,.T.);
#4901=PLANE('',#4902);
#4902=AXIS2_PLACEMENT_3D('',#4903,#4904,#4905);
#4903=CARTESIAN_POINT('',(14.859,-0.381,0.0));
#4904=DIRECTION('',(0.0,0.0,1.0));
#4905=DIRECTION('',(0.,1.,0.));
#4906=FACE_OUTER_BOUND('',#4907,.T.);
#4907=EDGE_LOOP('',(#4908,#4918,#4928,#4938));
#4911=CARTESIAN_POINT('',(15.621,-0.381,0.0));
#4910=VERTEX_POINT('',#4911);
#4913=CARTESIAN_POINT('',(14.859,-0.381,0.0));
#4912=VERTEX_POINT('',#4913);
#4909=EDGE_CURVE('',#4910,#4912,#4914,.T.);
#4914=LINE('',#4911,#4916);
#4916=VECTOR('',#4917,0.762);
#4917=DIRECTION('',(-1.0,0.0,0.0));
#4908=ORIENTED_EDGE('',*,*,#4909,.F.);
#4921=CARTESIAN_POINT('',(15.621,0.381,0.0));
#4920=VERTEX_POINT('',#4921);
#4919=EDGE_CURVE('',#4920,#4910,#4924,.T.);
#4924=LINE('',#4921,#4926);
#4926=VECTOR('',#4927,0.762);
#4927=DIRECTION('',(0.0,-1.0,0.0));
#4918=ORIENTED_EDGE('',*,*,#4919,.F.);
#4931=CARTESIAN_POINT('',(14.859,0.381,0.0));
#4930=VERTEX_POINT('',#4931);
#4929=EDGE_CURVE('',#4930,#4920,#4934,.T.);
#4934=LINE('',#4931,#4936);
#4936=VECTOR('',#4937,0.762);
#4937=DIRECTION('',(1.0,0.0,0.0));
#4928=ORIENTED_EDGE('',*,*,#4929,.F.);
#4939=EDGE_CURVE('',#4912,#4930,#4944,.T.);
#4944=LINE('',#4913,#4946);
#4946=VECTOR('',#4947,0.762);
#4947=DIRECTION('',(0.0,1.0,0.0));
#4938=ORIENTED_EDGE('',*,*,#4939,.F.);
#4948=STYLED_ITEM('',(#34),#4949);
#4949=ADVANCED_FACE('',(#4955),#4950,.T.);
#4950=PLANE('',#4951);
#4951=AXIS2_PLACEMENT_3D('',#4952,#4953,#4954);
#4952=CARTESIAN_POINT('',(15.621,-0.381,-4.89));
#4953=DIRECTION('',(1.0,0.0,0.0));
#4954=DIRECTION('',(0.,0.,1.));
#4955=FACE_OUTER_BOUND('',#4956,.T.);
#4956=EDGE_LOOP('',(#4957,#4967,#4977,#4987));
#4960=CARTESIAN_POINT('',(15.621,0.381,-4.89));
#4959=VERTEX_POINT('',#4960);
#4962=CARTESIAN_POINT('',(15.621,-0.381,-4.89));
#4961=VERTEX_POINT('',#4962);
#4958=EDGE_CURVE('',#4959,#4961,#4963,.T.);
#4963=LINE('',#4960,#4965);
#4965=VECTOR('',#4966,0.762);
#4966=DIRECTION('',(0.0,-1.0,0.0));
#4957=ORIENTED_EDGE('',*,*,#4958,.F.);
#4968=EDGE_CURVE('',#4920,#4959,#4973,.T.);
#4973=LINE('',#4921,#4975);
#4975=VECTOR('',#4976,4.8895);
#4976=DIRECTION('',(0.0,0.0,-1.0));
#4967=ORIENTED_EDGE('',*,*,#4968,.F.);
#4977=ORIENTED_EDGE('',*,*,#4919,.T.);
#4988=EDGE_CURVE('',#4961,#4910,#4993,.T.);
#4993=LINE('',#4962,#4995);
#4995=VECTOR('',#4996,4.8895);
#4996=DIRECTION('',(0.0,0.0,1.0));
#4987=ORIENTED_EDGE('',*,*,#4988,.F.);
#4997=STYLED_ITEM('',(#34),#4998);
#4998=ADVANCED_FACE('',(#5004),#4999,.T.);
#4999=PLANE('',#5000);
#5000=AXIS2_PLACEMENT_3D('',#5001,#5002,#5003);
#5001=CARTESIAN_POINT('',(15.621,0.381,-4.89));
#5002=DIRECTION('',(0.0,1.0,0.0));
#5003=DIRECTION('',(0.,0.,1.));
#5004=FACE_OUTER_BOUND('',#5005,.T.);
#5005=EDGE_LOOP('',(#5006,#5016,#5026,#5036));
#5009=CARTESIAN_POINT('',(14.859,0.381,-4.89));
#5008=VERTEX_POINT('',#5009);
#5007=EDGE_CURVE('',#5008,#4959,#5012,.T.);
#5012=LINE('',#5009,#5014);
#5014=VECTOR('',#5015,0.762);
#5015=DIRECTION('',(1.0,0.0,0.0));
#5006=ORIENTED_EDGE('',*,*,#5007,.F.);
#5017=EDGE_CURVE('',#4930,#5008,#5022,.T.);
#5022=LINE('',#4931,#5024);
#5024=VECTOR('',#5025,4.8895);
#5025=DIRECTION('',(0.0,0.0,-1.0));
#5016=ORIENTED_EDGE('',*,*,#5017,.F.);
#5026=ORIENTED_EDGE('',*,*,#4929,.T.);
#5036=ORIENTED_EDGE('',*,*,#4968,.T.);
#5046=STYLED_ITEM('',(#34),#5047);
#5047=ADVANCED_FACE('',(#5053),#5048,.T.);
#5048=PLANE('',#5049);
#5049=AXIS2_PLACEMENT_3D('',#5050,#5051,#5052);
#5050=CARTESIAN_POINT('',(14.859,0.381,-4.89));
#5051=DIRECTION('',(-1.0,0.0,0.0));
#5052=DIRECTION('',(0.,0.,1.));
#5053=FACE_OUTER_BOUND('',#5054,.T.);
#5054=EDGE_LOOP('',(#5055,#5065,#5075,#5085));
#5058=CARTESIAN_POINT('',(14.859,-0.381,-4.89));
#5057=VERTEX_POINT('',#5058);
#5056=EDGE_CURVE('',#5057,#5008,#5061,.T.);
#5061=LINE('',#5058,#5063);
#5063=VECTOR('',#5064,0.762);
#5064=DIRECTION('',(0.0,1.0,0.0));
#5055=ORIENTED_EDGE('',*,*,#5056,.F.);
#5066=EDGE_CURVE('',#4912,#5057,#5071,.T.);
#5071=LINE('',#4913,#5073);
#5073=VECTOR('',#5074,4.8895);
#5074=DIRECTION('',(0.0,0.0,-1.0));
#5065=ORIENTED_EDGE('',*,*,#5066,.F.);
#5075=ORIENTED_EDGE('',*,*,#4939,.T.);
#5085=ORIENTED_EDGE('',*,*,#5017,.T.);
#5095=STYLED_ITEM('',(#34),#5096);
#5096=ADVANCED_FACE('',(#5102),#5097,.T.);
#5097=PLANE('',#5098);
#5098=AXIS2_PLACEMENT_3D('',#5099,#5100,#5101);
#5099=CARTESIAN_POINT('',(14.859,-0.381,-4.89));
#5100=DIRECTION('',(0.0,-1.0,0.0));
#5101=DIRECTION('',(0.,0.,1.));
#5102=FACE_OUTER_BOUND('',#5103,.T.);
#5103=EDGE_LOOP('',(#5104,#5114,#5124,#5134));
#5105=EDGE_CURVE('',#4961,#5057,#5110,.T.);
#5110=LINE('',#4962,#5112);
#5112=VECTOR('',#5113,0.762);
#5113=DIRECTION('',(-1.0,0.0,0.0));
#5104=ORIENTED_EDGE('',*,*,#5105,.F.);
#5114=ORIENTED_EDGE('',*,*,#4988,.T.);
#5124=ORIENTED_EDGE('',*,*,#4909,.T.);
#5134=ORIENTED_EDGE('',*,*,#5066,.T.);
#5144=STYLED_ITEM('',(#34),#5145);
#5145=ADVANCED_FACE('',(#5151),#5146,.T.);
#5146=PLANE('',#5147);
#5147=AXIS2_PLACEMENT_3D('',#5148,#5149,#5150);
#5148=CARTESIAN_POINT('',(15.43,-0.19,-5.08));
#5149=DIRECTION('',(0.707,0.0,-0.707));
#5150=DIRECTION('',(0.,0.,1.));
#5151=FACE_OUTER_BOUND('',#5152,.T.);
#5152=EDGE_LOOP('',(#5153,#5163,#5173,#5183));
#5156=CARTESIAN_POINT('',(15.43,0.19,-5.08));
#5155=VERTEX_POINT('',#5156);
#5158=CARTESIAN_POINT('',(15.43,-0.19,-5.08));
#5157=VERTEX_POINT('',#5158);
#5154=EDGE_CURVE('',#5155,#5157,#5159,.T.);
#5159=LINE('',#5156,#5161);
#5161=VECTOR('',#5162,0.381);
#5162=DIRECTION('',(0.0,-1.0,0.0));
#5153=ORIENTED_EDGE('',*,*,#5154,.F.);
#5164=EDGE_CURVE('',#4959,#5155,#5169,.T.);
#5169=LINE('',#4960,#5171);
#5171=VECTOR('',#5172,0.329955678841871);
#5172=DIRECTION('',(-0.577,-0.577,-0.577));
#5163=ORIENTED_EDGE('',*,*,#5164,.F.);
#5173=ORIENTED_EDGE('',*,*,#4958,.T.);
#5184=EDGE_CURVE('',#5157,#4961,#5189,.T.);
#5189=LINE('',#5158,#5191);
#5191=VECTOR('',#5192,0.329955678841871);
#5192=DIRECTION('',(0.577,-0.577,0.577));
#5183=ORIENTED_EDGE('',*,*,#5184,.F.);
#5193=STYLED_ITEM('',(#34),#5194);
#5194=ADVANCED_FACE('',(#5200),#5195,.T.);
#5195=PLANE('',#5196);
#5196=AXIS2_PLACEMENT_3D('',#5197,#5198,#5199);
#5197=CARTESIAN_POINT('',(15.43,0.19,-5.08));
#5198=DIRECTION('',(0.0,0.707,-0.707));
#5199=DIRECTION('',(0.,0.,1.));
#5200=FACE_OUTER_BOUND('',#5201,.T.);
#5201=EDGE_LOOP('',(#5202,#5212,#5222,#5232));
#5205=CARTESIAN_POINT('',(15.05,0.19,-5.08));
#5204=VERTEX_POINT('',#5205);
#5203=EDGE_CURVE('',#5204,#5155,#5208,.T.);
#5208=LINE('',#5205,#5210);
#5210=VECTOR('',#5211,0.381);
#5211=DIRECTION('',(1.0,0.0,0.0));
#5202=ORIENTED_EDGE('',*,*,#5203,.F.);
#5213=EDGE_CURVE('',#5008,#5204,#5218,.T.);
#5218=LINE('',#5009,#5220);
#5220=VECTOR('',#5221,0.329955678841871);
#5221=DIRECTION('',(0.577,-0.577,-0.577));
#5212=ORIENTED_EDGE('',*,*,#5213,.F.);
#5222=ORIENTED_EDGE('',*,*,#5007,.T.);
#5232=ORIENTED_EDGE('',*,*,#5164,.T.);
#5242=STYLED_ITEM('',(#34),#5243);
#5243=ADVANCED_FACE('',(#5249),#5244,.T.);
#5244=PLANE('',#5245);
#5245=AXIS2_PLACEMENT_3D('',#5246,#5247,#5248);
#5246=CARTESIAN_POINT('',(15.05,0.19,-5.08));
#5247=DIRECTION('',(-0.707,0.0,-0.707));
#5248=DIRECTION('',(0.,0.,1.));
#5249=FACE_OUTER_BOUND('',#5250,.T.);
#5250=EDGE_LOOP('',(#5251,#5261,#5271,#5281));
#5254=CARTESIAN_POINT('',(15.05,-0.19,-5.08));
#5253=VERTEX_POINT('',#5254);
#5252=EDGE_CURVE('',#5253,#5204,#5257,.T.);
#5257=LINE('',#5254,#5259);
#5259=VECTOR('',#5260,0.381);
#5260=DIRECTION('',(0.0,1.0,0.0));
#5251=ORIENTED_EDGE('',*,*,#5252,.F.);
#5262=EDGE_CURVE('',#5057,#5253,#5267,.T.);
#5267=LINE('',#5058,#5269);
#5269=VECTOR('',#5270,0.329955678841871);
#5270=DIRECTION('',(0.577,0.577,-0.577));
#5261=ORIENTED_EDGE('',*,*,#5262,.F.);
#5271=ORIENTED_EDGE('',*,*,#5056,.T.);
#5281=ORIENTED_EDGE('',*,*,#5213,.T.);
#5291=STYLED_ITEM('',(#34),#5292);
#5292=ADVANCED_FACE('',(#5298),#5293,.T.);
#5293=PLANE('',#5294);
#5294=AXIS2_PLACEMENT_3D('',#5295,#5296,#5297);
#5295=CARTESIAN_POINT('',(15.05,-0.19,-5.08));
#5296=DIRECTION('',(0.0,-0.707,-0.707));
#5297=DIRECTION('',(0.,0.,1.));
#5298=FACE_OUTER_BOUND('',#5299,.T.);
#5299=EDGE_LOOP('',(#5300,#5310,#5320,#5330));
#5301=EDGE_CURVE('',#5157,#5253,#5306,.T.);
#5306=LINE('',#5158,#5308);
#5308=VECTOR('',#5309,0.381);
#5309=DIRECTION('',(-1.0,0.0,0.0));
#5300=ORIENTED_EDGE('',*,*,#5301,.F.);
#5310=ORIENTED_EDGE('',*,*,#5184,.T.);
#5320=ORIENTED_EDGE('',*,*,#5105,.T.);
#5330=ORIENTED_EDGE('',*,*,#5262,.T.);
#5340=STYLED_ITEM('',(#34),#5341);
#5341=ADVANCED_FACE('',(#5347),#5342,.T.);
#5342=PLANE('',#5343);
#5343=AXIS2_PLACEMENT_3D('',#5344,#5345,#5346);
#5344=CARTESIAN_POINT('',(15.05,0.19,-5.08));
#5345=DIRECTION('',(0.0,0.0,-1.0));
#5346=DIRECTION('',(0.,1.,0.));
#5347=FACE_OUTER_BOUND('',#5348,.T.);
#5348=EDGE_LOOP('',(#5349,#5359,#5369,#5379));
#5349=ORIENTED_EDGE('',*,*,#5203,.T.);
#5359=ORIENTED_EDGE('',*,*,#5154,.T.);
#5369=ORIENTED_EDGE('',*,*,#5301,.T.);
#5379=ORIENTED_EDGE('',*,*,#5252,.T.);
#5389=MANIFOLD_SOLID_BREP($,#5390);
#5390=CLOSED_SHELL('',(#5394,#5443,#5492,#5541,#5590,#5639,#5688,#5737,#5786,#5835));
#5391=MANIFOLD_SOLID_BREP($,#5392);
#5392=CLOSED_SHELL('',(#5884,#5933,#5982,#6031,#6080,#6129,#6178,#6227,#6276,#6325));
#5393=STYLED_ITEM('',(#34),#5394);
#5394=ADVANCED_FACE('',(#5400),#5395,.T.);
#5395=PLANE('',#5396);
#5396=AXIS2_PLACEMENT_3D('',#5397,#5398,#5399);
#5397=CARTESIAN_POINT('',(12.51,-0.19,8.509));
#5398=DIRECTION('',(0.0,0.0,1.0));
#5399=DIRECTION('',(0.,1.,0.));
#5400=FACE_OUTER_BOUND('',#5401,.T.);
#5401=EDGE_LOOP('',(#5402,#5412,#5422,#5432));
#5405=CARTESIAN_POINT('',(12.89,-0.19,8.509));
#5404=VERTEX_POINT('',#5405);
#5407=CARTESIAN_POINT('',(12.51,-0.19,8.509));
#5406=VERTEX_POINT('',#5407);
#5403=EDGE_CURVE('',#5404,#5406,#5408,.T.);
#5408=LINE('',#5405,#5410);
#5410=VECTOR('',#5411,0.381);
#5411=DIRECTION('',(-1.0,0.0,0.0));
#5402=ORIENTED_EDGE('',*,*,#5403,.F.);
#5415=CARTESIAN_POINT('',(12.89,0.19,8.509));
#5414=VERTEX_POINT('',#5415);
#5413=EDGE_CURVE('',#5414,#5404,#5418,.T.);
#5418=LINE('',#5415,#5420);
#5420=VECTOR('',#5421,0.381);
#5421=DIRECTION('',(0.0,-1.0,0.0));
#5412=ORIENTED_EDGE('',*,*,#5413,.F.);
#5425=CARTESIAN_POINT('',(12.51,0.19,8.509));
#5424=VERTEX_POINT('',#5425);
#5423=EDGE_CURVE('',#5424,#5414,#5428,.T.);
#5428=LINE('',#5425,#5430);
#5430=VECTOR('',#5431,0.381);
#5431=DIRECTION('',(1.0,0.0,0.0));
#5422=ORIENTED_EDGE('',*,*,#5423,.F.);
#5433=EDGE_CURVE('',#5406,#5424,#5438,.T.);
#5438=LINE('',#5407,#5440);
#5440=VECTOR('',#5441,0.381);
#5441=DIRECTION('',(0.0,1.0,0.0));
#5432=ORIENTED_EDGE('',*,*,#5433,.F.);
#5442=STYLED_ITEM('',(#34),#5443);
#5443=ADVANCED_FACE('',(#5449),#5444,.T.);
#5444=PLANE('',#5445);
#5445=AXIS2_PLACEMENT_3D('',#5446,#5447,#5448);
#5446=CARTESIAN_POINT('',(13.081,-0.381,8.318));
#5447=DIRECTION('',(0.707,0.0,0.707));
#5448=DIRECTION('',(0.,0.,1.));
#5449=FACE_OUTER_BOUND('',#5450,.T.);
#5450=EDGE_LOOP('',(#5451,#5461,#5471,#5481));
#5454=CARTESIAN_POINT('',(13.081,0.381,8.318));
#5453=VERTEX_POINT('',#5454);
#5456=CARTESIAN_POINT('',(13.081,-0.381,8.318));
#5455=VERTEX_POINT('',#5456);
#5452=EDGE_CURVE('',#5453,#5455,#5457,.T.);
#5457=LINE('',#5454,#5459);
#5459=VECTOR('',#5460,0.762);
#5460=DIRECTION('',(0.0,-1.0,0.0));
#5451=ORIENTED_EDGE('',*,*,#5452,.F.);
#5462=EDGE_CURVE('',#5414,#5453,#5467,.T.);
#5467=LINE('',#5415,#5469);
#5469=VECTOR('',#5470,0.329955678841871);
#5470=DIRECTION('',(0.577,0.577,-0.577));
#5461=ORIENTED_EDGE('',*,*,#5462,.F.);
#5471=ORIENTED_EDGE('',*,*,#5413,.T.);
#5482=EDGE_CURVE('',#5455,#5404,#5487,.T.);
#5487=LINE('',#5456,#5489);
#5489=VECTOR('',#5490,0.329955678841871);
#5490=DIRECTION('',(-0.577,0.577,0.577));
#5481=ORIENTED_EDGE('',*,*,#5482,.F.);
#5491=STYLED_ITEM('',(#34),#5492);
#5492=ADVANCED_FACE('',(#5498),#5493,.T.);
#5493=PLANE('',#5494);
#5494=AXIS2_PLACEMENT_3D('',#5495,#5496,#5497);
#5495=CARTESIAN_POINT('',(13.081,0.381,8.318));
#5496=DIRECTION('',(0.0,0.707,0.707));
#5497=DIRECTION('',(0.,0.,1.));
#5498=FACE_OUTER_BOUND('',#5499,.T.);
#5499=EDGE_LOOP('',(#5500,#5510,#5520,#5530));
#5503=CARTESIAN_POINT('',(12.319,0.381,8.318));
#5502=VERTEX_POINT('',#5503);
#5501=EDGE_CURVE('',#5502,#5453,#5506,.T.);
#5506=LINE('',#5503,#5508);
#5508=VECTOR('',#5509,0.762);
#5509=DIRECTION('',(1.0,0.0,0.0));
#5500=ORIENTED_EDGE('',*,*,#5501,.F.);
#5511=EDGE_CURVE('',#5424,#5502,#5516,.T.);
#5516=LINE('',#5425,#5518);
#5518=VECTOR('',#5519,0.329955678841871);
#5519=DIRECTION('',(-0.577,0.577,-0.577));
#5510=ORIENTED_EDGE('',*,*,#5511,.F.);
#5520=ORIENTED_EDGE('',*,*,#5423,.T.);
#5530=ORIENTED_EDGE('',*,*,#5462,.T.);
#5540=STYLED_ITEM('',(#34),#5541);
#5541=ADVANCED_FACE('',(#5547),#5542,.T.);
#5542=PLANE('',#5543);
#5543=AXIS2_PLACEMENT_3D('',#5544,#5545,#5546);
#5544=CARTESIAN_POINT('',(12.319,0.381,8.318));
#5545=DIRECTION('',(-0.707,0.0,0.707));
#5546=DIRECTION('',(0.,0.,1.));
#5547=FACE_OUTER_BOUND('',#5548,.T.);
#5548=EDGE_LOOP('',(#5549,#5559,#5569,#5579));
#5552=CARTESIAN_POINT('',(12.319,-0.381,8.318));
#5551=VERTEX_POINT('',#5552);
#5550=EDGE_CURVE('',#5551,#5502,#5555,.T.);
#5555=LINE('',#5552,#5557);
#5557=VECTOR('',#5558,0.762);
#5558=DIRECTION('',(0.0,1.0,0.0));
#5549=ORIENTED_EDGE('',*,*,#5550,.F.);
#5560=EDGE_CURVE('',#5406,#5551,#5565,.T.);
#5565=LINE('',#5407,#5567);
#5567=VECTOR('',#5568,0.329955678841871);
#5568=DIRECTION('',(-0.577,-0.577,-0.577));
#5559=ORIENTED_EDGE('',*,*,#5560,.F.);
#5569=ORIENTED_EDGE('',*,*,#5433,.T.);
#5579=ORIENTED_EDGE('',*,*,#5511,.T.);
#5589=STYLED_ITEM('',(#34),#5590);
#5590=ADVANCED_FACE('',(#5596),#5591,.T.);
#5591=PLANE('',#5592);
#5592=AXIS2_PLACEMENT_3D('',#5593,#5594,#5595);
#5593=CARTESIAN_POINT('',(12.319,-0.381,8.318));
#5594=DIRECTION('',(0.0,-0.707,0.707));
#5595=DIRECTION('',(0.,0.,1.));
#5596=FACE_OUTER_BOUND('',#5597,.T.);
#5597=EDGE_LOOP('',(#5598,#5608,#5618,#5628));
#5599=EDGE_CURVE('',#5455,#5551,#5604,.T.);
#5604=LINE('',#5456,#5606);
#5606=VECTOR('',#5607,0.762);
#5607=DIRECTION('',(-1.0,0.0,0.0));
#5598=ORIENTED_EDGE('',*,*,#5599,.F.);
#5608=ORIENTED_EDGE('',*,*,#5482,.T.);
#5618=ORIENTED_EDGE('',*,*,#5403,.T.);
#5628=ORIENTED_EDGE('',*,*,#5560,.T.);
#5638=STYLED_ITEM('',(#34),#5639);
#5639=ADVANCED_FACE('',(#5645),#5640,.T.);
#5640=PLANE('',#5641);
#5641=AXIS2_PLACEMENT_3D('',#5642,#5643,#5644);
#5642=CARTESIAN_POINT('',(13.081,-0.381,2.532));
#5643=DIRECTION('',(1.0,0.0,0.0));
#5644=DIRECTION('',(0.,0.,1.));
#5645=FACE_OUTER_BOUND('',#5646,.T.);
#5646=EDGE_LOOP('',(#5647,#5657,#5667,#5677));
#5650=CARTESIAN_POINT('',(13.081,0.381,2.532));
#5649=VERTEX_POINT('',#5650);
#5652=CARTESIAN_POINT('',(13.081,-0.381,2.532));
#5651=VERTEX_POINT('',#5652);
#5648=EDGE_CURVE('',#5649,#5651,#5653,.T.);
#5653=LINE('',#5650,#5655);
#5655=VECTOR('',#5656,0.762);
#5656=DIRECTION('',(0.0,-1.0,0.0));
#5647=ORIENTED_EDGE('',*,*,#5648,.F.);
#5658=EDGE_CURVE('',#5453,#5649,#5663,.T.);
#5663=LINE('',#5454,#5665);
#5665=VECTOR('',#5666,5.7869691982);
#5666=DIRECTION('',(0.0,0.0,-1.0));
#5657=ORIENTED_EDGE('',*,*,#5658,.F.);
#5667=ORIENTED_EDGE('',*,*,#5452,.T.);
#5678=EDGE_CURVE('',#5651,#5455,#5683,.T.);
#5683=LINE('',#5652,#5685);
#5685=VECTOR('',#5686,5.7869691982);
#5686=DIRECTION('',(0.0,0.0,1.0));
#5677=ORIENTED_EDGE('',*,*,#5678,.F.);
#5687=STYLED_ITEM('',(#34),#5688);
#5688=ADVANCED_FACE('',(#5694),#5689,.T.);
#5689=PLANE('',#5690);
#5690=AXIS2_PLACEMENT_3D('',#5691,#5692,#5693);
#5691=CARTESIAN_POINT('',(13.081,0.381,2.532));
#5692=DIRECTION('',(0.0,1.0,0.0));
#5693=DIRECTION('',(0.,0.,1.));
#5694=FACE_OUTER_BOUND('',#5695,.T.);
#5695=EDGE_LOOP('',(#5696,#5706,#5716,#5726));
#5699=CARTESIAN_POINT('',(12.319,0.381,2.532));
#5698=VERTEX_POINT('',#5699);
#5697=EDGE_CURVE('',#5698,#5649,#5702,.T.);
#5702=LINE('',#5699,#5704);
#5704=VECTOR('',#5705,0.762);
#5705=DIRECTION('',(1.0,0.0,0.0));
#5696=ORIENTED_EDGE('',*,*,#5697,.F.);
#5707=EDGE_CURVE('',#5502,#5698,#5712,.T.);
#5712=LINE('',#5503,#5714);
#5714=VECTOR('',#5715,5.7869691982);
#5715=DIRECTION('',(0.0,0.0,-1.0));
#5706=ORIENTED_EDGE('',*,*,#5707,.F.);
#5716=ORIENTED_EDGE('',*,*,#5501,.T.);
#5726=ORIENTED_EDGE('',*,*,#5658,.T.);
#5736=STYLED_ITEM('',(#34),#5737);
#5737=ADVANCED_FACE('',(#5743),#5738,.T.);
#5738=PLANE('',#5739);
#5739=AXIS2_PLACEMENT_3D('',#5740,#5741,#5742);
#5740=CARTESIAN_POINT('',(12.319,0.381,2.532));
#5741=DIRECTION('',(-1.0,0.0,0.0));
#5742=DIRECTION('',(0.,0.,1.));
#5743=FACE_OUTER_BOUND('',#5744,.T.);
#5744=EDGE_LOOP('',(#5745,#5755,#5765,#5775));
#5748=CARTESIAN_POINT('',(12.319,-0.381,2.532));
#5747=VERTEX_POINT('',#5748);
#5746=EDGE_CURVE('',#5747,#5698,#5751,.T.);
#5751=LINE('',#5748,#5753);
#5753=VECTOR('',#5754,0.762);
#5754=DIRECTION('',(0.0,1.0,0.0));
#5745=ORIENTED_EDGE('',*,*,#5746,.F.);
#5756=EDGE_CURVE('',#5551,#5747,#5761,.T.);
#5761=LINE('',#5552,#5763);
#5763=VECTOR('',#5764,5.7869691982);
#5764=DIRECTION('',(0.0,0.0,-1.0));
#5755=ORIENTED_EDGE('',*,*,#5756,.F.);
#5765=ORIENTED_EDGE('',*,*,#5550,.T.);
#5775=ORIENTED_EDGE('',*,*,#5707,.T.);
#5785=STYLED_ITEM('',(#34),#5786);
#5786=ADVANCED_FACE('',(#5792),#5787,.T.);
#5787=PLANE('',#5788);
#5788=AXIS2_PLACEMENT_3D('',#5789,#5790,#5791);
#5789=CARTESIAN_POINT('',(12.319,-0.381,2.532));
#5790=DIRECTION('',(0.0,-1.0,0.0));
#5791=DIRECTION('',(0.,0.,1.));
#5792=FACE_OUTER_BOUND('',#5793,.T.);
#5793=EDGE_LOOP('',(#5794,#5804,#5814,#5824));
#5795=EDGE_CURVE('',#5651,#5747,#5800,.T.);
#5800=LINE('',#5652,#5802);
#5802=VECTOR('',#5803,0.762);
#5803=DIRECTION('',(-1.0,0.0,0.0));
#5794=ORIENTED_EDGE('',*,*,#5795,.F.);
#5804=ORIENTED_EDGE('',*,*,#5678,.T.);
#5814=ORIENTED_EDGE('',*,*,#5599,.T.);
#5824=ORIENTED_EDGE('',*,*,#5756,.T.);
#5834=STYLED_ITEM('',(#34),#5835);
#5835=ADVANCED_FACE('',(#5841),#5836,.T.);
#5836=PLANE('',#5837);
#5837=AXIS2_PLACEMENT_3D('',#5838,#5839,#5840);
#5838=CARTESIAN_POINT('',(12.319,0.381,2.532));
#5839=DIRECTION('',(0.0,0.0,-1.0));
#5840=DIRECTION('',(0.,1.,0.));
#5841=FACE_OUTER_BOUND('',#5842,.T.);
#5842=EDGE_LOOP('',(#5843,#5853,#5863,#5873));
#5843=ORIENTED_EDGE('',*,*,#5697,.T.);
#5853=ORIENTED_EDGE('',*,*,#5648,.T.);
#5863=ORIENTED_EDGE('',*,*,#5795,.T.);
#5873=ORIENTED_EDGE('',*,*,#5746,.T.);
#5883=STYLED_ITEM('',(#34),#5884);
#5884=ADVANCED_FACE('',(#5890),#5885,.T.);
#5885=PLANE('',#5886);
#5886=AXIS2_PLACEMENT_3D('',#5887,#5888,#5889);
#5887=CARTESIAN_POINT('',(12.319,-0.381,0.0));
#5888=DIRECTION('',(0.0,0.0,1.0));
#5889=DIRECTION('',(0.,1.,0.));
#5890=FACE_OUTER_BOUND('',#5891,.T.);
#5891=EDGE_LOOP('',(#5892,#5902,#5912,#5922));
#5895=CARTESIAN_POINT('',(13.081,-0.381,0.0));
#5894=VERTEX_POINT('',#5895);
#5897=CARTESIAN_POINT('',(12.319,-0.381,0.0));
#5896=VERTEX_POINT('',#5897);
#5893=EDGE_CURVE('',#5894,#5896,#5898,.T.);
#5898=LINE('',#5895,#5900);
#5900=VECTOR('',#5901,0.762);
#5901=DIRECTION('',(-1.0,0.0,0.0));
#5892=ORIENTED_EDGE('',*,*,#5893,.F.);
#5905=CARTESIAN_POINT('',(13.081,0.381,0.0));
#5904=VERTEX_POINT('',#5905);
#5903=EDGE_CURVE('',#5904,#5894,#5908,.T.);
#5908=LINE('',#5905,#5910);
#5910=VECTOR('',#5911,0.762);
#5911=DIRECTION('',(0.0,-1.0,0.0));
#5902=ORIENTED_EDGE('',*,*,#5903,.F.);
#5915=CARTESIAN_POINT('',(12.319,0.381,0.0));
#5914=VERTEX_POINT('',#5915);
#5913=EDGE_CURVE('',#5914,#5904,#5918,.T.);
#5918=LINE('',#5915,#5920);
#5920=VECTOR('',#5921,0.762);
#5921=DIRECTION('',(1.0,0.0,0.0));
#5912=ORIENTED_EDGE('',*,*,#5913,.F.);
#5923=EDGE_CURVE('',#5896,#5914,#5928,.T.);
#5928=LINE('',#5897,#5930);
#5930=VECTOR('',#5931,0.762);
#5931=DIRECTION('',(0.0,1.0,0.0));
#5922=ORIENTED_EDGE('',*,*,#5923,.F.);
#5932=STYLED_ITEM('',(#34),#5933);
#5933=ADVANCED_FACE('',(#5939),#5934,.T.);
#5934=PLANE('',#5935);
#5935=AXIS2_PLACEMENT_3D('',#5936,#5937,#5938);
#5936=CARTESIAN_POINT('',(13.081,-0.381,-4.89));
#5937=DIRECTION('',(1.0,0.0,0.0));
#5938=DIRECTION('',(0.,0.,1.));
#5939=FACE_OUTER_BOUND('',#5940,.T.);
#5940=EDGE_LOOP('',(#5941,#5951,#5961,#5971));
#5944=CARTESIAN_POINT('',(13.081,0.381,-4.89));
#5943=VERTEX_POINT('',#5944);
#5946=CARTESIAN_POINT('',(13.081,-0.381,-4.89));
#5945=VERTEX_POINT('',#5946);
#5942=EDGE_CURVE('',#5943,#5945,#5947,.T.);
#5947=LINE('',#5944,#5949);
#5949=VECTOR('',#5950,0.762);
#5950=DIRECTION('',(0.0,-1.0,0.0));
#5941=ORIENTED_EDGE('',*,*,#5942,.F.);
#5952=EDGE_CURVE('',#5904,#5943,#5957,.T.);
#5957=LINE('',#5905,#5959);
#5959=VECTOR('',#5960,4.8895);
#5960=DIRECTION('',(0.0,0.0,-1.0));
#5951=ORIENTED_EDGE('',*,*,#5952,.F.);
#5961=ORIENTED_EDGE('',*,*,#5903,.T.);
#5972=EDGE_CURVE('',#5945,#5894,#5977,.T.);
#5977=LINE('',#5946,#5979);
#5979=VECTOR('',#5980,4.8895);
#5980=DIRECTION('',(0.0,0.0,1.0));
#5971=ORIENTED_EDGE('',*,*,#5972,.F.);
#5981=STYLED_ITEM('',(#34),#5982);
#5982=ADVANCED_FACE('',(#5988),#5983,.T.);
#5983=PLANE('',#5984);
#5984=AXIS2_PLACEMENT_3D('',#5985,#5986,#5987);
#5985=CARTESIAN_POINT('',(13.081,0.381,-4.89));
#5986=DIRECTION('',(0.0,1.0,0.0));
#5987=DIRECTION('',(0.,0.,1.));
#5988=FACE_OUTER_BOUND('',#5989,.T.);
#5989=EDGE_LOOP('',(#5990,#6000,#6010,#6020));
#5993=CARTESIAN_POINT('',(12.319,0.381,-4.89));
#5992=VERTEX_POINT('',#5993);
#5991=EDGE_CURVE('',#5992,#5943,#5996,.T.);
#5996=LINE('',#5993,#5998);
#5998=VECTOR('',#5999,0.762);
#5999=DIRECTION('',(1.0,0.0,0.0));
#5990=ORIENTED_EDGE('',*,*,#5991,.F.);
#6001=EDGE_CURVE('',#5914,#5992,#6006,.T.);
#6006=LINE('',#5915,#6008);
#6008=VECTOR('',#6009,4.8895);
#6009=DIRECTION('',(0.0,0.0,-1.0));
#6000=ORIENTED_EDGE('',*,*,#6001,.F.);
#6010=ORIENTED_EDGE('',*,*,#5913,.T.);
#6020=ORIENTED_EDGE('',*,*,#5952,.T.);
#6030=STYLED_ITEM('',(#34),#6031);
#6031=ADVANCED_FACE('',(#6037),#6032,.T.);
#6032=PLANE('',#6033);
#6033=AXIS2_PLACEMENT_3D('',#6034,#6035,#6036);
#6034=CARTESIAN_POINT('',(12.319,0.381,-4.89));
#6035=DIRECTION('',(-1.0,0.0,0.0));
#6036=DIRECTION('',(0.,0.,1.));
#6037=FACE_OUTER_BOUND('',#6038,.T.);
#6038=EDGE_LOOP('',(#6039,#6049,#6059,#6069));
#6042=CARTESIAN_POINT('',(12.319,-0.381,-4.89));
#6041=VERTEX_POINT('',#6042);
#6040=EDGE_CURVE('',#6041,#5992,#6045,.T.);
#6045=LINE('',#6042,#6047);
#6047=VECTOR('',#6048,0.762);
#6048=DIRECTION('',(0.0,1.0,0.0));
#6039=ORIENTED_EDGE('',*,*,#6040,.F.);
#6050=EDGE_CURVE('',#5896,#6041,#6055,.T.);
#6055=LINE('',#5897,#6057);
#6057=VECTOR('',#6058,4.8895);
#6058=DIRECTION('',(0.0,0.0,-1.0));
#6049=ORIENTED_EDGE('',*,*,#6050,.F.);
#6059=ORIENTED_EDGE('',*,*,#5923,.T.);
#6069=ORIENTED_EDGE('',*,*,#6001,.T.);
#6079=STYLED_ITEM('',(#34),#6080);
#6080=ADVANCED_FACE('',(#6086),#6081,.T.);
#6081=PLANE('',#6082);
#6082=AXIS2_PLACEMENT_3D('',#6083,#6084,#6085);
#6083=CARTESIAN_POINT('',(12.319,-0.381,-4.89));
#6084=DIRECTION('',(0.0,-1.0,0.0));
#6085=DIRECTION('',(0.,0.,1.));
#6086=FACE_OUTER_BOUND('',#6087,.T.);
#6087=EDGE_LOOP('',(#6088,#6098,#6108,#6118));
#6089=EDGE_CURVE('',#5945,#6041,#6094,.T.);
#6094=LINE('',#5946,#6096);
#6096=VECTOR('',#6097,0.762);
#6097=DIRECTION('',(-1.0,0.0,0.0));
#6088=ORIENTED_EDGE('',*,*,#6089,.F.);
#6098=ORIENTED_EDGE('',*,*,#5972,.T.);
#6108=ORIENTED_EDGE('',*,*,#5893,.T.);
#6118=ORIENTED_EDGE('',*,*,#6050,.T.);
#6128=STYLED_ITEM('',(#34),#6129);
#6129=ADVANCED_FACE('',(#6135),#6130,.T.);
#6130=PLANE('',#6131);
#6131=AXIS2_PLACEMENT_3D('',#6132,#6133,#6134);
#6132=CARTESIAN_POINT('',(12.89,-0.19,-5.08));
#6133=DIRECTION('',(0.707,0.0,-0.707));
#6134=DIRECTION('',(0.,0.,1.));
#6135=FACE_OUTER_BOUND('',#6136,.T.);
#6136=EDGE_LOOP('',(#6137,#6147,#6157,#6167));
#6140=CARTESIAN_POINT('',(12.89,0.19,-5.08));
#6139=VERTEX_POINT('',#6140);
#6142=CARTESIAN_POINT('',(12.89,-0.19,-5.08));
#6141=VERTEX_POINT('',#6142);
#6138=EDGE_CURVE('',#6139,#6141,#6143,.T.);
#6143=LINE('',#6140,#6145);
#6145=VECTOR('',#6146,0.381);
#6146=DIRECTION('',(0.0,-1.0,0.0));
#6137=ORIENTED_EDGE('',*,*,#6138,.F.);
#6148=EDGE_CURVE('',#5943,#6139,#6153,.T.);
#6153=LINE('',#5944,#6155);
#6155=VECTOR('',#6156,0.329955678841871);
#6156=DIRECTION('',(-0.577,-0.577,-0.577));
#6147=ORIENTED_EDGE('',*,*,#6148,.F.);
#6157=ORIENTED_EDGE('',*,*,#5942,.T.);
#6168=EDGE_CURVE('',#6141,#5945,#6173,.T.);
#6173=LINE('',#6142,#6175);
#6175=VECTOR('',#6176,0.329955678841871);
#6176=DIRECTION('',(0.577,-0.577,0.577));
#6167=ORIENTED_EDGE('',*,*,#6168,.F.);
#6177=STYLED_ITEM('',(#34),#6178);
#6178=ADVANCED_FACE('',(#6184),#6179,.T.);
#6179=PLANE('',#6180);
#6180=AXIS2_PLACEMENT_3D('',#6181,#6182,#6183);
#6181=CARTESIAN_POINT('',(12.89,0.19,-5.08));
#6182=DIRECTION('',(0.0,0.707,-0.707));
#6183=DIRECTION('',(0.,0.,1.));
#6184=FACE_OUTER_BOUND('',#6185,.T.);
#6185=EDGE_LOOP('',(#6186,#6196,#6206,#6216));
#6189=CARTESIAN_POINT('',(12.51,0.19,-5.08));
#6188=VERTEX_POINT('',#6189);
#6187=EDGE_CURVE('',#6188,#6139,#6192,.T.);
#6192=LINE('',#6189,#6194);
#6194=VECTOR('',#6195,0.381);
#6195=DIRECTION('',(1.0,0.0,0.0));
#6186=ORIENTED_EDGE('',*,*,#6187,.F.);
#6197=EDGE_CURVE('',#5992,#6188,#6202,.T.);
#6202=LINE('',#5993,#6204);
#6204=VECTOR('',#6205,0.329955678841871);
#6205=DIRECTION('',(0.577,-0.577,-0.577));
#6196=ORIENTED_EDGE('',*,*,#6197,.F.);
#6206=ORIENTED_EDGE('',*,*,#5991,.T.);
#6216=ORIENTED_EDGE('',*,*,#6148,.T.);
#6226=STYLED_ITEM('',(#34),#6227);
#6227=ADVANCED_FACE('',(#6233),#6228,.T.);
#6228=PLANE('',#6229);
#6229=AXIS2_PLACEMENT_3D('',#6230,#6231,#6232);
#6230=CARTESIAN_POINT('',(12.51,0.19,-5.08));
#6231=DIRECTION('',(-0.707,0.0,-0.707));
#6232=DIRECTION('',(0.,0.,1.));
#6233=FACE_OUTER_BOUND('',#6234,.T.);
#6234=EDGE_LOOP('',(#6235,#6245,#6255,#6265));
#6238=CARTESIAN_POINT('',(12.51,-0.19,-5.08));
#6237=VERTEX_POINT('',#6238);
#6236=EDGE_CURVE('',#6237,#6188,#6241,.T.);
#6241=LINE('',#6238,#6243);
#6243=VECTOR('',#6244,0.381);
#6244=DIRECTION('',(0.0,1.0,0.0));
#6235=ORIENTED_EDGE('',*,*,#6236,.F.);
#6246=EDGE_CURVE('',#6041,#6237,#6251,.T.);
#6251=LINE('',#6042,#6253);
#6253=VECTOR('',#6254,0.329955678841871);
#6254=DIRECTION('',(0.577,0.577,-0.577));
#6245=ORIENTED_EDGE('',*,*,#6246,.F.);
#6255=ORIENTED_EDGE('',*,*,#6040,.T.);
#6265=ORIENTED_EDGE('',*,*,#6197,.T.);
#6275=STYLED_ITEM('',(#34),#6276);
#6276=ADVANCED_FACE('',(#6282),#6277,.T.);
#6277=PLANE('',#6278);
#6278=AXIS2_PLACEMENT_3D('',#6279,#6280,#6281);
#6279=CARTESIAN_POINT('',(12.51,-0.19,-5.08));
#6280=DIRECTION('',(0.0,-0.707,-0.707));
#6281=DIRECTION('',(0.,0.,1.));
#6282=FACE_OUTER_BOUND('',#6283,.T.);
#6283=EDGE_LOOP('',(#6284,#6294,#6304,#6314));
#6285=EDGE_CURVE('',#6141,#6237,#6290,.T.);
#6290=LINE('',#6142,#6292);
#6292=VECTOR('',#6293,0.381);
#6293=DIRECTION('',(-1.0,0.0,0.0));
#6284=ORIENTED_EDGE('',*,*,#6285,.F.);
#6294=ORIENTED_EDGE('',*,*,#6168,.T.);
#6304=ORIENTED_EDGE('',*,*,#6089,.T.);
#6314=ORIENTED_EDGE('',*,*,#6246,.T.);
#6324=STYLED_ITEM('',(#34),#6325);
#6325=ADVANCED_FACE('',(#6331),#6326,.T.);
#6326=PLANE('',#6327);
#6327=AXIS2_PLACEMENT_3D('',#6328,#6329,#6330);
#6328=CARTESIAN_POINT('',(12.51,0.19,-5.08));
#6329=DIRECTION('',(0.0,0.0,-1.0));
#6330=DIRECTION('',(0.,1.,0.));
#6331=FACE_OUTER_BOUND('',#6332,.T.);
#6332=EDGE_LOOP('',(#6333,#6343,#6353,#6363));
#6333=ORIENTED_EDGE('',*,*,#6187,.T.);
#6343=ORIENTED_EDGE('',*,*,#6138,.T.);
#6353=ORIENTED_EDGE('',*,*,#6285,.T.);
#6363=ORIENTED_EDGE('',*,*,#6236,.T.);
#6373=MANIFOLD_SOLID_BREP($,#6374);
#6374=CLOSED_SHELL('',(#6378,#6427,#6476,#6525,#6574,#6623,#6672,#6721,#6770,#6819));
#6375=MANIFOLD_SOLID_BREP($,#6376);
#6376=CLOSED_SHELL('',(#6868,#6917,#6966,#7015,#7064,#7113,#7162,#7211,#7260,#7309));
#6377=STYLED_ITEM('',(#34),#6378);
#6378=ADVANCED_FACE('',(#6384),#6379,.T.);
#6379=PLANE('',#6380);
#6380=AXIS2_PLACEMENT_3D('',#6381,#6382,#6383);
#6381=CARTESIAN_POINT('',(9.97,-0.19,8.509));
#6382=DIRECTION('',(0.0,0.0,1.0));
#6383=DIRECTION('',(0.,1.,0.));
#6384=FACE_OUTER_BOUND('',#6385,.T.);
#6385=EDGE_LOOP('',(#6386,#6396,#6406,#6416));
#6389=CARTESIAN_POINT('',(10.35,-0.19,8.509));
#6388=VERTEX_POINT('',#6389);
#6391=CARTESIAN_POINT('',(9.97,-0.19,8.509));
#6390=VERTEX_POINT('',#6391);
#6387=EDGE_CURVE('',#6388,#6390,#6392,.T.);
#6392=LINE('',#6389,#6394);
#6394=VECTOR('',#6395,0.381);
#6395=DIRECTION('',(-1.0,0.0,0.0));
#6386=ORIENTED_EDGE('',*,*,#6387,.F.);
#6399=CARTESIAN_POINT('',(10.35,0.19,8.509));
#6398=VERTEX_POINT('',#6399);
#6397=EDGE_CURVE('',#6398,#6388,#6402,.T.);
#6402=LINE('',#6399,#6404);
#6404=VECTOR('',#6405,0.381);
#6405=DIRECTION('',(0.0,-1.0,0.0));
#6396=ORIENTED_EDGE('',*,*,#6397,.F.);
#6409=CARTESIAN_POINT('',(9.97,0.19,8.509));
#6408=VERTEX_POINT('',#6409);
#6407=EDGE_CURVE('',#6408,#6398,#6412,.T.);
#6412=LINE('',#6409,#6414);
#6414=VECTOR('',#6415,0.381);
#6415=DIRECTION('',(1.0,0.0,0.0));
#6406=ORIENTED_EDGE('',*,*,#6407,.F.);
#6417=EDGE_CURVE('',#6390,#6408,#6422,.T.);
#6422=LINE('',#6391,#6424);
#6424=VECTOR('',#6425,0.381);
#6425=DIRECTION('',(0.0,1.0,0.0));
#6416=ORIENTED_EDGE('',*,*,#6417,.F.);
#6426=STYLED_ITEM('',(#34),#6427);
#6427=ADVANCED_FACE('',(#6433),#6428,.T.);
#6428=PLANE('',#6429);
#6429=AXIS2_PLACEMENT_3D('',#6430,#6431,#6432);
#6430=CARTESIAN_POINT('',(10.541,-0.381,8.318));
#6431=DIRECTION('',(0.707,0.0,0.707));
#6432=DIRECTION('',(0.,0.,1.));
#6433=FACE_OUTER_BOUND('',#6434,.T.);
#6434=EDGE_LOOP('',(#6435,#6445,#6455,#6465));
#6438=CARTESIAN_POINT('',(10.541,0.381,8.318));
#6437=VERTEX_POINT('',#6438);
#6440=CARTESIAN_POINT('',(10.541,-0.381,8.318));
#6439=VERTEX_POINT('',#6440);
#6436=EDGE_CURVE('',#6437,#6439,#6441,.T.);
#6441=LINE('',#6438,#6443);
#6443=VECTOR('',#6444,0.762);
#6444=DIRECTION('',(0.0,-1.0,0.0));
#6435=ORIENTED_EDGE('',*,*,#6436,.F.);
#6446=EDGE_CURVE('',#6398,#6437,#6451,.T.);
#6451=LINE('',#6399,#6453);
#6453=VECTOR('',#6454,0.329955678841871);
#6454=DIRECTION('',(0.577,0.577,-0.577));
#6445=ORIENTED_EDGE('',*,*,#6446,.F.);
#6455=ORIENTED_EDGE('',*,*,#6397,.T.);
#6466=EDGE_CURVE('',#6439,#6388,#6471,.T.);
#6471=LINE('',#6440,#6473);
#6473=VECTOR('',#6474,0.329955678841871);
#6474=DIRECTION('',(-0.577,0.577,0.577));
#6465=ORIENTED_EDGE('',*,*,#6466,.F.);
#6475=STYLED_ITEM('',(#34),#6476);
#6476=ADVANCED_FACE('',(#6482),#6477,.T.);
#6477=PLANE('',#6478);
#6478=AXIS2_PLACEMENT_3D('',#6479,#6480,#6481);
#6479=CARTESIAN_POINT('',(10.541,0.381,8.318));
#6480=DIRECTION('',(0.0,0.707,0.707));
#6481=DIRECTION('',(0.,0.,1.));
#6482=FACE_OUTER_BOUND('',#6483,.T.);
#6483=EDGE_LOOP('',(#6484,#6494,#6504,#6514));
#6487=CARTESIAN_POINT('',(9.779,0.381,8.318));
#6486=VERTEX_POINT('',#6487);
#6485=EDGE_CURVE('',#6486,#6437,#6490,.T.);
#6490=LINE('',#6487,#6492);
#6492=VECTOR('',#6493,0.762);
#6493=DIRECTION('',(1.0,0.0,0.0));
#6484=ORIENTED_EDGE('',*,*,#6485,.F.);
#6495=EDGE_CURVE('',#6408,#6486,#6500,.T.);
#6500=LINE('',#6409,#6502);
#6502=VECTOR('',#6503,0.329955678841871);
#6503=DIRECTION('',(-0.577,0.577,-0.577));
#6494=ORIENTED_EDGE('',*,*,#6495,.F.);
#6504=ORIENTED_EDGE('',*,*,#6407,.T.);
#6514=ORIENTED_EDGE('',*,*,#6446,.T.);
#6524=STYLED_ITEM('',(#34),#6525);
#6525=ADVANCED_FACE('',(#6531),#6526,.T.);
#6526=PLANE('',#6527);
#6527=AXIS2_PLACEMENT_3D('',#6528,#6529,#6530);
#6528=CARTESIAN_POINT('',(9.779,0.381,8.318));
#6529=DIRECTION('',(-0.707,0.0,0.707));
#6530=DIRECTION('',(0.,0.,1.));
#6531=FACE_OUTER_BOUND('',#6532,.T.);
#6532=EDGE_LOOP('',(#6533,#6543,#6553,#6563));
#6536=CARTESIAN_POINT('',(9.779,-0.381,8.318));
#6535=VERTEX_POINT('',#6536);
#6534=EDGE_CURVE('',#6535,#6486,#6539,.T.);
#6539=LINE('',#6536,#6541);
#6541=VECTOR('',#6542,0.762);
#6542=DIRECTION('',(0.0,1.0,0.0));
#6533=ORIENTED_EDGE('',*,*,#6534,.F.);
#6544=EDGE_CURVE('',#6390,#6535,#6549,.T.);
#6549=LINE('',#6391,#6551);
#6551=VECTOR('',#6552,0.329955678841871);
#6552=DIRECTION('',(-0.577,-0.577,-0.577));
#6543=ORIENTED_EDGE('',*,*,#6544,.F.);
#6553=ORIENTED_EDGE('',*,*,#6417,.T.);
#6563=ORIENTED_EDGE('',*,*,#6495,.T.);
#6573=STYLED_ITEM('',(#34),#6574);
#6574=ADVANCED_FACE('',(#6580),#6575,.T.);
#6575=PLANE('',#6576);
#6576=AXIS2_PLACEMENT_3D('',#6577,#6578,#6579);
#6577=CARTESIAN_POINT('',(9.779,-0.381,8.318));
#6578=DIRECTION('',(0.0,-0.707,0.707));
#6579=DIRECTION('',(0.,0.,1.));
#6580=FACE_OUTER_BOUND('',#6581,.T.);
#6581=EDGE_LOOP('',(#6582,#6592,#6602,#6612));
#6583=EDGE_CURVE('',#6439,#6535,#6588,.T.);
#6588=LINE('',#6440,#6590);
#6590=VECTOR('',#6591,0.762);
#6591=DIRECTION('',(-1.0,0.0,0.0));
#6582=ORIENTED_EDGE('',*,*,#6583,.F.);
#6592=ORIENTED_EDGE('',*,*,#6466,.T.);
#6602=ORIENTED_EDGE('',*,*,#6387,.T.);
#6612=ORIENTED_EDGE('',*,*,#6544,.T.);
#6622=STYLED_ITEM('',(#34),#6623);
#6623=ADVANCED_FACE('',(#6629),#6624,.T.);
#6624=PLANE('',#6625);
#6625=AXIS2_PLACEMENT_3D('',#6626,#6627,#6628);
#6626=CARTESIAN_POINT('',(10.541,-0.381,2.532));
#6627=DIRECTION('',(1.0,0.0,0.0));
#6628=DIRECTION('',(0.,0.,1.));
#6629=FACE_OUTER_BOUND('',#6630,.T.);
#6630=EDGE_LOOP('',(#6631,#6641,#6651,#6661));
#6634=CARTESIAN_POINT('',(10.541,0.381,2.532));
#6633=VERTEX_POINT('',#6634);
#6636=CARTESIAN_POINT('',(10.541,-0.381,2.532));
#6635=VERTEX_POINT('',#6636);
#6632=EDGE_CURVE('',#6633,#6635,#6637,.T.);
#6637=LINE('',#6634,#6639);
#6639=VECTOR('',#6640,0.762);
#6640=DIRECTION('',(0.0,-1.0,0.0));
#6631=ORIENTED_EDGE('',*,*,#6632,.F.);
#6642=EDGE_CURVE('',#6437,#6633,#6647,.T.);
#6647=LINE('',#6438,#6649);
#6649=VECTOR('',#6650,5.7869691982);
#6650=DIRECTION('',(0.0,0.0,-1.0));
#6641=ORIENTED_EDGE('',*,*,#6642,.F.);
#6651=ORIENTED_EDGE('',*,*,#6436,.T.);
#6662=EDGE_CURVE('',#6635,#6439,#6667,.T.);
#6667=LINE('',#6636,#6669);
#6669=VECTOR('',#6670,5.7869691982);
#6670=DIRECTION('',(0.0,0.0,1.0));
#6661=ORIENTED_EDGE('',*,*,#6662,.F.);
#6671=STYLED_ITEM('',(#34),#6672);
#6672=ADVANCED_FACE('',(#6678),#6673,.T.);
#6673=PLANE('',#6674);
#6674=AXIS2_PLACEMENT_3D('',#6675,#6676,#6677);
#6675=CARTESIAN_POINT('',(10.541,0.381,2.532));
#6676=DIRECTION('',(0.0,1.0,0.0));
#6677=DIRECTION('',(0.,0.,1.));
#6678=FACE_OUTER_BOUND('',#6679,.T.);
#6679=EDGE_LOOP('',(#6680,#6690,#6700,#6710));
#6683=CARTESIAN_POINT('',(9.779,0.381,2.532));
#6682=VERTEX_POINT('',#6683);
#6681=EDGE_CURVE('',#6682,#6633,#6686,.T.);
#6686=LINE('',#6683,#6688);
#6688=VECTOR('',#6689,0.762);
#6689=DIRECTION('',(1.0,0.0,0.0));
#6680=ORIENTED_EDGE('',*,*,#6681,.F.);
#6691=EDGE_CURVE('',#6486,#6682,#6696,.T.);
#6696=LINE('',#6487,#6698);
#6698=VECTOR('',#6699,5.7869691982);
#6699=DIRECTION('',(0.0,0.0,-1.0));
#6690=ORIENTED_EDGE('',*,*,#6691,.F.);
#6700=ORIENTED_EDGE('',*,*,#6485,.T.);
#6710=ORIENTED_EDGE('',*,*,#6642,.T.);
#6720=STYLED_ITEM('',(#34),#6721);
#6721=ADVANCED_FACE('',(#6727),#6722,.T.);
#6722=PLANE('',#6723);
#6723=AXIS2_PLACEMENT_3D('',#6724,#6725,#6726);
#6724=CARTESIAN_POINT('',(9.779,0.381,2.532));
#6725=DIRECTION('',(-1.0,0.0,0.0));
#6726=DIRECTION('',(0.,0.,1.));
#6727=FACE_OUTER_BOUND('',#6728,.T.);
#6728=EDGE_LOOP('',(#6729,#6739,#6749,#6759));
#6732=CARTESIAN_POINT('',(9.779,-0.381,2.532));
#6731=VERTEX_POINT('',#6732);
#6730=EDGE_CURVE('',#6731,#6682,#6735,.T.);
#6735=LINE('',#6732,#6737);
#6737=VECTOR('',#6738,0.762);
#6738=DIRECTION('',(0.0,1.0,0.0));
#6729=ORIENTED_EDGE('',*,*,#6730,.F.);
#6740=EDGE_CURVE('',#6535,#6731,#6745,.T.);
#6745=LINE('',#6536,#6747);
#6747=VECTOR('',#6748,5.7869691982);
#6748=DIRECTION('',(0.0,0.0,-1.0));
#6739=ORIENTED_EDGE('',*,*,#6740,.F.);
#6749=ORIENTED_EDGE('',*,*,#6534,.T.);
#6759=ORIENTED_EDGE('',*,*,#6691,.T.);
#6769=STYLED_ITEM('',(#34),#6770);
#6770=ADVANCED_FACE('',(#6776),#6771,.T.);
#6771=PLANE('',#6772);
#6772=AXIS2_PLACEMENT_3D('',#6773,#6774,#6775);
#6773=CARTESIAN_POINT('',(9.779,-0.381,2.532));
#6774=DIRECTION('',(0.0,-1.0,0.0));
#6775=DIRECTION('',(0.,0.,1.));
#6776=FACE_OUTER_BOUND('',#6777,.T.);
#6777=EDGE_LOOP('',(#6778,#6788,#6798,#6808));
#6779=EDGE_CURVE('',#6635,#6731,#6784,.T.);
#6784=LINE('',#6636,#6786);
#6786=VECTOR('',#6787,0.762);
#6787=DIRECTION('',(-1.0,0.0,0.0));
#6778=ORIENTED_EDGE('',*,*,#6779,.F.);
#6788=ORIENTED_EDGE('',*,*,#6662,.T.);
#6798=ORIENTED_EDGE('',*,*,#6583,.T.);
#6808=ORIENTED_EDGE('',*,*,#6740,.T.);
#6818=STYLED_ITEM('',(#34),#6819);
#6819=ADVANCED_FACE('',(#6825),#6820,.T.);
#6820=PLANE('',#6821);
#6821=AXIS2_PLACEMENT_3D('',#6822,#6823,#6824);
#6822=CARTESIAN_POINT('',(9.779,0.381,2.532));
#6823=DIRECTION('',(0.0,0.0,-1.0));
#6824=DIRECTION('',(0.,1.,0.));
#6825=FACE_OUTER_BOUND('',#6826,.T.);
#6826=EDGE_LOOP('',(#6827,#6837,#6847,#6857));
#6827=ORIENTED_EDGE('',*,*,#6681,.T.);
#6837=ORIENTED_EDGE('',*,*,#6632,.T.);
#6847=ORIENTED_EDGE('',*,*,#6779,.T.);
#6857=ORIENTED_EDGE('',*,*,#6730,.T.);
#6867=STYLED_ITEM('',(#34),#6868);
#6868=ADVANCED_FACE('',(#6874),#6869,.T.);
#6869=PLANE('',#6870);
#6870=AXIS2_PLACEMENT_3D('',#6871,#6872,#6873);
#6871=CARTESIAN_POINT('',(9.779,-0.381,0.0));
#6872=DIRECTION('',(0.0,0.0,1.0));
#6873=DIRECTION('',(0.,1.,0.));
#6874=FACE_OUTER_BOUND('',#6875,.T.);
#6875=EDGE_LOOP('',(#6876,#6886,#6896,#6906));
#6879=CARTESIAN_POINT('',(10.541,-0.381,0.0));
#6878=VERTEX_POINT('',#6879);
#6881=CARTESIAN_POINT('',(9.779,-0.381,0.0));
#6880=VERTEX_POINT('',#6881);
#6877=EDGE_CURVE('',#6878,#6880,#6882,.T.);
#6882=LINE('',#6879,#6884);
#6884=VECTOR('',#6885,0.762);
#6885=DIRECTION('',(-1.0,0.0,0.0));
#6876=ORIENTED_EDGE('',*,*,#6877,.F.);
#6889=CARTESIAN_POINT('',(10.541,0.381,0.0));
#6888=VERTEX_POINT('',#6889);
#6887=EDGE_CURVE('',#6888,#6878,#6892,.T.);
#6892=LINE('',#6889,#6894);
#6894=VECTOR('',#6895,0.762);
#6895=DIRECTION('',(0.0,-1.0,0.0));
#6886=ORIENTED_EDGE('',*,*,#6887,.F.);
#6899=CARTESIAN_POINT('',(9.779,0.381,0.0));
#6898=VERTEX_POINT('',#6899);
#6897=EDGE_CURVE('',#6898,#6888,#6902,.T.);
#6902=LINE('',#6899,#6904);
#6904=VECTOR('',#6905,0.762);
#6905=DIRECTION('',(1.0,0.0,0.0));
#6896=ORIENTED_EDGE('',*,*,#6897,.F.);
#6907=EDGE_CURVE('',#6880,#6898,#6912,.T.);
#6912=LINE('',#6881,#6914);
#6914=VECTOR('',#6915,0.762);
#6915=DIRECTION('',(0.0,1.0,0.0));
#6906=ORIENTED_EDGE('',*,*,#6907,.F.);
#6916=STYLED_ITEM('',(#34),#6917);
#6917=ADVANCED_FACE('',(#6923),#6918,.T.);
#6918=PLANE('',#6919);
#6919=AXIS2_PLACEMENT_3D('',#6920,#6921,#6922);
#6920=CARTESIAN_POINT('',(10.541,-0.381,-4.89));
#6921=DIRECTION('',(1.0,0.0,0.0));
#6922=DIRECTION('',(0.,0.,1.));
#6923=FACE_OUTER_BOUND('',#6924,.T.);
#6924=EDGE_LOOP('',(#6925,#6935,#6945,#6955));
#6928=CARTESIAN_POINT('',(10.541,0.381,-4.89));
#6927=VERTEX_POINT('',#6928);
#6930=CARTESIAN_POINT('',(10.541,-0.381,-4.89));
#6929=VERTEX_POINT('',#6930);
#6926=EDGE_CURVE('',#6927,#6929,#6931,.T.);
#6931=LINE('',#6928,#6933);
#6933=VECTOR('',#6934,0.762);
#6934=DIRECTION('',(0.0,-1.0,0.0));
#6925=ORIENTED_EDGE('',*,*,#6926,.F.);
#6936=EDGE_CURVE('',#6888,#6927,#6941,.T.);
#6941=LINE('',#6889,#6943);
#6943=VECTOR('',#6944,4.8895);
#6944=DIRECTION('',(0.0,0.0,-1.0));
#6935=ORIENTED_EDGE('',*,*,#6936,.F.);
#6945=ORIENTED_EDGE('',*,*,#6887,.T.);
#6956=EDGE_CURVE('',#6929,#6878,#6961,.T.);
#6961=LINE('',#6930,#6963);
#6963=VECTOR('',#6964,4.8895);
#6964=DIRECTION('',(0.0,0.0,1.0));
#6955=ORIENTED_EDGE('',*,*,#6956,.F.);
#6965=STYLED_ITEM('',(#34),#6966);
#6966=ADVANCED_FACE('',(#6972),#6967,.T.);
#6967=PLANE('',#6968);
#6968=AXIS2_PLACEMENT_3D('',#6969,#6970,#6971);
#6969=CARTESIAN_POINT('',(10.541,0.381,-4.89));
#6970=DIRECTION('',(0.0,1.0,0.0));
#6971=DIRECTION('',(0.,0.,1.));
#6972=FACE_OUTER_BOUND('',#6973,.T.);
#6973=EDGE_LOOP('',(#6974,#6984,#6994,#7004));
#6977=CARTESIAN_POINT('',(9.779,0.381,-4.89));
#6976=VERTEX_POINT('',#6977);
#6975=EDGE_CURVE('',#6976,#6927,#6980,.T.);
#6980=LINE('',#6977,#6982);
#6982=VECTOR('',#6983,0.762);
#6983=DIRECTION('',(1.0,0.0,0.0));
#6974=ORIENTED_EDGE('',*,*,#6975,.F.);
#6985=EDGE_CURVE('',#6898,#6976,#6990,.T.);
#6990=LINE('',#6899,#6992);
#6992=VECTOR('',#6993,4.8895);
#6993=DIRECTION('',(0.0,0.0,-1.0));
#6984=ORIENTED_EDGE('',*,*,#6985,.F.);
#6994=ORIENTED_EDGE('',*,*,#6897,.T.);
#7004=ORIENTED_EDGE('',*,*,#6936,.T.);
#7014=STYLED_ITEM('',(#34),#7015);
#7015=ADVANCED_FACE('',(#7021),#7016,.T.);
#7016=PLANE('',#7017);
#7017=AXIS2_PLACEMENT_3D('',#7018,#7019,#7020);
#7018=CARTESIAN_POINT('',(9.779,0.381,-4.89));
#7019=DIRECTION('',(-1.0,0.0,0.0));
#7020=DIRECTION('',(0.,0.,1.));
#7021=FACE_OUTER_BOUND('',#7022,.T.);
#7022=EDGE_LOOP('',(#7023,#7033,#7043,#7053));
#7026=CARTESIAN_POINT('',(9.779,-0.381,-4.89));
#7025=VERTEX_POINT('',#7026);
#7024=EDGE_CURVE('',#7025,#6976,#7029,.T.);
#7029=LINE('',#7026,#7031);
#7031=VECTOR('',#7032,0.762);
#7032=DIRECTION('',(0.0,1.0,0.0));
#7023=ORIENTED_EDGE('',*,*,#7024,.F.);
#7034=EDGE_CURVE('',#6880,#7025,#7039,.T.);
#7039=LINE('',#6881,#7041);
#7041=VECTOR('',#7042,4.8895);
#7042=DIRECTION('',(0.0,0.0,-1.0));
#7033=ORIENTED_EDGE('',*,*,#7034,.F.);
#7043=ORIENTED_EDGE('',*,*,#6907,.T.);
#7053=ORIENTED_EDGE('',*,*,#6985,.T.);
#7063=STYLED_ITEM('',(#34),#7064);
#7064=ADVANCED_FACE('',(#7070),#7065,.T.);
#7065=PLANE('',#7066);
#7066=AXIS2_PLACEMENT_3D('',#7067,#7068,#7069);
#7067=CARTESIAN_POINT('',(9.779,-0.381,-4.89));
#7068=DIRECTION('',(0.0,-1.0,0.0));
#7069=DIRECTION('',(0.,0.,1.));
#7070=FACE_OUTER_BOUND('',#7071,.T.);
#7071=EDGE_LOOP('',(#7072,#7082,#7092,#7102));
#7073=EDGE_CURVE('',#6929,#7025,#7078,.T.);
#7078=LINE('',#6930,#7080);
#7080=VECTOR('',#7081,0.762);
#7081=DIRECTION('',(-1.0,0.0,0.0));
#7072=ORIENTED_EDGE('',*,*,#7073,.F.);
#7082=ORIENTED_EDGE('',*,*,#6956,.T.);
#7092=ORIENTED_EDGE('',*,*,#6877,.T.);
#7102=ORIENTED_EDGE('',*,*,#7034,.T.);
#7112=STYLED_ITEM('',(#34),#7113);
#7113=ADVANCED_FACE('',(#7119),#7114,.T.);
#7114=PLANE('',#7115);
#7115=AXIS2_PLACEMENT_3D('',#7116,#7117,#7118);
#7116=CARTESIAN_POINT('',(10.35,-0.19,-5.08));
#7117=DIRECTION('',(0.707,0.0,-0.707));
#7118=DIRECTION('',(0.,0.,1.));
#7119=FACE_OUTER_BOUND('',#7120,.T.);
#7120=EDGE_LOOP('',(#7121,#7131,#7141,#7151));
#7124=CARTESIAN_POINT('',(10.35,0.19,-5.08));
#7123=VERTEX_POINT('',#7124);
#7126=CARTESIAN_POINT('',(10.35,-0.19,-5.08));
#7125=VERTEX_POINT('',#7126);
#7122=EDGE_CURVE('',#7123,#7125,#7127,.T.);
#7127=LINE('',#7124,#7129);
#7129=VECTOR('',#7130,0.381);
#7130=DIRECTION('',(0.0,-1.0,0.0));
#7121=ORIENTED_EDGE('',*,*,#7122,.F.);
#7132=EDGE_CURVE('',#6927,#7123,#7137,.T.);
#7137=LINE('',#6928,#7139);
#7139=VECTOR('',#7140,0.329955678841871);
#7140=DIRECTION('',(-0.577,-0.577,-0.577));
#7131=ORIENTED_EDGE('',*,*,#7132,.F.);
#7141=ORIENTED_EDGE('',*,*,#6926,.T.);
#7152=EDGE_CURVE('',#7125,#6929,#7157,.T.);
#7157=LINE('',#7126,#7159);
#7159=VECTOR('',#7160,0.329955678841871);
#7160=DIRECTION('',(0.577,-0.577,0.577));
#7151=ORIENTED_EDGE('',*,*,#7152,.F.);
#7161=STYLED_ITEM('',(#34),#7162);
#7162=ADVANCED_FACE('',(#7168),#7163,.T.);
#7163=PLANE('',#7164);
#7164=AXIS2_PLACEMENT_3D('',#7165,#7166,#7167);
#7165=CARTESIAN_POINT('',(10.35,0.19,-5.08));
#7166=DIRECTION('',(0.0,0.707,-0.707));
#7167=DIRECTION('',(0.,0.,1.));
#7168=FACE_OUTER_BOUND('',#7169,.T.);
#7169=EDGE_LOOP('',(#7170,#7180,#7190,#7200));
#7173=CARTESIAN_POINT('',(9.97,0.19,-5.08));
#7172=VERTEX_POINT('',#7173);
#7171=EDGE_CURVE('',#7172,#7123,#7176,.T.);
#7176=LINE('',#7173,#7178);
#7178=VECTOR('',#7179,0.381);
#7179=DIRECTION('',(1.0,0.0,0.0));
#7170=ORIENTED_EDGE('',*,*,#7171,.F.);
#7181=EDGE_CURVE('',#6976,#7172,#7186,.T.);
#7186=LINE('',#6977,#7188);
#7188=VECTOR('',#7189,0.329955678841871);
#7189=DIRECTION('',(0.577,-0.577,-0.577));
#7180=ORIENTED_EDGE('',*,*,#7181,.F.);
#7190=ORIENTED_EDGE('',*,*,#6975,.T.);
#7200=ORIENTED_EDGE('',*,*,#7132,.T.);
#7210=STYLED_ITEM('',(#34),#7211);
#7211=ADVANCED_FACE('',(#7217),#7212,.T.);
#7212=PLANE('',#7213);
#7213=AXIS2_PLACEMENT_3D('',#7214,#7215,#7216);
#7214=CARTESIAN_POINT('',(9.97,0.19,-5.08));
#7215=DIRECTION('',(-0.707,0.0,-0.707));
#7216=DIRECTION('',(0.,0.,1.));
#7217=FACE_OUTER_BOUND('',#7218,.T.);
#7218=EDGE_LOOP('',(#7219,#7229,#7239,#7249));
#7222=CARTESIAN_POINT('',(9.97,-0.19,-5.08));
#7221=VERTEX_POINT('',#7222);
#7220=EDGE_CURVE('',#7221,#7172,#7225,.T.);
#7225=LINE('',#7222,#7227);
#7227=VECTOR('',#7228,0.381);
#7228=DIRECTION('',(0.0,1.0,0.0));
#7219=ORIENTED_EDGE('',*,*,#7220,.F.);
#7230=EDGE_CURVE('',#7025,#7221,#7235,.T.);
#7235=LINE('',#7026,#7237);
#7237=VECTOR('',#7238,0.329955678841871);
#7238=DIRECTION('',(0.577,0.577,-0.577));
#7229=ORIENTED_EDGE('',*,*,#7230,.F.);
#7239=ORIENTED_EDGE('',*,*,#7024,.T.);
#7249=ORIENTED_EDGE('',*,*,#7181,.T.);
#7259=STYLED_ITEM('',(#34),#7260);
#7260=ADVANCED_FACE('',(#7266),#7261,.T.);
#7261=PLANE('',#7262);
#7262=AXIS2_PLACEMENT_3D('',#7263,#7264,#7265);
#7263=CARTESIAN_POINT('',(9.97,-0.19,-5.08));
#7264=DIRECTION('',(0.0,-0.707,-0.707));
#7265=DIRECTION('',(0.,0.,1.));
#7266=FACE_OUTER_BOUND('',#7267,.T.);
#7267=EDGE_LOOP('',(#7268,#7278,#7288,#7298));
#7269=EDGE_CURVE('',#7125,#7221,#7274,.T.);
#7274=LINE('',#7126,#7276);
#7276=VECTOR('',#7277,0.381);
#7277=DIRECTION('',(-1.0,0.0,0.0));
#7268=ORIENTED_EDGE('',*,*,#7269,.F.);
#7278=ORIENTED_EDGE('',*,*,#7152,.T.);
#7288=ORIENTED_EDGE('',*,*,#7073,.T.);
#7298=ORIENTED_EDGE('',*,*,#7230,.T.);
#7308=STYLED_ITEM('',(#34),#7309);
#7309=ADVANCED_FACE('',(#7315),#7310,.T.);
#7310=PLANE('',#7311);
#7311=AXIS2_PLACEMENT_3D('',#7312,#7313,#7314);
#7312=CARTESIAN_POINT('',(9.97,0.19,-5.08));
#7313=DIRECTION('',(0.0,0.0,-1.0));
#7314=DIRECTION('',(0.,1.,0.));
#7315=FACE_OUTER_BOUND('',#7316,.T.);
#7316=EDGE_LOOP('',(#7317,#7327,#7337,#7347));
#7317=ORIENTED_EDGE('',*,*,#7171,.T.);
#7327=ORIENTED_EDGE('',*,*,#7122,.T.);
#7337=ORIENTED_EDGE('',*,*,#7269,.T.);
#7347=ORIENTED_EDGE('',*,*,#7220,.T.);
#7357=MANIFOLD_SOLID_BREP($,#7358);
#7358=CLOSED_SHELL('',(#7362,#7411,#7460,#7509,#7558,#7607,#7656,#7705,#7754,#7803));
#7359=MANIFOLD_SOLID_BREP($,#7360);
#7360=CLOSED_SHELL('',(#7852,#7901,#7950,#7999,#8048,#8097,#8146,#8195,#8244,#8293));
#7361=STYLED_ITEM('',(#34),#7362);
#7362=ADVANCED_FACE('',(#7368),#7363,.T.);
#7363=PLANE('',#7364);
#7364=AXIS2_PLACEMENT_3D('',#7365,#7366,#7367);
#7365=CARTESIAN_POINT('',(7.43,-0.19,8.509));
#7366=DIRECTION('',(0.0,0.0,1.0));
#7367=DIRECTION('',(0.,1.,0.));
#7368=FACE_OUTER_BOUND('',#7369,.T.);
#7369=EDGE_LOOP('',(#7370,#7380,#7390,#7400));
#7373=CARTESIAN_POINT('',(7.81,-0.19,8.509));
#7372=VERTEX_POINT('',#7373);
#7375=CARTESIAN_POINT('',(7.43,-0.19,8.509));
#7374=VERTEX_POINT('',#7375);
#7371=EDGE_CURVE('',#7372,#7374,#7376,.T.);
#7376=LINE('',#7373,#7378);
#7378=VECTOR('',#7379,0.381);
#7379=DIRECTION('',(-1.0,0.0,0.0));
#7370=ORIENTED_EDGE('',*,*,#7371,.F.);
#7383=CARTESIAN_POINT('',(7.81,0.19,8.509));
#7382=VERTEX_POINT('',#7383);
#7381=EDGE_CURVE('',#7382,#7372,#7386,.T.);
#7386=LINE('',#7383,#7388);
#7388=VECTOR('',#7389,0.381);
#7389=DIRECTION('',(0.0,-1.0,0.0));
#7380=ORIENTED_EDGE('',*,*,#7381,.F.);
#7393=CARTESIAN_POINT('',(7.43,0.19,8.509));
#7392=VERTEX_POINT('',#7393);
#7391=EDGE_CURVE('',#7392,#7382,#7396,.T.);
#7396=LINE('',#7393,#7398);
#7398=VECTOR('',#7399,0.381);
#7399=DIRECTION('',(1.0,0.0,0.0));
#7390=ORIENTED_EDGE('',*,*,#7391,.F.);
#7401=EDGE_CURVE('',#7374,#7392,#7406,.T.);
#7406=LINE('',#7375,#7408);
#7408=VECTOR('',#7409,0.381);
#7409=DIRECTION('',(0.0,1.0,0.0));
#7400=ORIENTED_EDGE('',*,*,#7401,.F.);
#7410=STYLED_ITEM('',(#34),#7411);
#7411=ADVANCED_FACE('',(#7417),#7412,.T.);
#7412=PLANE('',#7413);
#7413=AXIS2_PLACEMENT_3D('',#7414,#7415,#7416);
#7414=CARTESIAN_POINT('',(8.001,-0.381,8.318));
#7415=DIRECTION('',(0.707,0.0,0.707));
#7416=DIRECTION('',(0.,0.,1.));
#7417=FACE_OUTER_BOUND('',#7418,.T.);
#7418=EDGE_LOOP('',(#7419,#7429,#7439,#7449));
#7422=CARTESIAN_POINT('',(8.001,0.381,8.318));
#7421=VERTEX_POINT('',#7422);
#7424=CARTESIAN_POINT('',(8.001,-0.381,8.318));
#7423=VERTEX_POINT('',#7424);
#7420=EDGE_CURVE('',#7421,#7423,#7425,.T.);
#7425=LINE('',#7422,#7427);
#7427=VECTOR('',#7428,0.762);
#7428=DIRECTION('',(0.0,-1.0,0.0));
#7419=ORIENTED_EDGE('',*,*,#7420,.F.);
#7430=EDGE_CURVE('',#7382,#7421,#7435,.T.);
#7435=LINE('',#7383,#7437);
#7437=VECTOR('',#7438,0.329955678841871);
#7438=DIRECTION('',(0.577,0.577,-0.577));
#7429=ORIENTED_EDGE('',*,*,#7430,.F.);
#7439=ORIENTED_EDGE('',*,*,#7381,.T.);
#7450=EDGE_CURVE('',#7423,#7372,#7455,.T.);
#7455=LINE('',#7424,#7457);
#7457=VECTOR('',#7458,0.329955678841871);
#7458=DIRECTION('',(-0.577,0.577,0.577));
#7449=ORIENTED_EDGE('',*,*,#7450,.F.);
#7459=STYLED_ITEM('',(#34),#7460);
#7460=ADVANCED_FACE('',(#7466),#7461,.T.);
#7461=PLANE('',#7462);
#7462=AXIS2_PLACEMENT_3D('',#7463,#7464,#7465);
#7463=CARTESIAN_POINT('',(8.001,0.381,8.318));
#7464=DIRECTION('',(0.0,0.707,0.707));
#7465=DIRECTION('',(0.,0.,1.));
#7466=FACE_OUTER_BOUND('',#7467,.T.);
#7467=EDGE_LOOP('',(#7468,#7478,#7488,#7498));
#7471=CARTESIAN_POINT('',(7.239,0.381,8.318));
#7470=VERTEX_POINT('',#7471);
#7469=EDGE_CURVE('',#7470,#7421,#7474,.T.);
#7474=LINE('',#7471,#7476);
#7476=VECTOR('',#7477,0.762);
#7477=DIRECTION('',(1.0,0.0,0.0));
#7468=ORIENTED_EDGE('',*,*,#7469,.F.);
#7479=EDGE_CURVE('',#7392,#7470,#7484,.T.);
#7484=LINE('',#7393,#7486);
#7486=VECTOR('',#7487,0.329955678841871);
#7487=DIRECTION('',(-0.577,0.577,-0.577));
#7478=ORIENTED_EDGE('',*,*,#7479,.F.);
#7488=ORIENTED_EDGE('',*,*,#7391,.T.);
#7498=ORIENTED_EDGE('',*,*,#7430,.T.);
#7508=STYLED_ITEM('',(#34),#7509);
#7509=ADVANCED_FACE('',(#7515),#7510,.T.);
#7510=PLANE('',#7511);
#7511=AXIS2_PLACEMENT_3D('',#7512,#7513,#7514);
#7512=CARTESIAN_POINT('',(7.239,0.381,8.318));
#7513=DIRECTION('',(-0.707,0.0,0.707));
#7514=DIRECTION('',(0.,0.,1.));
#7515=FACE_OUTER_BOUND('',#7516,.T.);
#7516=EDGE_LOOP('',(#7517,#7527,#7537,#7547));
#7520=CARTESIAN_POINT('',(7.239,-0.381,8.318));
#7519=VERTEX_POINT('',#7520);
#7518=EDGE_CURVE('',#7519,#7470,#7523,.T.);
#7523=LINE('',#7520,#7525);
#7525=VECTOR('',#7526,0.762);
#7526=DIRECTION('',(0.0,1.0,0.0));
#7517=ORIENTED_EDGE('',*,*,#7518,.F.);
#7528=EDGE_CURVE('',#7374,#7519,#7533,.T.);
#7533=LINE('',#7375,#7535);
#7535=VECTOR('',#7536,0.329955678841871);
#7536=DIRECTION('',(-0.577,-0.577,-0.577));
#7527=ORIENTED_EDGE('',*,*,#7528,.F.);
#7537=ORIENTED_EDGE('',*,*,#7401,.T.);
#7547=ORIENTED_EDGE('',*,*,#7479,.T.);
#7557=STYLED_ITEM('',(#34),#7558);
#7558=ADVANCED_FACE('',(#7564),#7559,.T.);
#7559=PLANE('',#7560);
#7560=AXIS2_PLACEMENT_3D('',#7561,#7562,#7563);
#7561=CARTESIAN_POINT('',(7.239,-0.381,8.318));
#7562=DIRECTION('',(0.0,-0.707,0.707));
#7563=DIRECTION('',(0.,0.,1.));
#7564=FACE_OUTER_BOUND('',#7565,.T.);
#7565=EDGE_LOOP('',(#7566,#7576,#7586,#7596));
#7567=EDGE_CURVE('',#7423,#7519,#7572,.T.);
#7572=LINE('',#7424,#7574);
#7574=VECTOR('',#7575,0.762);
#7575=DIRECTION('',(-1.0,0.0,0.0));
#7566=ORIENTED_EDGE('',*,*,#7567,.F.);
#7576=ORIENTED_EDGE('',*,*,#7450,.T.);
#7586=ORIENTED_EDGE('',*,*,#7371,.T.);
#7596=ORIENTED_EDGE('',*,*,#7528,.T.);
#7606=STYLED_ITEM('',(#34),#7607);
#7607=ADVANCED_FACE('',(#7613),#7608,.T.);
#7608=PLANE('',#7609);
#7609=AXIS2_PLACEMENT_3D('',#7610,#7611,#7612);
#7610=CARTESIAN_POINT('',(8.001,-0.381,2.532));
#7611=DIRECTION('',(1.0,0.0,0.0));
#7612=DIRECTION('',(0.,0.,1.));
#7613=FACE_OUTER_BOUND('',#7614,.T.);
#7614=EDGE_LOOP('',(#7615,#7625,#7635,#7645));
#7618=CARTESIAN_POINT('',(8.001,0.381,2.532));
#7617=VERTEX_POINT('',#7618);
#7620=CARTESIAN_POINT('',(8.001,-0.381,2.532));
#7619=VERTEX_POINT('',#7620);
#7616=EDGE_CURVE('',#7617,#7619,#7621,.T.);
#7621=LINE('',#7618,#7623);
#7623=VECTOR('',#7624,0.762);
#7624=DIRECTION('',(0.0,-1.0,0.0));
#7615=ORIENTED_EDGE('',*,*,#7616,.F.);
#7626=EDGE_CURVE('',#7421,#7617,#7631,.T.);
#7631=LINE('',#7422,#7633);
#7633=VECTOR('',#7634,5.7869691982);
#7634=DIRECTION('',(0.0,0.0,-1.0));
#7625=ORIENTED_EDGE('',*,*,#7626,.F.);
#7635=ORIENTED_EDGE('',*,*,#7420,.T.);
#7646=EDGE_CURVE('',#7619,#7423,#7651,.T.);
#7651=LINE('',#7620,#7653);
#7653=VECTOR('',#7654,5.7869691982);
#7654=DIRECTION('',(0.0,0.0,1.0));
#7645=ORIENTED_EDGE('',*,*,#7646,.F.);
#7655=STYLED_ITEM('',(#34),#7656);
#7656=ADVANCED_FACE('',(#7662),#7657,.T.);
#7657=PLANE('',#7658);
#7658=AXIS2_PLACEMENT_3D('',#7659,#7660,#7661);
#7659=CARTESIAN_POINT('',(8.001,0.381,2.532));
#7660=DIRECTION('',(0.0,1.0,0.0));
#7661=DIRECTION('',(0.,0.,1.));
#7662=FACE_OUTER_BOUND('',#7663,.T.);
#7663=EDGE_LOOP('',(#7664,#7674,#7684,#7694));
#7667=CARTESIAN_POINT('',(7.239,0.381,2.532));
#7666=VERTEX_POINT('',#7667);
#7665=EDGE_CURVE('',#7666,#7617,#7670,.T.);
#7670=LINE('',#7667,#7672);
#7672=VECTOR('',#7673,0.762);
#7673=DIRECTION('',(1.0,0.0,0.0));
#7664=ORIENTED_EDGE('',*,*,#7665,.F.);
#7675=EDGE_CURVE('',#7470,#7666,#7680,.T.);
#7680=LINE('',#7471,#7682);
#7682=VECTOR('',#7683,5.7869691982);
#7683=DIRECTION('',(0.0,0.0,-1.0));
#7674=ORIENTED_EDGE('',*,*,#7675,.F.);
#7684=ORIENTED_EDGE('',*,*,#7469,.T.);
#7694=ORIENTED_EDGE('',*,*,#7626,.T.);
#7704=STYLED_ITEM('',(#34),#7705);
#7705=ADVANCED_FACE('',(#7711),#7706,.T.);
#7706=PLANE('',#7707);
#7707=AXIS2_PLACEMENT_3D('',#7708,#7709,#7710);
#7708=CARTESIAN_POINT('',(7.239,0.381,2.532));
#7709=DIRECTION('',(-1.0,0.0,0.0));
#7710=DIRECTION('',(0.,0.,1.));
#7711=FACE_OUTER_BOUND('',#7712,.T.);
#7712=EDGE_LOOP('',(#7713,#7723,#7733,#7743));
#7716=CARTESIAN_POINT('',(7.239,-0.381,2.532));
#7715=VERTEX_POINT('',#7716);
#7714=EDGE_CURVE('',#7715,#7666,#7719,.T.);
#7719=LINE('',#7716,#7721);
#7721=VECTOR('',#7722,0.762);
#7722=DIRECTION('',(0.0,1.0,0.0));
#7713=ORIENTED_EDGE('',*,*,#7714,.F.);
#7724=EDGE_CURVE('',#7519,#7715,#7729,.T.);
#7729=LINE('',#7520,#7731);
#7731=VECTOR('',#7732,5.7869691982);
#7732=DIRECTION('',(0.0,0.0,-1.0));
#7723=ORIENTED_EDGE('',*,*,#7724,.F.);
#7733=ORIENTED_EDGE('',*,*,#7518,.T.);
#7743=ORIENTED_EDGE('',*,*,#7675,.T.);
#7753=STYLED_ITEM('',(#34),#7754);
#7754=ADVANCED_FACE('',(#7760),#7755,.T.);
#7755=PLANE('',#7756);
#7756=AXIS2_PLACEMENT_3D('',#7757,#7758,#7759);
#7757=CARTESIAN_POINT('',(7.239,-0.381,2.532));
#7758=DIRECTION('',(0.0,-1.0,0.0));
#7759=DIRECTION('',(0.,0.,1.));
#7760=FACE_OUTER_BOUND('',#7761,.T.);
#7761=EDGE_LOOP('',(#7762,#7772,#7782,#7792));
#7763=EDGE_CURVE('',#7619,#7715,#7768,.T.);
#7768=LINE('',#7620,#7770);
#7770=VECTOR('',#7771,0.762);
#7771=DIRECTION('',(-1.0,0.0,0.0));
#7762=ORIENTED_EDGE('',*,*,#7763,.F.);
#7772=ORIENTED_EDGE('',*,*,#7646,.T.);
#7782=ORIENTED_EDGE('',*,*,#7567,.T.);
#7792=ORIENTED_EDGE('',*,*,#7724,.T.);
#7802=STYLED_ITEM('',(#34),#7803);
#7803=ADVANCED_FACE('',(#7809),#7804,.T.);
#7804=PLANE('',#7805);
#7805=AXIS2_PLACEMENT_3D('',#7806,#7807,#7808);
#7806=CARTESIAN_POINT('',(7.239,0.381,2.532));
#7807=DIRECTION('',(0.0,0.0,-1.0));
#7808=DIRECTION('',(0.,1.,0.));
#7809=FACE_OUTER_BOUND('',#7810,.T.);
#7810=EDGE_LOOP('',(#7811,#7821,#7831,#7841));
#7811=ORIENTED_EDGE('',*,*,#7665,.T.);
#7821=ORIENTED_EDGE('',*,*,#7616,.T.);
#7831=ORIENTED_EDGE('',*,*,#7763,.T.);
#7841=ORIENTED_EDGE('',*,*,#7714,.T.);
#7851=STYLED_ITEM('',(#34),#7852);
#7852=ADVANCED_FACE('',(#7858),#7853,.T.);
#7853=PLANE('',#7854);
#7854=AXIS2_PLACEMENT_3D('',#7855,#7856,#7857);
#7855=CARTESIAN_POINT('',(7.239,-0.381,0.0));
#7856=DIRECTION('',(0.0,0.0,1.0));
#7857=DIRECTION('',(0.,1.,0.));
#7858=FACE_OUTER_BOUND('',#7859,.T.);
#7859=EDGE_LOOP('',(#7860,#7870,#7880,#7890));
#7863=CARTESIAN_POINT('',(8.001,-0.381,0.0));
#7862=VERTEX_POINT('',#7863);
#7865=CARTESIAN_POINT('',(7.239,-0.381,0.0));
#7864=VERTEX_POINT('',#7865);
#7861=EDGE_CURVE('',#7862,#7864,#7866,.T.);
#7866=LINE('',#7863,#7868);
#7868=VECTOR('',#7869,0.762);
#7869=DIRECTION('',(-1.0,0.0,0.0));
#7860=ORIENTED_EDGE('',*,*,#7861,.F.);
#7873=CARTESIAN_POINT('',(8.001,0.381,0.0));
#7872=VERTEX_POINT('',#7873);
#7871=EDGE_CURVE('',#7872,#7862,#7876,.T.);
#7876=LINE('',#7873,#7878);
#7878=VECTOR('',#7879,0.762);
#7879=DIRECTION('',(0.0,-1.0,0.0));
#7870=ORIENTED_EDGE('',*,*,#7871,.F.);
#7883=CARTESIAN_POINT('',(7.239,0.381,0.0));
#7882=VERTEX_POINT('',#7883);
#7881=EDGE_CURVE('',#7882,#7872,#7886,.T.);
#7886=LINE('',#7883,#7888);
#7888=VECTOR('',#7889,0.762);
#7889=DIRECTION('',(1.0,0.0,0.0));
#7880=ORIENTED_EDGE('',*,*,#7881,.F.);
#7891=EDGE_CURVE('',#7864,#7882,#7896,.T.);
#7896=LINE('',#7865,#7898);
#7898=VECTOR('',#7899,0.762);
#7899=DIRECTION('',(0.0,1.0,0.0));
#7890=ORIENTED_EDGE('',*,*,#7891,.F.);
#7900=STYLED_ITEM('',(#34),#7901);
#7901=ADVANCED_FACE('',(#7907),#7902,.T.);
#7902=PLANE('',#7903);
#7903=AXIS2_PLACEMENT_3D('',#7904,#7905,#7906);
#7904=CARTESIAN_POINT('',(8.001,-0.381,-4.89));
#7905=DIRECTION('',(1.0,0.0,0.0));
#7906=DIRECTION('',(0.,0.,1.));
#7907=FACE_OUTER_BOUND('',#7908,.T.);
#7908=EDGE_LOOP('',(#7909,#7919,#7929,#7939));
#7912=CARTESIAN_POINT('',(8.001,0.381,-4.89));
#7911=VERTEX_POINT('',#7912);
#7914=CARTESIAN_POINT('',(8.001,-0.381,-4.89));
#7913=VERTEX_POINT('',#7914);
#7910=EDGE_CURVE('',#7911,#7913,#7915,.T.);
#7915=LINE('',#7912,#7917);
#7917=VECTOR('',#7918,0.762);
#7918=DIRECTION('',(0.0,-1.0,0.0));
#7909=ORIENTED_EDGE('',*,*,#7910,.F.);
#7920=EDGE_CURVE('',#7872,#7911,#7925,.T.);
#7925=LINE('',#7873,#7927);
#7927=VECTOR('',#7928,4.8895);
#7928=DIRECTION('',(0.0,0.0,-1.0));
#7919=ORIENTED_EDGE('',*,*,#7920,.F.);
#7929=ORIENTED_EDGE('',*,*,#7871,.T.);
#7940=EDGE_CURVE('',#7913,#7862,#7945,.T.);
#7945=LINE('',#7914,#7947);
#7947=VECTOR('',#7948,4.8895);
#7948=DIRECTION('',(0.0,0.0,1.0));
#7939=ORIENTED_EDGE('',*,*,#7940,.F.);
#7949=STYLED_ITEM('',(#34),#7950);
#7950=ADVANCED_FACE('',(#7956),#7951,.T.);
#7951=PLANE('',#7952);
#7952=AXIS2_PLACEMENT_3D('',#7953,#7954,#7955);
#7953=CARTESIAN_POINT('',(8.001,0.381,-4.89));
#7954=DIRECTION('',(0.0,1.0,0.0));
#7955=DIRECTION('',(0.,0.,1.));
#7956=FACE_OUTER_BOUND('',#7957,.T.);
#7957=EDGE_LOOP('',(#7958,#7968,#7978,#7988));
#7961=CARTESIAN_POINT('',(7.239,0.381,-4.89));
#7960=VERTEX_POINT('',#7961);
#7959=EDGE_CURVE('',#7960,#7911,#7964,.T.);
#7964=LINE('',#7961,#7966);
#7966=VECTOR('',#7967,0.762);
#7967=DIRECTION('',(1.0,0.0,0.0));
#7958=ORIENTED_EDGE('',*,*,#7959,.F.);
#7969=EDGE_CURVE('',#7882,#7960,#7974,.T.);
#7974=LINE('',#7883,#7976);
#7976=VECTOR('',#7977,4.8895);
#7977=DIRECTION('',(0.0,0.0,-1.0));
#7968=ORIENTED_EDGE('',*,*,#7969,.F.);
#7978=ORIENTED_EDGE('',*,*,#7881,.T.);
#7988=ORIENTED_EDGE('',*,*,#7920,.T.);
#7998=STYLED_ITEM('',(#34),#7999);
#7999=ADVANCED_FACE('',(#8005),#8000,.T.);
#8000=PLANE('',#8001);
#8001=AXIS2_PLACEMENT_3D('',#8002,#8003,#8004);
#8002=CARTESIAN_POINT('',(7.239,0.381,-4.89));
#8003=DIRECTION('',(-1.0,0.0,0.0));
#8004=DIRECTION('',(0.,0.,1.));
#8005=FACE_OUTER_BOUND('',#8006,.T.);
#8006=EDGE_LOOP('',(#8007,#8017,#8027,#8037));
#8010=CARTESIAN_POINT('',(7.239,-0.381,-4.89));
#8009=VERTEX_POINT('',#8010);
#8008=EDGE_CURVE('',#8009,#7960,#8013,.T.);
#8013=LINE('',#8010,#8015);
#8015=VECTOR('',#8016,0.762);
#8016=DIRECTION('',(0.0,1.0,0.0));
#8007=ORIENTED_EDGE('',*,*,#8008,.F.);
#8018=EDGE_CURVE('',#7864,#8009,#8023,.T.);
#8023=LINE('',#7865,#8025);
#8025=VECTOR('',#8026,4.8895);
#8026=DIRECTION('',(0.0,0.0,-1.0));
#8017=ORIENTED_EDGE('',*,*,#8018,.F.);
#8027=ORIENTED_EDGE('',*,*,#7891,.T.);
#8037=ORIENTED_EDGE('',*,*,#7969,.T.);
#8047=STYLED_ITEM('',(#34),#8048);
#8048=ADVANCED_FACE('',(#8054),#8049,.T.);
#8049=PLANE('',#8050);
#8050=AXIS2_PLACEMENT_3D('',#8051,#8052,#8053);
#8051=CARTESIAN_POINT('',(7.239,-0.381,-4.89));
#8052=DIRECTION('',(0.0,-1.0,0.0));
#8053=DIRECTION('',(0.,0.,1.));
#8054=FACE_OUTER_BOUND('',#8055,.T.);
#8055=EDGE_LOOP('',(#8056,#8066,#8076,#8086));
#8057=EDGE_CURVE('',#7913,#8009,#8062,.T.);
#8062=LINE('',#7914,#8064);
#8064=VECTOR('',#8065,0.762);
#8065=DIRECTION('',(-1.0,0.0,0.0));
#8056=ORIENTED_EDGE('',*,*,#8057,.F.);
#8066=ORIENTED_EDGE('',*,*,#7940,.T.);
#8076=ORIENTED_EDGE('',*,*,#7861,.T.);
#8086=ORIENTED_EDGE('',*,*,#8018,.T.);
#8096=STYLED_ITEM('',(#34),#8097);
#8097=ADVANCED_FACE('',(#8103),#8098,.T.);
#8098=PLANE('',#8099);
#8099=AXIS2_PLACEMENT_3D('',#8100,#8101,#8102);
#8100=CARTESIAN_POINT('',(7.81,-0.19,-5.08));
#8101=DIRECTION('',(0.707,0.0,-0.707));
#8102=DIRECTION('',(0.,0.,1.));
#8103=FACE_OUTER_BOUND('',#8104,.T.);
#8104=EDGE_LOOP('',(#8105,#8115,#8125,#8135));
#8108=CARTESIAN_POINT('',(7.81,0.19,-5.08));
#8107=VERTEX_POINT('',#8108);
#8110=CARTESIAN_POINT('',(7.81,-0.19,-5.08));
#8109=VERTEX_POINT('',#8110);
#8106=EDGE_CURVE('',#8107,#8109,#8111,.T.);
#8111=LINE('',#8108,#8113);
#8113=VECTOR('',#8114,0.381);
#8114=DIRECTION('',(0.0,-1.0,0.0));
#8105=ORIENTED_EDGE('',*,*,#8106,.F.);
#8116=EDGE_CURVE('',#7911,#8107,#8121,.T.);
#8121=LINE('',#7912,#8123);
#8123=VECTOR('',#8124,0.329955678841871);
#8124=DIRECTION('',(-0.577,-0.577,-0.577));
#8115=ORIENTED_EDGE('',*,*,#8116,.F.);
#8125=ORIENTED_EDGE('',*,*,#7910,.T.);
#8136=EDGE_CURVE('',#8109,#7913,#8141,.T.);
#8141=LINE('',#8110,#8143);
#8143=VECTOR('',#8144,0.329955678841871);
#8144=DIRECTION('',(0.577,-0.577,0.577));
#8135=ORIENTED_EDGE('',*,*,#8136,.F.);
#8145=STYLED_ITEM('',(#34),#8146);
#8146=ADVANCED_FACE('',(#8152),#8147,.T.);
#8147=PLANE('',#8148);
#8148=AXIS2_PLACEMENT_3D('',#8149,#8150,#8151);
#8149=CARTESIAN_POINT('',(7.81,0.19,-5.08));
#8150=DIRECTION('',(0.0,0.707,-0.707));
#8151=DIRECTION('',(0.,0.,1.));
#8152=FACE_OUTER_BOUND('',#8153,.T.);
#8153=EDGE_LOOP('',(#8154,#8164,#8174,#8184));
#8157=CARTESIAN_POINT('',(7.43,0.19,-5.08));
#8156=VERTEX_POINT('',#8157);
#8155=EDGE_CURVE('',#8156,#8107,#8160,.T.);
#8160=LINE('',#8157,#8162);
#8162=VECTOR('',#8163,0.381);
#8163=DIRECTION('',(1.0,0.0,0.0));
#8154=ORIENTED_EDGE('',*,*,#8155,.F.);
#8165=EDGE_CURVE('',#7960,#8156,#8170,.T.);
#8170=LINE('',#7961,#8172);
#8172=VECTOR('',#8173,0.329955678841871);
#8173=DIRECTION('',(0.577,-0.577,-0.577));
#8164=ORIENTED_EDGE('',*,*,#8165,.F.);
#8174=ORIENTED_EDGE('',*,*,#7959,.T.);
#8184=ORIENTED_EDGE('',*,*,#8116,.T.);
#8194=STYLED_ITEM('',(#34),#8195);
#8195=ADVANCED_FACE('',(#8201),#8196,.T.);
#8196=PLANE('',#8197);
#8197=AXIS2_PLACEMENT_3D('',#8198,#8199,#8200);
#8198=CARTESIAN_POINT('',(7.43,0.19,-5.08));
#8199=DIRECTION('',(-0.707,0.0,-0.707));
#8200=DIRECTION('',(0.,0.,1.));
#8201=FACE_OUTER_BOUND('',#8202,.T.);
#8202=EDGE_LOOP('',(#8203,#8213,#8223,#8233));
#8206=CARTESIAN_POINT('',(7.43,-0.19,-5.08));
#8205=VERTEX_POINT('',#8206);
#8204=EDGE_CURVE('',#8205,#8156,#8209,.T.);
#8209=LINE('',#8206,#8211);
#8211=VECTOR('',#8212,0.381);
#8212=DIRECTION('',(0.0,1.0,0.0));
#8203=ORIENTED_EDGE('',*,*,#8204,.F.);
#8214=EDGE_CURVE('',#8009,#8205,#8219,.T.);
#8219=LINE('',#8010,#8221);
#8221=VECTOR('',#8222,0.329955678841871);
#8222=DIRECTION('',(0.577,0.577,-0.577));
#8213=ORIENTED_EDGE('',*,*,#8214,.F.);
#8223=ORIENTED_EDGE('',*,*,#8008,.T.);
#8233=ORIENTED_EDGE('',*,*,#8165,.T.);
#8243=STYLED_ITEM('',(#34),#8244);
#8244=ADVANCED_FACE('',(#8250),#8245,.T.);
#8245=PLANE('',#8246);
#8246=AXIS2_PLACEMENT_3D('',#8247,#8248,#8249);
#8247=CARTESIAN_POINT('',(7.43,-0.19,-5.08));
#8248=DIRECTION('',(0.0,-0.707,-0.707));
#8249=DIRECTION('',(0.,0.,1.));
#8250=FACE_OUTER_BOUND('',#8251,.T.);
#8251=EDGE_LOOP('',(#8252,#8262,#8272,#8282));
#8253=EDGE_CURVE('',#8109,#8205,#8258,.T.);
#8258=LINE('',#8110,#8260);
#8260=VECTOR('',#8261,0.381);
#8261=DIRECTION('',(-1.0,0.0,0.0));
#8252=ORIENTED_EDGE('',*,*,#8253,.F.);
#8262=ORIENTED_EDGE('',*,*,#8136,.T.);
#8272=ORIENTED_EDGE('',*,*,#8057,.T.);
#8282=ORIENTED_EDGE('',*,*,#8214,.T.);
#8292=STYLED_ITEM('',(#34),#8293);
#8293=ADVANCED_FACE('',(#8299),#8294,.T.);
#8294=PLANE('',#8295);
#8295=AXIS2_PLACEMENT_3D('',#8296,#8297,#8298);
#8296=CARTESIAN_POINT('',(7.43,0.19,-5.08));
#8297=DIRECTION('',(0.0,0.0,-1.0));
#8298=DIRECTION('',(0.,1.,0.));
#8299=FACE_OUTER_BOUND('',#8300,.T.);
#8300=EDGE_LOOP('',(#8301,#8311,#8321,#8331));
#8301=ORIENTED_EDGE('',*,*,#8155,.T.);
#8311=ORIENTED_EDGE('',*,*,#8106,.T.);
#8321=ORIENTED_EDGE('',*,*,#8253,.T.);
#8331=ORIENTED_EDGE('',*,*,#8204,.T.);
#8341=MANIFOLD_SOLID_BREP($,#8342);
#8342=CLOSED_SHELL('',(#8346,#8395,#8444,#8493,#8542,#8591,#8640,#8689,#8738,#8787));
#8343=MANIFOLD_SOLID_BREP($,#8344);
#8344=CLOSED_SHELL('',(#8836,#8885,#8934,#8983,#9032,#9081,#9130,#9179,#9228,#9277));
#8345=STYLED_ITEM('',(#34),#8346);
#8346=ADVANCED_FACE('',(#8352),#8347,.T.);
#8347=PLANE('',#8348);
#8348=AXIS2_PLACEMENT_3D('',#8349,#8350,#8351);
#8349=CARTESIAN_POINT('',(4.89,-0.19,8.509));
#8350=DIRECTION('',(0.0,0.0,1.0));
#8351=DIRECTION('',(0.,1.,0.));
#8352=FACE_OUTER_BOUND('',#8353,.T.);
#8353=EDGE_LOOP('',(#8354,#8364,#8374,#8384));
#8357=CARTESIAN_POINT('',(5.27,-0.19,8.509));
#8356=VERTEX_POINT('',#8357);
#8359=CARTESIAN_POINT('',(4.89,-0.19,8.509));
#8358=VERTEX_POINT('',#8359);
#8355=EDGE_CURVE('',#8356,#8358,#8360,.T.);
#8360=LINE('',#8357,#8362);
#8362=VECTOR('',#8363,0.381);
#8363=DIRECTION('',(-1.0,0.0,0.0));
#8354=ORIENTED_EDGE('',*,*,#8355,.F.);
#8367=CARTESIAN_POINT('',(5.27,0.19,8.509));
#8366=VERTEX_POINT('',#8367);
#8365=EDGE_CURVE('',#8366,#8356,#8370,.T.);
#8370=LINE('',#8367,#8372);
#8372=VECTOR('',#8373,0.381);
#8373=DIRECTION('',(0.0,-1.0,0.0));
#8364=ORIENTED_EDGE('',*,*,#8365,.F.);
#8377=CARTESIAN_POINT('',(4.89,0.19,8.509));
#8376=VERTEX_POINT('',#8377);
#8375=EDGE_CURVE('',#8376,#8366,#8380,.T.);
#8380=LINE('',#8377,#8382);
#8382=VECTOR('',#8383,0.381);
#8383=DIRECTION('',(1.0,0.0,0.0));
#8374=ORIENTED_EDGE('',*,*,#8375,.F.);
#8385=EDGE_CURVE('',#8358,#8376,#8390,.T.);
#8390=LINE('',#8359,#8392);
#8392=VECTOR('',#8393,0.381);
#8393=DIRECTION('',(0.0,1.0,0.0));
#8384=ORIENTED_EDGE('',*,*,#8385,.F.);
#8394=STYLED_ITEM('',(#34),#8395);
#8395=ADVANCED_FACE('',(#8401),#8396,.T.);
#8396=PLANE('',#8397);
#8397=AXIS2_PLACEMENT_3D('',#8398,#8399,#8400);
#8398=CARTESIAN_POINT('',(5.461,-0.381,8.318));
#8399=DIRECTION('',(0.707,0.0,0.707));
#8400=DIRECTION('',(0.,0.,1.));
#8401=FACE_OUTER_BOUND('',#8402,.T.);
#8402=EDGE_LOOP('',(#8403,#8413,#8423,#8433));
#8406=CARTESIAN_POINT('',(5.461,0.381,8.318));
#8405=VERTEX_POINT('',#8406);
#8408=CARTESIAN_POINT('',(5.461,-0.381,8.318));
#8407=VERTEX_POINT('',#8408);
#8404=EDGE_CURVE('',#8405,#8407,#8409,.T.);
#8409=LINE('',#8406,#8411);
#8411=VECTOR('',#8412,0.762);
#8412=DIRECTION('',(0.0,-1.0,0.0));
#8403=ORIENTED_EDGE('',*,*,#8404,.F.);
#8414=EDGE_CURVE('',#8366,#8405,#8419,.T.);
#8419=LINE('',#8367,#8421);
#8421=VECTOR('',#8422,0.329955678841871);
#8422=DIRECTION('',(0.577,0.577,-0.577));
#8413=ORIENTED_EDGE('',*,*,#8414,.F.);
#8423=ORIENTED_EDGE('',*,*,#8365,.T.);
#8434=EDGE_CURVE('',#8407,#8356,#8439,.T.);
#8439=LINE('',#8408,#8441);
#8441=VECTOR('',#8442,0.329955678841871);
#8442=DIRECTION('',(-0.577,0.577,0.577));
#8433=ORIENTED_EDGE('',*,*,#8434,.F.);
#8443=STYLED_ITEM('',(#34),#8444);
#8444=ADVANCED_FACE('',(#8450),#8445,.T.);
#8445=PLANE('',#8446);
#8446=AXIS2_PLACEMENT_3D('',#8447,#8448,#8449);
#8447=CARTESIAN_POINT('',(5.461,0.381,8.318));
#8448=DIRECTION('',(0.0,0.707,0.707));
#8449=DIRECTION('',(0.,0.,1.));
#8450=FACE_OUTER_BOUND('',#8451,.T.);
#8451=EDGE_LOOP('',(#8452,#8462,#8472,#8482));
#8455=CARTESIAN_POINT('',(4.699,0.381,8.318));
#8454=VERTEX_POINT('',#8455);
#8453=EDGE_CURVE('',#8454,#8405,#8458,.T.);
#8458=LINE('',#8455,#8460);
#8460=VECTOR('',#8461,0.762);
#8461=DIRECTION('',(1.0,0.0,0.0));
#8452=ORIENTED_EDGE('',*,*,#8453,.F.);
#8463=EDGE_CURVE('',#8376,#8454,#8468,.T.);
#8468=LINE('',#8377,#8470);
#8470=VECTOR('',#8471,0.329955678841871);
#8471=DIRECTION('',(-0.577,0.577,-0.577));
#8462=ORIENTED_EDGE('',*,*,#8463,.F.);
#8472=ORIENTED_EDGE('',*,*,#8375,.T.);
#8482=ORIENTED_EDGE('',*,*,#8414,.T.);
#8492=STYLED_ITEM('',(#34),#8493);
#8493=ADVANCED_FACE('',(#8499),#8494,.T.);
#8494=PLANE('',#8495);
#8495=AXIS2_PLACEMENT_3D('',#8496,#8497,#8498);
#8496=CARTESIAN_POINT('',(4.699,0.381,8.318));
#8497=DIRECTION('',(-0.707,0.0,0.707));
#8498=DIRECTION('',(0.,0.,1.));
#8499=FACE_OUTER_BOUND('',#8500,.T.);
#8500=EDGE_LOOP('',(#8501,#8511,#8521,#8531));
#8504=CARTESIAN_POINT('',(4.699,-0.381,8.318));
#8503=VERTEX_POINT('',#8504);
#8502=EDGE_CURVE('',#8503,#8454,#8507,.T.);
#8507=LINE('',#8504,#8509);
#8509=VECTOR('',#8510,0.762);
#8510=DIRECTION('',(0.0,1.0,0.0));
#8501=ORIENTED_EDGE('',*,*,#8502,.F.);
#8512=EDGE_CURVE('',#8358,#8503,#8517,.T.);
#8517=LINE('',#8359,#8519);
#8519=VECTOR('',#8520,0.329955678841871);
#8520=DIRECTION('',(-0.577,-0.577,-0.577));
#8511=ORIENTED_EDGE('',*,*,#8512,.F.);
#8521=ORIENTED_EDGE('',*,*,#8385,.T.);
#8531=ORIENTED_EDGE('',*,*,#8463,.T.);
#8541=STYLED_ITEM('',(#34),#8542);
#8542=ADVANCED_FACE('',(#8548),#8543,.T.);
#8543=PLANE('',#8544);
#8544=AXIS2_PLACEMENT_3D('',#8545,#8546,#8547);
#8545=CARTESIAN_POINT('',(4.699,-0.381,8.318));
#8546=DIRECTION('',(0.0,-0.707,0.707));
#8547=DIRECTION('',(0.,0.,1.));
#8548=FACE_OUTER_BOUND('',#8549,.T.);
#8549=EDGE_LOOP('',(#8550,#8560,#8570,#8580));
#8551=EDGE_CURVE('',#8407,#8503,#8556,.T.);
#8556=LINE('',#8408,#8558);
#8558=VECTOR('',#8559,0.762);
#8559=DIRECTION('',(-1.0,0.0,0.0));
#8550=ORIENTED_EDGE('',*,*,#8551,.F.);
#8560=ORIENTED_EDGE('',*,*,#8434,.T.);
#8570=ORIENTED_EDGE('',*,*,#8355,.T.);
#8580=ORIENTED_EDGE('',*,*,#8512,.T.);
#8590=STYLED_ITEM('',(#34),#8591);
#8591=ADVANCED_FACE('',(#8597),#8592,.T.);
#8592=PLANE('',#8593);
#8593=AXIS2_PLACEMENT_3D('',#8594,#8595,#8596);
#8594=CARTESIAN_POINT('',(5.461,-0.381,2.532));
#8595=DIRECTION('',(1.0,0.0,0.0));
#8596=DIRECTION('',(0.,0.,1.));
#8597=FACE_OUTER_BOUND('',#8598,.T.);
#8598=EDGE_LOOP('',(#8599,#8609,#8619,#8629));
#8602=CARTESIAN_POINT('',(5.461,0.381,2.532));
#8601=VERTEX_POINT('',#8602);
#8604=CARTESIAN_POINT('',(5.461,-0.381,2.532));
#8603=VERTEX_POINT('',#8604);
#8600=EDGE_CURVE('',#8601,#8603,#8605,.T.);
#8605=LINE('',#8602,#8607);
#8607=VECTOR('',#8608,0.762);
#8608=DIRECTION('',(0.0,-1.0,0.0));
#8599=ORIENTED_EDGE('',*,*,#8600,.F.);
#8610=EDGE_CURVE('',#8405,#8601,#8615,.T.);
#8615=LINE('',#8406,#8617);
#8617=VECTOR('',#8618,5.7869691982);
#8618=DIRECTION('',(0.0,0.0,-1.0));
#8609=ORIENTED_EDGE('',*,*,#8610,.F.);
#8619=ORIENTED_EDGE('',*,*,#8404,.T.);
#8630=EDGE_CURVE('',#8603,#8407,#8635,.T.);
#8635=LINE('',#8604,#8637);
#8637=VECTOR('',#8638,5.7869691982);
#8638=DIRECTION('',(0.0,0.0,1.0));
#8629=ORIENTED_EDGE('',*,*,#8630,.F.);
#8639=STYLED_ITEM('',(#34),#8640);
#8640=ADVANCED_FACE('',(#8646),#8641,.T.);
#8641=PLANE('',#8642);
#8642=AXIS2_PLACEMENT_3D('',#8643,#8644,#8645);
#8643=CARTESIAN_POINT('',(5.461,0.381,2.532));
#8644=DIRECTION('',(0.0,1.0,0.0));
#8645=DIRECTION('',(0.,0.,1.));
#8646=FACE_OUTER_BOUND('',#8647,.T.);
#8647=EDGE_LOOP('',(#8648,#8658,#8668,#8678));
#8651=CARTESIAN_POINT('',(4.699,0.381,2.532));
#8650=VERTEX_POINT('',#8651);
#8649=EDGE_CURVE('',#8650,#8601,#8654,.T.);
#8654=LINE('',#8651,#8656);
#8656=VECTOR('',#8657,0.762);
#8657=DIRECTION('',(1.0,0.0,0.0));
#8648=ORIENTED_EDGE('',*,*,#8649,.F.);
#8659=EDGE_CURVE('',#8454,#8650,#8664,.T.);
#8664=LINE('',#8455,#8666);
#8666=VECTOR('',#8667,5.7869691982);
#8667=DIRECTION('',(0.0,0.0,-1.0));
#8658=ORIENTED_EDGE('',*,*,#8659,.F.);
#8668=ORIENTED_EDGE('',*,*,#8453,.T.);
#8678=ORIENTED_EDGE('',*,*,#8610,.T.);
#8688=STYLED_ITEM('',(#34),#8689);
#8689=ADVANCED_FACE('',(#8695),#8690,.T.);
#8690=PLANE('',#8691);
#8691=AXIS2_PLACEMENT_3D('',#8692,#8693,#8694);
#8692=CARTESIAN_POINT('',(4.699,0.381,2.532));
#8693=DIRECTION('',(-1.0,0.0,0.0));
#8694=DIRECTION('',(0.,0.,1.));
#8695=FACE_OUTER_BOUND('',#8696,.T.);
#8696=EDGE_LOOP('',(#8697,#8707,#8717,#8727));
#8700=CARTESIAN_POINT('',(4.699,-0.381,2.532));
#8699=VERTEX_POINT('',#8700);
#8698=EDGE_CURVE('',#8699,#8650,#8703,.T.);
#8703=LINE('',#8700,#8705);
#8705=VECTOR('',#8706,0.762);
#8706=DIRECTION('',(0.0,1.0,0.0));
#8697=ORIENTED_EDGE('',*,*,#8698,.F.);
#8708=EDGE_CURVE('',#8503,#8699,#8713,.T.);
#8713=LINE('',#8504,#8715);
#8715=VECTOR('',#8716,5.7869691982);
#8716=DIRECTION('',(0.0,0.0,-1.0));
#8707=ORIENTED_EDGE('',*,*,#8708,.F.);
#8717=ORIENTED_EDGE('',*,*,#8502,.T.);
#8727=ORIENTED_EDGE('',*,*,#8659,.T.);
#8737=STYLED_ITEM('',(#34),#8738);
#8738=ADVANCED_FACE('',(#8744),#8739,.T.);
#8739=PLANE('',#8740);
#8740=AXIS2_PLACEMENT_3D('',#8741,#8742,#8743);
#8741=CARTESIAN_POINT('',(4.699,-0.381,2.532));
#8742=DIRECTION('',(0.0,-1.0,0.0));
#8743=DIRECTION('',(0.,0.,1.));
#8744=FACE_OUTER_BOUND('',#8745,.T.);
#8745=EDGE_LOOP('',(#8746,#8756,#8766,#8776));
#8747=EDGE_CURVE('',#8603,#8699,#8752,.T.);
#8752=LINE('',#8604,#8754);
#8754=VECTOR('',#8755,0.762);
#8755=DIRECTION('',(-1.0,0.0,0.0));
#8746=ORIENTED_EDGE('',*,*,#8747,.F.);
#8756=ORIENTED_EDGE('',*,*,#8630,.T.);
#8766=ORIENTED_EDGE('',*,*,#8551,.T.);
#8776=ORIENTED_EDGE('',*,*,#8708,.T.);
#8786=STYLED_ITEM('',(#34),#8787);
#8787=ADVANCED_FACE('',(#8793),#8788,.T.);
#8788=PLANE('',#8789);
#8789=AXIS2_PLACEMENT_3D('',#8790,#8791,#8792);
#8790=CARTESIAN_POINT('',(4.699,0.381,2.532));
#8791=DIRECTION('',(0.0,0.0,-1.0));
#8792=DIRECTION('',(0.,1.,0.));
#8793=FACE_OUTER_BOUND('',#8794,.T.);
#8794=EDGE_LOOP('',(#8795,#8805,#8815,#8825));
#8795=ORIENTED_EDGE('',*,*,#8649,.T.);
#8805=ORIENTED_EDGE('',*,*,#8600,.T.);
#8815=ORIENTED_EDGE('',*,*,#8747,.T.);
#8825=ORIENTED_EDGE('',*,*,#8698,.T.);
#8835=STYLED_ITEM('',(#34),#8836);
#8836=ADVANCED_FACE('',(#8842),#8837,.T.);
#8837=PLANE('',#8838);
#8838=AXIS2_PLACEMENT_3D('',#8839,#8840,#8841);
#8839=CARTESIAN_POINT('',(4.699,-0.381,0.0));
#8840=DIRECTION('',(0.0,0.0,1.0));
#8841=DIRECTION('',(0.,1.,0.));
#8842=FACE_OUTER_BOUND('',#8843,.T.);
#8843=EDGE_LOOP('',(#8844,#8854,#8864,#8874));
#8847=CARTESIAN_POINT('',(5.461,-0.381,0.0));
#8846=VERTEX_POINT('',#8847);
#8849=CARTESIAN_POINT('',(4.699,-0.381,0.0));
#8848=VERTEX_POINT('',#8849);
#8845=EDGE_CURVE('',#8846,#8848,#8850,.T.);
#8850=LINE('',#8847,#8852);
#8852=VECTOR('',#8853,0.762);
#8853=DIRECTION('',(-1.0,0.0,0.0));
#8844=ORIENTED_EDGE('',*,*,#8845,.F.);
#8857=CARTESIAN_POINT('',(5.461,0.381,0.0));
#8856=VERTEX_POINT('',#8857);
#8855=EDGE_CURVE('',#8856,#8846,#8860,.T.);
#8860=LINE('',#8857,#8862);
#8862=VECTOR('',#8863,0.762);
#8863=DIRECTION('',(0.0,-1.0,0.0));
#8854=ORIENTED_EDGE('',*,*,#8855,.F.);
#8867=CARTESIAN_POINT('',(4.699,0.381,0.0));
#8866=VERTEX_POINT('',#8867);
#8865=EDGE_CURVE('',#8866,#8856,#8870,.T.);
#8870=LINE('',#8867,#8872);
#8872=VECTOR('',#8873,0.762);
#8873=DIRECTION('',(1.0,0.0,0.0));
#8864=ORIENTED_EDGE('',*,*,#8865,.F.);
#8875=EDGE_CURVE('',#8848,#8866,#8880,.T.);
#8880=LINE('',#8849,#8882);
#8882=VECTOR('',#8883,0.762);
#8883=DIRECTION('',(0.0,1.0,0.0));
#8874=ORIENTED_EDGE('',*,*,#8875,.F.);
#8884=STYLED_ITEM('',(#34),#8885);
#8885=ADVANCED_FACE('',(#8891),#8886,.T.);
#8886=PLANE('',#8887);
#8887=AXIS2_PLACEMENT_3D('',#8888,#8889,#8890);
#8888=CARTESIAN_POINT('',(5.461,-0.381,-4.89));
#8889=DIRECTION('',(1.0,0.0,0.0));
#8890=DIRECTION('',(0.,0.,1.));
#8891=FACE_OUTER_BOUND('',#8892,.T.);
#8892=EDGE_LOOP('',(#8893,#8903,#8913,#8923));
#8896=CARTESIAN_POINT('',(5.461,0.381,-4.89));
#8895=VERTEX_POINT('',#8896);
#8898=CARTESIAN_POINT('',(5.461,-0.381,-4.89));
#8897=VERTEX_POINT('',#8898);
#8894=EDGE_CURVE('',#8895,#8897,#8899,.T.);
#8899=LINE('',#8896,#8901);
#8901=VECTOR('',#8902,0.762);
#8902=DIRECTION('',(0.0,-1.0,0.0));
#8893=ORIENTED_EDGE('',*,*,#8894,.F.);
#8904=EDGE_CURVE('',#8856,#8895,#8909,.T.);
#8909=LINE('',#8857,#8911);
#8911=VECTOR('',#8912,4.8895);
#8912=DIRECTION('',(0.0,0.0,-1.0));
#8903=ORIENTED_EDGE('',*,*,#8904,.F.);
#8913=ORIENTED_EDGE('',*,*,#8855,.T.);
#8924=EDGE_CURVE('',#8897,#8846,#8929,.T.);
#8929=LINE('',#8898,#8931);
#8931=VECTOR('',#8932,4.8895);
#8932=DIRECTION('',(0.0,0.0,1.0));
#8923=ORIENTED_EDGE('',*,*,#8924,.F.);
#8933=STYLED_ITEM('',(#34),#8934);
#8934=ADVANCED_FACE('',(#8940),#8935,.T.);
#8935=PLANE('',#8936);
#8936=AXIS2_PLACEMENT_3D('',#8937,#8938,#8939);
#8937=CARTESIAN_POINT('',(5.461,0.381,-4.89));
#8938=DIRECTION('',(0.0,1.0,0.0));
#8939=DIRECTION('',(0.,0.,1.));
#8940=FACE_OUTER_BOUND('',#8941,.T.);
#8941=EDGE_LOOP('',(#8942,#8952,#8962,#8972));
#8945=CARTESIAN_POINT('',(4.699,0.381,-4.89));
#8944=VERTEX_POINT('',#8945);
#8943=EDGE_CURVE('',#8944,#8895,#8948,.T.);
#8948=LINE('',#8945,#8950);
#8950=VECTOR('',#8951,0.762);
#8951=DIRECTION('',(1.0,0.0,0.0));
#8942=ORIENTED_EDGE('',*,*,#8943,.F.);
#8953=EDGE_CURVE('',#8866,#8944,#8958,.T.);
#8958=LINE('',#8867,#8960);
#8960=VECTOR('',#8961,4.8895);
#8961=DIRECTION('',(0.0,0.0,-1.0));
#8952=ORIENTED_EDGE('',*,*,#8953,.F.);
#8962=ORIENTED_EDGE('',*,*,#8865,.T.);
#8972=ORIENTED_EDGE('',*,*,#8904,.T.);
#8982=STYLED_ITEM('',(#34),#8983);
#8983=ADVANCED_FACE('',(#8989),#8984,.T.);
#8984=PLANE('',#8985);
#8985=AXIS2_PLACEMENT_3D('',#8986,#8987,#8988);
#8986=CARTESIAN_POINT('',(4.699,0.381,-4.89));
#8987=DIRECTION('',(-1.0,0.0,0.0));
#8988=DIRECTION('',(0.,0.,1.));
#8989=FACE_OUTER_BOUND('',#8990,.T.);
#8990=EDGE_LOOP('',(#8991,#9001,#9011,#9021));
#8994=CARTESIAN_POINT('',(4.699,-0.381,-4.89));
#8993=VERTEX_POINT('',#8994);
#8992=EDGE_CURVE('',#8993,#8944,#8997,.T.);
#8997=LINE('',#8994,#8999);
#8999=VECTOR('',#9000,0.762);
#9000=DIRECTION('',(0.0,1.0,0.0));
#8991=ORIENTED_EDGE('',*,*,#8992,.F.);
#9002=EDGE_CURVE('',#8848,#8993,#9007,.T.);
#9007=LINE('',#8849,#9009);
#9009=VECTOR('',#9010,4.8895);
#9010=DIRECTION('',(0.0,0.0,-1.0));
#9001=ORIENTED_EDGE('',*,*,#9002,.F.);
#9011=ORIENTED_EDGE('',*,*,#8875,.T.);
#9021=ORIENTED_EDGE('',*,*,#8953,.T.);
#9031=STYLED_ITEM('',(#34),#9032);
#9032=ADVANCED_FACE('',(#9038),#9033,.T.);
#9033=PLANE('',#9034);
#9034=AXIS2_PLACEMENT_3D('',#9035,#9036,#9037);
#9035=CARTESIAN_POINT('',(4.699,-0.381,-4.89));
#9036=DIRECTION('',(0.0,-1.0,0.0));
#9037=DIRECTION('',(0.,0.,1.));
#9038=FACE_OUTER_BOUND('',#9039,.T.);
#9039=EDGE_LOOP('',(#9040,#9050,#9060,#9070));
#9041=EDGE_CURVE('',#8897,#8993,#9046,.T.);
#9046=LINE('',#8898,#9048);
#9048=VECTOR('',#9049,0.762);
#9049=DIRECTION('',(-1.0,0.0,0.0));
#9040=ORIENTED_EDGE('',*,*,#9041,.F.);
#9050=ORIENTED_EDGE('',*,*,#8924,.T.);
#9060=ORIENTED_EDGE('',*,*,#8845,.T.);
#9070=ORIENTED_EDGE('',*,*,#9002,.T.);
#9080=STYLED_ITEM('',(#34),#9081);
#9081=ADVANCED_FACE('',(#9087),#9082,.T.);
#9082=PLANE('',#9083);
#9083=AXIS2_PLACEMENT_3D('',#9084,#9085,#9086);
#9084=CARTESIAN_POINT('',(5.27,-0.19,-5.08));
#9085=DIRECTION('',(0.707,0.0,-0.707));
#9086=DIRECTION('',(0.,0.,1.));
#9087=FACE_OUTER_BOUND('',#9088,.T.);
#9088=EDGE_LOOP('',(#9089,#9099,#9109,#9119));
#9092=CARTESIAN_POINT('',(5.27,0.19,-5.08));
#9091=VERTEX_POINT('',#9092);
#9094=CARTESIAN_POINT('',(5.27,-0.19,-5.08));
#9093=VERTEX_POINT('',#9094);
#9090=EDGE_CURVE('',#9091,#9093,#9095,.T.);
#9095=LINE('',#9092,#9097);
#9097=VECTOR('',#9098,0.381);
#9098=DIRECTION('',(0.0,-1.0,0.0));
#9089=ORIENTED_EDGE('',*,*,#9090,.F.);
#9100=EDGE_CURVE('',#8895,#9091,#9105,.T.);
#9105=LINE('',#8896,#9107);
#9107=VECTOR('',#9108,0.329955678841871);
#9108=DIRECTION('',(-0.577,-0.577,-0.577));
#9099=ORIENTED_EDGE('',*,*,#9100,.F.);
#9109=ORIENTED_EDGE('',*,*,#8894,.T.);
#9120=EDGE_CURVE('',#9093,#8897,#9125,.T.);
#9125=LINE('',#9094,#9127);
#9127=VECTOR('',#9128,0.329955678841871);
#9128=DIRECTION('',(0.577,-0.577,0.577));
#9119=ORIENTED_EDGE('',*,*,#9120,.F.);
#9129=STYLED_ITEM('',(#34),#9130);
#9130=ADVANCED_FACE('',(#9136),#9131,.T.);
#9131=PLANE('',#9132);
#9132=AXIS2_PLACEMENT_3D('',#9133,#9134,#9135);
#9133=CARTESIAN_POINT('',(5.27,0.19,-5.08));
#9134=DIRECTION('',(0.0,0.707,-0.707));
#9135=DIRECTION('',(0.,0.,1.));
#9136=FACE_OUTER_BOUND('',#9137,.T.);
#9137=EDGE_LOOP('',(#9138,#9148,#9158,#9168));
#9141=CARTESIAN_POINT('',(4.89,0.19,-5.08));
#9140=VERTEX_POINT('',#9141);
#9139=EDGE_CURVE('',#9140,#9091,#9144,.T.);
#9144=LINE('',#9141,#9146);
#9146=VECTOR('',#9147,0.381);
#9147=DIRECTION('',(1.0,0.0,0.0));
#9138=ORIENTED_EDGE('',*,*,#9139,.F.);
#9149=EDGE_CURVE('',#8944,#9140,#9154,.T.);
#9154=LINE('',#8945,#9156);
#9156=VECTOR('',#9157,0.329955678841871);
#9157=DIRECTION('',(0.577,-0.577,-0.577));
#9148=ORIENTED_EDGE('',*,*,#9149,.F.);
#9158=ORIENTED_EDGE('',*,*,#8943,.T.);
#9168=ORIENTED_EDGE('',*,*,#9100,.T.);
#9178=STYLED_ITEM('',(#34),#9179);
#9179=ADVANCED_FACE('',(#9185),#9180,.T.);
#9180=PLANE('',#9181);
#9181=AXIS2_PLACEMENT_3D('',#9182,#9183,#9184);
#9182=CARTESIAN_POINT('',(4.89,0.19,-5.08));
#9183=DIRECTION('',(-0.707,0.0,-0.707));
#9184=DIRECTION('',(0.,0.,1.));
#9185=FACE_OUTER_BOUND('',#9186,.T.);
#9186=EDGE_LOOP('',(#9187,#9197,#9207,#9217));
#9190=CARTESIAN_POINT('',(4.89,-0.19,-5.08));
#9189=VERTEX_POINT('',#9190);
#9188=EDGE_CURVE('',#9189,#9140,#9193,.T.);
#9193=LINE('',#9190,#9195);
#9195=VECTOR('',#9196,0.381);
#9196=DIRECTION('',(0.0,1.0,0.0));
#9187=ORIENTED_EDGE('',*,*,#9188,.F.);
#9198=EDGE_CURVE('',#8993,#9189,#9203,.T.);
#9203=LINE('',#8994,#9205);
#9205=VECTOR('',#9206,0.329955678841871);
#9206=DIRECTION('',(0.577,0.577,-0.577));
#9197=ORIENTED_EDGE('',*,*,#9198,.F.);
#9207=ORIENTED_EDGE('',*,*,#8992,.T.);
#9217=ORIENTED_EDGE('',*,*,#9149,.T.);
#9227=STYLED_ITEM('',(#34),#9228);
#9228=ADVANCED_FACE('',(#9234),#9229,.T.);
#9229=PLANE('',#9230);
#9230=AXIS2_PLACEMENT_3D('',#9231,#9232,#9233);
#9231=CARTESIAN_POINT('',(4.89,-0.19,-5.08));
#9232=DIRECTION('',(0.0,-0.707,-0.707));
#9233=DIRECTION('',(0.,0.,1.));
#9234=FACE_OUTER_BOUND('',#9235,.T.);
#9235=EDGE_LOOP('',(#9236,#9246,#9256,#9266));
#9237=EDGE_CURVE('',#9093,#9189,#9242,.T.);
#9242=LINE('',#9094,#9244);
#9244=VECTOR('',#9245,0.381);
#9245=DIRECTION('',(-1.0,0.0,0.0));
#9236=ORIENTED_EDGE('',*,*,#9237,.F.);
#9246=ORIENTED_EDGE('',*,*,#9120,.T.);
#9256=ORIENTED_EDGE('',*,*,#9041,.T.);
#9266=ORIENTED_EDGE('',*,*,#9198,.T.);
#9276=STYLED_ITEM('',(#34),#9277);
#9277=ADVANCED_FACE('',(#9283),#9278,.T.);
#9278=PLANE('',#9279);
#9279=AXIS2_PLACEMENT_3D('',#9280,#9281,#9282);
#9280=CARTESIAN_POINT('',(4.89,0.19,-5.08));
#9281=DIRECTION('',(0.0,0.0,-1.0));
#9282=DIRECTION('',(0.,1.,0.));
#9283=FACE_OUTER_BOUND('',#9284,.T.);
#9284=EDGE_LOOP('',(#9285,#9295,#9305,#9315));
#9285=ORIENTED_EDGE('',*,*,#9139,.T.);
#9295=ORIENTED_EDGE('',*,*,#9090,.T.);
#9305=ORIENTED_EDGE('',*,*,#9237,.T.);
#9315=ORIENTED_EDGE('',*,*,#9188,.T.);
#9325=MANIFOLD_SOLID_BREP($,#9326);
#9326=CLOSED_SHELL('',(#9330,#9379,#9428,#9477,#9526,#9575,#9624,#9673,#9722,#9771));
#9327=MANIFOLD_SOLID_BREP($,#9328);
#9328=CLOSED_SHELL('',(#9820,#9869,#9918,#9967,#10016,#10065,#10114,#10163,#10212,#10261));
#9329=STYLED_ITEM('',(#34),#9330);
#9330=ADVANCED_FACE('',(#9336),#9331,.T.);
#9331=PLANE('',#9332);
#9332=AXIS2_PLACEMENT_3D('',#9333,#9334,#9335);
#9333=CARTESIAN_POINT('',(2.35,-0.19,8.509));
#9334=DIRECTION('',(0.0,0.0,1.0));
#9335=DIRECTION('',(0.,1.,0.));
#9336=FACE_OUTER_BOUND('',#9337,.T.);
#9337=EDGE_LOOP('',(#9338,#9348,#9358,#9368));
#9341=CARTESIAN_POINT('',(2.73,-0.19,8.509));
#9340=VERTEX_POINT('',#9341);
#9343=CARTESIAN_POINT('',(2.35,-0.19,8.509));
#9342=VERTEX_POINT('',#9343);
#9339=EDGE_CURVE('',#9340,#9342,#9344,.T.);
#9344=LINE('',#9341,#9346);
#9346=VECTOR('',#9347,0.381);
#9347=DIRECTION('',(-1.0,0.0,0.0));
#9338=ORIENTED_EDGE('',*,*,#9339,.F.);
#9351=CARTESIAN_POINT('',(2.73,0.19,8.509));
#9350=VERTEX_POINT('',#9351);
#9349=EDGE_CURVE('',#9350,#9340,#9354,.T.);
#9354=LINE('',#9351,#9356);
#9356=VECTOR('',#9357,0.381);
#9357=DIRECTION('',(0.0,-1.0,0.0));
#9348=ORIENTED_EDGE('',*,*,#9349,.F.);
#9361=CARTESIAN_POINT('',(2.35,0.19,8.509));
#9360=VERTEX_POINT('',#9361);
#9359=EDGE_CURVE('',#9360,#9350,#9364,.T.);
#9364=LINE('',#9361,#9366);
#9366=VECTOR('',#9367,0.381);
#9367=DIRECTION('',(1.0,0.0,0.0));
#9358=ORIENTED_EDGE('',*,*,#9359,.F.);
#9369=EDGE_CURVE('',#9342,#9360,#9374,.T.);
#9374=LINE('',#9343,#9376);
#9376=VECTOR('',#9377,0.381);
#9377=DIRECTION('',(0.0,1.0,0.0));
#9368=ORIENTED_EDGE('',*,*,#9369,.F.);
#9378=STYLED_ITEM('',(#34),#9379);
#9379=ADVANCED_FACE('',(#9385),#9380,.T.);
#9380=PLANE('',#9381);
#9381=AXIS2_PLACEMENT_3D('',#9382,#9383,#9384);
#9382=CARTESIAN_POINT('',(2.921,-0.381,8.318));
#9383=DIRECTION('',(0.707,0.0,0.707));
#9384=DIRECTION('',(0.,0.,1.));
#9385=FACE_OUTER_BOUND('',#9386,.T.);
#9386=EDGE_LOOP('',(#9387,#9397,#9407,#9417));
#9390=CARTESIAN_POINT('',(2.921,0.381,8.318));
#9389=VERTEX_POINT('',#9390);
#9392=CARTESIAN_POINT('',(2.921,-0.381,8.318));
#9391=VERTEX_POINT('',#9392);
#9388=EDGE_CURVE('',#9389,#9391,#9393,.T.);
#9393=LINE('',#9390,#9395);
#9395=VECTOR('',#9396,0.762);
#9396=DIRECTION('',(0.0,-1.0,0.0));
#9387=ORIENTED_EDGE('',*,*,#9388,.F.);
#9398=EDGE_CURVE('',#9350,#9389,#9403,.T.);
#9403=LINE('',#9351,#9405);
#9405=VECTOR('',#9406,0.329955678841871);
#9406=DIRECTION('',(0.577,0.577,-0.577));
#9397=ORIENTED_EDGE('',*,*,#9398,.F.);
#9407=ORIENTED_EDGE('',*,*,#9349,.T.);
#9418=EDGE_CURVE('',#9391,#9340,#9423,.T.);
#9423=LINE('',#9392,#9425);
#9425=VECTOR('',#9426,0.329955678841871);
#9426=DIRECTION('',(-0.577,0.577,0.577));
#9417=ORIENTED_EDGE('',*,*,#9418,.F.);
#9427=STYLED_ITEM('',(#34),#9428);
#9428=ADVANCED_FACE('',(#9434),#9429,.T.);
#9429=PLANE('',#9430);
#9430=AXIS2_PLACEMENT_3D('',#9431,#9432,#9433);
#9431=CARTESIAN_POINT('',(2.921,0.381,8.318));
#9432=DIRECTION('',(0.0,0.707,0.707));
#9433=DIRECTION('',(0.,0.,1.));
#9434=FACE_OUTER_BOUND('',#9435,.T.);
#9435=EDGE_LOOP('',(#9436,#9446,#9456,#9466));
#9439=CARTESIAN_POINT('',(2.159,0.381,8.318));
#9438=VERTEX_POINT('',#9439);
#9437=EDGE_CURVE('',#9438,#9389,#9442,.T.);
#9442=LINE('',#9439,#9444);
#9444=VECTOR('',#9445,0.762);
#9445=DIRECTION('',(1.0,0.0,0.0));
#9436=ORIENTED_EDGE('',*,*,#9437,.F.);
#9447=EDGE_CURVE('',#9360,#9438,#9452,.T.);
#9452=LINE('',#9361,#9454);
#9454=VECTOR('',#9455,0.329955678841871);
#9455=DIRECTION('',(-0.577,0.577,-0.577));
#9446=ORIENTED_EDGE('',*,*,#9447,.F.);
#9456=ORIENTED_EDGE('',*,*,#9359,.T.);
#9466=ORIENTED_EDGE('',*,*,#9398,.T.);
#9476=STYLED_ITEM('',(#34),#9477);
#9477=ADVANCED_FACE('',(#9483),#9478,.T.);
#9478=PLANE('',#9479);
#9479=AXIS2_PLACEMENT_3D('',#9480,#9481,#9482);
#9480=CARTESIAN_POINT('',(2.159,0.381,8.318));
#9481=DIRECTION('',(-0.707,0.0,0.707));
#9482=DIRECTION('',(0.,0.,1.));
#9483=FACE_OUTER_BOUND('',#9484,.T.);
#9484=EDGE_LOOP('',(#9485,#9495,#9505,#9515));
#9488=CARTESIAN_POINT('',(2.159,-0.381,8.318));
#9487=VERTEX_POINT('',#9488);
#9486=EDGE_CURVE('',#9487,#9438,#9491,.T.);
#9491=LINE('',#9488,#9493);
#9493=VECTOR('',#9494,0.762);
#9494=DIRECTION('',(0.0,1.0,0.0));
#9485=ORIENTED_EDGE('',*,*,#9486,.F.);
#9496=EDGE_CURVE('',#9342,#9487,#9501,.T.);
#9501=LINE('',#9343,#9503);
#9503=VECTOR('',#9504,0.329955678841871);
#9504=DIRECTION('',(-0.577,-0.577,-0.577));
#9495=ORIENTED_EDGE('',*,*,#9496,.F.);
#9505=ORIENTED_EDGE('',*,*,#9369,.T.);
#9515=ORIENTED_EDGE('',*,*,#9447,.T.);
#9525=STYLED_ITEM('',(#34),#9526);
#9526=ADVANCED_FACE('',(#9532),#9527,.T.);
#9527=PLANE('',#9528);
#9528=AXIS2_PLACEMENT_3D('',#9529,#9530,#9531);
#9529=CARTESIAN_POINT('',(2.159,-0.381,8.318));
#9530=DIRECTION('',(0.0,-0.707,0.707));
#9531=DIRECTION('',(0.,0.,1.));
#9532=FACE_OUTER_BOUND('',#9533,.T.);
#9533=EDGE_LOOP('',(#9534,#9544,#9554,#9564));
#9535=EDGE_CURVE('',#9391,#9487,#9540,.T.);
#9540=LINE('',#9392,#9542);
#9542=VECTOR('',#9543,0.762);
#9543=DIRECTION('',(-1.0,0.0,0.0));
#9534=ORIENTED_EDGE('',*,*,#9535,.F.);
#9544=ORIENTED_EDGE('',*,*,#9418,.T.);
#9554=ORIENTED_EDGE('',*,*,#9339,.T.);
#9564=ORIENTED_EDGE('',*,*,#9496,.T.);
#9574=STYLED_ITEM('',(#34),#9575);
#9575=ADVANCED_FACE('',(#9581),#9576,.T.);
#9576=PLANE('',#9577);
#9577=AXIS2_PLACEMENT_3D('',#9578,#9579,#9580);
#9578=CARTESIAN_POINT('',(2.921,-0.381,2.532));
#9579=DIRECTION('',(1.0,0.0,0.0));
#9580=DIRECTION('',(0.,0.,1.));
#9581=FACE_OUTER_BOUND('',#9582,.T.);
#9582=EDGE_LOOP('',(#9583,#9593,#9603,#9613));
#9586=CARTESIAN_POINT('',(2.921,0.381,2.532));
#9585=VERTEX_POINT('',#9586);
#9588=CARTESIAN_POINT('',(2.921,-0.381,2.532));
#9587=VERTEX_POINT('',#9588);
#9584=EDGE_CURVE('',#9585,#9587,#9589,.T.);
#9589=LINE('',#9586,#9591);
#9591=VECTOR('',#9592,0.762);
#9592=DIRECTION('',(0.0,-1.0,0.0));
#9583=ORIENTED_EDGE('',*,*,#9584,.F.);
#9594=EDGE_CURVE('',#9389,#9585,#9599,.T.);
#9599=LINE('',#9390,#9601);
#9601=VECTOR('',#9602,5.7869691982);
#9602=DIRECTION('',(0.0,0.0,-1.0));
#9593=ORIENTED_EDGE('',*,*,#9594,.F.);
#9603=ORIENTED_EDGE('',*,*,#9388,.T.);
#9614=EDGE_CURVE('',#9587,#9391,#9619,.T.);
#9619=LINE('',#9588,#9621);
#9621=VECTOR('',#9622,5.7869691982);
#9622=DIRECTION('',(0.0,0.0,1.0));
#9613=ORIENTED_EDGE('',*,*,#9614,.F.);
#9623=STYLED_ITEM('',(#34),#9624);
#9624=ADVANCED_FACE('',(#9630),#9625,.T.);
#9625=PLANE('',#9626);
#9626=AXIS2_PLACEMENT_3D('',#9627,#9628,#9629);
#9627=CARTESIAN_POINT('',(2.921,0.381,2.532));
#9628=DIRECTION('',(0.0,1.0,0.0));
#9629=DIRECTION('',(0.,0.,1.));
#9630=FACE_OUTER_BOUND('',#9631,.T.);
#9631=EDGE_LOOP('',(#9632,#9642,#9652,#9662));
#9635=CARTESIAN_POINT('',(2.159,0.381,2.532));
#9634=VERTEX_POINT('',#9635);
#9633=EDGE_CURVE('',#9634,#9585,#9638,.T.);
#9638=LINE('',#9635,#9640);
#9640=VECTOR('',#9641,0.762);
#9641=DIRECTION('',(1.0,0.0,0.0));
#9632=ORIENTED_EDGE('',*,*,#9633,.F.);
#9643=EDGE_CURVE('',#9438,#9634,#9648,.T.);
#9648=LINE('',#9439,#9650);
#9650=VECTOR('',#9651,5.7869691982);
#9651=DIRECTION('',(0.0,0.0,-1.0));
#9642=ORIENTED_EDGE('',*,*,#9643,.F.);
#9652=ORIENTED_EDGE('',*,*,#9437,.T.);
#9662=ORIENTED_EDGE('',*,*,#9594,.T.);
#9672=STYLED_ITEM('',(#34),#9673);
#9673=ADVANCED_FACE('',(#9679),#9674,.T.);
#9674=PLANE('',#9675);
#9675=AXIS2_PLACEMENT_3D('',#9676,#9677,#9678);
#9676=CARTESIAN_POINT('',(2.159,0.381,2.532));
#9677=DIRECTION('',(-1.0,0.0,0.0));
#9678=DIRECTION('',(0.,0.,1.));
#9679=FACE_OUTER_BOUND('',#9680,.T.);
#9680=EDGE_LOOP('',(#9681,#9691,#9701,#9711));
#9684=CARTESIAN_POINT('',(2.159,-0.381,2.532));
#9683=VERTEX_POINT('',#9684);
#9682=EDGE_CURVE('',#9683,#9634,#9687,.T.);
#9687=LINE('',#9684,#9689);
#9689=VECTOR('',#9690,0.762);
#9690=DIRECTION('',(0.0,1.0,0.0));
#9681=ORIENTED_EDGE('',*,*,#9682,.F.);
#9692=EDGE_CURVE('',#9487,#9683,#9697,.T.);
#9697=LINE('',#9488,#9699);
#9699=VECTOR('',#9700,5.7869691982);
#9700=DIRECTION('',(0.0,0.0,-1.0));
#9691=ORIENTED_EDGE('',*,*,#9692,.F.);
#9701=ORIENTED_EDGE('',*,*,#9486,.T.);
#9711=ORIENTED_EDGE('',*,*,#9643,.T.);
#9721=STYLED_ITEM('',(#34),#9722);
#9722=ADVANCED_FACE('',(#9728),#9723,.T.);
#9723=PLANE('',#9724);
#9724=AXIS2_PLACEMENT_3D('',#9725,#9726,#9727);
#9725=CARTESIAN_POINT('',(2.159,-0.381,2.532));
#9726=DIRECTION('',(0.0,-1.0,0.0));
#9727=DIRECTION('',(0.,0.,1.));
#9728=FACE_OUTER_BOUND('',#9729,.T.);
#9729=EDGE_LOOP('',(#9730,#9740,#9750,#9760));
#9731=EDGE_CURVE('',#9587,#9683,#9736,.T.);
#9736=LINE('',#9588,#9738);
#9738=VECTOR('',#9739,0.762);
#9739=DIRECTION('',(-1.0,0.0,0.0));
#9730=ORIENTED_EDGE('',*,*,#9731,.F.);
#9740=ORIENTED_EDGE('',*,*,#9614,.T.);
#9750=ORIENTED_EDGE('',*,*,#9535,.T.);
#9760=ORIENTED_EDGE('',*,*,#9692,.T.);
#9770=STYLED_ITEM('',(#34),#9771);
#9771=ADVANCED_FACE('',(#9777),#9772,.T.);
#9772=PLANE('',#9773);
#9773=AXIS2_PLACEMENT_3D('',#9774,#9775,#9776);
#9774=CARTESIAN_POINT('',(2.159,0.381,2.532));
#9775=DIRECTION('',(0.0,0.0,-1.0));
#9776=DIRECTION('',(0.,1.,0.));
#9777=FACE_OUTER_BOUND('',#9778,.T.);
#9778=EDGE_LOOP('',(#9779,#9789,#9799,#9809));
#9779=ORIENTED_EDGE('',*,*,#9633,.T.);
#9789=ORIENTED_EDGE('',*,*,#9584,.T.);
#9799=ORIENTED_EDGE('',*,*,#9731,.T.);
#9809=ORIENTED_EDGE('',*,*,#9682,.T.);
#9819=STYLED_ITEM('',(#34),#9820);
#9820=ADVANCED_FACE('',(#9826),#9821,.T.);
#9821=PLANE('',#9822);
#9822=AXIS2_PLACEMENT_3D('',#9823,#9824,#9825);
#9823=CARTESIAN_POINT('',(2.159,-0.381,0.0));
#9824=DIRECTION('',(0.0,0.0,1.0));
#9825=DIRECTION('',(0.,1.,0.));
#9826=FACE_OUTER_BOUND('',#9827,.T.);
#9827=EDGE_LOOP('',(#9828,#9838,#9848,#9858));
#9831=CARTESIAN_POINT('',(2.921,-0.381,0.0));
#9830=VERTEX_POINT('',#9831);
#9833=CARTESIAN_POINT('',(2.159,-0.381,0.0));
#9832=VERTEX_POINT('',#9833);
#9829=EDGE_CURVE('',#9830,#9832,#9834,.T.);
#9834=LINE('',#9831,#9836);
#9836=VECTOR('',#9837,0.762);
#9837=DIRECTION('',(-1.0,0.0,0.0));
#9828=ORIENTED_EDGE('',*,*,#9829,.F.);
#9841=CARTESIAN_POINT('',(2.921,0.381,0.0));
#9840=VERTEX_POINT('',#9841);
#9839=EDGE_CURVE('',#9840,#9830,#9844,.T.);
#9844=LINE('',#9841,#9846);
#9846=VECTOR('',#9847,0.762);
#9847=DIRECTION('',(0.0,-1.0,0.0));
#9838=ORIENTED_EDGE('',*,*,#9839,.F.);
#9851=CARTESIAN_POINT('',(2.159,0.381,0.0));
#9850=VERTEX_POINT('',#9851);
#9849=EDGE_CURVE('',#9850,#9840,#9854,.T.);
#9854=LINE('',#9851,#9856);
#9856=VECTOR('',#9857,0.762);
#9857=DIRECTION('',(1.0,0.0,0.0));
#9848=ORIENTED_EDGE('',*,*,#9849,.F.);
#9859=EDGE_CURVE('',#9832,#9850,#9864,.T.);
#9864=LINE('',#9833,#9866);
#9866=VECTOR('',#9867,0.762);
#9867=DIRECTION('',(0.0,1.0,0.0));
#9858=ORIENTED_EDGE('',*,*,#9859,.F.);
#9868=STYLED_ITEM('',(#34),#9869);
#9869=ADVANCED_FACE('',(#9875),#9870,.T.);
#9870=PLANE('',#9871);
#9871=AXIS2_PLACEMENT_3D('',#9872,#9873,#9874);
#9872=CARTESIAN_POINT('',(2.921,-0.381,-4.89));
#9873=DIRECTION('',(1.0,0.0,0.0));
#9874=DIRECTION('',(0.,0.,1.));
#9875=FACE_OUTER_BOUND('',#9876,.T.);
#9876=EDGE_LOOP('',(#9877,#9887,#9897,#9907));
#9880=CARTESIAN_POINT('',(2.921,0.381,-4.89));
#9879=VERTEX_POINT('',#9880);
#9882=CARTESIAN_POINT('',(2.921,-0.381,-4.89));
#9881=VERTEX_POINT('',#9882);
#9878=EDGE_CURVE('',#9879,#9881,#9883,.T.);
#9883=LINE('',#9880,#9885);
#9885=VECTOR('',#9886,0.762);
#9886=DIRECTION('',(0.0,-1.0,0.0));
#9877=ORIENTED_EDGE('',*,*,#9878,.F.);
#9888=EDGE_CURVE('',#9840,#9879,#9893,.T.);
#9893=LINE('',#9841,#9895);
#9895=VECTOR('',#9896,4.8895);
#9896=DIRECTION('',(0.0,0.0,-1.0));
#9887=ORIENTED_EDGE('',*,*,#9888,.F.);
#9897=ORIENTED_EDGE('',*,*,#9839,.T.);
#9908=EDGE_CURVE('',#9881,#9830,#9913,.T.);
#9913=LINE('',#9882,#9915);
#9915=VECTOR('',#9916,4.8895);
#9916=DIRECTION('',(0.0,0.0,1.0));
#9907=ORIENTED_EDGE('',*,*,#9908,.F.);
#9917=STYLED_ITEM('',(#34),#9918);
#9918=ADVANCED_FACE('',(#9924),#9919,.T.);
#9919=PLANE('',#9920);
#9920=AXIS2_PLACEMENT_3D('',#9921,#9922,#9923);
#9921=CARTESIAN_POINT('',(2.921,0.381,-4.89));
#9922=DIRECTION('',(0.0,1.0,0.0));
#9923=DIRECTION('',(0.,0.,1.));
#9924=FACE_OUTER_BOUND('',#9925,.T.);
#9925=EDGE_LOOP('',(#9926,#9936,#9946,#9956));
#9929=CARTESIAN_POINT('',(2.159,0.381,-4.89));
#9928=VERTEX_POINT('',#9929);
#9927=EDGE_CURVE('',#9928,#9879,#9932,.T.);
#9932=LINE('',#9929,#9934);
#9934=VECTOR('',#9935,0.762);
#9935=DIRECTION('',(1.0,0.0,0.0));
#9926=ORIENTED_EDGE('',*,*,#9927,.F.);
#9937=EDGE_CURVE('',#9850,#9928,#9942,.T.);
#9942=LINE('',#9851,#9944);
#9944=VECTOR('',#9945,4.8895);
#9945=DIRECTION('',(0.0,0.0,-1.0));
#9936=ORIENTED_EDGE('',*,*,#9937,.F.);
#9946=ORIENTED_EDGE('',*,*,#9849,.T.);
#9956=ORIENTED_EDGE('',*,*,#9888,.T.);
#9966=STYLED_ITEM('',(#34),#9967);
#9967=ADVANCED_FACE('',(#9973),#9968,.T.);
#9968=PLANE('',#9969);
#9969=AXIS2_PLACEMENT_3D('',#9970,#9971,#9972);
#9970=CARTESIAN_POINT('',(2.159,0.381,-4.89));
#9971=DIRECTION('',(-1.0,0.0,0.0));
#9972=DIRECTION('',(0.,0.,1.));
#9973=FACE_OUTER_BOUND('',#9974,.T.);
#9974=EDGE_LOOP('',(#9975,#9985,#9995,#10005));
#9978=CARTESIAN_POINT('',(2.159,-0.381,-4.89));
#9977=VERTEX_POINT('',#9978);
#9976=EDGE_CURVE('',#9977,#9928,#9981,.T.);
#9981=LINE('',#9978,#9983);
#9983=VECTOR('',#9984,0.762);
#9984=DIRECTION('',(0.0,1.0,0.0));
#9975=ORIENTED_EDGE('',*,*,#9976,.F.);
#9986=EDGE_CURVE('',#9832,#9977,#9991,.T.);
#9991=LINE('',#9833,#9993);
#9993=VECTOR('',#9994,4.8895);
#9994=DIRECTION('',(0.0,0.0,-1.0));
#9985=ORIENTED_EDGE('',*,*,#9986,.F.);
#9995=ORIENTED_EDGE('',*,*,#9859,.T.);
#10005=ORIENTED_EDGE('',*,*,#9937,.T.);
#10015=STYLED_ITEM('',(#34),#10016);
#10016=ADVANCED_FACE('',(#10022),#10017,.T.);
#10017=PLANE('',#10018);
#10018=AXIS2_PLACEMENT_3D('',#10019,#10020,#10021);
#10019=CARTESIAN_POINT('',(2.159,-0.381,-4.89));
#10020=DIRECTION('',(0.0,-1.0,0.0));
#10021=DIRECTION('',(0.,0.,1.));
#10022=FACE_OUTER_BOUND('',#10023,.T.);
#10023=EDGE_LOOP('',(#10024,#10034,#10044,#10054));
#10025=EDGE_CURVE('',#9881,#9977,#10030,.T.);
#10030=LINE('',#9882,#10032);
#10032=VECTOR('',#10033,0.762);
#10033=DIRECTION('',(-1.0,0.0,0.0));
#10024=ORIENTED_EDGE('',*,*,#10025,.F.);
#10034=ORIENTED_EDGE('',*,*,#9908,.T.);
#10044=ORIENTED_EDGE('',*,*,#9829,.T.);
#10054=ORIENTED_EDGE('',*,*,#9986,.T.);
#10064=STYLED_ITEM('',(#34),#10065);
#10065=ADVANCED_FACE('',(#10071),#10066,.T.);
#10066=PLANE('',#10067);
#10067=AXIS2_PLACEMENT_3D('',#10068,#10069,#10070);
#10068=CARTESIAN_POINT('',(2.73,-0.19,-5.08));
#10069=DIRECTION('',(0.707,0.0,-0.707));
#10070=DIRECTION('',(0.,0.,1.));
#10071=FACE_OUTER_BOUND('',#10072,.T.);
#10072=EDGE_LOOP('',(#10073,#10083,#10093,#10103));
#10076=CARTESIAN_POINT('',(2.73,0.19,-5.08));
#10075=VERTEX_POINT('',#10076);
#10078=CARTESIAN_POINT('',(2.73,-0.19,-5.08));
#10077=VERTEX_POINT('',#10078);
#10074=EDGE_CURVE('',#10075,#10077,#10079,.T.);
#10079=LINE('',#10076,#10081);
#10081=VECTOR('',#10082,0.381);
#10082=DIRECTION('',(0.0,-1.0,0.0));
#10073=ORIENTED_EDGE('',*,*,#10074,.F.);
#10084=EDGE_CURVE('',#9879,#10075,#10089,.T.);
#10089=LINE('',#9880,#10091);
#10091=VECTOR('',#10092,0.329955678841871);
#10092=DIRECTION('',(-0.577,-0.577,-0.577));
#10083=ORIENTED_EDGE('',*,*,#10084,.F.);
#10093=ORIENTED_EDGE('',*,*,#9878,.T.);
#10104=EDGE_CURVE('',#10077,#9881,#10109,.T.);
#10109=LINE('',#10078,#10111);
#10111=VECTOR('',#10112,0.329955678841871);
#10112=DIRECTION('',(0.577,-0.577,0.577));
#10103=ORIENTED_EDGE('',*,*,#10104,.F.);
#10113=STYLED_ITEM('',(#34),#10114);
#10114=ADVANCED_FACE('',(#10120),#10115,.T.);
#10115=PLANE('',#10116);
#10116=AXIS2_PLACEMENT_3D('',#10117,#10118,#10119);
#10117=CARTESIAN_POINT('',(2.73,0.19,-5.08));
#10118=DIRECTION('',(0.0,0.707,-0.707));
#10119=DIRECTION('',(0.,0.,1.));
#10120=FACE_OUTER_BOUND('',#10121,.T.);
#10121=EDGE_LOOP('',(#10122,#10132,#10142,#10152));
#10125=CARTESIAN_POINT('',(2.35,0.19,-5.08));
#10124=VERTEX_POINT('',#10125);
#10123=EDGE_CURVE('',#10124,#10075,#10128,.T.);
#10128=LINE('',#10125,#10130);
#10130=VECTOR('',#10131,0.381);
#10131=DIRECTION('',(1.0,0.0,0.0));
#10122=ORIENTED_EDGE('',*,*,#10123,.F.);
#10133=EDGE_CURVE('',#9928,#10124,#10138,.T.);
#10138=LINE('',#9929,#10140);
#10140=VECTOR('',#10141,0.329955678841871);
#10141=DIRECTION('',(0.577,-0.577,-0.577));
#10132=ORIENTED_EDGE('',*,*,#10133,.F.);
#10142=ORIENTED_EDGE('',*,*,#9927,.T.);
#10152=ORIENTED_EDGE('',*,*,#10084,.T.);
#10162=STYLED_ITEM('',(#34),#10163);
#10163=ADVANCED_FACE('',(#10169),#10164,.T.);
#10164=PLANE('',#10165);
#10165=AXIS2_PLACEMENT_3D('',#10166,#10167,#10168);
#10166=CARTESIAN_POINT('',(2.35,0.19,-5.08));
#10167=DIRECTION('',(-0.707,0.0,-0.707));
#10168=DIRECTION('',(0.,0.,1.));
#10169=FACE_OUTER_BOUND('',#10170,.T.);
#10170=EDGE_LOOP('',(#10171,#10181,#10191,#10201));
#10174=CARTESIAN_POINT('',(2.35,-0.19,-5.08));
#10173=VERTEX_POINT('',#10174);
#10172=EDGE_CURVE('',#10173,#10124,#10177,.T.);
#10177=LINE('',#10174,#10179);
#10179=VECTOR('',#10180,0.381);
#10180=DIRECTION('',(0.0,1.0,0.0));
#10171=ORIENTED_EDGE('',*,*,#10172,.F.);
#10182=EDGE_CURVE('',#9977,#10173,#10187,.T.);
#10187=LINE('',#9978,#10189);
#10189=VECTOR('',#10190,0.329955678841871);
#10190=DIRECTION('',(0.577,0.577,-0.577));
#10181=ORIENTED_EDGE('',*,*,#10182,.F.);
#10191=ORIENTED_EDGE('',*,*,#9976,.T.);
#10201=ORIENTED_EDGE('',*,*,#10133,.T.);
#10211=STYLED_ITEM('',(#34),#10212);
#10212=ADVANCED_FACE('',(#10218),#10213,.T.);
#10213=PLANE('',#10214);
#10214=AXIS2_PLACEMENT_3D('',#10215,#10216,#10217);
#10215=CARTESIAN_POINT('',(2.35,-0.19,-5.08));
#10216=DIRECTION('',(0.0,-0.707,-0.707));
#10217=DIRECTION('',(0.,0.,1.));
#10218=FACE_OUTER_BOUND('',#10219,.T.);
#10219=EDGE_LOOP('',(#10220,#10230,#10240,#10250));
#10221=EDGE_CURVE('',#10077,#10173,#10226,.T.);
#10226=LINE('',#10078,#10228);
#10228=VECTOR('',#10229,0.381);
#10229=DIRECTION('',(-1.0,0.0,0.0));
#10220=ORIENTED_EDGE('',*,*,#10221,.F.);
#10230=ORIENTED_EDGE('',*,*,#10104,.T.);
#10240=ORIENTED_EDGE('',*,*,#10025,.T.);
#10250=ORIENTED_EDGE('',*,*,#10182,.T.);
#10260=STYLED_ITEM('',(#34),#10261);
#10261=ADVANCED_FACE('',(#10267),#10262,.T.);
#10262=PLANE('',#10263);
#10263=AXIS2_PLACEMENT_3D('',#10264,#10265,#10266);
#10264=CARTESIAN_POINT('',(2.35,0.19,-5.08));
#10265=DIRECTION('',(0.0,0.0,-1.0));
#10266=DIRECTION('',(0.,1.,0.));
#10267=FACE_OUTER_BOUND('',#10268,.T.);
#10268=EDGE_LOOP('',(#10269,#10279,#10289,#10299));
#10269=ORIENTED_EDGE('',*,*,#10123,.T.);
#10279=ORIENTED_EDGE('',*,*,#10074,.T.);
#10289=ORIENTED_EDGE('',*,*,#10221,.T.);
#10299=ORIENTED_EDGE('',*,*,#10172,.T.);
#10309=MANIFOLD_SOLID_BREP($,#10310);
#10310=CLOSED_SHELL('',(#10314,#10363,#10412,#10461,#10510,#10559,#10608,#10657,#10706,#10755));
#10311=MANIFOLD_SOLID_BREP($,#10312);
#10312=CLOSED_SHELL('',(#10804,#10853,#10902,#10951,#11000,#11049,#11098,#11147,#11196,#11245));
#10313=STYLED_ITEM('',(#34),#10314);
#10314=ADVANCED_FACE('',(#10320),#10315,.T.);
#10315=PLANE('',#10316);
#10316=AXIS2_PLACEMENT_3D('',#10317,#10318,#10319);
#10317=CARTESIAN_POINT('',(-0.19,-0.19,8.509));
#10318=DIRECTION('',(0.0,0.0,1.0));
#10319=DIRECTION('',(0.,1.,0.));
#10320=FACE_OUTER_BOUND('',#10321,.T.);
#10321=EDGE_LOOP('',(#10322,#10332,#10342,#10352));
#10325=CARTESIAN_POINT('',(0.19,-0.19,8.509));
#10324=VERTEX_POINT('',#10325);
#10327=CARTESIAN_POINT('',(-0.19,-0.19,8.509));
#10326=VERTEX_POINT('',#10327);
#10323=EDGE_CURVE('',#10324,#10326,#10328,.T.);
#10328=LINE('',#10325,#10330);
#10330=VECTOR('',#10331,0.381);
#10331=DIRECTION('',(-1.0,0.0,0.0));
#10322=ORIENTED_EDGE('',*,*,#10323,.F.);
#10335=CARTESIAN_POINT('',(0.19,0.19,8.509));
#10334=VERTEX_POINT('',#10335);
#10333=EDGE_CURVE('',#10334,#10324,#10338,.T.);
#10338=LINE('',#10335,#10340);
#10340=VECTOR('',#10341,0.381);
#10341=DIRECTION('',(0.0,-1.0,0.0));
#10332=ORIENTED_EDGE('',*,*,#10333,.F.);
#10345=CARTESIAN_POINT('',(-0.19,0.19,8.509));
#10344=VERTEX_POINT('',#10345);
#10343=EDGE_CURVE('',#10344,#10334,#10348,.T.);
#10348=LINE('',#10345,#10350);
#10350=VECTOR('',#10351,0.381);
#10351=DIRECTION('',(1.0,0.0,0.0));
#10342=ORIENTED_EDGE('',*,*,#10343,.F.);
#10353=EDGE_CURVE('',#10326,#10344,#10358,.T.);
#10358=LINE('',#10327,#10360);
#10360=VECTOR('',#10361,0.381);
#10361=DIRECTION('',(0.0,1.0,0.0));
#10352=ORIENTED_EDGE('',*,*,#10353,.F.);
#10362=STYLED_ITEM('',(#34),#10363);
#10363=ADVANCED_FACE('',(#10369),#10364,.T.);
#10364=PLANE('',#10365);
#10365=AXIS2_PLACEMENT_3D('',#10366,#10367,#10368);
#10366=CARTESIAN_POINT('',(0.381,-0.381,8.318));
#10367=DIRECTION('',(0.707,0.0,0.707));
#10368=DIRECTION('',(0.,0.,1.));
#10369=FACE_OUTER_BOUND('',#10370,.T.);
#10370=EDGE_LOOP('',(#10371,#10381,#10391,#10401));
#10374=CARTESIAN_POINT('',(0.381,0.381,8.318));
#10373=VERTEX_POINT('',#10374);
#10376=CARTESIAN_POINT('',(0.381,-0.381,8.318));
#10375=VERTEX_POINT('',#10376);
#10372=EDGE_CURVE('',#10373,#10375,#10377,.T.);
#10377=LINE('',#10374,#10379);
#10379=VECTOR('',#10380,0.762);
#10380=DIRECTION('',(0.0,-1.0,0.0));
#10371=ORIENTED_EDGE('',*,*,#10372,.F.);
#10382=EDGE_CURVE('',#10334,#10373,#10387,.T.);
#10387=LINE('',#10335,#10389);
#10389=VECTOR('',#10390,0.329955678841871);
#10390=DIRECTION('',(0.577,0.577,-0.577));
#10381=ORIENTED_EDGE('',*,*,#10382,.F.);
#10391=ORIENTED_EDGE('',*,*,#10333,.T.);
#10402=EDGE_CURVE('',#10375,#10324,#10407,.T.);
#10407=LINE('',#10376,#10409);
#10409=VECTOR('',#10410,0.329955678841871);
#10410=DIRECTION('',(-0.577,0.577,0.577));
#10401=ORIENTED_EDGE('',*,*,#10402,.F.);
#10411=STYLED_ITEM('',(#34),#10412);
#10412=ADVANCED_FACE('',(#10418),#10413,.T.);
#10413=PLANE('',#10414);
#10414=AXIS2_PLACEMENT_3D('',#10415,#10416,#10417);
#10415=CARTESIAN_POINT('',(0.381,0.381,8.318));
#10416=DIRECTION('',(0.0,0.707,0.707));
#10417=DIRECTION('',(0.,0.,1.));
#10418=FACE_OUTER_BOUND('',#10419,.T.);
#10419=EDGE_LOOP('',(#10420,#10430,#10440,#10450));
#10423=CARTESIAN_POINT('',(-0.381,0.381,8.318));
#10422=VERTEX_POINT('',#10423);
#10421=EDGE_CURVE('',#10422,#10373,#10426,.T.);
#10426=LINE('',#10423,#10428);
#10428=VECTOR('',#10429,0.762);
#10429=DIRECTION('',(1.0,0.0,0.0));
#10420=ORIENTED_EDGE('',*,*,#10421,.F.);
#10431=EDGE_CURVE('',#10344,#10422,#10436,.T.);
#10436=LINE('',#10345,#10438);
#10438=VECTOR('',#10439,0.329955678841871);
#10439=DIRECTION('',(-0.577,0.577,-0.577));
#10430=ORIENTED_EDGE('',*,*,#10431,.F.);
#10440=ORIENTED_EDGE('',*,*,#10343,.T.);
#10450=ORIENTED_EDGE('',*,*,#10382,.T.);
#10460=STYLED_ITEM('',(#34),#10461);
#10461=ADVANCED_FACE('',(#10467),#10462,.T.);
#10462=PLANE('',#10463);
#10463=AXIS2_PLACEMENT_3D('',#10464,#10465,#10466);
#10464=CARTESIAN_POINT('',(-0.381,0.381,8.318));
#10465=DIRECTION('',(-0.707,0.0,0.707));
#10466=DIRECTION('',(0.,0.,1.));
#10467=FACE_OUTER_BOUND('',#10468,.T.);
#10468=EDGE_LOOP('',(#10469,#10479,#10489,#10499));
#10472=CARTESIAN_POINT('',(-0.381,-0.381,8.318));
#10471=VERTEX_POINT('',#10472);
#10470=EDGE_CURVE('',#10471,#10422,#10475,.T.);
#10475=LINE('',#10472,#10477);
#10477=VECTOR('',#10478,0.762);
#10478=DIRECTION('',(0.0,1.0,0.0));
#10469=ORIENTED_EDGE('',*,*,#10470,.F.);
#10480=EDGE_CURVE('',#10326,#10471,#10485,.T.);
#10485=LINE('',#10327,#10487);
#10487=VECTOR('',#10488,0.329955678841871);
#10488=DIRECTION('',(-0.577,-0.577,-0.577));
#10479=ORIENTED_EDGE('',*,*,#10480,.F.);
#10489=ORIENTED_EDGE('',*,*,#10353,.T.);
#10499=ORIENTED_EDGE('',*,*,#10431,.T.);
#10509=STYLED_ITEM('',(#34),#10510);
#10510=ADVANCED_FACE('',(#10516),#10511,.T.);
#10511=PLANE('',#10512);
#10512=AXIS2_PLACEMENT_3D('',#10513,#10514,#10515);
#10513=CARTESIAN_POINT('',(-0.381,-0.381,8.318));
#10514=DIRECTION('',(0.0,-0.707,0.707));
#10515=DIRECTION('',(0.,0.,1.));
#10516=FACE_OUTER_BOUND('',#10517,.T.);
#10517=EDGE_LOOP('',(#10518,#10528,#10538,#10548));
#10519=EDGE_CURVE('',#10375,#10471,#10524,.T.);
#10524=LINE('',#10376,#10526);
#10526=VECTOR('',#10527,0.762);
#10527=DIRECTION('',(-1.0,0.0,0.0));
#10518=ORIENTED_EDGE('',*,*,#10519,.F.);
#10528=ORIENTED_EDGE('',*,*,#10402,.T.);
#10538=ORIENTED_EDGE('',*,*,#10323,.T.);
#10548=ORIENTED_EDGE('',*,*,#10480,.T.);
#10558=STYLED_ITEM('',(#34),#10559);
#10559=ADVANCED_FACE('',(#10565),#10560,.T.);
#10560=PLANE('',#10561);
#10561=AXIS2_PLACEMENT_3D('',#10562,#10563,#10564);
#10562=CARTESIAN_POINT('',(0.381,-0.381,2.532));
#10563=DIRECTION('',(1.0,0.0,0.0));
#10564=DIRECTION('',(0.,0.,1.));
#10565=FACE_OUTER_BOUND('',#10566,.T.);
#10566=EDGE_LOOP('',(#10567,#10577,#10587,#10597));
#10570=CARTESIAN_POINT('',(0.381,0.381,2.532));
#10569=VERTEX_POINT('',#10570);
#10572=CARTESIAN_POINT('',(0.381,-0.381,2.532));
#10571=VERTEX_POINT('',#10572);
#10568=EDGE_CURVE('',#10569,#10571,#10573,.T.);
#10573=LINE('',#10570,#10575);
#10575=VECTOR('',#10576,0.762);
#10576=DIRECTION('',(0.0,-1.0,0.0));
#10567=ORIENTED_EDGE('',*,*,#10568,.F.);
#10578=EDGE_CURVE('',#10373,#10569,#10583,.T.);
#10583=LINE('',#10374,#10585);
#10585=VECTOR('',#10586,5.7869691982);
#10586=DIRECTION('',(0.0,0.0,-1.0));
#10577=ORIENTED_EDGE('',*,*,#10578,.F.);
#10587=ORIENTED_EDGE('',*,*,#10372,.T.);
#10598=EDGE_CURVE('',#10571,#10375,#10603,.T.);
#10603=LINE('',#10572,#10605);
#10605=VECTOR('',#10606,5.7869691982);
#10606=DIRECTION('',(0.0,0.0,1.0));
#10597=ORIENTED_EDGE('',*,*,#10598,.F.);
#10607=STYLED_ITEM('',(#34),#10608);
#10608=ADVANCED_FACE('',(#10614),#10609,.T.);
#10609=PLANE('',#10610);
#10610=AXIS2_PLACEMENT_3D('',#10611,#10612,#10613);
#10611=CARTESIAN_POINT('',(0.381,0.381,2.532));
#10612=DIRECTION('',(0.0,1.0,0.0));
#10613=DIRECTION('',(0.,0.,1.));
#10614=FACE_OUTER_BOUND('',#10615,.T.);
#10615=EDGE_LOOP('',(#10616,#10626,#10636,#10646));
#10619=CARTESIAN_POINT('',(-0.381,0.381,2.532));
#10618=VERTEX_POINT('',#10619);
#10617=EDGE_CURVE('',#10618,#10569,#10622,.T.);
#10622=LINE('',#10619,#10624);
#10624=VECTOR('',#10625,0.762);
#10625=DIRECTION('',(1.0,0.0,0.0));
#10616=ORIENTED_EDGE('',*,*,#10617,.F.);
#10627=EDGE_CURVE('',#10422,#10618,#10632,.T.);
#10632=LINE('',#10423,#10634);
#10634=VECTOR('',#10635,5.7869691982);
#10635=DIRECTION('',(0.0,0.0,-1.0));
#10626=ORIENTED_EDGE('',*,*,#10627,.F.);
#10636=ORIENTED_EDGE('',*,*,#10421,.T.);
#10646=ORIENTED_EDGE('',*,*,#10578,.T.);
#10656=STYLED_ITEM('',(#34),#10657);
#10657=ADVANCED_FACE('',(#10663),#10658,.T.);
#10658=PLANE('',#10659);
#10659=AXIS2_PLACEMENT_3D('',#10660,#10661,#10662);
#10660=CARTESIAN_POINT('',(-0.381,0.381,2.532));
#10661=DIRECTION('',(-1.0,0.0,0.0));
#10662=DIRECTION('',(0.,0.,1.));
#10663=FACE_OUTER_BOUND('',#10664,.T.);
#10664=EDGE_LOOP('',(#10665,#10675,#10685,#10695));
#10668=CARTESIAN_POINT('',(-0.381,-0.381,2.532));
#10667=VERTEX_POINT('',#10668);
#10666=EDGE_CURVE('',#10667,#10618,#10671,.T.);
#10671=LINE('',#10668,#10673);
#10673=VECTOR('',#10674,0.762);
#10674=DIRECTION('',(0.0,1.0,0.0));
#10665=ORIENTED_EDGE('',*,*,#10666,.F.);
#10676=EDGE_CURVE('',#10471,#10667,#10681,.T.);
#10681=LINE('',#10472,#10683);
#10683=VECTOR('',#10684,5.7869691982);
#10684=DIRECTION('',(0.0,0.0,-1.0));
#10675=ORIENTED_EDGE('',*,*,#10676,.F.);
#10685=ORIENTED_EDGE('',*,*,#10470,.T.);
#10695=ORIENTED_EDGE('',*,*,#10627,.T.);
#10705=STYLED_ITEM('',(#34),#10706);
#10706=ADVANCED_FACE('',(#10712),#10707,.T.);
#10707=PLANE('',#10708);
#10708=AXIS2_PLACEMENT_3D('',#10709,#10710,#10711);
#10709=CARTESIAN_POINT('',(-0.381,-0.381,2.532));
#10710=DIRECTION('',(0.0,-1.0,0.0));
#10711=DIRECTION('',(0.,0.,1.));
#10712=FACE_OUTER_BOUND('',#10713,.T.);
#10713=EDGE_LOOP('',(#10714,#10724,#10734,#10744));
#10715=EDGE_CURVE('',#10571,#10667,#10720,.T.);
#10720=LINE('',#10572,#10722);
#10722=VECTOR('',#10723,0.762);
#10723=DIRECTION('',(-1.0,0.0,0.0));
#10714=ORIENTED_EDGE('',*,*,#10715,.F.);
#10724=ORIENTED_EDGE('',*,*,#10598,.T.);
#10734=ORIENTED_EDGE('',*,*,#10519,.T.);
#10744=ORIENTED_EDGE('',*,*,#10676,.T.);
#10754=STYLED_ITEM('',(#34),#10755);
#10755=ADVANCED_FACE('',(#10761),#10756,.T.);
#10756=PLANE('',#10757);
#10757=AXIS2_PLACEMENT_3D('',#10758,#10759,#10760);
#10758=CARTESIAN_POINT('',(-0.381,0.381,2.532));
#10759=DIRECTION('',(0.0,0.0,-1.0));
#10760=DIRECTION('',(0.,1.,0.));
#10761=FACE_OUTER_BOUND('',#10762,.T.);
#10762=EDGE_LOOP('',(#10763,#10773,#10783,#10793));
#10763=ORIENTED_EDGE('',*,*,#10617,.T.);
#10773=ORIENTED_EDGE('',*,*,#10568,.T.);
#10783=ORIENTED_EDGE('',*,*,#10715,.T.);
#10793=ORIENTED_EDGE('',*,*,#10666,.T.);
#10803=STYLED_ITEM('',(#34),#10804);
#10804=ADVANCED_FACE('',(#10810),#10805,.T.);
#10805=PLANE('',#10806);
#10806=AXIS2_PLACEMENT_3D('',#10807,#10808,#10809);
#10807=CARTESIAN_POINT('',(-0.381,-0.381,0.0));
#10808=DIRECTION('',(0.0,0.0,1.0));
#10809=DIRECTION('',(0.,1.,0.));
#10810=FACE_OUTER_BOUND('',#10811,.T.);
#10811=EDGE_LOOP('',(#10812,#10822,#10832,#10842));
#10815=CARTESIAN_POINT('',(0.381,-0.381,0.0));
#10814=VERTEX_POINT('',#10815);
#10817=CARTESIAN_POINT('',(-0.381,-0.381,0.0));
#10816=VERTEX_POINT('',#10817);
#10813=EDGE_CURVE('',#10814,#10816,#10818,.T.);
#10818=LINE('',#10815,#10820);
#10820=VECTOR('',#10821,0.762);
#10821=DIRECTION('',(-1.0,0.0,0.0));
#10812=ORIENTED_EDGE('',*,*,#10813,.F.);
#10825=CARTESIAN_POINT('',(0.381,0.381,0.0));
#10824=VERTEX_POINT('',#10825);
#10823=EDGE_CURVE('',#10824,#10814,#10828,.T.);
#10828=LINE('',#10825,#10830);
#10830=VECTOR('',#10831,0.762);
#10831=DIRECTION('',(0.0,-1.0,0.0));
#10822=ORIENTED_EDGE('',*,*,#10823,.F.);
#10835=CARTESIAN_POINT('',(-0.381,0.381,0.0));
#10834=VERTEX_POINT('',#10835);
#10833=EDGE_CURVE('',#10834,#10824,#10838,.T.);
#10838=LINE('',#10835,#10840);
#10840=VECTOR('',#10841,0.762);
#10841=DIRECTION('',(1.0,0.0,0.0));
#10832=ORIENTED_EDGE('',*,*,#10833,.F.);
#10843=EDGE_CURVE('',#10816,#10834,#10848,.T.);
#10848=LINE('',#10817,#10850);
#10850=VECTOR('',#10851,0.762);
#10851=DIRECTION('',(0.0,1.0,0.0));
#10842=ORIENTED_EDGE('',*,*,#10843,.F.);
#10852=STYLED_ITEM('',(#34),#10853);
#10853=ADVANCED_FACE('',(#10859),#10854,.T.);
#10854=PLANE('',#10855);
#10855=AXIS2_PLACEMENT_3D('',#10856,#10857,#10858);
#10856=CARTESIAN_POINT('',(0.381,-0.381,-4.89));
#10857=DIRECTION('',(1.0,0.0,0.0));
#10858=DIRECTION('',(0.,0.,1.));
#10859=FACE_OUTER_BOUND('',#10860,.T.);
#10860=EDGE_LOOP('',(#10861,#10871,#10881,#10891));
#10864=CARTESIAN_POINT('',(0.381,0.381,-4.89));
#10863=VERTEX_POINT('',#10864);
#10866=CARTESIAN_POINT('',(0.381,-0.381,-4.89));
#10865=VERTEX_POINT('',#10866);
#10862=EDGE_CURVE('',#10863,#10865,#10867,.T.);
#10867=LINE('',#10864,#10869);
#10869=VECTOR('',#10870,0.762);
#10870=DIRECTION('',(0.0,-1.0,0.0));
#10861=ORIENTED_EDGE('',*,*,#10862,.F.);
#10872=EDGE_CURVE('',#10824,#10863,#10877,.T.);
#10877=LINE('',#10825,#10879);
#10879=VECTOR('',#10880,4.8895);
#10880=DIRECTION('',(0.0,0.0,-1.0));
#10871=ORIENTED_EDGE('',*,*,#10872,.F.);
#10881=ORIENTED_EDGE('',*,*,#10823,.T.);
#10892=EDGE_CURVE('',#10865,#10814,#10897,.T.);
#10897=LINE('',#10866,#10899);
#10899=VECTOR('',#10900,4.8895);
#10900=DIRECTION('',(0.0,0.0,1.0));
#10891=ORIENTED_EDGE('',*,*,#10892,.F.);
#10901=STYLED_ITEM('',(#34),#10902);
#10902=ADVANCED_FACE('',(#10908),#10903,.T.);
#10903=PLANE('',#10904);
#10904=AXIS2_PLACEMENT_3D('',#10905,#10906,#10907);
#10905=CARTESIAN_POINT('',(0.381,0.381,-4.89));
#10906=DIRECTION('',(0.0,1.0,0.0));
#10907=DIRECTION('',(0.,0.,1.));
#10908=FACE_OUTER_BOUND('',#10909,.T.);
#10909=EDGE_LOOP('',(#10910,#10920,#10930,#10940));
#10913=CARTESIAN_POINT('',(-0.381,0.381,-4.89));
#10912=VERTEX_POINT('',#10913);
#10911=EDGE_CURVE('',#10912,#10863,#10916,.T.);
#10916=LINE('',#10913,#10918);
#10918=VECTOR('',#10919,0.762);
#10919=DIRECTION('',(1.0,0.0,0.0));
#10910=ORIENTED_EDGE('',*,*,#10911,.F.);
#10921=EDGE_CURVE('',#10834,#10912,#10926,.T.);
#10926=LINE('',#10835,#10928);
#10928=VECTOR('',#10929,4.8895);
#10929=DIRECTION('',(0.0,0.0,-1.0));
#10920=ORIENTED_EDGE('',*,*,#10921,.F.);
#10930=ORIENTED_EDGE('',*,*,#10833,.T.);
#10940=ORIENTED_EDGE('',*,*,#10872,.T.);
#10950=STYLED_ITEM('',(#34),#10951);
#10951=ADVANCED_FACE('',(#10957),#10952,.T.);
#10952=PLANE('',#10953);
#10953=AXIS2_PLACEMENT_3D('',#10954,#10955,#10956);
#10954=CARTESIAN_POINT('',(-0.381,0.381,-4.89));
#10955=DIRECTION('',(-1.0,0.0,0.0));
#10956=DIRECTION('',(0.,0.,1.));
#10957=FACE_OUTER_BOUND('',#10958,.T.);
#10958=EDGE_LOOP('',(#10959,#10969,#10979,#10989));
#10962=CARTESIAN_POINT('',(-0.381,-0.381,-4.89));
#10961=VERTEX_POINT('',#10962);
#10960=EDGE_CURVE('',#10961,#10912,#10965,.T.);
#10965=LINE('',#10962,#10967);
#10967=VECTOR('',#10968,0.762);
#10968=DIRECTION('',(0.0,1.0,0.0));
#10959=ORIENTED_EDGE('',*,*,#10960,.F.);
#10970=EDGE_CURVE('',#10816,#10961,#10975,.T.);
#10975=LINE('',#10817,#10977);
#10977=VECTOR('',#10978,4.8895);
#10978=DIRECTION('',(0.0,0.0,-1.0));
#10969=ORIENTED_EDGE('',*,*,#10970,.F.);
#10979=ORIENTED_EDGE('',*,*,#10843,.T.);
#10989=ORIENTED_EDGE('',*,*,#10921,.T.);
#10999=STYLED_ITEM('',(#34),#11000);
#11000=ADVANCED_FACE('',(#11006),#11001,.T.);
#11001=PLANE('',#11002);
#11002=AXIS2_PLACEMENT_3D('',#11003,#11004,#11005);
#11003=CARTESIAN_POINT('',(-0.381,-0.381,-4.89));
#11004=DIRECTION('',(0.0,-1.0,0.0));
#11005=DIRECTION('',(0.,0.,1.));
#11006=FACE_OUTER_BOUND('',#11007,.T.);
#11007=EDGE_LOOP('',(#11008,#11018,#11028,#11038));
#11009=EDGE_CURVE('',#10865,#10961,#11014,.T.);
#11014=LINE('',#10866,#11016);
#11016=VECTOR('',#11017,0.762);
#11017=DIRECTION('',(-1.0,0.0,0.0));
#11008=ORIENTED_EDGE('',*,*,#11009,.F.);
#11018=ORIENTED_EDGE('',*,*,#10892,.T.);
#11028=ORIENTED_EDGE('',*,*,#10813,.T.);
#11038=ORIENTED_EDGE('',*,*,#10970,.T.);
#11048=STYLED_ITEM('',(#34),#11049);
#11049=ADVANCED_FACE('',(#11055),#11050,.T.);
#11050=PLANE('',#11051);
#11051=AXIS2_PLACEMENT_3D('',#11052,#11053,#11054);
#11052=CARTESIAN_POINT('',(0.19,-0.19,-5.08));
#11053=DIRECTION('',(0.707,0.0,-0.707));
#11054=DIRECTION('',(0.,0.,1.));
#11055=FACE_OUTER_BOUND('',#11056,.T.);
#11056=EDGE_LOOP('',(#11057,#11067,#11077,#11087));
#11060=CARTESIAN_POINT('',(0.19,0.19,-5.08));
#11059=VERTEX_POINT('',#11060);
#11062=CARTESIAN_POINT('',(0.19,-0.19,-5.08));
#11061=VERTEX_POINT('',#11062);
#11058=EDGE_CURVE('',#11059,#11061,#11063,.T.);
#11063=LINE('',#11060,#11065);
#11065=VECTOR('',#11066,0.381);
#11066=DIRECTION('',(0.0,-1.0,0.0));
#11057=ORIENTED_EDGE('',*,*,#11058,.F.);
#11068=EDGE_CURVE('',#10863,#11059,#11073,.T.);
#11073=LINE('',#10864,#11075);
#11075=VECTOR('',#11076,0.329955678841871);
#11076=DIRECTION('',(-0.577,-0.577,-0.577));
#11067=ORIENTED_EDGE('',*,*,#11068,.F.);
#11077=ORIENTED_EDGE('',*,*,#10862,.T.);
#11088=EDGE_CURVE('',#11061,#10865,#11093,.T.);
#11093=LINE('',#11062,#11095);
#11095=VECTOR('',#11096,0.329955678841871);
#11096=DIRECTION('',(0.577,-0.577,0.577));
#11087=ORIENTED_EDGE('',*,*,#11088,.F.);
#11097=STYLED_ITEM('',(#34),#11098);
#11098=ADVANCED_FACE('',(#11104),#11099,.T.);
#11099=PLANE('',#11100);
#11100=AXIS2_PLACEMENT_3D('',#11101,#11102,#11103);
#11101=CARTESIAN_POINT('',(0.19,0.19,-5.08));
#11102=DIRECTION('',(0.0,0.707,-0.707));
#11103=DIRECTION('',(0.,0.,1.));
#11104=FACE_OUTER_BOUND('',#11105,.T.);
#11105=EDGE_LOOP('',(#11106,#11116,#11126,#11136));
#11109=CARTESIAN_POINT('',(-0.19,0.19,-5.08));
#11108=VERTEX_POINT('',#11109);
#11107=EDGE_CURVE('',#11108,#11059,#11112,.T.);
#11112=LINE('',#11109,#11114);
#11114=VECTOR('',#11115,0.381);
#11115=DIRECTION('',(1.0,0.0,0.0));
#11106=ORIENTED_EDGE('',*,*,#11107,.F.);
#11117=EDGE_CURVE('',#10912,#11108,#11122,.T.);
#11122=LINE('',#10913,#11124);
#11124=VECTOR('',#11125,0.329955678841871);
#11125=DIRECTION('',(0.577,-0.577,-0.577));
#11116=ORIENTED_EDGE('',*,*,#11117,.F.);
#11126=ORIENTED_EDGE('',*,*,#10911,.T.);
#11136=ORIENTED_EDGE('',*,*,#11068,.T.);
#11146=STYLED_ITEM('',(#34),#11147);
#11147=ADVANCED_FACE('',(#11153),#11148,.T.);
#11148=PLANE('',#11149);
#11149=AXIS2_PLACEMENT_3D('',#11150,#11151,#11152);
#11150=CARTESIAN_POINT('',(-0.19,0.19,-5.08));
#11151=DIRECTION('',(-0.707,0.0,-0.707));
#11152=DIRECTION('',(0.,0.,1.));
#11153=FACE_OUTER_BOUND('',#11154,.T.);
#11154=EDGE_LOOP('',(#11155,#11165,#11175,#11185));
#11158=CARTESIAN_POINT('',(-0.19,-0.19,-5.08));
#11157=VERTEX_POINT('',#11158);
#11156=EDGE_CURVE('',#11157,#11108,#11161,.T.);
#11161=LINE('',#11158,#11163);
#11163=VECTOR('',#11164,0.381);
#11164=DIRECTION('',(0.0,1.0,0.0));
#11155=ORIENTED_EDGE('',*,*,#11156,.F.);
#11166=EDGE_CURVE('',#10961,#11157,#11171,.T.);
#11171=LINE('',#10962,#11173);
#11173=VECTOR('',#11174,0.329955678841871);
#11174=DIRECTION('',(0.577,0.577,-0.577));
#11165=ORIENTED_EDGE('',*,*,#11166,.F.);
#11175=ORIENTED_EDGE('',*,*,#10960,.T.);
#11185=ORIENTED_EDGE('',*,*,#11117,.T.);
#11195=STYLED_ITEM('',(#34),#11196);
#11196=ADVANCED_FACE('',(#11202),#11197,.T.);
#11197=PLANE('',#11198);
#11198=AXIS2_PLACEMENT_3D('',#11199,#11200,#11201);
#11199=CARTESIAN_POINT('',(-0.19,-0.19,-5.08));
#11200=DIRECTION('',(0.0,-0.707,-0.707));
#11201=DIRECTION('',(0.,0.,1.));
#11202=FACE_OUTER_BOUND('',#11203,.T.);
#11203=EDGE_LOOP('',(#11204,#11214,#11224,#11234));
#11205=EDGE_CURVE('',#11061,#11157,#11210,.T.);
#11210=LINE('',#11062,#11212);
#11212=VECTOR('',#11213,0.381);
#11213=DIRECTION('',(-1.0,0.0,0.0));
#11204=ORIENTED_EDGE('',*,*,#11205,.F.);
#11214=ORIENTED_EDGE('',*,*,#11088,.T.);
#11224=ORIENTED_EDGE('',*,*,#11009,.T.);
#11234=ORIENTED_EDGE('',*,*,#11166,.T.);
#11244=STYLED_ITEM('',(#34),#11245);
#11245=ADVANCED_FACE('',(#11251),#11246,.T.);
#11246=PLANE('',#11247);
#11247=AXIS2_PLACEMENT_3D('',#11248,#11249,#11250);
#11248=CARTESIAN_POINT('',(-0.19,0.19,-5.08));
#11249=DIRECTION('',(0.0,0.0,-1.0));
#11250=DIRECTION('',(0.,1.,0.));
#11251=FACE_OUTER_BOUND('',#11252,.T.);
#11252=EDGE_LOOP('',(#11253,#11263,#11273,#11283));
#11253=ORIENTED_EDGE('',*,*,#11107,.T.);
#11263=ORIENTED_EDGE('',*,*,#11058,.T.);
#11273=ORIENTED_EDGE('',*,*,#11205,.T.);
#11283=ORIENTED_EDGE('',*,*,#11156,.T.);
ENDSEC;
END-ISO-10303-21;
