ISO-10303-21;
HEADER;
FILE_DESCRIPTION(('FreeCAD Model'),'2;1');
FILE_NAME('Open CASCADE Shape Model','2026-02-02T23:45:03',('Author'),(
    ''),'Open CASCADE STEP processor 7.8','FreeCAD','Unknown');
FILE_SCHEMA(('AUTOMOTIVE_DESIGN { 1 0 10303 214 1 1 1 1 }'));
ENDSEC;
DATA;
#1 = APPLICATION_PROTOCOL_DEFINITION('international standard',
  'automotive_design',2000,#2);
#2 = APPLICATION_CONTEXT(
  'core data for automotive mechanical design processes');
#3 = SHAPE_DEFINITION_REPRESENTATION(#4,#10);
#4 = PRODUCT_DEFINITION_SHAPE('','',#5);
#5 = PRODUCT_DEFINITION('design','',#6,#9);
#6 = PRODUCT_DEFINITION_FORMATION('','',#7);
#7 = PRODUCT('fg_23742_150_sw','fg_23742_150_sw','',(#8));
#8 = PRODUCT_CONTEXT('',#2,'mechanical');
#9 = PRODUCT_DEFINITION_CONTEXT('part definition',#2,'design');
#10 = SHAPE_REPRESENTATION('',(#11,#15,#43,#93,#143,#190,#237,#287,#367,
    #435,#462,#552,#599,#646,#747,#782,#824,#859,#924,#968,#1033,#1077,
    #1119,#1161,#1203,#1247,#1294,#1338,#1385,#1436,#1528,#1579,#1621,
    #1663,#1753,#1870,#1934,#1996,#2058,#2111,#2158,#2219,#2269,#2332,
    #2462,#2555,#2602,#2710,#2766,#2813,#2860,#2907,#3152,#3245,#3315,
    #3376,#3432,#3540,#3587,#3634,#3681,#3737,#3779,#3826,#3873,#3920,
    #4050,#4113,#4163,#4224,#4271,#4334,#4450,#4497,#4544,#4604,#4666,
    #4730,#4860,#4907,#4969,#5022,#5069,#5144,#5191,#5291,#5338,#5385,
    #5460,#5510,#5574,#5624,#5688,#5738,#5784,#5834,#6012,#6067,#6245,
    #6287,#6334,#6404,#6451,#6567,#6630,#6677,#6737,#6784,#6831),#6873);
#11 = AXIS2_PLACEMENT_3D('',#12,#13,#14);
#12 = CARTESIAN_POINT('',(0.,0.,0.));
#13 = DIRECTION('',(0.,0.,1.));
#14 = DIRECTION('',(1.,0.,-0.));
#15 = SHELL_BASED_SURFACE_MODEL('',(#16));
#16 = OPEN_SHELL('',(#17));
#17 = ADVANCED_FACE('',(#18),#38,.T.);
#18 = FACE_BOUND('',#19,.T.);
#19 = EDGE_LOOP('',(#20,#31));
#20 = ORIENTED_EDGE('',*,*,#21,.T.);
#21 = EDGE_CURVE('',#22,#24,#26,.T.);
#22 = VERTEX_POINT('',#23);
#23 = CARTESIAN_POINT('',(1.12395,-1.27,0.));
#24 = VERTEX_POINT('',#25);
#25 = CARTESIAN_POINT('',(-1.12395,-1.27,1.376441769902E-16));
#26 = CIRCLE('',#27,1.12395);
#27 = AXIS2_PLACEMENT_3D('',#28,#29,#30);
#28 = CARTESIAN_POINT('',(0.,-1.27,0.));
#29 = DIRECTION('',(0.,-1.,0.));
#30 = DIRECTION('',(1.,0.,0.));
#31 = ORIENTED_EDGE('',*,*,#32,.T.);
#32 = EDGE_CURVE('',#24,#22,#33,.T.);
#33 = CIRCLE('',#34,1.12395);
#34 = AXIS2_PLACEMENT_3D('',#35,#36,#37);
#35 = CARTESIAN_POINT('',(0.,-1.27,0.));
#36 = DIRECTION('',(0.,-1.,0.));
#37 = DIRECTION('',(-1.,0.,0.));
#38 = B_SPLINE_SURFACE_WITH_KNOTS('',1,1,(
    (#39,#40)
    ,(#41,#42
    )),.UNSPECIFIED.,.F.,.F.,.F.,(2,2),(2,2),(-4.602E-02,4.602E-02),(
    -4.602E-02,4.602E-02),.PIECEWISE_BEZIER_KNOTS.);
#39 = CARTESIAN_POINT('',(1.168908,-1.27,1.168908));
#40 = CARTESIAN_POINT('',(1.168908,-1.27,-1.168908));
#41 = CARTESIAN_POINT('',(-1.168908,-1.27,1.168908));
#42 = CARTESIAN_POINT('',(-1.168908,-1.27,-1.168908));
#43 = SHELL_BASED_SURFACE_MODEL('',(#44));
#44 = OPEN_SHELL('',(#45));
#45 = ADVANCED_FACE('',(#46),#84,.T.);
#46 = FACE_BOUND('',#47,.T.);
#47 = EDGE_LOOP('',(#48,#59,#68,#77));
#48 = ORIENTED_EDGE('',*,*,#49,.T.);
#49 = EDGE_CURVE('',#50,#52,#54,.T.);
#50 = VERTEX_POINT('',#51);
#51 = CARTESIAN_POINT('',(1.12395,-1.27,0.));
#52 = VERTEX_POINT('',#53);
#53 = CARTESIAN_POINT('',(-1.12395,-1.27,6.882208849508E-17));
#54 = CIRCLE('',#55,1.12395);
#55 = AXIS2_PLACEMENT_3D('',#56,#57,#58);
#56 = CARTESIAN_POINT('',(0.,-1.27,0.));
#57 = DIRECTION('',(0.,-1.,0.));
#58 = DIRECTION('',(1.,0.,0.));
#59 = ORIENTED_EDGE('',*,*,#60,.T.);
#60 = EDGE_CURVE('',#52,#61,#63,.T.);
#61 = VERTEX_POINT('',#62);
#62 = CARTESIAN_POINT('',(-1.27635,-1.1176,0.));
#63 = CIRCLE('',#64,0.1524);
#64 = AXIS2_PLACEMENT_3D('',#65,#66,#67);
#65 = CARTESIAN_POINT('',(-1.12395,-1.1176,0.));
#66 = DIRECTION('',(0.,0.,-1.));
#67 = DIRECTION('',(0.,-1.,0.));
#68 = ORIENTED_EDGE('',*,*,#69,.T.);
#69 = EDGE_CURVE('',#61,#70,#72,.T.);
#70 = VERTEX_POINT('',#71);
#71 = CARTESIAN_POINT('',(1.27635,-1.1176,7.815389710459E-17));
#72 = CIRCLE('',#73,1.27635);
#73 = AXIS2_PLACEMENT_3D('',#74,#75,#76);
#74 = CARTESIAN_POINT('',(0.,-1.1176,0.));
#75 = DIRECTION('',(0.,1.,0.));
#76 = DIRECTION('',(-1.,0.,0.));
#77 = ORIENTED_EDGE('',*,*,#78,.T.);
#78 = EDGE_CURVE('',#70,#50,#79,.T.);
#79 = CIRCLE('',#80,0.1524);
#80 = AXIS2_PLACEMENT_3D('',#81,#82,#83);
#81 = CARTESIAN_POINT('',(1.12395,-1.1176,0.));
#82 = DIRECTION('',(0.,0.,-1.));
#83 = DIRECTION('',(1.,0.,0.));
#84 = SURFACE_OF_REVOLUTION('',#85,#90);
#85 = CIRCLE('',#86,0.1524);
#86 = AXIS2_PLACEMENT_3D('',#87,#88,#89);
#87 = CARTESIAN_POINT('',(-1.121732141408,-1.1176,-7.057340456107E-02));
#88 = DIRECTION('',(-6.27905196504E-02,0.,0.998026728421));
#89 = DIRECTION('',(-0.997534262477,3.141075907813E-02,
    -6.275953631935E-02));
#90 = AXIS1_PLACEMENT('',#91,#92);
#91 = CARTESIAN_POINT('',(0.,-1.1176,0.));
#92 = DIRECTION('',(0.,1.,0.));
#93 = SHELL_BASED_SURFACE_MODEL('',(#94));
#94 = OPEN_SHELL('',(#95));
#95 = ADVANCED_FACE('',(#96),#134,.T.);
#96 = FACE_BOUND('',#97,.T.);
#97 = EDGE_LOOP('',(#98,#109,#118,#127));
#98 = ORIENTED_EDGE('',*,*,#99,.T.);
#99 = EDGE_CURVE('',#100,#102,#104,.T.);
#100 = VERTEX_POINT('',#101);
#101 = CARTESIAN_POINT('',(-1.12395,-1.27,0.));
#102 = VERTEX_POINT('',#103);
#103 = CARTESIAN_POINT('',(1.12395,-1.27,-6.882208849508E-17));
#104 = CIRCLE('',#105,1.12395);
#105 = AXIS2_PLACEMENT_3D('',#106,#107,#108);
#106 = CARTESIAN_POINT('',(0.,-1.27,0.));
#107 = DIRECTION('',(0.,-1.,0.));
#108 = DIRECTION('',(-1.,0.,0.));
#109 = ORIENTED_EDGE('',*,*,#110,.T.);
#110 = EDGE_CURVE('',#102,#111,#113,.T.);
#111 = VERTEX_POINT('',#112);
#112 = CARTESIAN_POINT('',(1.27635,-1.1176,0.));
#113 = CIRCLE('',#114,0.1524);
#114 = AXIS2_PLACEMENT_3D('',#115,#116,#117);
#115 = CARTESIAN_POINT('',(1.12395,-1.1176,0.));
#116 = DIRECTION('',(0.,0.,1.));
#117 = DIRECTION('',(0.,-1.,0.));
#118 = ORIENTED_EDGE('',*,*,#119,.T.);
#119 = EDGE_CURVE('',#111,#120,#122,.T.);
#120 = VERTEX_POINT('',#121);
#121 = CARTESIAN_POINT('',(-1.27635,-1.1176,-7.815389710459E-17));
#122 = CIRCLE('',#123,1.27635);
#123 = AXIS2_PLACEMENT_3D('',#124,#125,#126);
#124 = CARTESIAN_POINT('',(0.,-1.1176,0.));
#125 = DIRECTION('',(-0.,1.,0.));
#126 = DIRECTION('',(1.,0.,0.));
#127 = ORIENTED_EDGE('',*,*,#128,.T.);
#128 = EDGE_CURVE('',#120,#100,#129,.T.);
#129 = CIRCLE('',#130,0.1524);
#130 = AXIS2_PLACEMENT_3D('',#131,#132,#133);
#131 = CARTESIAN_POINT('',(-1.12395,-1.1176,0.));
#132 = DIRECTION('',(0.,0.,1.));
#133 = DIRECTION('',(-1.,0.,0.));
#134 = SURFACE_OF_REVOLUTION('',#135,#140);
#135 = CIRCLE('',#136,0.1524);
#136 = AXIS2_PLACEMENT_3D('',#137,#138,#139);
#137 = CARTESIAN_POINT('',(1.121732141408,-1.1176,7.057340456107E-02));
#138 = DIRECTION('',(6.27905196504E-02,0.,-0.998026728421));
#139 = DIRECTION('',(0.997534262477,3.141075907813E-02,
    6.275953631935E-02));
#140 = AXIS1_PLACEMENT('',#141,#142);
#141 = CARTESIAN_POINT('',(0.,-1.1176,0.));
#142 = DIRECTION('',(0.,1.,0.));
#143 = SHELL_BASED_SURFACE_MODEL('',(#144));
#144 = OPEN_SHELL('',(#145));
#145 = ADVANCED_FACE('',(#146),#182,.T.);
#146 = FACE_BOUND('',#147,.T.);
#147 = EDGE_LOOP('',(#148,#158,#167,#175));
#148 = ORIENTED_EDGE('',*,*,#149,.T.);
#149 = EDGE_CURVE('',#150,#152,#154,.T.);
#150 = VERTEX_POINT('',#151);
#151 = CARTESIAN_POINT('',(1.27635,-1.1176,-4.335743408403E-13));
#152 = VERTEX_POINT('',#153);
#153 = CARTESIAN_POINT('',(1.27635,1.1176,4.334181826046E-13));
#154 = LINE('',#155,#156);
#155 = CARTESIAN_POINT('',(1.27635,-1.1176,-8.669923738863E-13));
#156 = VECTOR('',#157,1.);
#157 = DIRECTION('',(0.,1.,7.75692886138E-13));
#158 = ORIENTED_EDGE('',*,*,#159,.T.);
#159 = EDGE_CURVE('',#152,#160,#162,.T.);
#160 = VERTEX_POINT('',#161);
#161 = CARTESIAN_POINT('',(-1.27635,1.1176,-4.334961234431E-13));
#162 = CIRCLE('',#163,1.27635);
#163 = AXIS2_PLACEMENT_3D('',#164,#165,#166);
#164 = CARTESIAN_POINT('',(0.,1.1176,0.));
#165 = DIRECTION('',(-0.,1.,0.));
#166 = DIRECTION('',(1.,0.,0.));
#167 = ORIENTED_EDGE('',*,*,#168,.T.);
#168 = EDGE_CURVE('',#160,#169,#171,.T.);
#169 = VERTEX_POINT('',#170);
#170 = CARTESIAN_POINT('',(-1.27635,-1.1176,4.335158114759E-13));
#171 = LINE('',#172,#173);
#172 = CARTESIAN_POINT('',(-1.27635,1.1176,-8.66835939092E-13));
#173 = VECTOR('',#174,1.);
#174 = DIRECTION('',(0.,-1.,7.757102550303E-13));
#175 = ORIENTED_EDGE('',*,*,#176,.T.);
#176 = EDGE_CURVE('',#169,#150,#177,.T.);
#177 = CIRCLE('',#178,1.27635);
#178 = AXIS2_PLACEMENT_3D('',#179,#180,#181);
#179 = CARTESIAN_POINT('',(0.,-1.1176,0.));
#180 = DIRECTION('',(0.,-1.,0.));
#181 = DIRECTION('',(-1.,0.,0.));
#182 = SURFACE_OF_REVOLUTION('',#183,#187);
#183 = LINE('',#184,#185);
#184 = CARTESIAN_POINT('',(1.273831414829,1.162304,8.014267960176E-02));
#185 = VECTOR('',#186,1.);
#186 = DIRECTION('',(0.,-1.,-0.));
#187 = AXIS1_PLACEMENT('',#188,#189);
#188 = CARTESIAN_POINT('',(0.,0.,0.));
#189 = DIRECTION('',(0.,1.,0.));
#190 = SHELL_BASED_SURFACE_MODEL('',(#191));
#191 = OPEN_SHELL('',(#192));
#192 = ADVANCED_FACE('',(#193),#229,.T.);
#193 = FACE_BOUND('',#194,.T.);
#194 = EDGE_LOOP('',(#195,#205,#214,#222));
#195 = ORIENTED_EDGE('',*,*,#196,.T.);
#196 = EDGE_CURVE('',#197,#199,#201,.T.);
#197 = VERTEX_POINT('',#198);
#198 = CARTESIAN_POINT('',(-1.27635,-1.1176,4.33593965373E-13));
#199 = VERTEX_POINT('',#200);
#200 = CARTESIAN_POINT('',(-1.27635,1.1176,-4.33417969546E-13));
#201 = LINE('',#202,#203);
#202 = CARTESIAN_POINT('',(-1.27635,-1.1176,8.670316229518E-13));
#203 = VECTOR('',#204,1.);
#204 = DIRECTION('',(0.,1.,-7.757102550303E-13));
#205 = ORIENTED_EDGE('',*,*,#206,.T.);
#206 = EDGE_CURVE('',#199,#207,#209,.T.);
#207 = VERTEX_POINT('',#208);
#208 = CARTESIAN_POINT('',(1.27635,1.1176,4.334963365017E-13));
#209 = CIRCLE('',#210,1.27635);
#210 = AXIS2_PLACEMENT_3D('',#211,#212,#213);
#211 = CARTESIAN_POINT('',(0.,1.1176,0.));
#212 = DIRECTION('',(0.,1.,0.));
#213 = DIRECTION('',(-1.,0.,0.));
#214 = ORIENTED_EDGE('',*,*,#215,.T.);
#215 = EDGE_CURVE('',#207,#216,#218,.T.);
#216 = VERTEX_POINT('',#217);
#217 = CARTESIAN_POINT('',(1.27635,-1.1176,-4.334961869432E-13));
#218 = LINE('',#219,#220);
#219 = CARTESIAN_POINT('',(1.27635,1.1176,8.668363652092E-13));
#220 = VECTOR('',#221,1.);
#221 = DIRECTION('',(0.,-1.,-7.75692886138E-13));
#222 = ORIENTED_EDGE('',*,*,#223,.T.);
#223 = EDGE_CURVE('',#216,#197,#224,.T.);
#224 = CIRCLE('',#225,1.27635);
#225 = AXIS2_PLACEMENT_3D('',#226,#227,#228);
#226 = CARTESIAN_POINT('',(0.,-1.1176,0.));
#227 = DIRECTION('',(0.,-1.,0.));
#228 = DIRECTION('',(1.,0.,0.));
#229 = SURFACE_OF_REVOLUTION('',#230,#234);
#230 = LINE('',#231,#232);
#231 = CARTESIAN_POINT('',(-1.273831414829,1.162304,-8.014267960075E-02)
  );
#232 = VECTOR('',#233,1.);
#233 = DIRECTION('',(0.,-1.,0.));
#234 = AXIS1_PLACEMENT('',#235,#236);
#235 = CARTESIAN_POINT('',(0.,0.,0.));
#236 = DIRECTION('',(0.,1.,0.));
#237 = SHELL_BASED_SURFACE_MODEL('',(#238));
#238 = OPEN_SHELL('',(#239));
#239 = ADVANCED_FACE('',(#240),#278,.T.);
#240 = FACE_BOUND('',#241,.T.);
#241 = EDGE_LOOP('',(#242,#253,#262,#271));
#242 = ORIENTED_EDGE('',*,*,#243,.T.);
#243 = EDGE_CURVE('',#244,#246,#248,.T.);
#244 = VERTEX_POINT('',#245);
#245 = CARTESIAN_POINT('',(-1.12395,1.27,-7.334925918443E-07));
#246 = VERTEX_POINT('',#247);
#247 = CARTESIAN_POINT('',(1.12395,1.27,1.073453453451E-12));
#248 = CIRCLE('',#249,1.12395);
#249 = AXIS2_PLACEMENT_3D('',#250,#251,#252);
#250 = CARTESIAN_POINT('',(0.,1.27,0.));
#251 = DIRECTION('',(0.,1.,0.));
#252 = DIRECTION('',(-1.,0.,-6.970849890012E-07));
#253 = ORIENTED_EDGE('',*,*,#254,.T.);
#254 = EDGE_CURVE('',#246,#255,#257,.T.);
#255 = VERTEX_POINT('',#256);
#256 = CARTESIAN_POINT('',(1.27635,1.1176,0.));
#257 = CIRCLE('',#258,0.1524);
#258 = AXIS2_PLACEMENT_3D('',#259,#260,#261);
#259 = CARTESIAN_POINT('',(1.12395,1.1176,0.));
#260 = DIRECTION('',(0.,0.,-1.));
#261 = DIRECTION('',(0.,1.,0.));
#262 = ORIENTED_EDGE('',*,*,#263,.T.);
#263 = EDGE_CURVE('',#255,#264,#266,.T.);
#264 = VERTEX_POINT('',#265);
#265 = CARTESIAN_POINT('',(-1.27635,1.1176,7.815389710459E-17));
#266 = CIRCLE('',#267,1.27635);
#267 = AXIS2_PLACEMENT_3D('',#268,#269,#270);
#268 = CARTESIAN_POINT('',(0.,1.1176,0.));
#269 = DIRECTION('',(0.,-1.,0.));
#270 = DIRECTION('',(1.,0.,0.));
#271 = ORIENTED_EDGE('',*,*,#272,.T.);
#272 = EDGE_CURVE('',#264,#244,#273,.T.);
#273 = CIRCLE('',#274,0.1524);
#274 = AXIS2_PLACEMENT_3D('',#275,#276,#277);
#275 = CARTESIAN_POINT('',(-1.12395,1.1176,0.));
#276 = DIRECTION('',(0.,0.,-1.));
#277 = DIRECTION('',(-1.,0.,0.));
#278 = SURFACE_OF_REVOLUTION('',#279,#284);
#279 = CIRCLE('',#280,0.1524);
#280 = AXIS2_PLACEMENT_3D('',#281,#282,#283);
#281 = CARTESIAN_POINT('',(1.121732141408,1.1176,-7.057340456107E-02));
#282 = DIRECTION('',(6.27905196504E-02,0.,0.998026728421));
#283 = DIRECTION('',(0.997534262477,-3.141075907813E-02,
    -6.275953631935E-02));
#284 = AXIS1_PLACEMENT('',#285,#286);
#285 = CARTESIAN_POINT('',(0.,1.1176,0.));
#286 = DIRECTION('',(0.,-1.,0.));
#287 = SHELL_BASED_SURFACE_MODEL('',(#288));
#288 = OPEN_SHELL('',(#289));
#289 = ADVANCED_FACE('',(#290),#362,.T.);
#290 = FACE_BOUND('',#291,.T.);
#291 = EDGE_LOOP('',(#292,#303,#312,#321,#329,#338,#347,#356));
#292 = ORIENTED_EDGE('',*,*,#293,.T.);
#293 = EDGE_CURVE('',#294,#296,#298,.T.);
#294 = VERTEX_POINT('',#295);
#295 = CARTESIAN_POINT('',(0.746768774454,1.27,-0.84));
#296 = VERTEX_POINT('',#297);
#297 = CARTESIAN_POINT('',(1.12395,1.27,9.909850717804E-13));
#298 = CIRCLE('',#299,1.12395);
#299 = AXIS2_PLACEMENT_3D('',#300,#301,#302);
#300 = CARTESIAN_POINT('',(0.,1.27,0.));
#301 = DIRECTION('',(0.,-1.,0.));
#302 = DIRECTION('',(0.664414586462,0.,-0.747364206593));
#303 = ORIENTED_EDGE('',*,*,#304,.T.);
#304 = EDGE_CURVE('',#296,#305,#307,.T.);
#305 = VERTEX_POINT('',#306);
#306 = CARTESIAN_POINT('',(-1.12395,1.27,-7.834886733879E-07));
#307 = CIRCLE('',#308,1.12395);
#308 = AXIS2_PLACEMENT_3D('',#309,#310,#311);
#309 = CARTESIAN_POINT('',(0.,1.27,0.));
#310 = DIRECTION('',(0.,-1.,0.));
#311 = DIRECTION('',(1.,0.,9.548774787357E-13));
#312 = ORIENTED_EDGE('',*,*,#313,.T.);
#313 = EDGE_CURVE('',#305,#314,#316,.T.);
#314 = VERTEX_POINT('',#315);
#315 = CARTESIAN_POINT('',(-0.746768774454,1.27,-0.84));
#316 = CIRCLE('',#317,1.12395);
#317 = AXIS2_PLACEMENT_3D('',#318,#319,#320);
#318 = CARTESIAN_POINT('',(0.,1.27,0.));
#319 = DIRECTION('',(0.,-1.,0.));
#320 = DIRECTION('',(-1.,-0.,-6.970849890012E-07));
#321 = ORIENTED_EDGE('',*,*,#322,.T.);
#322 = EDGE_CURVE('',#314,#323,#325,.T.);
#323 = VERTEX_POINT('',#324);
#324 = CARTESIAN_POINT('',(-0.769935062197,1.27,-0.84));
#325 = LINE('',#326,#327);
#326 = CARTESIAN_POINT('',(-0.746768774454,1.27,-0.84));
#327 = VECTOR('',#328,1.);
#328 = DIRECTION('',(-1.,0.,0.));
#329 = ORIENTED_EDGE('',*,*,#330,.T.);
#330 = EDGE_CURVE('',#323,#331,#333,.T.);
#331 = VERTEX_POINT('',#332);
#332 = CARTESIAN_POINT('',(-0.968371933897,1.27,-0.74206185567));
#333 = CIRCLE('',#334,0.25);
#334 = AXIS2_PLACEMENT_3D('',#335,#336,#337);
#335 = CARTESIAN_POINT('',(-0.769935062197,1.27,-0.59));
#336 = DIRECTION('',(0.,1.,0.));
#337 = DIRECTION('',(0.,0.,-1.));
#338 = ORIENTED_EDGE('',*,*,#339,.T.);
#339 = EDGE_CURVE('',#331,#340,#342,.T.);
#340 = VERTEX_POINT('',#341);
#341 = CARTESIAN_POINT('',(0.968371933897,1.27,-0.74206185567));
#342 = CIRCLE('',#343,1.22);
#343 = AXIS2_PLACEMENT_3D('',#344,#345,#346);
#344 = CARTESIAN_POINT('',(0.,1.27,0.));
#345 = DIRECTION('',(0.,1.,0.));
#346 = DIRECTION('',(-0.793747486801,0.,-0.60824742268));
#347 = ORIENTED_EDGE('',*,*,#348,.T.);
#348 = EDGE_CURVE('',#340,#349,#351,.T.);
#349 = VERTEX_POINT('',#350);
#350 = CARTESIAN_POINT('',(0.769935062197,1.27,-0.84));
#351 = CIRCLE('',#352,0.25);
#352 = AXIS2_PLACEMENT_3D('',#353,#354,#355);
#353 = CARTESIAN_POINT('',(0.769935062197,1.27,-0.59));
#354 = DIRECTION('',(0.,1.,0.));
#355 = DIRECTION('',(0.793747486801,0.,-0.60824742268));
#356 = ORIENTED_EDGE('',*,*,#357,.T.);
#357 = EDGE_CURVE('',#349,#294,#358,.T.);
#358 = LINE('',#359,#360);
#359 = CARTESIAN_POINT('',(0.769935062197,1.27,-0.84));
#360 = VECTOR('',#361,1.);
#361 = DIRECTION('',(-1.,0.,0.));
#362 = B_SPLINE_SURFACE_WITH_KNOTS('',1,1,(
    (#363,#364)
    ,(#365,#366
    )),.UNSPECIFIED.,.F.,.F.,.F.,(2,2),(2,2),(-4.995295861308E-02,
    4.995295861631E-02),(-4.965354330709E-02,3.469291338583E-02),
  .PIECEWISE_BEZIER_KNOTS.);
#363 = CARTESIAN_POINT('',(-1.268805148772,1.27,1.2612));
#364 = CARTESIAN_POINT('',(-1.268805148772,1.27,-0.8812));
#365 = CARTESIAN_POINT('',(1.268805148854,1.27,1.2612));
#366 = CARTESIAN_POINT('',(1.268805148854,1.27,-0.8812));
#367 = SHELL_BASED_SURFACE_MODEL('',(#368));
#368 = OPEN_SHELL('',(#369));
#369 = ADVANCED_FACE('',(#370),#426,.T.);
#370 = FACE_BOUND('',#371,.T.);
#371 = EDGE_LOOP('',(#372,#383,#392,#401,#410,#419));
#372 = ORIENTED_EDGE('',*,*,#373,.T.);
#373 = EDGE_CURVE('',#374,#376,#378,.T.);
#374 = VERTEX_POINT('',#375);
#375 = CARTESIAN_POINT('',(-1.12395,1.27,-7.347717610776E-07));
#376 = VERTEX_POINT('',#377);
#377 = CARTESIAN_POINT('',(-1.27635,1.1176,0.));
#378 = CIRCLE('',#379,0.1524);
#379 = AXIS2_PLACEMENT_3D('',#380,#381,#382);
#380 = CARTESIAN_POINT('',(-1.12395,1.1176,0.));
#381 = DIRECTION('',(0.,-0.,1.));
#382 = DIRECTION('',(0.,1.,0.));
#383 = ORIENTED_EDGE('',*,*,#384,.T.);
#384 = EDGE_CURVE('',#376,#385,#387,.T.);
#385 = VERTEX_POINT('',#386);
#386 = CARTESIAN_POINT('',(1.27635,1.1176,-7.815389710459E-17));
#387 = CIRCLE('',#388,1.27635);
#388 = AXIS2_PLACEMENT_3D('',#389,#390,#391);
#389 = CARTESIAN_POINT('',(0.,1.1176,0.));
#390 = DIRECTION('',(0.,-1.,0.));
#391 = DIRECTION('',(-1.,0.,0.));
#392 = ORIENTED_EDGE('',*,*,#393,.T.);
#393 = EDGE_CURVE('',#385,#394,#396,.T.);
#394 = VERTEX_POINT('',#395);
#395 = CARTESIAN_POINT('',(1.12395,1.27,5.366172711125E-13));
#396 = CIRCLE('',#397,0.1524);
#397 = AXIS2_PLACEMENT_3D('',#398,#399,#400);
#398 = CARTESIAN_POINT('',(1.12395,1.1176,0.));
#399 = DIRECTION('',(0.,0.,1.));
#400 = DIRECTION('',(1.,0.,-0.));
#401 = ORIENTED_EDGE('',*,*,#402,.T.);
#402 = EDGE_CURVE('',#394,#403,#405,.T.);
#403 = VERTEX_POINT('',#404);
#404 = CARTESIAN_POINT('',(0.746768774454,1.27,-0.84));
#405 = CIRCLE('',#406,1.12395);
#406 = AXIS2_PLACEMENT_3D('',#407,#408,#409);
#407 = CARTESIAN_POINT('',(0.,1.27,0.));
#408 = DIRECTION('',(0.,1.,0.));
#409 = DIRECTION('',(1.,-0.,9.548774787357E-13));
#410 = ORIENTED_EDGE('',*,*,#411,.T.);
#411 = EDGE_CURVE('',#403,#412,#414,.T.);
#412 = VERTEX_POINT('',#413);
#413 = CARTESIAN_POINT('',(-0.746768774454,1.27,-0.84));
#414 = CIRCLE('',#415,1.12395);
#415 = AXIS2_PLACEMENT_3D('',#416,#417,#418);
#416 = CARTESIAN_POINT('',(0.,1.27,0.));
#417 = DIRECTION('',(0.,1.,0.));
#418 = DIRECTION('',(0.664414586462,0.,-0.747364206593));
#419 = ORIENTED_EDGE('',*,*,#420,.T.);
#420 = EDGE_CURVE('',#412,#374,#421,.T.);
#421 = CIRCLE('',#422,1.12395);
#422 = AXIS2_PLACEMENT_3D('',#423,#424,#425);
#423 = CARTESIAN_POINT('',(0.,1.27,0.));
#424 = DIRECTION('',(0.,1.,0.));
#425 = DIRECTION('',(-0.664414586462,0.,-0.747364206593));
#426 = SURFACE_OF_REVOLUTION('',#427,#432);
#427 = CIRCLE('',#428,0.1524);
#428 = AXIS2_PLACEMENT_3D('',#429,#430,#431);
#429 = CARTESIAN_POINT('',(-1.121732141408,1.1176,7.057340456107E-02));
#430 = DIRECTION('',(-6.27905196504E-02,4.336808689942E-19,
    -0.998026728421));
#431 = DIRECTION('',(-0.997534262452,-3.14107598785E-02,
    6.275953631777E-02));
#432 = AXIS1_PLACEMENT('',#433,#434);
#433 = CARTESIAN_POINT('',(0.,1.1176,0.));
#434 = DIRECTION('',(0.,-1.,0.));
#435 = SHELL_BASED_SURFACE_MODEL('',(#436));
#436 = OPEN_SHELL('',(#437));
#437 = ADVANCED_FACE('',(#438),#457,.T.);
#438 = FACE_BOUND('',#439,.T.);
#439 = EDGE_LOOP('',(#440,#450));
#440 = ORIENTED_EDGE('',*,*,#441,.T.);
#441 = EDGE_CURVE('',#442,#444,#446,.T.);
#442 = VERTEX_POINT('',#443);
#443 = CARTESIAN_POINT('',(-0.746768774454,1.27,-0.84));
#444 = VERTEX_POINT('',#445);
#445 = CARTESIAN_POINT('',(0.746768774454,1.27,-0.84));
#446 = LINE('',#447,#448);
#447 = CARTESIAN_POINT('',(-0.746768774454,1.27,-0.84));
#448 = VECTOR('',#449,1.);
#449 = DIRECTION('',(1.,0.,0.));
#450 = ORIENTED_EDGE('',*,*,#451,.T.);
#451 = EDGE_CURVE('',#444,#442,#452,.T.);
#452 = CIRCLE('',#453,1.12395);
#453 = AXIS2_PLACEMENT_3D('',#454,#455,#456);
#454 = CARTESIAN_POINT('',(0.,1.27,0.));
#455 = DIRECTION('',(0.,1.,0.));
#456 = DIRECTION('',(0.664414586462,0.,-0.747364206593));
#457 = B_SPLINE_SURFACE_WITH_KNOTS('',1,1,(
    (#458,#459)
    ,(#460,#461
    )),.UNSPECIFIED.,.F.,.F.,.F.,(2,2),(2,2),(-3.0576359269E-02,
    3.0576359269E-02),(3.284728346457E-02,4.447358267717E-02),
  .PIECEWISE_BEZIER_KNOTS.);
#458 = CARTESIAN_POINT('',(-0.776639525433,1.27,-0.834321));
#459 = CARTESIAN_POINT('',(-0.776639525433,1.27,-1.129629));
#460 = CARTESIAN_POINT('',(0.776639525433,1.27,-0.834321));
#461 = CARTESIAN_POINT('',(0.776639525433,1.27,-1.129629));
#462 = SHELL_BASED_SURFACE_MODEL('',(#463));
#463 = OPEN_SHELL('',(#464));
#464 = ADVANCED_FACE('',(#465),#547,.T.);
#465 = FACE_BOUND('',#466,.T.);
#466 = EDGE_LOOP('',(#467,#477,#485,#493,#501,#509,#517,#525,#533,#541)
  );
#467 = ORIENTED_EDGE('',*,*,#468,.T.);
#468 = EDGE_CURVE('',#469,#471,#473,.T.);
#469 = VERTEX_POINT('',#470);
#470 = CARTESIAN_POINT('',(-0.746768774454,1.27,-0.84));
#471 = VERTEX_POINT('',#472);
#472 = CARTESIAN_POINT('',(0.746768774454,1.27,-0.84));
#473 = LINE('',#474,#475);
#474 = CARTESIAN_POINT('',(-0.746768774454,1.27,-0.84));
#475 = VECTOR('',#476,1.);
#476 = DIRECTION('',(1.,0.,0.));
#477 = ORIENTED_EDGE('',*,*,#478,.T.);
#478 = EDGE_CURVE('',#471,#479,#481,.T.);
#479 = VERTEX_POINT('',#480);
#480 = CARTESIAN_POINT('',(0.769935062197,1.27,-0.84));
#481 = LINE('',#482,#483);
#482 = CARTESIAN_POINT('',(0.746768774454,1.27,-0.84));
#483 = VECTOR('',#484,1.);
#484 = DIRECTION('',(1.,0.,0.));
#485 = ORIENTED_EDGE('',*,*,#486,.T.);
#486 = EDGE_CURVE('',#479,#487,#489,.T.);
#487 = VERTEX_POINT('',#488);
#488 = CARTESIAN_POINT('',(0.769935062197,1.37,-0.84));
#489 = LINE('',#490,#491);
#490 = CARTESIAN_POINT('',(0.769935062197,1.27,-0.84));
#491 = VECTOR('',#492,1.);
#492 = DIRECTION('',(0.,1.,0.));
#493 = ORIENTED_EDGE('',*,*,#494,.T.);
#494 = EDGE_CURVE('',#487,#495,#497,.T.);
#495 = VERTEX_POINT('',#496);
#496 = CARTESIAN_POINT('',(-0.769935062197,1.37,-0.84));
#497 = LINE('',#498,#499);
#498 = CARTESIAN_POINT('',(0.769935062197,1.37,-0.84));
#499 = VECTOR('',#500,1.);
#500 = DIRECTION('',(-1.,0.,0.));
#501 = ORIENTED_EDGE('',*,*,#502,.T.);
#502 = EDGE_CURVE('',#495,#503,#505,.T.);
#503 = VERTEX_POINT('',#504);
#504 = CARTESIAN_POINT('',(-0.769935062197,1.303083859805,-0.84));
#505 = LINE('',#506,#507);
#506 = CARTESIAN_POINT('',(-0.769935062197,1.37,-0.84));
#507 = VECTOR('',#508,1.);
#508 = DIRECTION('',(0.,-1.,0.));
#509 = ORIENTED_EDGE('',*,*,#510,.T.);
#510 = EDGE_CURVE('',#503,#511,#513,.T.);
#511 = VERTEX_POINT('',#512);
#512 = CARTESIAN_POINT('',(-0.4318,1.303083859805,-0.84));
#513 = LINE('',#514,#515);
#514 = CARTESIAN_POINT('',(-0.769935062197,1.303083859805,-0.84));
#515 = VECTOR('',#516,1.);
#516 = DIRECTION('',(1.,0.,0.));
#517 = ORIENTED_EDGE('',*,*,#518,.T.);
#518 = EDGE_CURVE('',#511,#519,#521,.T.);
#519 = VERTEX_POINT('',#520);
#520 = CARTESIAN_POINT('',(-0.4318,1.277651899779,-0.84));
#521 = LINE('',#522,#523);
#522 = CARTESIAN_POINT('',(-0.4318,1.303083859805,-0.84));
#523 = VECTOR('',#524,1.);
#524 = DIRECTION('',(0.,-1.,0.));
#525 = ORIENTED_EDGE('',*,*,#526,.T.);
#526 = EDGE_CURVE('',#519,#527,#529,.T.);
#527 = VERTEX_POINT('',#528);
#528 = CARTESIAN_POINT('',(-0.769935062197,1.277651899779,-0.84));
#529 = LINE('',#530,#531);
#530 = CARTESIAN_POINT('',(-0.4318,1.277651899779,-0.84));
#531 = VECTOR('',#532,1.);
#532 = DIRECTION('',(-1.,0.,0.));
#533 = ORIENTED_EDGE('',*,*,#534,.T.);
#534 = EDGE_CURVE('',#527,#535,#537,.T.);
#535 = VERTEX_POINT('',#536);
#536 = CARTESIAN_POINT('',(-0.769935062197,1.27,-0.84));
#537 = LINE('',#538,#539);
#538 = CARTESIAN_POINT('',(-0.769935062197,1.277651899779,-0.84));
#539 = VECTOR('',#540,1.);
#540 = DIRECTION('',(0.,-1.,0.));
#541 = ORIENTED_EDGE('',*,*,#542,.T.);
#542 = EDGE_CURVE('',#535,#469,#543,.T.);
#543 = LINE('',#544,#545);
#544 = CARTESIAN_POINT('',(-0.769935062197,1.27,-0.84));
#545 = VECTOR('',#546,1.);
#546 = DIRECTION('',(1.,0.,0.));
#547 = B_SPLINE_SURFACE_WITH_KNOTS('',1,1,(
    (#548,#549)
    ,(#550,#551
    )),.UNSPECIFIED.,.F.,.F.,.F.,(2,2),(2,2),(3.308164950359E-03,
    6.635796531923E-02),(-7.874015748032E-05,4.015748031496E-03),
  .PIECEWISE_BEZIER_KNOTS.);
#548 = CARTESIAN_POINT('',(-0.800732464685,1.268,-0.84));
#549 = CARTESIAN_POINT('',(-0.800732464685,1.372,-0.84));
#550 = CARTESIAN_POINT('',(0.800732464685,1.268,-0.84));
#551 = CARTESIAN_POINT('',(0.800732464685,1.372,-0.84));
#552 = SHELL_BASED_SURFACE_MODEL('',(#553));
#553 = OPEN_SHELL('',(#554));
#554 = ADVANCED_FACE('',(#555),#591,.T.);
#555 = FACE_BOUND('',#556,.T.);
#556 = EDGE_LOOP('',(#557,#567,#576,#584));
#557 = ORIENTED_EDGE('',*,*,#558,.T.);
#558 = EDGE_CURVE('',#559,#561,#563,.T.);
#559 = VERTEX_POINT('',#560);
#560 = CARTESIAN_POINT('',(0.968371933897,1.27,-0.74206185567));
#561 = VERTEX_POINT('',#562);
#562 = CARTESIAN_POINT('',(0.968371933897,1.37,-0.74206185567));
#563 = LINE('',#564,#565);
#564 = CARTESIAN_POINT('',(0.968371933897,1.27,-0.74206185567));
#565 = VECTOR('',#566,1.);
#566 = DIRECTION('',(0.,1.,0.));
#567 = ORIENTED_EDGE('',*,*,#568,.T.);
#568 = EDGE_CURVE('',#561,#569,#571,.T.);
#569 = VERTEX_POINT('',#570);
#570 = CARTESIAN_POINT('',(0.769935062197,1.37,-0.84));
#571 = CIRCLE('',#572,0.25);
#572 = AXIS2_PLACEMENT_3D('',#573,#574,#575);
#573 = CARTESIAN_POINT('',(0.769935062197,1.37,-0.59));
#574 = DIRECTION('',(0.,1.,0.));
#575 = DIRECTION('',(0.793747486801,0.,-0.60824742268));
#576 = ORIENTED_EDGE('',*,*,#577,.T.);
#577 = EDGE_CURVE('',#569,#578,#580,.T.);
#578 = VERTEX_POINT('',#579);
#579 = CARTESIAN_POINT('',(0.769935062197,1.27,-0.84));
#580 = LINE('',#581,#582);
#581 = CARTESIAN_POINT('',(0.769935062197,1.37,-0.84));
#582 = VECTOR('',#583,1.);
#583 = DIRECTION('',(0.,-1.,0.));
#584 = ORIENTED_EDGE('',*,*,#585,.T.);
#585 = EDGE_CURVE('',#578,#559,#586,.T.);
#586 = CIRCLE('',#587,0.25);
#587 = AXIS2_PLACEMENT_3D('',#588,#589,#590);
#588 = CARTESIAN_POINT('',(0.769935062197,1.27,-0.59));
#589 = DIRECTION('',(0.,-1.,0.));
#590 = DIRECTION('',(0.,0.,-1.));
#591 = SURFACE_OF_REVOLUTION('',#592,#596);
#592 = LINE('',#593,#594);
#593 = CARTESIAN_POINT('',(0.971127058758,1.372,-0.738397373695));
#594 = VECTOR('',#595,1.);
#595 = DIRECTION('',(0.,-1.,0.));
#596 = AXIS1_PLACEMENT('',#597,#598);
#597 = CARTESIAN_POINT('',(0.769935062197,1.375939350767,-0.59));
#598 = DIRECTION('',(0.,1.,0.));
#599 = SHELL_BASED_SURFACE_MODEL('',(#600));
#600 = OPEN_SHELL('',(#601));
#601 = ADVANCED_FACE('',(#602),#638,.T.);
#602 = FACE_BOUND('',#603,.T.);
#603 = EDGE_LOOP('',(#604,#614,#623,#631));
#604 = ORIENTED_EDGE('',*,*,#605,.T.);
#605 = EDGE_CURVE('',#606,#608,#610,.T.);
#606 = VERTEX_POINT('',#607);
#607 = CARTESIAN_POINT('',(0.968371933897,1.37,-0.74206185567));
#608 = VERTEX_POINT('',#609);
#609 = CARTESIAN_POINT('',(0.968371933897,1.27,-0.74206185567));
#610 = LINE('',#611,#612);
#611 = CARTESIAN_POINT('',(0.968371933897,1.37,-0.74206185567));
#612 = VECTOR('',#613,1.);
#613 = DIRECTION('',(0.,-1.,0.));
#614 = ORIENTED_EDGE('',*,*,#615,.T.);
#615 = EDGE_CURVE('',#608,#616,#618,.T.);
#616 = VERTEX_POINT('',#617);
#617 = CARTESIAN_POINT('',(-0.968371933897,1.27,-0.74206185567));
#618 = CIRCLE('',#619,1.22);
#619 = AXIS2_PLACEMENT_3D('',#620,#621,#622);
#620 = CARTESIAN_POINT('',(0.,1.27,0.));
#621 = DIRECTION('',(0.,-1.,0.));
#622 = DIRECTION('',(0.793747486801,0.,-0.60824742268));
#623 = ORIENTED_EDGE('',*,*,#624,.T.);
#624 = EDGE_CURVE('',#616,#625,#627,.T.);
#625 = VERTEX_POINT('',#626);
#626 = CARTESIAN_POINT('',(-0.968371933897,1.37,-0.74206185567));
#627 = LINE('',#628,#629);
#628 = CARTESIAN_POINT('',(-0.968371933897,1.27,-0.74206185567));
#629 = VECTOR('',#630,1.);
#630 = DIRECTION('',(0.,1.,0.));
#631 = ORIENTED_EDGE('',*,*,#632,.T.);
#632 = EDGE_CURVE('',#625,#606,#633,.T.);
#633 = CIRCLE('',#634,1.22);
#634 = AXIS2_PLACEMENT_3D('',#635,#636,#637);
#635 = CARTESIAN_POINT('',(0.,1.37,0.));
#636 = DIRECTION('',(0.,1.,0.));
#637 = DIRECTION('',(-0.793747486801,0.,-0.60824742268));
#638 = SURFACE_OF_REVOLUTION('',#639,#643);
#639 = LINE('',#640,#641);
#640 = CARTESIAN_POINT('',(0.898594526004,1.268,-0.825183541907));
#641 = VECTOR('',#642,1.);
#642 = DIRECTION('',(0.,1.,0.));
#643 = AXIS1_PLACEMENT('',#644,#645);
#644 = CARTESIAN_POINT('',(0.,1.27,0.));
#645 = DIRECTION('',(0.,-1.,0.));
#646 = SHELL_BASED_SURFACE_MODEL('',(#647));
#647 = OPEN_SHELL('',(#648));
#648 = ADVANCED_FACE('',(#649),#739,.T.);
#649 = FACE_BOUND('',#650,.T.);
#650 = EDGE_LOOP('',(#651,#662,#672,#680,#689,#697,#706,#714,#724,#733)
  );
#651 = ORIENTED_EDGE('',*,*,#652,.T.);
#652 = EDGE_CURVE('',#653,#655,#657,.T.);
#653 = VERTEX_POINT('',#654);
#654 = CARTESIAN_POINT('',(-0.8128,1.30302,-0.836297781369));
#655 = VERTEX_POINT('',#656);
#656 = CARTESIAN_POINT('',(-0.799881013509,1.30302,-0.8382));
#657 = CIRCLE('',#658,0.25);
#658 = AXIS2_PLACEMENT_3D('',#659,#660,#661);
#659 = CARTESIAN_POINT('',(-0.769935062197,1.30302,-0.59));
#660 = DIRECTION('',(0.,-1.,0.));
#661 = DIRECTION('',(-0.171459751213,-0.,-0.985191125475));
#662 = ORIENTED_EDGE('',*,*,#663,.T.);
#663 = EDGE_CURVE('',#655,#664,#666,.T.);
#664 = VERTEX_POINT('',#665);
#665 = CARTESIAN_POINT('',(-0.769935062197,1.303083859805,-0.84));
#666 = B_SPLINE_CURVE_WITH_KNOTS('',3,(#667,#668,#669,#670,#671),
  .UNSPECIFIED.,.F.,.F.,(4,1,4),(0.,0.5,1.),.QUASI_UNIFORM_KNOTS.);
#667 = CARTESIAN_POINT('',(-0.799881013509,1.30302,-0.8382));
#668 = CARTESIAN_POINT('',(-0.794991410954,1.30302,-0.838789942788));
#669 = CARTESIAN_POINT('',(-0.785112294155,1.303059022886,
    -0.839689012407));
#670 = CARTESIAN_POINT('',(-0.775028038266,1.303083859805,-0.84));
#671 = CARTESIAN_POINT('',(-0.769935062197,1.303083859805,-0.84));
#672 = ORIENTED_EDGE('',*,*,#673,.T.);
#673 = EDGE_CURVE('',#664,#674,#676,.T.);
#674 = VERTEX_POINT('',#675);
#675 = CARTESIAN_POINT('',(-0.769935062197,1.37,-0.84));
#676 = LINE('',#677,#678);
#677 = CARTESIAN_POINT('',(-0.769935062197,1.303083859805,-0.84));
#678 = VECTOR('',#679,1.);
#679 = DIRECTION('',(0.,1.,0.));
#680 = ORIENTED_EDGE('',*,*,#681,.T.);
#681 = EDGE_CURVE('',#674,#682,#684,.T.);
#682 = VERTEX_POINT('',#683);
#683 = CARTESIAN_POINT('',(-0.968371933897,1.37,-0.74206185567));
#684 = CIRCLE('',#685,0.25);
#685 = AXIS2_PLACEMENT_3D('',#686,#687,#688);
#686 = CARTESIAN_POINT('',(-0.769935062197,1.37,-0.59));
#687 = DIRECTION('',(0.,1.,0.));
#688 = DIRECTION('',(0.,0.,-1.));
#689 = ORIENTED_EDGE('',*,*,#690,.T.);
#690 = EDGE_CURVE('',#682,#691,#693,.T.);
#691 = VERTEX_POINT('',#692);
#692 = CARTESIAN_POINT('',(-0.968371933897,1.27,-0.74206185567));
#693 = LINE('',#694,#695);
#694 = CARTESIAN_POINT('',(-0.968371933897,1.37,-0.74206185567));
#695 = VECTOR('',#696,1.);
#696 = DIRECTION('',(0.,-1.,0.));
#697 = ORIENTED_EDGE('',*,*,#698,.T.);
#698 = EDGE_CURVE('',#691,#699,#701,.T.);
#699 = VERTEX_POINT('',#700);
#700 = CARTESIAN_POINT('',(-0.769935062197,1.27,-0.84));
#701 = CIRCLE('',#702,0.25);
#702 = AXIS2_PLACEMENT_3D('',#703,#704,#705);
#703 = CARTESIAN_POINT('',(-0.769935062197,1.27,-0.59));
#704 = DIRECTION('',(0.,-1.,0.));
#705 = DIRECTION('',(-0.793747486801,-0.,-0.60824742268));
#706 = ORIENTED_EDGE('',*,*,#707,.T.);
#707 = EDGE_CURVE('',#699,#708,#710,.T.);
#708 = VERTEX_POINT('',#709);
#709 = CARTESIAN_POINT('',(-0.769935062197,1.277651899779,-0.84));
#710 = LINE('',#711,#712);
#711 = CARTESIAN_POINT('',(-0.769935062197,1.27,-0.84));
#712 = VECTOR('',#713,1.);
#713 = DIRECTION('',(0.,1.,0.));
#714 = ORIENTED_EDGE('',*,*,#715,.T.);
#715 = EDGE_CURVE('',#708,#716,#718,.T.);
#716 = VERTEX_POINT('',#717);
#717 = CARTESIAN_POINT('',(-0.799881013509,1.27762,-0.8382));
#718 = B_SPLINE_CURVE_WITH_KNOTS('',3,(#719,#720,#721,#722,#723),
  .UNSPECIFIED.,.F.,.F.,(4,1,4),(0.,0.5,1.),.QUASI_UNIFORM_KNOTS.);
#719 = CARTESIAN_POINT('',(-0.769935062197,1.277651899779,-0.84));
#720 = CARTESIAN_POINT('',(-0.77496564989,1.277651899779,-0.84));
#721 = CARTESIAN_POINT('',(-0.784987292781,1.277639807409,
    -0.839696586136));
#722 = CARTESIAN_POINT('',(-0.794929489176,1.27762,-0.838797413806));
#723 = CARTESIAN_POINT('',(-0.799881013509,1.27762,-0.8382));
#724 = ORIENTED_EDGE('',*,*,#725,.T.);
#725 = EDGE_CURVE('',#716,#726,#728,.T.);
#726 = VERTEX_POINT('',#727);
#727 = CARTESIAN_POINT('',(-0.8128,1.27762,-0.836297781369));
#728 = CIRCLE('',#729,0.25);
#729 = AXIS2_PLACEMENT_3D('',#730,#731,#732);
#730 = CARTESIAN_POINT('',(-0.769935062197,1.27762,-0.59));
#731 = DIRECTION('',(0.,1.,0.));
#732 = DIRECTION('',(-0.119783805249,0.,-0.9928));
#733 = ORIENTED_EDGE('',*,*,#734,.T.);
#734 = EDGE_CURVE('',#726,#653,#735,.T.);
#735 = LINE('',#736,#737);
#736 = CARTESIAN_POINT('',(-0.8128,1.27762,-0.836297781369));
#737 = VECTOR('',#738,1.);
#738 = DIRECTION('',(0.,1.,0.));
#739 = SURFACE_OF_REVOLUTION('',#740,#744);
#740 = LINE('',#741,#742);
#741 = CARTESIAN_POINT('',(-0.971127058758,1.268,-0.738397373695));
#742 = VECTOR('',#743,1.);
#743 = DIRECTION('',(0.,1.,0.));
#744 = AXIS1_PLACEMENT('',#745,#746);
#745 = CARTESIAN_POINT('',(-0.769935062197,1.26492513449,-0.59));
#746 = DIRECTION('',(0.,-1.,0.));
#747 = SHELL_BASED_SURFACE_MODEL('',(#748));
#748 = OPEN_SHELL('',(#749));
#749 = ADVANCED_FACE('',(#750),#777,.T.);
#750 = FACE_BOUND('',#751,.T.);
#751 = EDGE_LOOP('',(#752,#763,#771));
#752 = ORIENTED_EDGE('',*,*,#753,.T.);
#753 = EDGE_CURVE('',#754,#756,#758,.T.);
#754 = VERTEX_POINT('',#755);
#755 = CARTESIAN_POINT('',(-0.8128,1.30302,-0.836297781369));
#756 = VERTEX_POINT('',#757);
#757 = CARTESIAN_POINT('',(-0.799881013509,1.30302,-0.8382));
#758 = CIRCLE('',#759,0.25);
#759 = AXIS2_PLACEMENT_3D('',#760,#761,#762);
#760 = CARTESIAN_POINT('',(-0.769935062197,1.30302,-0.59));
#761 = DIRECTION('',(0.,-1.,0.));
#762 = DIRECTION('',(-0.171459751213,-0.,-0.985191125475));
#763 = ORIENTED_EDGE('',*,*,#764,.T.);
#764 = EDGE_CURVE('',#756,#765,#767,.T.);
#765 = VERTEX_POINT('',#766);
#766 = CARTESIAN_POINT('',(-0.8128,1.30302,-0.8382));
#767 = LINE('',#768,#769);
#768 = CARTESIAN_POINT('',(-0.799881013509,1.30302,-0.8382));
#769 = VECTOR('',#770,1.);
#770 = DIRECTION('',(-1.,0.,0.));
#771 = ORIENTED_EDGE('',*,*,#772,.T.);
#772 = EDGE_CURVE('',#765,#754,#773,.T.);
#773 = LINE('',#774,#775);
#774 = CARTESIAN_POINT('',(-0.8128,1.30302,-0.8382));
#775 = VECTOR('',#776,1.);
#776 = DIRECTION('',(0.,0.,1.));
#777 = B_SPLINE_SURFACE_WITH_KNOTS('',1,1,(
    (#778,#779)
    ,(#780,#781
    )),.UNSPECIFIED.,.F.,.F.,.F.,(2,2),(2,2),(3.792361169276E-02,
    3.800149780995E-02),(1.44812060543E-02,1.501017243031E-02),
  .PIECEWISE_BEZIER_KNOTS.);
#778 = CARTESIAN_POINT('',(-0.799622633779,1.30302,-0.836259736996));
#779 = CARTESIAN_POINT('',(-0.81305837973,1.30302,-0.836259736996));
#780 = CARTESIAN_POINT('',(-0.799622633779,1.30302,-0.838238044373));
#781 = CARTESIAN_POINT('',(-0.81305837973,1.30302,-0.838238044373));
#782 = SHELL_BASED_SURFACE_MODEL('',(#783));
#783 = OPEN_SHELL('',(#784));
#784 = ADVANCED_FACE('',(#785),#819,.T.);
#785 = FACE_BOUND('',#786,.T.);
#786 = EDGE_LOOP('',(#787,#797,#805,#813));
#787 = ORIENTED_EDGE('',*,*,#788,.T.);
#788 = EDGE_CURVE('',#789,#791,#793,.T.);
#789 = VERTEX_POINT('',#790);
#790 = CARTESIAN_POINT('',(-0.8128,1.30302,-0.836297781369));
#791 = VERTEX_POINT('',#792);
#792 = CARTESIAN_POINT('',(-0.8128,1.27762,-0.836297781369));
#793 = LINE('',#794,#795);
#794 = CARTESIAN_POINT('',(-0.8128,1.30302,-0.836297781369));
#795 = VECTOR('',#796,1.);
#796 = DIRECTION('',(0.,-1.,0.));
#797 = ORIENTED_EDGE('',*,*,#798,.T.);
#798 = EDGE_CURVE('',#791,#799,#801,.T.);
#799 = VERTEX_POINT('',#800);
#800 = CARTESIAN_POINT('',(-0.8128,1.27762,-0.8382));
#801 = LINE('',#802,#803);
#802 = CARTESIAN_POINT('',(-0.8128,1.27762,-0.836297781369));
#803 = VECTOR('',#804,1.);
#804 = DIRECTION('',(0.,0.,-1.));
#805 = ORIENTED_EDGE('',*,*,#806,.T.);
#806 = EDGE_CURVE('',#799,#807,#809,.T.);
#807 = VERTEX_POINT('',#808);
#808 = CARTESIAN_POINT('',(-0.8128,1.30302,-0.8382));
#809 = LINE('',#810,#811);
#810 = CARTESIAN_POINT('',(-0.8128,1.27762,-0.8382));
#811 = VECTOR('',#812,1.);
#812 = DIRECTION('',(0.,1.,0.));
#813 = ORIENTED_EDGE('',*,*,#814,.T.);
#814 = EDGE_CURVE('',#807,#789,#815,.T.);
#815 = LINE('',#816,#817);
#816 = CARTESIAN_POINT('',(-0.8128,1.30302,-0.8382));
#817 = VECTOR('',#818,1.);
#818 = DIRECTION('',(0.,0.,1.));
#819 = B_SPLINE_SURFACE_WITH_KNOTS('',1,1,(
    (#820,#821)
    ,(#822,#823
    )),.UNSPECIFIED.,.F.,.F.,.F.,(2,2),(2,2),(1.892361169276E-02,
    1.900149780995E-02),(-5.2E-04,5.2E-04),.PIECEWISE_BEZIER_KNOTS.);
#820 = CARTESIAN_POINT('',(-0.8128,1.277112,-0.836259736996));
#821 = CARTESIAN_POINT('',(-0.8128,1.303528,-0.836259736996));
#822 = CARTESIAN_POINT('',(-0.8128,1.277112,-0.838238044373));
#823 = CARTESIAN_POINT('',(-0.8128,1.303528,-0.838238044373));
#824 = SHELL_BASED_SURFACE_MODEL('',(#825));
#825 = OPEN_SHELL('',(#826));
#826 = ADVANCED_FACE('',(#827),#854,.T.);
#827 = FACE_BOUND('',#828,.T.);
#828 = EDGE_LOOP('',(#829,#840,#848));
#829 = ORIENTED_EDGE('',*,*,#830,.T.);
#830 = EDGE_CURVE('',#831,#833,#835,.T.);
#831 = VERTEX_POINT('',#832);
#832 = CARTESIAN_POINT('',(-0.8128,1.27762,-0.836297781369));
#833 = VERTEX_POINT('',#834);
#834 = CARTESIAN_POINT('',(-0.799881013509,1.27762,-0.8382));
#835 = CIRCLE('',#836,0.25);
#836 = AXIS2_PLACEMENT_3D('',#837,#838,#839);
#837 = CARTESIAN_POINT('',(-0.769935062197,1.27762,-0.59));
#838 = DIRECTION('',(0.,-1.,0.));
#839 = DIRECTION('',(-0.171459751213,-0.,-0.985191125475));
#840 = ORIENTED_EDGE('',*,*,#841,.T.);
#841 = EDGE_CURVE('',#833,#842,#844,.T.);
#842 = VERTEX_POINT('',#843);
#843 = CARTESIAN_POINT('',(-0.8128,1.27762,-0.8382));
#844 = LINE('',#845,#846);
#845 = CARTESIAN_POINT('',(-0.799881013509,1.27762,-0.8382));
#846 = VECTOR('',#847,1.);
#847 = DIRECTION('',(-1.,0.,0.));
#848 = ORIENTED_EDGE('',*,*,#849,.T.);
#849 = EDGE_CURVE('',#842,#831,#850,.T.);
#850 = LINE('',#851,#852);
#851 = CARTESIAN_POINT('',(-0.8128,1.27762,-0.8382));
#852 = VECTOR('',#853,1.);
#853 = DIRECTION('',(0.,0.,1.));
#854 = B_SPLINE_SURFACE_WITH_KNOTS('',1,1,(
    (#855,#856)
    ,(#857,#858
    )),.UNSPECIFIED.,.F.,.F.,.F.,(2,2),(2,2),(3.792361169276E-02,
    3.800149780995E-02),(1.44812060543E-02,1.501017243031E-02),
  .PIECEWISE_BEZIER_KNOTS.);
#855 = CARTESIAN_POINT('',(-0.799622633779,1.27762,-0.836259736996));
#856 = CARTESIAN_POINT('',(-0.81305837973,1.27762,-0.836259736996));
#857 = CARTESIAN_POINT('',(-0.799622633779,1.27762,-0.838238044373));
#858 = CARTESIAN_POINT('',(-0.81305837973,1.27762,-0.838238044373));
#859 = SHELL_BASED_SURFACE_MODEL('',(#860));
#860 = OPEN_SHELL('',(#861));
#861 = ADVANCED_FACE('',(#862),#916,.T.);
#862 = FACE_BOUND('',#863,.T.);
#863 = EDGE_LOOP('',(#864,#874,#883,#891,#900,#908));
#864 = ORIENTED_EDGE('',*,*,#865,.T.);
#865 = EDGE_CURVE('',#866,#868,#870,.T.);
#866 = VERTEX_POINT('',#867);
#867 = CARTESIAN_POINT('',(-0.769935062197,1.277651899779,-0.84));
#868 = VERTEX_POINT('',#869);
#869 = CARTESIAN_POINT('',(-0.4318,1.277651899779,-0.84));
#870 = LINE('',#871,#872);
#871 = CARTESIAN_POINT('',(-0.769935062197,1.277651899779,-0.84));
#872 = VECTOR('',#873,1.);
#873 = DIRECTION('',(1.,0.,0.));
#874 = ORIENTED_EDGE('',*,*,#875,.T.);
#875 = EDGE_CURVE('',#868,#876,#878,.T.);
#876 = VERTEX_POINT('',#877);
#877 = CARTESIAN_POINT('',(-0.4318,1.32842,-0.889));
#878 = CIRCLE('',#879,5.08E-02);
#879 = AXIS2_PLACEMENT_3D('',#880,#881,#882);
#880 = CARTESIAN_POINT('',(-0.4318,1.32842,-0.8382));
#881 = DIRECTION('',(1.,0.,0.));
#882 = DIRECTION('',(0.,-0.999372051585,-3.543307086614E-02));
#883 = ORIENTED_EDGE('',*,*,#884,.T.);
#884 = EDGE_CURVE('',#876,#885,#887,.T.);
#885 = VERTEX_POINT('',#886);
#886 = CARTESIAN_POINT('',(-0.8128,1.32842,-0.889));
#887 = LINE('',#888,#889);
#888 = CARTESIAN_POINT('',(-0.4318,1.32842,-0.889));
#889 = VECTOR('',#890,1.);
#890 = DIRECTION('',(-1.,0.,0.));
#891 = ORIENTED_EDGE('',*,*,#892,.T.);
#892 = EDGE_CURVE('',#885,#893,#895,.T.);
#893 = VERTEX_POINT('',#894);
#894 = CARTESIAN_POINT('',(-0.8128,1.27762,-0.8382));
#895 = CIRCLE('',#896,5.08E-02);
#896 = AXIS2_PLACEMENT_3D('',#897,#898,#899);
#897 = CARTESIAN_POINT('',(-0.8128,1.32842,-0.8382));
#898 = DIRECTION('',(-1.,0.,0.));
#899 = DIRECTION('',(0.,0.,-1.));
#900 = ORIENTED_EDGE('',*,*,#901,.T.);
#901 = EDGE_CURVE('',#893,#902,#904,.T.);
#902 = VERTEX_POINT('',#903);
#903 = CARTESIAN_POINT('',(-0.799881013509,1.27762,-0.8382));
#904 = LINE('',#905,#906);
#905 = CARTESIAN_POINT('',(-0.8128,1.27762,-0.8382));
#906 = VECTOR('',#907,1.);
#907 = DIRECTION('',(1.,0.,0.));
#908 = ORIENTED_EDGE('',*,*,#909,.T.);
#909 = EDGE_CURVE('',#902,#866,#910,.T.);
#910 = B_SPLINE_CURVE_WITH_KNOTS('',3,(#911,#912,#913,#914,#915),
  .UNSPECIFIED.,.F.,.F.,(4,1,4),(0.,0.5,1.),.QUASI_UNIFORM_KNOTS.);
#911 = CARTESIAN_POINT('',(-0.799881013509,1.27762,-0.8382));
#912 = CARTESIAN_POINT('',(-0.794929489176,1.27762,-0.838797413806));
#913 = CARTESIAN_POINT('',(-0.784987292781,1.277639807409,
    -0.839696586136));
#914 = CARTESIAN_POINT('',(-0.77496564989,1.277651899779,-0.84));
#915 = CARTESIAN_POINT('',(-0.769935062197,1.277651899779,-0.84));
#916 = SURFACE_OF_REVOLUTION('',#917,#921);
#917 = LINE('',#918,#919);
#918 = CARTESIAN_POINT('',(-0.42418,1.277650191884,-0.836448833572));
#919 = VECTOR('',#920,1.);
#920 = DIRECTION('',(-1.,0.,0.));
#921 = AXIS1_PLACEMENT('',#922,#923);
#922 = CARTESIAN_POINT('',(-0.4318,1.32842,-0.8382));
#923 = DIRECTION('',(1.,0.,0.));
#924 = SHELL_BASED_SURFACE_MODEL('',(#925));
#925 = OPEN_SHELL('',(#926));
#926 = ADVANCED_FACE('',(#927),#963,.T.);
#927 = FACE_BOUND('',#928,.T.);
#928 = EDGE_LOOP('',(#929,#939,#948,#956));
#929 = ORIENTED_EDGE('',*,*,#930,.T.);
#930 = EDGE_CURVE('',#931,#933,#935,.T.);
#931 = VERTEX_POINT('',#932);
#932 = CARTESIAN_POINT('',(-0.4318,1.303083859805,-0.84));
#933 = VERTEX_POINT('',#934);
#934 = CARTESIAN_POINT('',(-0.4318,1.277651899779,-0.84));
#935 = LINE('',#936,#937);
#936 = CARTESIAN_POINT('',(-0.4318,1.303083859805,-0.84));
#937 = VECTOR('',#938,1.);
#938 = DIRECTION('',(0.,-1.,0.));
#939 = ORIENTED_EDGE('',*,*,#940,.T.);
#940 = EDGE_CURVE('',#933,#941,#943,.T.);
#941 = VERTEX_POINT('',#942);
#942 = CARTESIAN_POINT('',(-0.4318,1.32842,-0.889));
#943 = CIRCLE('',#944,5.08E-02);
#944 = AXIS2_PLACEMENT_3D('',#945,#946,#947);
#945 = CARTESIAN_POINT('',(-0.4318,1.32842,-0.8382));
#946 = DIRECTION('',(1.,0.,0.));
#947 = DIRECTION('',(0.,-0.999372051585,-3.543307086614E-02));
#948 = ORIENTED_EDGE('',*,*,#949,.T.);
#949 = EDGE_CURVE('',#941,#950,#952,.T.);
#950 = VERTEX_POINT('',#951);
#951 = CARTESIAN_POINT('',(-0.4318,1.32842,-0.8636));
#952 = LINE('',#953,#954);
#953 = CARTESIAN_POINT('',(-0.4318,1.32842,-0.889));
#954 = VECTOR('',#955,1.);
#955 = DIRECTION('',(0.,0.,1.));
#956 = ORIENTED_EDGE('',*,*,#957,.T.);
#957 = EDGE_CURVE('',#950,#931,#958,.T.);
#958 = CIRCLE('',#959,2.54E-02);
#959 = AXIS2_PLACEMENT_3D('',#960,#961,#962);
#960 = CARTESIAN_POINT('',(-0.4318,1.32842,-0.8382));
#961 = DIRECTION('',(-1.,0.,0.));
#962 = DIRECTION('',(0.,0.,-1.));
#963 = B_SPLINE_SURFACE_WITH_KNOTS('',1,1,(
    (#964,#965)
    ,(#966,#967
    )),.UNSPECIFIED.,.F.,.F.,.F.,(2,2),(2,2),(-1.058751251842E-03,
    1.008297050015E-03),(-1.007041153185E-03,1.129617393575E-03),
  .PIECEWISE_BEZIER_KNOTS.);
#964 = CARTESIAN_POINT('',(-0.4318,1.275900386346,-0.838248486566));
#965 = CARTESIAN_POINT('',(-0.4318,1.330171513433,-0.838248486566));
#966 = CARTESIAN_POINT('',(-0.4318,1.275900386346,-0.890751513433));
#967 = CARTESIAN_POINT('',(-0.4318,1.330171513433,-0.890751513433));
#968 = SHELL_BASED_SURFACE_MODEL('',(#969));
#969 = OPEN_SHELL('',(#970));
#970 = ADVANCED_FACE('',(#971),#1025,.T.);
#971 = FACE_BOUND('',#972,.T.);
#972 = EDGE_LOOP('',(#973,#983,#992,#1000,#1009,#1017));
#973 = ORIENTED_EDGE('',*,*,#974,.T.);
#974 = EDGE_CURVE('',#975,#977,#979,.T.);
#975 = VERTEX_POINT('',#976);
#976 = CARTESIAN_POINT('',(-0.769935062197,1.303083859805,-0.84));
#977 = VERTEX_POINT('',#978);
#978 = CARTESIAN_POINT('',(-0.4318,1.303083859805,-0.84));
#979 = LINE('',#980,#981);
#980 = CARTESIAN_POINT('',(-0.769935062197,1.303083859805,-0.84));
#981 = VECTOR('',#982,1.);
#982 = DIRECTION('',(1.,0.,0.));
#983 = ORIENTED_EDGE('',*,*,#984,.T.);
#984 = EDGE_CURVE('',#977,#985,#987,.T.);
#985 = VERTEX_POINT('',#986);
#986 = CARTESIAN_POINT('',(-0.4318,1.32842,-0.8636));
#987 = CIRCLE('',#988,2.54E-02);
#988 = AXIS2_PLACEMENT_3D('',#989,#990,#991);
#989 = CARTESIAN_POINT('',(-0.4318,1.32842,-0.8382));
#990 = DIRECTION('',(1.,0.,0.));
#991 = DIRECTION('',(0.,-0.997485834464,-7.086614173228E-02));
#992 = ORIENTED_EDGE('',*,*,#993,.T.);
#993 = EDGE_CURVE('',#985,#994,#996,.T.);
#994 = VERTEX_POINT('',#995);
#995 = CARTESIAN_POINT('',(-0.8128,1.32842,-0.8636));
#996 = LINE('',#997,#998);
#997 = CARTESIAN_POINT('',(-0.4318,1.32842,-0.8636));
#998 = VECTOR('',#999,1.);
#999 = DIRECTION('',(-1.,0.,0.));
#1000 = ORIENTED_EDGE('',*,*,#1001,.T.);
#1001 = EDGE_CURVE('',#994,#1002,#1004,.T.);
#1002 = VERTEX_POINT('',#1003);
#1003 = CARTESIAN_POINT('',(-0.8128,1.30302,-0.8382));
#1004 = CIRCLE('',#1005,2.54E-02);
#1005 = AXIS2_PLACEMENT_3D('',#1006,#1007,#1008);
#1006 = CARTESIAN_POINT('',(-0.8128,1.32842,-0.8382));
#1007 = DIRECTION('',(-1.,0.,0.));
#1008 = DIRECTION('',(0.,0.,-1.));
#1009 = ORIENTED_EDGE('',*,*,#1010,.T.);
#1010 = EDGE_CURVE('',#1002,#1011,#1013,.T.);
#1011 = VERTEX_POINT('',#1012);
#1012 = CARTESIAN_POINT('',(-0.799881013509,1.30302,-0.8382));
#1013 = LINE('',#1014,#1015);
#1014 = CARTESIAN_POINT('',(-0.8128,1.30302,-0.8382));
#1015 = VECTOR('',#1016,1.);
#1016 = DIRECTION('',(1.,0.,0.));
#1017 = ORIENTED_EDGE('',*,*,#1018,.T.);
#1018 = EDGE_CURVE('',#1011,#975,#1019,.T.);
#1019 = B_SPLINE_CURVE_WITH_KNOTS('',3,(#1020,#1021,#1022,#1023,#1024),
  .UNSPECIFIED.,.F.,.F.,(4,1,4),(0.,0.5,1.),.QUASI_UNIFORM_KNOTS.);
#1020 = CARTESIAN_POINT('',(-0.799881013509,1.30302,-0.8382));
#1021 = CARTESIAN_POINT('',(-0.794991410954,1.30302,-0.838789942788));
#1022 = CARTESIAN_POINT('',(-0.785112294155,1.303059022886,
    -0.839689012407));
#1023 = CARTESIAN_POINT('',(-0.775028038266,1.303083859805,-0.84));
#1024 = CARTESIAN_POINT('',(-0.769935062197,1.303083859805,-0.84));
#1025 = SURFACE_OF_REVOLUTION('',#1026,#1030);
#1026 = LINE('',#1027,#1028);
#1027 = CARTESIAN_POINT('',(-0.42418,1.303080365824,-0.83644987434));
#1028 = VECTOR('',#1029,1.);
#1029 = DIRECTION('',(-1.,0.,0.));
#1030 = AXIS1_PLACEMENT('',#1031,#1032);
#1031 = CARTESIAN_POINT('',(-0.4318,1.32842,-0.8382));
#1032 = DIRECTION('',(1.,0.,0.));
#1033 = SHELL_BASED_SURFACE_MODEL('',(#1034));
#1034 = OPEN_SHELL('',(#1035));
#1035 = ADVANCED_FACE('',(#1036),#1072,.T.);
#1036 = FACE_BOUND('',#1037,.T.);
#1037 = EDGE_LOOP('',(#1038,#1049,#1057,#1066));
#1038 = ORIENTED_EDGE('',*,*,#1039,.T.);
#1039 = EDGE_CURVE('',#1040,#1042,#1044,.T.);
#1040 = VERTEX_POINT('',#1041);
#1041 = CARTESIAN_POINT('',(-0.8128,1.32842,-0.8636));
#1042 = VERTEX_POINT('',#1043);
#1043 = CARTESIAN_POINT('',(-0.8128,1.30302,-0.8382));
#1044 = CIRCLE('',#1045,2.54E-02);
#1045 = AXIS2_PLACEMENT_3D('',#1046,#1047,#1048);
#1046 = CARTESIAN_POINT('',(-0.8128,1.32842,-0.8382));
#1047 = DIRECTION('',(-1.,0.,0.));
#1048 = DIRECTION('',(0.,0.,-1.));
#1049 = ORIENTED_EDGE('',*,*,#1050,.T.);
#1050 = EDGE_CURVE('',#1042,#1051,#1053,.T.);
#1051 = VERTEX_POINT('',#1052);
#1052 = CARTESIAN_POINT('',(-0.8128,1.27762,-0.8382));
#1053 = LINE('',#1054,#1055);
#1054 = CARTESIAN_POINT('',(-0.8128,1.30302,-0.8382));
#1055 = VECTOR('',#1056,1.);
#1056 = DIRECTION('',(0.,-1.,0.));
#1057 = ORIENTED_EDGE('',*,*,#1058,.T.);
#1058 = EDGE_CURVE('',#1051,#1059,#1061,.T.);
#1059 = VERTEX_POINT('',#1060);
#1060 = CARTESIAN_POINT('',(-0.8128,1.32842,-0.889));
#1061 = CIRCLE('',#1062,5.08E-02);
#1062 = AXIS2_PLACEMENT_3D('',#1063,#1064,#1065);
#1063 = CARTESIAN_POINT('',(-0.8128,1.32842,-0.8382));
#1064 = DIRECTION('',(1.,0.,0.));
#1065 = DIRECTION('',(0.,-1.,0.));
#1066 = ORIENTED_EDGE('',*,*,#1067,.T.);
#1067 = EDGE_CURVE('',#1059,#1040,#1068,.T.);
#1068 = LINE('',#1069,#1070);
#1069 = CARTESIAN_POINT('',(-0.8128,1.32842,-0.889));
#1070 = VECTOR('',#1071,1.);
#1071 = DIRECTION('',(0.,0.,1.));
#1072 = B_SPLINE_SURFACE_WITH_KNOTS('',1,1,(
    (#1073,#1074)
    ,(#1075,#1076
    )),.UNSPECIFIED.,.F.,.F.,.F.,(2,2),(2,2),(-1.129617393575E-03,
    1.008297050015E-03),(-1.008297050015E-03,1.129617393575E-03),
  .PIECEWISE_BEZIER_KNOTS.);
#1073 = CARTESIAN_POINT('',(-0.8128,1.275868486567,-0.836448486567));
#1074 = CARTESIAN_POINT('',(-0.8128,1.330171513433,-0.836448486567));
#1075 = CARTESIAN_POINT('',(-0.8128,1.275868486567,-0.890751513433));
#1076 = CARTESIAN_POINT('',(-0.8128,1.330171513433,-0.890751513433));
#1077 = SHELL_BASED_SURFACE_MODEL('',(#1078));
#1078 = OPEN_SHELL('',(#1079));
#1079 = ADVANCED_FACE('',(#1080),#1114,.T.);
#1080 = FACE_BOUND('',#1081,.T.);
#1081 = EDGE_LOOP('',(#1082,#1092,#1100,#1108));
#1082 = ORIENTED_EDGE('',*,*,#1083,.T.);
#1083 = EDGE_CURVE('',#1084,#1086,#1088,.T.);
#1084 = VERTEX_POINT('',#1085);
#1085 = CARTESIAN_POINT('',(-0.8128,1.40462,-0.8636));
#1086 = VERTEX_POINT('',#1087);
#1087 = CARTESIAN_POINT('',(-0.8128,1.32842,-0.8636));
#1088 = LINE('',#1089,#1090);
#1089 = CARTESIAN_POINT('',(-0.8128,1.40462,-0.8636));
#1090 = VECTOR('',#1091,1.);
#1091 = DIRECTION('',(0.,-1.,0.));
#1092 = ORIENTED_EDGE('',*,*,#1093,.T.);
#1093 = EDGE_CURVE('',#1086,#1094,#1096,.T.);
#1094 = VERTEX_POINT('',#1095);
#1095 = CARTESIAN_POINT('',(-0.8128,1.32842,-0.889));
#1096 = LINE('',#1097,#1098);
#1097 = CARTESIAN_POINT('',(-0.8128,1.32842,-0.8636));
#1098 = VECTOR('',#1099,1.);
#1099 = DIRECTION('',(0.,0.,-1.));
#1100 = ORIENTED_EDGE('',*,*,#1101,.T.);
#1101 = EDGE_CURVE('',#1094,#1102,#1104,.T.);
#1102 = VERTEX_POINT('',#1103);
#1103 = CARTESIAN_POINT('',(-0.8128,1.40462,-0.889));
#1104 = LINE('',#1105,#1106);
#1105 = CARTESIAN_POINT('',(-0.8128,1.32842,-0.889));
#1106 = VECTOR('',#1107,1.);
#1107 = DIRECTION('',(0.,1.,0.));
#1108 = ORIENTED_EDGE('',*,*,#1109,.T.);
#1109 = EDGE_CURVE('',#1102,#1084,#1110,.T.);
#1110 = LINE('',#1111,#1112);
#1111 = CARTESIAN_POINT('',(-0.8128,1.40462,-0.889));
#1112 = VECTOR('',#1113,1.);
#1113 = DIRECTION('',(0.,0.,1.));
#1114 = B_SPLINE_SURFACE_WITH_KNOTS('',1,1,(
    (#1115,#1116)
    ,(#1117,#1118
    )),.UNSPECIFIED.,.F.,.F.,.F.,(2,2),(2,2),(-1.568957221795E-03,
    1.568957221795E-03),(-5.689572217948E-04,5.689572217948E-04),
  .PIECEWISE_BEZIER_KNOTS.);
#1115 = CARTESIAN_POINT('',(-0.8128,1.326668486567,-0.890751513433));
#1116 = CARTESIAN_POINT('',(-0.8128,1.326668486567,-0.861848486567));
#1117 = CARTESIAN_POINT('',(-0.8128,1.406371513433,-0.890751513433));
#1118 = CARTESIAN_POINT('',(-0.8128,1.406371513433,-0.861848486567));
#1119 = SHELL_BASED_SURFACE_MODEL('',(#1120));
#1120 = OPEN_SHELL('',(#1121));
#1121 = ADVANCED_FACE('',(#1122),#1156,.T.);
#1122 = FACE_BOUND('',#1123,.T.);
#1123 = EDGE_LOOP('',(#1124,#1134,#1142,#1150));
#1124 = ORIENTED_EDGE('',*,*,#1125,.T.);
#1125 = EDGE_CURVE('',#1126,#1128,#1130,.T.);
#1126 = VERTEX_POINT('',#1127);
#1127 = CARTESIAN_POINT('',(-0.4318,1.32842,-0.8636));
#1128 = VERTEX_POINT('',#1129);
#1129 = CARTESIAN_POINT('',(-0.4318,1.40462,-0.8636));
#1130 = LINE('',#1131,#1132);
#1131 = CARTESIAN_POINT('',(-0.4318,1.32842,-0.8636));
#1132 = VECTOR('',#1133,1.);
#1133 = DIRECTION('',(0.,1.,0.));
#1134 = ORIENTED_EDGE('',*,*,#1135,.T.);
#1135 = EDGE_CURVE('',#1128,#1136,#1138,.T.);
#1136 = VERTEX_POINT('',#1137);
#1137 = CARTESIAN_POINT('',(-0.8128,1.40462,-0.8636));
#1138 = LINE('',#1139,#1140);
#1139 = CARTESIAN_POINT('',(-0.4318,1.40462,-0.8636));
#1140 = VECTOR('',#1141,1.);
#1141 = DIRECTION('',(-1.,0.,0.));
#1142 = ORIENTED_EDGE('',*,*,#1143,.T.);
#1143 = EDGE_CURVE('',#1136,#1144,#1146,.T.);
#1144 = VERTEX_POINT('',#1145);
#1145 = CARTESIAN_POINT('',(-0.8128,1.32842,-0.8636));
#1146 = LINE('',#1147,#1148);
#1147 = CARTESIAN_POINT('',(-0.8128,1.40462,-0.8636));
#1148 = VECTOR('',#1149,1.);
#1149 = DIRECTION('',(0.,-1.,0.));
#1150 = ORIENTED_EDGE('',*,*,#1151,.T.);
#1151 = EDGE_CURVE('',#1144,#1126,#1152,.T.);
#1152 = LINE('',#1153,#1154);
#1153 = CARTESIAN_POINT('',(-0.8128,1.32842,-0.8636));
#1154 = VECTOR('',#1155,1.);
#1155 = DIRECTION('',(1.,0.,0.));
#1156 = B_SPLINE_SURFACE_WITH_KNOTS('',1,1,(
    (#1157,#1158)
    ,(#1159,#1160
    )),.UNSPECIFIED.,.F.,.F.,.F.,(2,2),(2,2),(-6.895722179475E-05,
    3.068957221795E-03),(-3.E-04,1.53E-02),.PIECEWISE_BEZIER_KNOTS.);
#1157 = CARTESIAN_POINT('',(-0.42418,1.326668486567,-0.8636));
#1158 = CARTESIAN_POINT('',(-0.82042,1.326668486567,-0.8636));
#1159 = CARTESIAN_POINT('',(-0.42418,1.406371513433,-0.8636));
#1160 = CARTESIAN_POINT('',(-0.82042,1.406371513433,-0.8636));
#1161 = SHELL_BASED_SURFACE_MODEL('',(#1162));
#1162 = OPEN_SHELL('',(#1163));
#1163 = ADVANCED_FACE('',(#1164),#1198,.T.);
#1164 = FACE_BOUND('',#1165,.T.);
#1165 = EDGE_LOOP('',(#1166,#1176,#1184,#1192));
#1166 = ORIENTED_EDGE('',*,*,#1167,.T.);
#1167 = EDGE_CURVE('',#1168,#1170,#1172,.T.);
#1168 = VERTEX_POINT('',#1169);
#1169 = CARTESIAN_POINT('',(-0.4318,1.40462,-0.8636));
#1170 = VERTEX_POINT('',#1171);
#1171 = CARTESIAN_POINT('',(-0.4318,1.32842,-0.8636));
#1172 = LINE('',#1173,#1174);
#1173 = CARTESIAN_POINT('',(-0.4318,1.40462,-0.8636));
#1174 = VECTOR('',#1175,1.);
#1175 = DIRECTION('',(0.,-1.,0.));
#1176 = ORIENTED_EDGE('',*,*,#1177,.T.);
#1177 = EDGE_CURVE('',#1170,#1178,#1180,.T.);
#1178 = VERTEX_POINT('',#1179);
#1179 = CARTESIAN_POINT('',(-0.4318,1.32842,-0.889));
#1180 = LINE('',#1181,#1182);
#1181 = CARTESIAN_POINT('',(-0.4318,1.32842,-0.8636));
#1182 = VECTOR('',#1183,1.);
#1183 = DIRECTION('',(0.,0.,-1.));
#1184 = ORIENTED_EDGE('',*,*,#1185,.T.);
#1185 = EDGE_CURVE('',#1178,#1186,#1188,.T.);
#1186 = VERTEX_POINT('',#1187);
#1187 = CARTESIAN_POINT('',(-0.4318,1.40462,-0.889));
#1188 = LINE('',#1189,#1190);
#1189 = CARTESIAN_POINT('',(-0.4318,1.32842,-0.889));
#1190 = VECTOR('',#1191,1.);
#1191 = DIRECTION('',(0.,1.,0.));
#1192 = ORIENTED_EDGE('',*,*,#1193,.T.);
#1193 = EDGE_CURVE('',#1186,#1168,#1194,.T.);
#1194 = LINE('',#1195,#1196);
#1195 = CARTESIAN_POINT('',(-0.4318,1.40462,-0.889));
#1196 = VECTOR('',#1197,1.);
#1197 = DIRECTION('',(0.,0.,1.));
#1198 = B_SPLINE_SURFACE_WITH_KNOTS('',1,1,(
    (#1199,#1200)
    ,(#1201,#1202
    )),.UNSPECIFIED.,.F.,.F.,.F.,(2,2),(2,2),(-1.568957221795E-03,
    1.568957221795E-03),(-5.689572217948E-04,5.689572217948E-04),
  .PIECEWISE_BEZIER_KNOTS.);
#1199 = CARTESIAN_POINT('',(-0.4318,1.326668486567,-0.890751513433));
#1200 = CARTESIAN_POINT('',(-0.4318,1.326668486567,-0.861848486567));
#1201 = CARTESIAN_POINT('',(-0.4318,1.406371513433,-0.890751513433));
#1202 = CARTESIAN_POINT('',(-0.4318,1.406371513433,-0.861848486567));
#1203 = SHELL_BASED_SURFACE_MODEL('',(#1204));
#1204 = OPEN_SHELL('',(#1205));
#1205 = ADVANCED_FACE('',(#1206),#1242,.T.);
#1206 = FACE_BOUND('',#1207,.T.);
#1207 = EDGE_LOOP('',(#1208,#1219,#1227,#1236));
#1208 = ORIENTED_EDGE('',*,*,#1209,.T.);
#1209 = EDGE_CURVE('',#1210,#1212,#1214,.T.);
#1210 = VERTEX_POINT('',#1211);
#1211 = CARTESIAN_POINT('',(-0.4318,1.43002,-0.8382));
#1212 = VERTEX_POINT('',#1213);
#1213 = CARTESIAN_POINT('',(-0.4318,1.40462,-0.8636));
#1214 = CIRCLE('',#1215,2.54E-02);
#1215 = AXIS2_PLACEMENT_3D('',#1216,#1217,#1218);
#1216 = CARTESIAN_POINT('',(-0.4318,1.40462,-0.8382));
#1217 = DIRECTION('',(-1.,0.,0.));
#1218 = DIRECTION('',(0.,1.,0.));
#1219 = ORIENTED_EDGE('',*,*,#1220,.T.);
#1220 = EDGE_CURVE('',#1212,#1221,#1223,.T.);
#1221 = VERTEX_POINT('',#1222);
#1222 = CARTESIAN_POINT('',(-0.4318,1.40462,-0.889));
#1223 = LINE('',#1224,#1225);
#1224 = CARTESIAN_POINT('',(-0.4318,1.40462,-0.8636));
#1225 = VECTOR('',#1226,1.);
#1226 = DIRECTION('',(0.,0.,-1.));
#1227 = ORIENTED_EDGE('',*,*,#1228,.T.);
#1228 = EDGE_CURVE('',#1221,#1229,#1231,.T.);
#1229 = VERTEX_POINT('',#1230);
#1230 = CARTESIAN_POINT('',(-0.4318,1.45542,-0.8382));
#1231 = CIRCLE('',#1232,5.08E-02);
#1232 = AXIS2_PLACEMENT_3D('',#1233,#1234,#1235);
#1233 = CARTESIAN_POINT('',(-0.4318,1.40462,-0.8382));
#1234 = DIRECTION('',(1.,0.,0.));
#1235 = DIRECTION('',(0.,0.,-1.));
#1236 = ORIENTED_EDGE('',*,*,#1237,.T.);
#1237 = EDGE_CURVE('',#1229,#1210,#1238,.T.);
#1238 = LINE('',#1239,#1240);
#1239 = CARTESIAN_POINT('',(-0.4318,1.45542,-0.8382));
#1240 = VECTOR('',#1241,1.);
#1241 = DIRECTION('',(0.,-1.,0.));
#1242 = B_SPLINE_SURFACE_WITH_KNOTS('',1,1,(
    (#1243,#1244)
    ,(#1245,#1246
    )),.UNSPECIFIED.,.F.,.F.,.F.,(2,2),(2,2),(-1.129617393575E-03,
    1.008297050015E-03),(-1.008297050015E-03,1.129617393575E-03),
  .PIECEWISE_BEZIER_KNOTS.);
#1243 = CARTESIAN_POINT('',(-0.4318,1.402868486567,-0.890751513433));
#1244 = CARTESIAN_POINT('',(-0.4318,1.402868486567,-0.836448486567));
#1245 = CARTESIAN_POINT('',(-0.4318,1.457171513433,-0.890751513433));
#1246 = CARTESIAN_POINT('',(-0.4318,1.457171513433,-0.836448486567));
#1247 = SHELL_BASED_SURFACE_MODEL('',(#1248));
#1248 = OPEN_SHELL('',(#1249));
#1249 = ADVANCED_FACE('',(#1250),#1286,.T.);
#1250 = FACE_BOUND('',#1251,.T.);
#1251 = EDGE_LOOP('',(#1252,#1263,#1271,#1280));
#1252 = ORIENTED_EDGE('',*,*,#1253,.T.);
#1253 = EDGE_CURVE('',#1254,#1256,#1258,.T.);
#1254 = VERTEX_POINT('',#1255);
#1255 = CARTESIAN_POINT('',(-0.4318,1.40462,-0.8636));
#1256 = VERTEX_POINT('',#1257);
#1257 = CARTESIAN_POINT('',(-0.4318,1.43002,-0.8382));
#1258 = CIRCLE('',#1259,2.54E-02);
#1259 = AXIS2_PLACEMENT_3D('',#1260,#1261,#1262);
#1260 = CARTESIAN_POINT('',(-0.4318,1.40462,-0.8382));
#1261 = DIRECTION('',(1.,0.,0.));
#1262 = DIRECTION('',(0.,0.,-1.));
#1263 = ORIENTED_EDGE('',*,*,#1264,.T.);
#1264 = EDGE_CURVE('',#1256,#1265,#1267,.T.);
#1265 = VERTEX_POINT('',#1266);
#1266 = CARTESIAN_POINT('',(-0.8128,1.43002,-0.8382));
#1267 = LINE('',#1268,#1269);
#1268 = CARTESIAN_POINT('',(-0.4318,1.43002,-0.8382));
#1269 = VECTOR('',#1270,1.);
#1270 = DIRECTION('',(-1.,0.,0.));
#1271 = ORIENTED_EDGE('',*,*,#1272,.T.);
#1272 = EDGE_CURVE('',#1265,#1273,#1275,.T.);
#1273 = VERTEX_POINT('',#1274);
#1274 = CARTESIAN_POINT('',(-0.8128,1.40462,-0.8636));
#1275 = CIRCLE('',#1276,2.54E-02);
#1276 = AXIS2_PLACEMENT_3D('',#1277,#1278,#1279);
#1277 = CARTESIAN_POINT('',(-0.8128,1.40462,-0.8382));
#1278 = DIRECTION('',(-1.,0.,0.));
#1279 = DIRECTION('',(0.,1.,0.));
#1280 = ORIENTED_EDGE('',*,*,#1281,.T.);
#1281 = EDGE_CURVE('',#1273,#1254,#1282,.T.);
#1282 = LINE('',#1283,#1284);
#1283 = CARTESIAN_POINT('',(-0.8128,1.40462,-0.8636));
#1284 = VECTOR('',#1285,1.);
#1285 = DIRECTION('',(1.,0.,0.));
#1286 = SURFACE_OF_REVOLUTION('',#1287,#1291);
#1287 = LINE('',#1288,#1289);
#1288 = CARTESIAN_POINT('',(-0.42418,1.40286987434,-0.863539634176));
#1289 = VECTOR('',#1290,1.);
#1290 = DIRECTION('',(-1.,0.,0.));
#1291 = AXIS1_PLACEMENT('',#1292,#1293);
#1292 = CARTESIAN_POINT('',(-0.4318,1.40462,-0.8382));
#1293 = DIRECTION('',(1.,0.,0.));
#1294 = SHELL_BASED_SURFACE_MODEL('',(#1295));
#1295 = OPEN_SHELL('',(#1296));
#1296 = ADVANCED_FACE('',(#1297),#1333,.T.);
#1297 = FACE_BOUND('',#1298,.T.);
#1298 = EDGE_LOOP('',(#1299,#1310,#1318,#1327));
#1299 = ORIENTED_EDGE('',*,*,#1300,.T.);
#1300 = EDGE_CURVE('',#1301,#1303,#1305,.T.);
#1301 = VERTEX_POINT('',#1302);
#1302 = CARTESIAN_POINT('',(-0.8128,1.43002,-0.8382));
#1303 = VERTEX_POINT('',#1304);
#1304 = CARTESIAN_POINT('',(-0.8128,1.40462,-0.8636));
#1305 = CIRCLE('',#1306,2.54E-02);
#1306 = AXIS2_PLACEMENT_3D('',#1307,#1308,#1309);
#1307 = CARTESIAN_POINT('',(-0.8128,1.40462,-0.8382));
#1308 = DIRECTION('',(-1.,0.,0.));
#1309 = DIRECTION('',(0.,1.,0.));
#1310 = ORIENTED_EDGE('',*,*,#1311,.T.);
#1311 = EDGE_CURVE('',#1303,#1312,#1314,.T.);
#1312 = VERTEX_POINT('',#1313);
#1313 = CARTESIAN_POINT('',(-0.8128,1.40462,-0.889));
#1314 = LINE('',#1315,#1316);
#1315 = CARTESIAN_POINT('',(-0.8128,1.40462,-0.8636));
#1316 = VECTOR('',#1317,1.);
#1317 = DIRECTION('',(0.,0.,-1.));
#1318 = ORIENTED_EDGE('',*,*,#1319,.T.);
#1319 = EDGE_CURVE('',#1312,#1320,#1322,.T.);
#1320 = VERTEX_POINT('',#1321);
#1321 = CARTESIAN_POINT('',(-0.8128,1.45542,-0.8382));
#1322 = CIRCLE('',#1323,5.08E-02);
#1323 = AXIS2_PLACEMENT_3D('',#1324,#1325,#1326);
#1324 = CARTESIAN_POINT('',(-0.8128,1.40462,-0.8382));
#1325 = DIRECTION('',(1.,0.,0.));
#1326 = DIRECTION('',(0.,0.,-1.));
#1327 = ORIENTED_EDGE('',*,*,#1328,.T.);
#1328 = EDGE_CURVE('',#1320,#1301,#1329,.T.);
#1329 = LINE('',#1330,#1331);
#1330 = CARTESIAN_POINT('',(-0.8128,1.45542,-0.8382));
#1331 = VECTOR('',#1332,1.);
#1332 = DIRECTION('',(0.,-1.,0.));
#1333 = B_SPLINE_SURFACE_WITH_KNOTS('',1,1,(
    (#1334,#1335)
    ,(#1336,#1337
    )),.UNSPECIFIED.,.F.,.F.,.F.,(2,2),(2,2),(-1.129617393575E-03,
    1.008297050015E-03),(-1.008297050015E-03,1.129617393575E-03),
  .PIECEWISE_BEZIER_KNOTS.);
#1334 = CARTESIAN_POINT('',(-0.8128,1.402868486567,-0.890751513433));
#1335 = CARTESIAN_POINT('',(-0.8128,1.402868486567,-0.836448486567));
#1336 = CARTESIAN_POINT('',(-0.8128,1.457171513433,-0.890751513433));
#1337 = CARTESIAN_POINT('',(-0.8128,1.457171513433,-0.836448486567));
#1338 = SHELL_BASED_SURFACE_MODEL('',(#1339));
#1339 = OPEN_SHELL('',(#1340));
#1340 = ADVANCED_FACE('',(#1341),#1377,.T.);
#1341 = FACE_BOUND('',#1342,.T.);
#1342 = EDGE_LOOP('',(#1343,#1354,#1362,#1371));
#1343 = ORIENTED_EDGE('',*,*,#1344,.T.);
#1344 = EDGE_CURVE('',#1345,#1347,#1349,.T.);
#1345 = VERTEX_POINT('',#1346);
#1346 = CARTESIAN_POINT('',(-0.4318,1.40462,-0.889));
#1347 = VERTEX_POINT('',#1348);
#1348 = CARTESIAN_POINT('',(-0.4318,1.45542,-0.8382));
#1349 = CIRCLE('',#1350,5.08E-02);
#1350 = AXIS2_PLACEMENT_3D('',#1351,#1352,#1353);
#1351 = CARTESIAN_POINT('',(-0.4318,1.40462,-0.8382));
#1352 = DIRECTION('',(1.,0.,0.));
#1353 = DIRECTION('',(0.,0.,-1.));
#1354 = ORIENTED_EDGE('',*,*,#1355,.T.);
#1355 = EDGE_CURVE('',#1347,#1356,#1358,.T.);
#1356 = VERTEX_POINT('',#1357);
#1357 = CARTESIAN_POINT('',(-0.8128,1.45542,-0.8382));
#1358 = LINE('',#1359,#1360);
#1359 = CARTESIAN_POINT('',(-0.4318,1.45542,-0.8382));
#1360 = VECTOR('',#1361,1.);
#1361 = DIRECTION('',(-1.,0.,0.));
#1362 = ORIENTED_EDGE('',*,*,#1363,.T.);
#1363 = EDGE_CURVE('',#1356,#1364,#1366,.T.);
#1364 = VERTEX_POINT('',#1365);
#1365 = CARTESIAN_POINT('',(-0.8128,1.40462,-0.889));
#1366 = CIRCLE('',#1367,5.08E-02);
#1367 = AXIS2_PLACEMENT_3D('',#1368,#1369,#1370);
#1368 = CARTESIAN_POINT('',(-0.8128,1.40462,-0.8382));
#1369 = DIRECTION('',(-1.,0.,0.));
#1370 = DIRECTION('',(0.,1.,0.));
#1371 = ORIENTED_EDGE('',*,*,#1372,.T.);
#1372 = EDGE_CURVE('',#1364,#1345,#1373,.T.);
#1373 = LINE('',#1374,#1375);
#1374 = CARTESIAN_POINT('',(-0.8128,1.40462,-0.889));
#1375 = VECTOR('',#1376,1.);
#1376 = DIRECTION('',(1.,0.,0.));
#1377 = SURFACE_OF_REVOLUTION('',#1378,#1382);
#1378 = LINE('',#1379,#1380);
#1379 = CARTESIAN_POINT('',(-0.42418,1.402868833572,-0.888969808116));
#1380 = VECTOR('',#1381,1.);
#1381 = DIRECTION('',(-1.,0.,0.));
#1382 = AXIS1_PLACEMENT('',#1383,#1384);
#1383 = CARTESIAN_POINT('',(-0.4318,1.40462,-0.8382));
#1384 = DIRECTION('',(1.,0.,0.));
#1385 = SHELL_BASED_SURFACE_MODEL('',(#1386));
#1386 = OPEN_SHELL('',(#1387));
#1387 = ADVANCED_FACE('',(#1388),#1431,.T.);
#1388 = FACE_BOUND('',#1389,.T.);
#1389 = EDGE_LOOP('',(#1390,#1400,#1409,#1417,#1425));
#1390 = ORIENTED_EDGE('',*,*,#1391,.T.);
#1391 = EDGE_CURVE('',#1392,#1394,#1396,.T.);
#1392 = VERTEX_POINT('',#1393);
#1393 = CARTESIAN_POINT('',(-0.4318,1.45542,-0.63));
#1394 = VERTEX_POINT('',#1395);
#1395 = CARTESIAN_POINT('',(-0.748331477355,1.45542,-0.63));
#1396 = LINE('',#1397,#1398);
#1397 = CARTESIAN_POINT('',(-0.4318,1.45542,-0.63));
#1398 = VECTOR('',#1399,1.);
#1399 = DIRECTION('',(-1.,0.,0.));
#1400 = ORIENTED_EDGE('',*,*,#1401,.T.);
#1401 = EDGE_CURVE('',#1394,#1402,#1404,.T.);
#1402 = VERTEX_POINT('',#1403);
#1403 = CARTESIAN_POINT('',(-0.8128,1.45542,-0.612888482973));
#1404 = CIRCLE('',#1405,0.13);
#1405 = AXIS2_PLACEMENT_3D('',#1406,#1407,#1408);
#1406 = CARTESIAN_POINT('',(-0.748331477355,1.45542,-0.5));
#1407 = DIRECTION('',(0.,1.,0.));
#1408 = DIRECTION('',(1.559116084101E-14,0.,-1.));
#1409 = ORIENTED_EDGE('',*,*,#1410,.T.);
#1410 = EDGE_CURVE('',#1402,#1411,#1413,.T.);
#1411 = VERTEX_POINT('',#1412);
#1412 = CARTESIAN_POINT('',(-0.8128,1.45542,-0.8382));
#1413 = LINE('',#1414,#1415);
#1414 = CARTESIAN_POINT('',(-0.8128,1.45542,-0.612888482973));
#1415 = VECTOR('',#1416,1.);
#1416 = DIRECTION('',(0.,0.,-1.));
#1417 = ORIENTED_EDGE('',*,*,#1418,.T.);
#1418 = EDGE_CURVE('',#1411,#1419,#1421,.T.);
#1419 = VERTEX_POINT('',#1420);
#1420 = CARTESIAN_POINT('',(-0.4318,1.45542,-0.8382));
#1421 = LINE('',#1422,#1423);
#1422 = CARTESIAN_POINT('',(-0.8128,1.45542,-0.8382));
#1423 = VECTOR('',#1424,1.);
#1424 = DIRECTION('',(1.,0.,0.));
#1425 = ORIENTED_EDGE('',*,*,#1426,.T.);
#1426 = EDGE_CURVE('',#1419,#1392,#1427,.T.);
#1427 = LINE('',#1428,#1429);
#1428 = CARTESIAN_POINT('',(-0.4318,1.45542,-0.8382));
#1429 = VECTOR('',#1430,1.);
#1430 = DIRECTION('',(0.,0.,1.));
#1431 = B_SPLINE_SURFACE_WITH_KNOTS('',1,1,(
    (#1432,#1433)
    ,(#1434,#1435
    )),.UNSPECIFIED.,.F.,.F.,.F.,(2,2),(2,2),(-1.774106433284E-04,
    9.047942809746E-03),(-3.E-04,1.53E-02),.PIECEWISE_BEZIER_KNOTS.);
#1432 = CARTESIAN_POINT('',(-0.42418,1.45542,-0.842706230341));
#1433 = CARTESIAN_POINT('',(-0.82042,1.45542,-0.842706230341));
#1434 = CARTESIAN_POINT('',(-0.42418,1.45542,-0.608382252632));
#1435 = CARTESIAN_POINT('',(-0.82042,1.45542,-0.608382252632));
#1436 = SHELL_BASED_SURFACE_MODEL('',(#1437));
#1437 = OPEN_SHELL('',(#1438));
#1438 = ADVANCED_FACE('',(#1439),#1523,.T.);
#1439 = FACE_BOUND('',#1440,.T.);
#1440 = EDGE_LOOP('',(#1441,#1451,#1459,#1467,#1475,#1484,#1492,#1501,
    #1509,#1517));
#1441 = ORIENTED_EDGE('',*,*,#1442,.T.);
#1442 = EDGE_CURVE('',#1443,#1445,#1447,.T.);
#1443 = VERTEX_POINT('',#1444);
#1444 = CARTESIAN_POINT('',(-0.748331477355,1.43002,-0.63));
#1445 = VERTEX_POINT('',#1446);
#1446 = CARTESIAN_POINT('',(-0.4318,1.43002,-0.63));
#1447 = LINE('',#1448,#1449);
#1448 = CARTESIAN_POINT('',(-0.748331477355,1.43002,-0.63));
#1449 = VECTOR('',#1450,1.);
#1450 = DIRECTION('',(1.,0.,0.));
#1451 = ORIENTED_EDGE('',*,*,#1452,.T.);
#1452 = EDGE_CURVE('',#1445,#1453,#1455,.T.);
#1453 = VERTEX_POINT('',#1454);
#1454 = CARTESIAN_POINT('',(-0.4318,1.45542,-0.63));
#1455 = LINE('',#1456,#1457);
#1456 = CARTESIAN_POINT('',(-0.4318,1.43002,-0.63));
#1457 = VECTOR('',#1458,1.);
#1458 = DIRECTION('',(0.,1.,0.));
#1459 = ORIENTED_EDGE('',*,*,#1460,.T.);
#1460 = EDGE_CURVE('',#1453,#1461,#1463,.T.);
#1461 = VERTEX_POINT('',#1462);
#1462 = CARTESIAN_POINT('',(-0.748331477355,1.45542,-0.63));
#1463 = LINE('',#1464,#1465);
#1464 = CARTESIAN_POINT('',(-0.4318,1.45542,-0.63));
#1465 = VECTOR('',#1466,1.);
#1466 = DIRECTION('',(-1.,0.,0.));
#1467 = ORIENTED_EDGE('',*,*,#1468,.T.);
#1468 = EDGE_CURVE('',#1461,#1469,#1471,.T.);
#1469 = VERTEX_POINT('',#1470);
#1470 = CARTESIAN_POINT('',(-0.748331477355,1.457472500437,-0.63));
#1471 = LINE('',#1472,#1473);
#1472 = CARTESIAN_POINT('',(-0.748331477355,1.45542,-0.63));
#1473 = VECTOR('',#1474,1.);
#1474 = DIRECTION('',(0.,1.,0.));
#1475 = ORIENTED_EDGE('',*,*,#1476,.T.);
#1476 = EDGE_CURVE('',#1469,#1477,#1479,.T.);
#1477 = VERTEX_POINT('',#1478);
#1478 = CARTESIAN_POINT('',(-0.708124282877,1.5016,-0.63));
#1479 = B_SPLINE_CURVE_WITH_KNOTS('',3,(#1480,#1481,#1482,#1483),
  .UNSPECIFIED.,.F.,.F.,(4,4),(0.,1.),.PIECEWISE_BEZIER_KNOTS.);
#1480 = CARTESIAN_POINT('',(-0.748331477355,1.457472500437,-0.63));
#1481 = CARTESIAN_POINT('',(-0.748331477355,1.477607602269,-0.63));
#1482 = CARTESIAN_POINT('',(-0.728060395983,1.499275039712,-0.63));
#1483 = CARTESIAN_POINT('',(-0.708124282877,1.5016,-0.63));
#1484 = ORIENTED_EDGE('',*,*,#1485,.T.);
#1485 = EDGE_CURVE('',#1477,#1486,#1488,.T.);
#1486 = VERTEX_POINT('',#1487);
#1487 = CARTESIAN_POINT('',(-0.3282,1.5016,-0.63));
#1488 = LINE('',#1489,#1490);
#1489 = CARTESIAN_POINT('',(-0.708124282877,1.5016,-0.63));
#1490 = VECTOR('',#1491,1.);
#1491 = DIRECTION('',(1.,0.,0.));
#1492 = ORIENTED_EDGE('',*,*,#1493,.T.);
#1493 = EDGE_CURVE('',#1486,#1494,#1496,.T.);
#1494 = VERTEX_POINT('',#1495);
#1495 = CARTESIAN_POINT('',(-0.255,1.4284,-0.63));
#1496 = B_SPLINE_CURVE_WITH_KNOTS('',3,(#1497,#1498,#1499,#1500),
  .UNSPECIFIED.,.F.,.F.,(4,4),(0.,1.),.PIECEWISE_BEZIER_KNOTS.);
#1497 = CARTESIAN_POINT('',(-0.3282,1.5016,-0.63));
#1498 = CARTESIAN_POINT('',(-0.293352301342,1.500618589063,-0.63));
#1499 = CARTESIAN_POINT('',(-0.255,1.463261515589,-0.63));
#1500 = CARTESIAN_POINT('',(-0.255,1.4284,-0.63));
#1501 = ORIENTED_EDGE('',*,*,#1502,.T.);
#1502 = EDGE_CURVE('',#1494,#1503,#1505,.T.);
#1503 = VERTEX_POINT('',#1504);
#1504 = CARTESIAN_POINT('',(-0.255,1.4,-0.63));
#1505 = LINE('',#1506,#1507);
#1506 = CARTESIAN_POINT('',(-0.255,1.4284,-0.63));
#1507 = VECTOR('',#1508,1.);
#1508 = DIRECTION('',(0.,-1.,0.));
#1509 = ORIENTED_EDGE('',*,*,#1510,.T.);
#1510 = EDGE_CURVE('',#1503,#1511,#1513,.T.);
#1511 = VERTEX_POINT('',#1512);
#1512 = CARTESIAN_POINT('',(-0.748331477355,1.4,-0.63));
#1513 = LINE('',#1514,#1515);
#1514 = CARTESIAN_POINT('',(-0.255,1.4,-0.63));
#1515 = VECTOR('',#1516,1.);
#1516 = DIRECTION('',(-1.,0.,0.));
#1517 = ORIENTED_EDGE('',*,*,#1518,.T.);
#1518 = EDGE_CURVE('',#1511,#1443,#1519,.T.);
#1519 = LINE('',#1520,#1521);
#1520 = CARTESIAN_POINT('',(-0.748331477355,1.4,-0.63));
#1521 = VECTOR('',#1522,1.);
#1522 = DIRECTION('',(0.,1.,0.));
#1523 = B_SPLINE_SURFACE_WITH_KNOTS('',1,1,(
    (#1524,#1525)
    ,(#1526,#1527
    )),.UNSPECIFIED.,.F.,.F.,.F.,(2,2),(2,2),(-3.884499821691E-04,
    1.981094909063E-02),(-8.000000000001E-05,4.08E-03),
  .PIECEWISE_BEZIER_KNOTS.);
#1524 = CARTESIAN_POINT('',(-0.245133370453,1.397968,-0.63));
#1525 = CARTESIAN_POINT('',(-0.245133370453,1.503632,-0.63));
#1526 = CARTESIAN_POINT('',(-0.758198106902,1.397968,-0.63));
#1527 = CARTESIAN_POINT('',(-0.758198106902,1.503632,-0.63));
#1528 = SHELL_BASED_SURFACE_MODEL('',(#1529));
#1529 = OPEN_SHELL('',(#1530));
#1530 = ADVANCED_FACE('',(#1531),#1574,.T.);
#1531 = FACE_BOUND('',#1532,.T.);
#1532 = EDGE_LOOP('',(#1533,#1543,#1552,#1560,#1568));
#1533 = ORIENTED_EDGE('',*,*,#1534,.T.);
#1534 = EDGE_CURVE('',#1535,#1537,#1539,.T.);
#1535 = VERTEX_POINT('',#1536);
#1536 = CARTESIAN_POINT('',(-0.4318,1.43002,-0.63));
#1537 = VERTEX_POINT('',#1538);
#1538 = CARTESIAN_POINT('',(-0.748331477355,1.43002,-0.63));
#1539 = LINE('',#1540,#1541);
#1540 = CARTESIAN_POINT('',(-0.4318,1.43002,-0.63));
#1541 = VECTOR('',#1542,1.);
#1542 = DIRECTION('',(-1.,0.,0.));
#1543 = ORIENTED_EDGE('',*,*,#1544,.T.);
#1544 = EDGE_CURVE('',#1537,#1545,#1547,.T.);
#1545 = VERTEX_POINT('',#1546);
#1546 = CARTESIAN_POINT('',(-0.8128,1.43002,-0.612888482973));
#1547 = CIRCLE('',#1548,0.13);
#1548 = AXIS2_PLACEMENT_3D('',#1549,#1550,#1551);
#1549 = CARTESIAN_POINT('',(-0.748331477355,1.43002,-0.5));
#1550 = DIRECTION('',(0.,1.,0.));
#1551 = DIRECTION('',(1.559116084101E-14,0.,-1.));
#1552 = ORIENTED_EDGE('',*,*,#1553,.T.);
#1553 = EDGE_CURVE('',#1545,#1554,#1556,.T.);
#1554 = VERTEX_POINT('',#1555);
#1555 = CARTESIAN_POINT('',(-0.8128,1.43002,-0.8382));
#1556 = LINE('',#1557,#1558);
#1557 = CARTESIAN_POINT('',(-0.8128,1.43002,-0.612888482973));
#1558 = VECTOR('',#1559,1.);
#1559 = DIRECTION('',(0.,0.,-1.));
#1560 = ORIENTED_EDGE('',*,*,#1561,.T.);
#1561 = EDGE_CURVE('',#1554,#1562,#1564,.T.);
#1562 = VERTEX_POINT('',#1563);
#1563 = CARTESIAN_POINT('',(-0.4318,1.43002,-0.8382));
#1564 = LINE('',#1565,#1566);
#1565 = CARTESIAN_POINT('',(-0.8128,1.43002,-0.8382));
#1566 = VECTOR('',#1567,1.);
#1567 = DIRECTION('',(1.,0.,0.));
#1568 = ORIENTED_EDGE('',*,*,#1569,.T.);
#1569 = EDGE_CURVE('',#1562,#1535,#1570,.T.);
#1570 = LINE('',#1571,#1572);
#1571 = CARTESIAN_POINT('',(-0.4318,1.43002,-0.8382));
#1572 = VECTOR('',#1573,1.);
#1573 = DIRECTION('',(0.,0.,1.));
#1574 = B_SPLINE_SURFACE_WITH_KNOTS('',1,1,(
    (#1575,#1576)
    ,(#1577,#1578
    )),.UNSPECIFIED.,.F.,.F.,.F.,(2,2),(2,2),(-1.774106433284E-04,
    9.047942809746E-03),(-3.E-04,1.53E-02),.PIECEWISE_BEZIER_KNOTS.);
#1575 = CARTESIAN_POINT('',(-0.42418,1.43002,-0.842706230341));
#1576 = CARTESIAN_POINT('',(-0.82042,1.43002,-0.842706230341));
#1577 = CARTESIAN_POINT('',(-0.42418,1.43002,-0.608382252632));
#1578 = CARTESIAN_POINT('',(-0.82042,1.43002,-0.608382252632));
#1579 = SHELL_BASED_SURFACE_MODEL('',(#1580));
#1580 = OPEN_SHELL('',(#1581));
#1581 = ADVANCED_FACE('',(#1582),#1616,.T.);
#1582 = FACE_BOUND('',#1583,.T.);
#1583 = EDGE_LOOP('',(#1584,#1594,#1602,#1610));
#1584 = ORIENTED_EDGE('',*,*,#1585,.T.);
#1585 = EDGE_CURVE('',#1586,#1588,#1590,.T.);
#1586 = VERTEX_POINT('',#1587);
#1587 = CARTESIAN_POINT('',(-0.4318,1.45542,-0.63));
#1588 = VERTEX_POINT('',#1589);
#1589 = CARTESIAN_POINT('',(-0.4318,1.43002,-0.63));
#1590 = LINE('',#1591,#1592);
#1591 = CARTESIAN_POINT('',(-0.4318,1.45542,-0.63));
#1592 = VECTOR('',#1593,1.);
#1593 = DIRECTION('',(0.,-1.,0.));
#1594 = ORIENTED_EDGE('',*,*,#1595,.T.);
#1595 = EDGE_CURVE('',#1588,#1596,#1598,.T.);
#1596 = VERTEX_POINT('',#1597);
#1597 = CARTESIAN_POINT('',(-0.4318,1.43002,-0.8382));
#1598 = LINE('',#1599,#1600);
#1599 = CARTESIAN_POINT('',(-0.4318,1.43002,-0.63));
#1600 = VECTOR('',#1601,1.);
#1601 = DIRECTION('',(0.,0.,-1.));
#1602 = ORIENTED_EDGE('',*,*,#1603,.T.);
#1603 = EDGE_CURVE('',#1596,#1604,#1606,.T.);
#1604 = VERTEX_POINT('',#1605);
#1605 = CARTESIAN_POINT('',(-0.4318,1.45542,-0.8382));
#1606 = LINE('',#1607,#1608);
#1607 = CARTESIAN_POINT('',(-0.4318,1.43002,-0.8382));
#1608 = VECTOR('',#1609,1.);
#1609 = DIRECTION('',(0.,1.,0.));
#1610 = ORIENTED_EDGE('',*,*,#1611,.T.);
#1611 = EDGE_CURVE('',#1604,#1586,#1612,.T.);
#1612 = LINE('',#1613,#1614);
#1613 = CARTESIAN_POINT('',(-0.4318,1.45542,-0.8382));
#1614 = VECTOR('',#1615,1.);
#1615 = DIRECTION('',(0.,0.,1.));
#1616 = B_SPLINE_SURFACE_WITH_KNOTS('',1,1,(
    (#1617,#1618)
    ,(#1619,#1620
    )),.UNSPECIFIED.,.F.,.F.,.F.,(2,2),(2,2),(-1.266393700787E-02,
    -4.139212598425E-03),(-5.689572217948E-04,5.689572217948E-04),
  .PIECEWISE_BEZIER_KNOTS.);
#1617 = CARTESIAN_POINT('',(-0.4318,1.457171513433,-0.842364));
#1618 = CARTESIAN_POINT('',(-0.4318,1.428268486567,-0.842364));
#1619 = CARTESIAN_POINT('',(-0.4318,1.457171513433,-0.625836));
#1620 = CARTESIAN_POINT('',(-0.4318,1.428268486567,-0.625836));
#1621 = SHELL_BASED_SURFACE_MODEL('',(#1622));
#1622 = OPEN_SHELL('',(#1623));
#1623 = ADVANCED_FACE('',(#1624),#1658,.T.);
#1624 = FACE_BOUND('',#1625,.T.);
#1625 = EDGE_LOOP('',(#1626,#1636,#1644,#1652));
#1626 = ORIENTED_EDGE('',*,*,#1627,.T.);
#1627 = EDGE_CURVE('',#1628,#1630,#1632,.T.);
#1628 = VERTEX_POINT('',#1629);
#1629 = CARTESIAN_POINT('',(-0.8128,1.45542,-0.612888482973));
#1630 = VERTEX_POINT('',#1631);
#1631 = CARTESIAN_POINT('',(-0.8128,1.43002,-0.612888482973));
#1632 = LINE('',#1633,#1634);
#1633 = CARTESIAN_POINT('',(-0.8128,1.45542,-0.612888482973));
#1634 = VECTOR('',#1635,1.);
#1635 = DIRECTION('',(0.,-1.,0.));
#1636 = ORIENTED_EDGE('',*,*,#1637,.T.);
#1637 = EDGE_CURVE('',#1630,#1638,#1640,.T.);
#1638 = VERTEX_POINT('',#1639);
#1639 = CARTESIAN_POINT('',(-0.8128,1.43002,-0.8382));
#1640 = LINE('',#1641,#1642);
#1641 = CARTESIAN_POINT('',(-0.8128,1.43002,-0.612888482973));
#1642 = VECTOR('',#1643,1.);
#1643 = DIRECTION('',(0.,0.,-1.));
#1644 = ORIENTED_EDGE('',*,*,#1645,.T.);
#1645 = EDGE_CURVE('',#1638,#1646,#1648,.T.);
#1646 = VERTEX_POINT('',#1647);
#1647 = CARTESIAN_POINT('',(-0.8128,1.45542,-0.8382));
#1648 = LINE('',#1649,#1650);
#1649 = CARTESIAN_POINT('',(-0.8128,1.43002,-0.8382));
#1650 = VECTOR('',#1651,1.);
#1651 = DIRECTION('',(0.,1.,0.));
#1652 = ORIENTED_EDGE('',*,*,#1653,.T.);
#1653 = EDGE_CURVE('',#1646,#1628,#1654,.T.);
#1654 = LINE('',#1655,#1656);
#1655 = CARTESIAN_POINT('',(-0.8128,1.45542,-0.8382));
#1656 = VECTOR('',#1657,1.);
#1657 = DIRECTION('',(0.,0.,1.));
#1658 = B_SPLINE_SURFACE_WITH_KNOTS('',1,1,(
    (#1659,#1660)
    ,(#1661,#1662
    )),.UNSPECIFIED.,.F.,.F.,.F.,(2,2),(2,2),(-1.267741064333E-02,
    -3.452057190254E-03),(-5.689572217948E-04,5.689572217948E-04),
  .PIECEWISE_BEZIER_KNOTS.);
#1659 = CARTESIAN_POINT('',(-0.8128,1.457171513433,-0.842706230341));
#1660 = CARTESIAN_POINT('',(-0.8128,1.428268486567,-0.842706230341));
#1661 = CARTESIAN_POINT('',(-0.8128,1.457171513433,-0.608382252632));
#1662 = CARTESIAN_POINT('',(-0.8128,1.428268486567,-0.608382252632));
#1663 = SHELL_BASED_SURFACE_MODEL('',(#1664));
#1664 = OPEN_SHELL('',(#1665));
#1665 = ADVANCED_FACE('',(#1666),#1745,.T.);
#1666 = FACE_BOUND('',#1667,.T.);
#1667 = EDGE_LOOP('',(#1668,#1679,#1687,#1696,#1704,#1713,#1721,#1730,
    #1739));
#1668 = ORIENTED_EDGE('',*,*,#1669,.T.);
#1669 = EDGE_CURVE('',#1670,#1672,#1674,.T.);
#1670 = VERTEX_POINT('',#1671);
#1671 = CARTESIAN_POINT('',(-0.748331477355,1.43002,-0.63));
#1672 = VERTEX_POINT('',#1673);
#1673 = CARTESIAN_POINT('',(-0.8128,1.43002,-0.612888482973));
#1674 = CIRCLE('',#1675,0.13);
#1675 = AXIS2_PLACEMENT_3D('',#1676,#1677,#1678);
#1676 = CARTESIAN_POINT('',(-0.748331477355,1.43002,-0.5));
#1677 = DIRECTION('',(0.,1.,0.));
#1678 = DIRECTION('',(1.559116084101E-14,0.,-1.));
#1679 = ORIENTED_EDGE('',*,*,#1680,.T.);
#1680 = EDGE_CURVE('',#1672,#1681,#1683,.T.);
#1681 = VERTEX_POINT('',#1682);
#1682 = CARTESIAN_POINT('',(-0.8128,1.45542,-0.612888482973));
#1683 = LINE('',#1684,#1685);
#1684 = CARTESIAN_POINT('',(-0.8128,1.43002,-0.612888482973));
#1685 = VECTOR('',#1686,1.);
#1686 = DIRECTION('',(0.,1.,0.));
#1687 = ORIENTED_EDGE('',*,*,#1688,.T.);
#1688 = EDGE_CURVE('',#1681,#1689,#1691,.T.);
#1689 = VERTEX_POINT('',#1690);
#1690 = CARTESIAN_POINT('',(-0.748331477355,1.45542,-0.63));
#1691 = CIRCLE('',#1692,0.13);
#1692 = AXIS2_PLACEMENT_3D('',#1693,#1694,#1695);
#1693 = CARTESIAN_POINT('',(-0.748331477355,1.45542,-0.5));
#1694 = DIRECTION('',(0.,-1.,0.));
#1695 = DIRECTION('',(-0.495911712655,-0.,-0.868372945946));
#1696 = ORIENTED_EDGE('',*,*,#1697,.T.);
#1697 = EDGE_CURVE('',#1689,#1698,#1700,.T.);
#1698 = VERTEX_POINT('',#1699);
#1699 = CARTESIAN_POINT('',(-0.748331477355,1.457472500437,-0.63));
#1700 = LINE('',#1701,#1702);
#1701 = CARTESIAN_POINT('',(-0.748331477355,1.45542,-0.63));
#1702 = VECTOR('',#1703,1.);
#1703 = DIRECTION('',(0.,1.,0.));
#1704 = ORIENTED_EDGE('',*,*,#1705,.T.);
#1705 = EDGE_CURVE('',#1698,#1706,#1708,.T.);
#1706 = VERTEX_POINT('',#1707);
#1707 = CARTESIAN_POINT('',(-0.856423801862,1.457472500437,
    -0.572222222222));
#1708 = CIRCLE('',#1709,0.13);
#1709 = AXIS2_PLACEMENT_3D('',#1710,#1711,#1712);
#1710 = CARTESIAN_POINT('',(-0.748331477355,1.457472500437,-0.5));
#1711 = DIRECTION('',(0.,1.,0.));
#1712 = DIRECTION('',(0.,0.,-1.));
#1713 = ORIENTED_EDGE('',*,*,#1714,.T.);
#1714 = EDGE_CURVE('',#1706,#1715,#1717,.T.);
#1715 = VERTEX_POINT('',#1716);
#1716 = CARTESIAN_POINT('',(-0.856423801862,1.4,-0.572222222222));
#1717 = LINE('',#1718,#1719);
#1718 = CARTESIAN_POINT('',(-0.856423801862,1.457472500437,
    -0.572222222222));
#1719 = VECTOR('',#1720,1.);
#1720 = DIRECTION('',(0.,-1.,0.));
#1721 = ORIENTED_EDGE('',*,*,#1722,.T.);
#1722 = EDGE_CURVE('',#1715,#1723,#1725,.T.);
#1723 = VERTEX_POINT('',#1724);
#1724 = CARTESIAN_POINT('',(-0.79932762539,1.4,-0.619580068931));
#1725 = CIRCLE('',#1726,0.13);
#1726 = AXIS2_PLACEMENT_3D('',#1727,#1728,#1729);
#1727 = CARTESIAN_POINT('',(-0.748331477355,1.4,-0.5));
#1728 = DIRECTION('',(0.,-1.,0.));
#1729 = DIRECTION('',(-0.831479419283,-0.,-0.555555555556));
#1730 = ORIENTED_EDGE('',*,*,#1731,.T.);
#1731 = EDGE_CURVE('',#1723,#1732,#1734,.T.);
#1732 = VERTEX_POINT('',#1733);
#1733 = CARTESIAN_POINT('',(-0.748331477355,1.4,-0.63));
#1734 = CIRCLE('',#1735,0.13);
#1735 = AXIS2_PLACEMENT_3D('',#1736,#1737,#1738);
#1736 = CARTESIAN_POINT('',(-0.748331477355,1.4,-0.5));
#1737 = DIRECTION('',(0.,-1.,0.));
#1738 = DIRECTION('',(-0.392278061809,-0.,-0.919846684086));
#1739 = ORIENTED_EDGE('',*,*,#1740,.T.);
#1740 = EDGE_CURVE('',#1732,#1670,#1741,.T.);
#1741 = LINE('',#1742,#1743);
#1742 = CARTESIAN_POINT('',(-0.748331477355,1.4,-0.63));
#1743 = VECTOR('',#1744,1.);
#1744 = DIRECTION('',(0.,1.,0.));
#1745 = SURFACE_OF_REVOLUTION('',#1746,#1750);
#1746 = LINE('',#1747,#1748);
#1747 = CARTESIAN_POINT('',(-0.857820979681,1.398248486567,
    -0.57008601059));
#1748 = VECTOR('',#1749,1.);
#1749 = DIRECTION('',(0.,1.,0.));
#1750 = AXIS1_PLACEMENT('',#1751,#1752);
#1751 = CARTESIAN_POINT('',(-0.748331477355,1.4,-0.5));
#1752 = DIRECTION('',(0.,-1.,0.));
#1753 = SHELL_BASED_SURFACE_MODEL('',(#1754));
#1754 = OPEN_SHELL('',(#1755));
#1755 = ADVANCED_FACE('',(#1756),#1821,.T.);
#1756 = FACE_BOUND('',#1757,.T.);
#1757 = EDGE_LOOP('',(#1758,#1777,#1805,#1814));
#1758 = ORIENTED_EDGE('',*,*,#1759,.T.);
#1759 = EDGE_CURVE('',#1760,#1762,#1764,.T.);
#1760 = VERTEX_POINT('',#1761);
#1761 = CARTESIAN_POINT('',(-0.856423801862,1.457472500437,
    -0.572222222222));
#1762 = VERTEX_POINT('',#1763);
#1763 = CARTESIAN_POINT('',(-0.882157730241,1.5016,-0.531693275278));
#1764 = B_SPLINE_CURVE_WITH_KNOTS('',3,(#1765,#1766,#1767,#1768,#1769,
    #1770,#1771,#1772,#1773,#1774,#1775,#1776),.UNSPECIFIED.,.F.,.F.,(4,
    1,1,1,1,1,1,1,1,4),(0.,0.111111111111,0.222222222222,0.333333333333,
    0.444444444444,0.555555555556,0.666666666667,0.777777777778,
    0.888888888889,1.),.UNSPECIFIED.);
#1765 = CARTESIAN_POINT('',(-0.856423801862,1.457472500437,
    -0.572222222222));
#1766 = CARTESIAN_POINT('',(-0.856288538956,1.459171994368,
    -0.572424665201));
#1767 = CARTESIAN_POINT('',(-0.856675159715,1.462752452665,
    -0.571846197054));
#1768 = CARTESIAN_POINT('',(-0.85752426115,1.468461276449,
    -0.570573109061));
#1769 = CARTESIAN_POINT('',(-0.85919791334,1.474505209899,
    -0.568052411662));
#1770 = CARTESIAN_POINT('',(-0.861647907312,1.480703505716,
    -0.564332896579));
#1771 = CARTESIAN_POINT('',(-0.864943623849,1.48681742142,
    -0.559275293813));
#1772 = CARTESIAN_POINT('',(-0.869249839008,1.492735486986,
    -0.55256677478));
#1773 = CARTESIAN_POINT('',(-0.873995163007,1.497423173483,
    -0.545029870506));
#1774 = CARTESIAN_POINT('',(-0.878291258686,1.500352593012,
    -0.538075070502));
#1775 = CARTESIAN_POINT('',(-0.880910931937,1.501354940739,
    -0.533761897946));
#1776 = CARTESIAN_POINT('',(-0.882157730241,1.5016,-0.531693275278));
#1777 = ORIENTED_EDGE('',*,*,#1778,.T.);
#1778 = EDGE_CURVE('',#1762,#1779,#1781,.T.);
#1779 = VERTEX_POINT('',#1780);
#1780 = CARTESIAN_POINT('',(-0.708124282877,1.5016,-0.63));
#1781 = B_SPLINE_CURVE_WITH_KNOTS('',3,(#1782,#1783,#1784,#1785,#1786,
    #1787,#1788,#1789,#1790,#1791,#1792,#1793,#1794,#1795,#1796,#1797,
    #1798,#1799,#1800,#1801,#1802,#1803,#1804),.UNSPECIFIED.,.F.,.F.,(4,
    1,1,1,1,1,1,1,1,1,1,1,1,1,1,1,1,1,1,1,4),(0.,5.E-02,0.1,0.15,0.2,
    0.25,0.3,0.35,0.4,0.45,0.5,0.55,0.6,0.65,0.7,0.75,0.8,0.85,0.9,0.95,
    1.),.QUASI_UNIFORM_KNOTS.);
#1782 = CARTESIAN_POINT('',(-0.882157730241,1.5016,-0.531693275278));
#1783 = CARTESIAN_POINT('',(-0.881851351653,1.506225634067,
    -0.53220160264));
#1784 = CARTESIAN_POINT('',(-0.880745970867,1.515628791283,
    -0.533442724802));
#1785 = CARTESIAN_POINT('',(-0.876857055282,1.530761112107,
    -0.536594512269));
#1786 = CARTESIAN_POINT('',(-0.870934765264,1.544397137328,
    -0.540920701658));
#1787 = CARTESIAN_POINT('',(-0.864159975013,1.556053252767,
    -0.545305731083));
#1788 = CARTESIAN_POINT('',(-0.855739379496,1.566146699952,
    -0.550908904878));
#1789 = CARTESIAN_POINT('',(-0.846015657109,1.574965501732,
    -0.557048011443));
#1790 = CARTESIAN_POINT('',(-0.835253871993,1.582491194555,
    -0.563381208894));
#1791 = CARTESIAN_POINT('',(-0.823678098458,1.587354529947,
    -0.570517082478));
#1792 = CARTESIAN_POINT('',(-0.811120800086,1.59092615027,
    -0.577731715116));
#1793 = CARTESIAN_POINT('',(-0.797682725104,1.592082717533,
    -0.58543077312));
#1794 = CARTESIAN_POINT('',(-0.784119889705,1.591043110508,
    -0.592912503941));
#1795 = CARTESIAN_POINT('',(-0.771293589139,1.587241622992,
    -0.600122081896));
#1796 = CARTESIAN_POINT('',(-0.758869576876,1.582072491204,
    -0.606558746891));
#1797 = CARTESIAN_POINT('',(-0.747710969081,1.574278711738,
    -0.612576267391));
#1798 = CARTESIAN_POINT('',(-0.737456162443,1.565532640728,
    -0.617611755298));
#1799 = CARTESIAN_POINT('',(-0.72869817663,1.555509277657,
    -0.621795565962));
#1800 = CARTESIAN_POINT('',(-0.721622708119,1.544030078762,
    -0.625240030822));
#1801 = CARTESIAN_POINT('',(-0.714953489161,1.530372784641,
    -0.628051134552));
#1802 = CARTESIAN_POINT('',(-0.71020804947,1.515244397515,
    -0.629717999452));
#1803 = CARTESIAN_POINT('',(-0.708645713496,1.50607117306,-0.63));
#1804 = CARTESIAN_POINT('',(-0.708124282877,1.5016,-0.63));
#1805 = ORIENTED_EDGE('',*,*,#1806,.T.);
#1806 = EDGE_CURVE('',#1779,#1807,#1809,.T.);
#1807 = VERTEX_POINT('',#1808);
#1808 = CARTESIAN_POINT('',(-0.748331477355,1.457472500437,-0.63));
#1809 = B_SPLINE_CURVE_WITH_KNOTS('',3,(#1810,#1811,#1812,#1813),
  .UNSPECIFIED.,.F.,.F.,(4,4),(0.,1.),.PIECEWISE_BEZIER_KNOTS.);
#1810 = CARTESIAN_POINT('',(-0.708124282877,1.5016,-0.63));
#1811 = CARTESIAN_POINT('',(-0.728060395983,1.499275039712,-0.63));
#1812 = CARTESIAN_POINT('',(-0.748331477355,1.477607602269,-0.63));
#1813 = CARTESIAN_POINT('',(-0.748331477355,1.457472500437,-0.63));
#1814 = ORIENTED_EDGE('',*,*,#1815,.T.);
#1815 = EDGE_CURVE('',#1807,#1760,#1816,.T.);
#1816 = CIRCLE('',#1817,0.13);
#1817 = AXIS2_PLACEMENT_3D('',#1818,#1819,#1820);
#1818 = CARTESIAN_POINT('',(-0.748331477355,1.457472500437,-0.5));
#1819 = DIRECTION('',(0.,1.,0.));
#1820 = DIRECTION('',(0.,0.,-1.));
#1821 = B_SPLINE_SURFACE_WITH_KNOTS('',3,3,(
    (#1822,#1823,#1824,#1825)
    ,(#1826,#1827,#1828,#1829)
    ,(#1830,#1831,#1832,#1833)
    ,(#1834,#1835,#1836,#1837)
    ,(#1838,#1839,#1840,#1841)
    ,(#1842,#1843,#1844,#1845)
    ,(#1846,#1847,#1848,#1849)
    ,(#1850,#1851,#1852,#1853)
    ,(#1854,#1855,#1856,#1857)
    ,(#1858,#1859,#1860,#1861)
    ,(#1862,#1863,#1864,#1865)
    ,(#1866,#1867,#1868,#1869
    )),.UNSPECIFIED.,.F.,.F.,.F.,(4,1,1,1,1,1,1,1,1,4),(4,4),(
    -1.066218685363E-02,6.25E-02,0.125,0.25,0.375,0.5,0.625,0.75,0.875,
    1.009947092396),(-1.79561216642E-02,1.013201875653),.UNSPECIFIED.);
#1822 = CARTESIAN_POINT('',(-0.882925481002,1.498485250131,
    -0.530367774945));
#1823 = CARTESIAN_POINT('',(-0.871546209171,1.497919161524,
    -0.549369477991));
#1824 = CARTESIAN_POINT('',(-0.856465901107,1.478239205084,
    -0.572163823578));
#1825 = CARTESIAN_POINT('',(-0.857194104857,1.456644031849,
    -0.571055941926));
#1826 = CARTESIAN_POINT('',(-0.882641242496,1.505873321256,
    -0.531064314282));
#1827 = CARTESIAN_POINT('',(-0.870899005761,1.50281534443,
    -0.550519820036));
#1828 = CARTESIAN_POINT('',(-0.85549315134,1.48059233233,-0.573620982908
    ));
#1829 = CARTESIAN_POINT('',(-0.855463203071,1.456549992052,
    -0.573707370762));
#1830 = CARTESIAN_POINT('',(-0.881005570016,1.519234381416,
    -0.532773663803));
#1831 = CARTESIAN_POINT('',(-0.869078248241,1.511646263491,
    -0.552991468373));
#1832 = CARTESIAN_POINT('',(-0.853534646808,1.484845984796,
    -0.576543414118));
#1833 = CARTESIAN_POINT('',(-0.85207945792,1.456380010067,
    -0.578497160592));
#1834 = CARTESIAN_POINT('',(-0.87335712477,1.543578318632,
    -0.538613084992));
#1835 = CARTESIAN_POINT('',(-0.862721984641,1.527801108462,
    -0.559485732566));
#1836 = CARTESIAN_POINT('',(-0.848645689022,1.492587207087,
    -0.583241168068));
#1837 = CARTESIAN_POINT('',(-0.845012184023,1.456070617673,
    -0.587192455696));
#1838 = CARTESIAN_POINT('',(-0.857331593267,1.568815331034,
    -0.549219090198));
#1839 = CARTESIAN_POINT('',(-0.850549827195,1.544795539888,
    -0.56967141133));
#1840 = CARTESIAN_POINT('',(-0.840575730732,1.500583967253,
    -0.592691503046));
#1841 = CARTESIAN_POINT('',(-0.835663708136,1.455750857475,
    -0.596728941368));
#1842 = CARTESIAN_POINT('',(-0.829699316345,1.588749315282,
    -0.566047835781));
#1843 = CARTESIAN_POINT('',(-0.829597871029,1.558549661116,
    -0.58426292481));
#1844 = CARTESIAN_POINT('',(-0.826912581863,1.506817612864,
    -0.604717734893));
#1845 = CARTESIAN_POINT('',(-0.823235078633,1.455501341368,
    -0.606635021167));
#1846 = CARTESIAN_POINT('',(-0.797391573684,1.595702553424,
    -0.584728434758));
#1847 = CARTESIAN_POINT('',(-0.804550706975,1.563398460118,
    -0.599277161068));
#1848 = CARTESIAN_POINT('',(-0.810030874893,1.508839152278,
    -0.615499831425));
#1849 = CARTESIAN_POINT('',(-0.80976051926,1.455420227519,-0.61492344867
    ));
#1850 = CARTESIAN_POINT('',(-0.764721490476,1.588749936652,
    -0.602773642754));
#1851 = CARTESIAN_POINT('',(-0.778628192544,1.558487924977,
    -0.612666179861));
#1852 = CARTESIAN_POINT('',(-0.791694737488,1.506350236141,
    -0.623523687331));
#1853 = CARTESIAN_POINT('',(-0.795382453084,1.455519556748,
    -0.621523024387));
#1854 = CARTESIAN_POINT('',(-0.736050726201,1.568832084622,
    -0.61776782182));
#1855 = CARTESIAN_POINT('',(-0.755251625337,1.544730550531,
    -0.622784590662));
#1856 = CARTESIAN_POINT('',(-0.774134853126,1.499653846009,
    -0.628185113215));
#1857 = CARTESIAN_POINT('',(-0.780239576371,1.455787078465,
    -0.626354051108));
#1858 = CARTESIAN_POINT('',(-0.714666120959,1.537684854511,
    -0.627947510947));
#1859 = CARTESIAN_POINT('',(-0.736736534005,1.52378978408,
    -0.628931830691));
#1860 = CARTESIAN_POINT('',(-0.758925384025,1.489303079715,
    -0.629983252577));
#1861 = CARTESIAN_POINT('',(-0.764074438731,1.456200430153,
    -0.629402665296));
#1862 = CARTESIAN_POINT('',(-0.707907948435,1.512292852931,
    -0.630177462262));
#1863 = CARTESIAN_POINT('',(-0.729344534359,1.507050584466,
    -0.630093264144));
#1864 = CARTESIAN_POINT('',(-0.751382612239,1.480895714843,
    -0.630003281511));
#1865 = CARTESIAN_POINT('',(-0.752869948354,1.456536037304,
    -0.630051738705));
#1866 = CARTESIAN_POINT('',(-0.706758228355,1.498709545806,
    -0.629977963205));
#1867 = CARTESIAN_POINT('',(-0.727057986252,1.49804637436,
    -0.629988384177));
#1868 = CARTESIAN_POINT('',(-0.748150566931,1.476401224203,
    -0.629999522799));
#1869 = CARTESIAN_POINT('',(-0.747029781869,1.456715477507,
    -0.629993571728));
#1870 = SHELL_BASED_SURFACE_MODEL('',(#1871));
#1871 = OPEN_SHELL('',(#1872));
#1872 = ADVANCED_FACE('',(#1873),#1926,.T.);
#1873 = FACE_BOUND('',#1874,.T.);
#1874 = EDGE_LOOP('',(#1875,#1886,#1894,#1903,#1911));
#1875 = ORIENTED_EDGE('',*,*,#1876,.T.);
#1876 = EDGE_CURVE('',#1877,#1879,#1881,.T.);
#1877 = VERTEX_POINT('',#1878);
#1878 = CARTESIAN_POINT('',(-0.882157730241,1.5016,-0.531693275278));
#1879 = VERTEX_POINT('',#1880);
#1880 = CARTESIAN_POINT('',(-1.010395961987,1.5016,0.2));
#1881 = CIRCLE('',#1882,1.03);
#1882 = AXIS2_PLACEMENT_3D('',#1883,#1884,#1885);
#1883 = CARTESIAN_POINT('',(0.,1.5016,0.));
#1884 = DIRECTION('',(0.,1.,0.));
#1885 = DIRECTION('',(-0.856463815768,0.,-0.516207063377));
#1886 = ORIENTED_EDGE('',*,*,#1887,.T.);
#1887 = EDGE_CURVE('',#1879,#1888,#1890,.T.);
#1888 = VERTEX_POINT('',#1889);
#1889 = CARTESIAN_POINT('',(-1.010395961987,1.4,0.2));
#1890 = LINE('',#1891,#1892);
#1891 = CARTESIAN_POINT('',(-1.010395961987,1.5016,0.2));
#1892 = VECTOR('',#1893,1.);
#1893 = DIRECTION('',(0.,-1.,0.));
#1894 = ORIENTED_EDGE('',*,*,#1895,.T.);
#1895 = EDGE_CURVE('',#1888,#1896,#1898,.T.);
#1896 = VERTEX_POINT('',#1897);
#1897 = CARTESIAN_POINT('',(-0.856423801862,1.4,-0.572222222222));
#1898 = CIRCLE('',#1899,1.03);
#1899 = AXIS2_PLACEMENT_3D('',#1900,#1901,#1902);
#1900 = CARTESIAN_POINT('',(0.,1.4,0.));
#1901 = DIRECTION('',(0.,-1.,0.));
#1902 = DIRECTION('',(-0.980966953386,0.,0.194174757282));
#1903 = ORIENTED_EDGE('',*,*,#1904,.T.);
#1904 = EDGE_CURVE('',#1896,#1905,#1907,.T.);
#1905 = VERTEX_POINT('',#1906);
#1906 = CARTESIAN_POINT('',(-0.856423801862,1.457472500437,
    -0.572222222222));
#1907 = LINE('',#1908,#1909);
#1908 = CARTESIAN_POINT('',(-0.856423801862,1.4,-0.572222222222));
#1909 = VECTOR('',#1910,1.);
#1910 = DIRECTION('',(0.,1.,0.));
#1911 = ORIENTED_EDGE('',*,*,#1912,.T.);
#1912 = EDGE_CURVE('',#1905,#1877,#1913,.T.);
#1913 = B_SPLINE_CURVE_WITH_KNOTS('',3,(#1914,#1915,#1916,#1917,#1918,
    #1919,#1920,#1921,#1922,#1923,#1924,#1925),.UNSPECIFIED.,.F.,.F.,(4,
    1,1,1,1,1,1,1,1,4),(0.,0.111111111111,0.222222222222,0.333333333333,
    0.444444444444,0.555555555556,0.666666666667,0.777777777778,
    0.888888888889,1.),.UNSPECIFIED.);
#1914 = CARTESIAN_POINT('',(-0.856423801862,1.457472500437,
    -0.572222222222));
#1915 = CARTESIAN_POINT('',(-0.856288538956,1.459171994368,
    -0.572424665201));
#1916 = CARTESIAN_POINT('',(-0.856675159715,1.462752452665,
    -0.571846197054));
#1917 = CARTESIAN_POINT('',(-0.85752426115,1.468461276449,
    -0.570573109061));
#1918 = CARTESIAN_POINT('',(-0.85919791334,1.474505209899,
    -0.568052411662));
#1919 = CARTESIAN_POINT('',(-0.861647907312,1.480703505716,
    -0.564332896579));
#1920 = CARTESIAN_POINT('',(-0.864943623849,1.48681742142,
    -0.559275293813));
#1921 = CARTESIAN_POINT('',(-0.869249839008,1.492735486986,
    -0.55256677478));
#1922 = CARTESIAN_POINT('',(-0.873995163007,1.497423173483,
    -0.545029870506));
#1923 = CARTESIAN_POINT('',(-0.878291258686,1.500352593012,
    -0.538075070502));
#1924 = CARTESIAN_POINT('',(-0.880910931937,1.501354940739,
    -0.533761897946));
#1925 = CARTESIAN_POINT('',(-0.882157730241,1.5016,-0.531693275278));
#1926 = SURFACE_OF_REVOLUTION('',#1927,#1931);
#1927 = LINE('',#1928,#1929);
#1928 = CARTESIAN_POINT('',(-1.007133953981,1.397968,0.215826779473));
#1929 = VECTOR('',#1930,1.);
#1930 = DIRECTION('',(0.,1.,0.));
#1931 = AXIS1_PLACEMENT('',#1932,#1933);
#1932 = CARTESIAN_POINT('',(0.,1.4,0.));
#1933 = DIRECTION('',(0.,-1.,0.));
#1934 = SHELL_BASED_SURFACE_MODEL('',(#1935));
#1935 = OPEN_SHELL('',(#1936));
#1936 = ADVANCED_FACE('',(#1937),#1987,.T.);
#1937 = FACE_BOUND('',#1938,.T.);
#1938 = EDGE_LOOP('',(#1939,#1962,#1971,#1980));
#1939 = ORIENTED_EDGE('',*,*,#1940,.T.);
#1940 = EDGE_CURVE('',#1941,#1943,#1945,.T.);
#1941 = VERTEX_POINT('',#1942);
#1942 = CARTESIAN_POINT('',(-0.805665592849,1.7048,0.185741498225));
#1943 = VERTEX_POINT('',#1944);
#1944 = CARTESIAN_POINT('',(-1.010395961987,1.5016,0.2));
#1945 = B_SPLINE_CURVE_WITH_KNOTS('',3,(#1946,#1947,#1948,#1949,#1950,
    #1951,#1952,#1953,#1954,#1955,#1956,#1957,#1958,#1959,#1960,#1961),
  .UNSPECIFIED.,.F.,.F.,(4,1,1,1,1,1,1,1,1,1,1,1,1,4),(0.,
    7.692307692308E-02,0.153846153846,0.230769230769,0.307692307692,
    0.384615384615,0.461538461538,0.538461538462,0.615384615385,
    0.692307692308,0.769230769231,0.846153846154,0.923076923077,1.),
  .UNSPECIFIED.);
#1946 = CARTESIAN_POINT('',(-0.805665592849,1.7048,0.185741498225));
#1947 = CARTESIAN_POINT('',(-0.81129402514,1.7048,0.185777491791));
#1948 = CARTESIAN_POINT('',(-0.823509933922,1.704358842881,
    0.186000538735));
#1949 = CARTESIAN_POINT('',(-0.84454842803,1.701597672969,0.186806428872
    ));
#1950 = CARTESIAN_POINT('',(-0.867779658534,1.695926493541,
    0.188066280116));
#1951 = CARTESIAN_POINT('',(-0.892091161484,1.686669946741,
    0.189685793369));
#1952 = CARTESIAN_POINT('',(-0.914907234357,1.674414752294,
    0.191412511706));
#1953 = CARTESIAN_POINT('',(-0.935962761204,1.659401403296,
    0.193141411676));
#1954 = CARTESIAN_POINT('',(-0.954910615855,1.641863868724,
    0.194789457227));
#1955 = CARTESIAN_POINT('',(-0.971468983806,1.622084871993,
    0.196289953166));
#1956 = CARTESIAN_POINT('',(-0.985379911626,1.600382174672,
    0.197588618203));
#1957 = CARTESIAN_POINT('',(-0.996430093801,1.577101921958,
    0.198642451829));
#1958 = CARTESIAN_POINT('',(-1.004448169707,1.552615873288,
    0.199418485659));
#1959 = CARTESIAN_POINT('',(-1.009309807196,1.527314355006,
    0.199893415932));
#1960 = CARTESIAN_POINT('',(-1.010395961987,1.510171566182,0.2));
#1961 = CARTESIAN_POINT('',(-1.010395961987,1.5016,0.2));
#1962 = ORIENTED_EDGE('',*,*,#1963,.T.);
#1963 = EDGE_CURVE('',#1943,#1964,#1966,.T.);
#1964 = VERTEX_POINT('',#1965);
#1965 = CARTESIAN_POINT('',(-0.882157730241,1.5016,-0.531693275278));
#1966 = CIRCLE('',#1967,1.03);
#1967 = AXIS2_PLACEMENT_3D('',#1968,#1969,#1970);
#1968 = CARTESIAN_POINT('',(0.,1.5016,0.));
#1969 = DIRECTION('',(0.,-1.,0.));
#1970 = DIRECTION('',(-0.980966953386,0.,0.194174757282));
#1971 = ORIENTED_EDGE('',*,*,#1972,.T.);
#1972 = EDGE_CURVE('',#1964,#1973,#1975,.T.);
#1973 = VERTEX_POINT('',#1974);
#1974 = CARTESIAN_POINT('',(-0.708124002528,1.7048,-0.426800465141));
#1975 = CIRCLE('',#1976,0.2032);
#1976 = AXIS2_PLACEMENT_3D('',#1977,#1978,#1979);
#1977 = CARTESIAN_POINT('',(-0.708124282877,1.5016,-0.4268));
#1978 = DIRECTION('',(0.516207063377,0.,-0.856463815768));
#1979 = DIRECTION('',(-0.856463815768,0.,-0.516207063377));
#1980 = ORIENTED_EDGE('',*,*,#1981,.T.);
#1981 = EDGE_CURVE('',#1973,#1941,#1982,.T.);
#1982 = CIRCLE('',#1983,0.8268);
#1983 = AXIS2_PLACEMENT_3D('',#1984,#1985,#1986);
#1984 = CARTESIAN_POINT('',(0.,1.7048,0.));
#1985 = DIRECTION('',(0.,1.,0.));
#1986 = DIRECTION('',(-0.85646347669,0.,-0.516207625956));
#1987 = SURFACE_OF_REVOLUTION('',#1988,#1993);
#1988 = CIRCLE('',#1989,0.2032);
#1989 = AXIS2_PLACEMENT_3D('',#1990,#1991,#1992);
#1990 = CARTESIAN_POINT('',(-0.802714156799,1.5016,0.198111641443));
#1991 = DIRECTION('',(-0.239612531982,-4.336808689942E-18,
    -0.970868597966));
#1992 = DIRECTION('',(-0.97038953292,-3.141075907813E-02,0.239494297662)
  );
#1993 = AXIS1_PLACEMENT('',#1994,#1995);
#1994 = CARTESIAN_POINT('',(0.,1.5016,0.));
#1995 = DIRECTION('',(0.,-1.,0.));
#1996 = SHELL_BASED_SURFACE_MODEL('',(#1997));
#1997 = OPEN_SHELL('',(#1998));
#1998 = ADVANCED_FACE('',(#1999),#2049,.T.);
#1999 = FACE_BOUND('',#2000,.T.);
#2000 = EDGE_LOOP('',(#2001,#2012,#2021,#2030));
#2001 = ORIENTED_EDGE('',*,*,#2002,.T.);
#2002 = EDGE_CURVE('',#2003,#2005,#2007,.T.);
#2003 = VERTEX_POINT('',#2004);
#2004 = CARTESIAN_POINT('',(-0.805665592849,1.7048,0.185741498225));
#2005 = VERTEX_POINT('',#2006);
#2006 = CARTESIAN_POINT('',(-0.672804038013,1.7048,0.2));
#2007 = CIRCLE('',#2008,6.719596198718E-02);
#2008 = AXIS2_PLACEMENT_3D('',#2009,#2010,#2011);
#2009 = CARTESIAN_POINT('',(-0.74,1.7048,0.2));
#2010 = DIRECTION('',(0.,1.,0.));
#2011 = DIRECTION('',(-0.977218384889,0.,-0.212236255703));
#2012 = ORIENTED_EDGE('',*,*,#2013,.T.);
#2013 = EDGE_CURVE('',#2005,#2014,#2016,.T.);
#2014 = VERTEX_POINT('',#2015);
#2015 = CARTESIAN_POINT('',(-0.469604038013,1.5016,0.200000000003));
#2016 = CIRCLE('',#2017,0.2032);
#2017 = AXIS2_PLACEMENT_3D('',#2018,#2019,#2020);
#2018 = CARTESIAN_POINT('',(-0.672804038013,1.5016,0.200000000008));
#2019 = DIRECTION('',(-1.123595660957E-11,0.,-1.));
#2020 = DIRECTION('',(0.,1.,0.));
#2021 = ORIENTED_EDGE('',*,*,#2022,.T.);
#2022 = EDGE_CURVE('',#2014,#2023,#2025,.T.);
#2023 = VERTEX_POINT('',#2024);
#2024 = CARTESIAN_POINT('',(-1.010395961987,1.5016,0.2));
#2025 = CIRCLE('',#2026,0.270395961987);
#2026 = AXIS2_PLACEMENT_3D('',#2027,#2028,#2029);
#2027 = CARTESIAN_POINT('',(-0.74,1.5016,0.2));
#2028 = DIRECTION('',(0.,-1.,0.));
#2029 = DIRECTION('',(1.,0.,0.));
#2030 = ORIENTED_EDGE('',*,*,#2031,.T.);
#2031 = EDGE_CURVE('',#2023,#2003,#2032,.T.);
#2032 = B_SPLINE_CURVE_WITH_KNOTS('',3,(#2033,#2034,#2035,#2036,#2037,
    #2038,#2039,#2040,#2041,#2042,#2043,#2044,#2045,#2046,#2047,#2048),
  .UNSPECIFIED.,.F.,.F.,(4,1,1,1,1,1,1,1,1,1,1,1,1,4),(0.,
    7.692307692308E-02,0.153846153846,0.230769230769,0.307692307692,
    0.384615384615,0.461538461538,0.538461538462,0.615384615385,
    0.692307692308,0.769230769231,0.846153846154,0.923076923077,1.),
  .UNSPECIFIED.);
#2033 = CARTESIAN_POINT('',(-1.010395961987,1.5016,0.2));
#2034 = CARTESIAN_POINT('',(-1.010395961987,1.510171566182,0.2));
#2035 = CARTESIAN_POINT('',(-1.009309807196,1.527314355006,
    0.199893415932));
#2036 = CARTESIAN_POINT('',(-1.004448169707,1.552615873288,
    0.199418485659));
#2037 = CARTESIAN_POINT('',(-0.996430093801,1.577101921958,
    0.198642451829));
#2038 = CARTESIAN_POINT('',(-0.985379911626,1.600382174672,
    0.197588618203));
#2039 = CARTESIAN_POINT('',(-0.971468983806,1.622084871993,
    0.196289953166));
#2040 = CARTESIAN_POINT('',(-0.954910615855,1.641863868724,
    0.194789457227));
#2041 = CARTESIAN_POINT('',(-0.935962761204,1.659401403296,
    0.193141411676));
#2042 = CARTESIAN_POINT('',(-0.914907234357,1.674414752294,
    0.191412511706));
#2043 = CARTESIAN_POINT('',(-0.892091161484,1.686669946741,
    0.189685793369));
#2044 = CARTESIAN_POINT('',(-0.867779658534,1.695926493541,
    0.188066280116));
#2045 = CARTESIAN_POINT('',(-0.84454842803,1.701597672969,0.186806428872
    ));
#2046 = CARTESIAN_POINT('',(-0.823509933922,1.704358842881,
    0.186000538735));
#2047 = CARTESIAN_POINT('',(-0.81129402514,1.7048,0.185777491791));
#2048 = CARTESIAN_POINT('',(-0.805665592849,1.7048,0.185741498225));
#2049 = SURFACE_OF_REVOLUTION('',#2050,#2055);
#2050 = CIRCLE('',#2051,0.2032);
#2051 = AXIS2_PLACEMENT_3D('',#2052,#2053,#2054);
#2052 = CARTESIAN_POINT('',(-0.672955288258,1.5016,0.195494011231));
#2053 = DIRECTION('',(6.70574337519E-02,4.336808689942E-19,
    0.997749117052));
#2054 = DIRECTION('',(0.997256788093,-3.141075907813E-02,
    -6.702434495632E-02));
#2055 = AXIS1_PLACEMENT('',#2056,#2057);
#2056 = CARTESIAN_POINT('',(-0.74,1.5016,0.2));
#2057 = DIRECTION('',(0.,-1.,0.));
#2058 = SHELL_BASED_SURFACE_MODEL('',(#2059));
#2059 = OPEN_SHELL('',(#2060));
#2060 = ADVANCED_FACE('',(#2061),#2106,.T.);
#2061 = FACE_BOUND('',#2062,.T.);
#2062 = EDGE_LOOP('',(#2063,#2074,#2083,#2091,#2099));
#2063 = ORIENTED_EDGE('',*,*,#2064,.T.);
#2064 = EDGE_CURVE('',#2065,#2067,#2069,.T.);
#2065 = VERTEX_POINT('',#2066);
#2066 = CARTESIAN_POINT('',(-0.805666891489,1.7048,0.185739201677));
#2067 = VERTEX_POINT('',#2068);
#2068 = CARTESIAN_POINT('',(-0.672804038013,1.7048,0.2));
#2069 = CIRCLE('',#2070,6.719596198718E-02);
#2070 = AXIS2_PLACEMENT_3D('',#2071,#2072,#2073);
#2071 = CARTESIAN_POINT('',(-0.74,1.7048,0.2));
#2072 = DIRECTION('',(0.,1.,0.));
#2073 = DIRECTION('',(-0.977218384889,0.,-0.212236255703));
#2074 = ORIENTED_EDGE('',*,*,#2075,.T.);
#2075 = EDGE_CURVE('',#2067,#2076,#2078,.T.);
#2076 = VERTEX_POINT('',#2077);
#2077 = CARTESIAN_POINT('',(-0.328200720799,1.7048,-0.387323834031));
#2078 = CIRCLE('',#2079,0.672804038013);
#2079 = AXIS2_PLACEMENT_3D('',#2080,#2081,#2082);
#2080 = CARTESIAN_POINT('',(0.,1.7048,0.2));
#2081 = DIRECTION('',(0.,-1.,0.));
#2082 = DIRECTION('',(-1.,0.,0.));
#2083 = ORIENTED_EDGE('',*,*,#2084,.T.);
#2084 = EDGE_CURVE('',#2076,#2085,#2087,.T.);
#2085 = VERTEX_POINT('',#2086);
#2086 = CARTESIAN_POINT('',(-0.3282,1.7048,-0.4268));
#2087 = LINE('',#2088,#2089);
#2088 = CARTESIAN_POINT('',(-0.3282,1.7048,-0.387323813649));
#2089 = VECTOR('',#2090,1.);
#2090 = DIRECTION('',(0.,0.,-1.));
#2091 = ORIENTED_EDGE('',*,*,#2092,.T.);
#2092 = EDGE_CURVE('',#2085,#2093,#2095,.T.);
#2093 = VERTEX_POINT('',#2094);
#2094 = CARTESIAN_POINT('',(-0.708124002528,1.7048,-0.426800465141));
#2095 = LINE('',#2096,#2097);
#2096 = CARTESIAN_POINT('',(-0.3282,1.7048,-0.4268));
#2097 = VECTOR('',#2098,1.);
#2098 = DIRECTION('',(-1.,0.,0.));
#2099 = ORIENTED_EDGE('',*,*,#2100,.T.);
#2100 = EDGE_CURVE('',#2093,#2065,#2101,.T.);
#2101 = CIRCLE('',#2102,0.8268);
#2102 = AXIS2_PLACEMENT_3D('',#2103,#2104,#2105);
#2103 = CARTESIAN_POINT('',(0.,1.7048,0.));
#2104 = DIRECTION('',(0.,1.,0.));
#2105 = DIRECTION('',(-0.85646347669,0.,-0.516207625956));
#2106 = B_SPLINE_SURFACE_WITH_KNOTS('',1,1,(
    (#2107,#2108)
    ,(#2109,#2110
    )),.UNSPECIFIED.,.F.,.F.,.F.,(2,2),(2,2),(-3.29481201482E-02,
    -1.252857630711E-02),(-1.106742486116E-02,1.73496314586E-02),
  .PIECEWISE_BEZIER_KNOTS.);
#2107 = CARTESIAN_POINT('',(-0.836882251764,1.7048,0.281112591473));
#2108 = CARTESIAN_POINT('',(-0.836882251764,1.7048,-0.440680639048));
#2109 = CARTESIAN_POINT('',(-0.318225838201,1.7048,0.281112591473));
#2110 = CARTESIAN_POINT('',(-0.318225838201,1.7048,-0.440680639048));
#2111 = SHELL_BASED_SURFACE_MODEL('',(#2112));
#2112 = OPEN_SHELL('',(#2113));
#2113 = ADVANCED_FACE('',(#2114),#2150,.T.);
#2114 = FACE_BOUND('',#2115,.T.);
#2115 = EDGE_LOOP('',(#2116,#2126,#2135,#2143));
#2116 = ORIENTED_EDGE('',*,*,#2117,.T.);
#2117 = EDGE_CURVE('',#2118,#2120,#2122,.T.);
#2118 = VERTEX_POINT('',#2119);
#2119 = CARTESIAN_POINT('',(-0.3282,1.7048,-0.387323863646));
#2120 = VERTEX_POINT('',#2121);
#2121 = CARTESIAN_POINT('',(-0.3282,1.7048,-0.4268));
#2122 = LINE('',#2123,#2124);
#2123 = CARTESIAN_POINT('',(-0.3282,1.7048,-0.387323813649));
#2124 = VECTOR('',#2125,1.);
#2125 = DIRECTION('',(0.,0.,-1.));
#2126 = ORIENTED_EDGE('',*,*,#2127,.T.);
#2127 = EDGE_CURVE('',#2120,#2128,#2130,.T.);
#2128 = VERTEX_POINT('',#2129);
#2129 = CARTESIAN_POINT('',(-0.125,1.5016,-0.4268));
#2130 = CIRCLE('',#2131,0.2032);
#2131 = AXIS2_PLACEMENT_3D('',#2132,#2133,#2134);
#2132 = CARTESIAN_POINT('',(-0.3282,1.5016,-0.4268));
#2133 = DIRECTION('',(0.,0.,-1.));
#2134 = DIRECTION('',(0.,1.,0.));
#2135 = ORIENTED_EDGE('',*,*,#2136,.T.);
#2136 = EDGE_CURVE('',#2128,#2137,#2139,.T.);
#2137 = VERTEX_POINT('',#2138);
#2138 = CARTESIAN_POINT('',(-0.125,1.5016,-0.38732447043));
#2139 = LINE('',#2140,#2141);
#2140 = CARTESIAN_POINT('',(-0.125,1.5016,-0.4268));
#2141 = VECTOR('',#2142,1.);
#2142 = DIRECTION('',(0.,0.,1.));
#2143 = ORIENTED_EDGE('',*,*,#2144,.T.);
#2144 = EDGE_CURVE('',#2137,#2118,#2145,.T.);
#2145 = CIRCLE('',#2146,0.2032);
#2146 = AXIS2_PLACEMENT_3D('',#2147,#2148,#2149);
#2147 = CARTESIAN_POINT('',(-0.3282,1.5016,-0.38732447043));
#2148 = DIRECTION('',(0.,0.,1.));
#2149 = DIRECTION('',(1.,0.,-0.));
#2150 = SURFACE_OF_REVOLUTION('',#2151,#2155);
#2151 = LINE('',#2152,#2153);
#2152 = CARTESIAN_POINT('',(-0.125100266934,1.495217333755,
    -0.385572956997));
#2153 = VECTOR('',#2154,1.);
#2154 = DIRECTION('',(0.,-0.,-1.));
#2155 = AXIS1_PLACEMENT('',#2156,#2157);
#2156 = CARTESIAN_POINT('',(-0.3282,1.5016,0.474083263381));
#2157 = DIRECTION('',(0.,0.,1.));
#2158 = SHELL_BASED_SURFACE_MODEL('',(#2159));
#2159 = OPEN_SHELL('',(#2160));
#2160 = ADVANCED_FACE('',(#2161),#2210,.T.);
#2161 = FACE_BOUND('',#2162,.T.);
#2162 = EDGE_LOOP('',(#2163,#2174,#2183));
#2163 = ORIENTED_EDGE('',*,*,#2164,.T.);
#2164 = EDGE_CURVE('',#2165,#2167,#2169,.T.);
#2165 = VERTEX_POINT('',#2166);
#2166 = CARTESIAN_POINT('',(-0.229077170421,1.5016,-0.209940974422));
#2167 = VERTEX_POINT('',#2168);
#2168 = CARTESIAN_POINT('',(-0.3282,1.7048,-0.38732447043));
#2169 = CIRCLE('',#2170,0.2032);
#2170 = AXIS2_PLACEMENT_3D('',#2171,#2172,#2173);
#2171 = CARTESIAN_POINT('',(-0.3282,1.5016,-0.38732447043));
#2172 = DIRECTION('',(-0.872950275633,0.,0.487809200684));
#2173 = DIRECTION('',(0.487809200684,0.,0.872950275633));
#2174 = ORIENTED_EDGE('',*,*,#2175,.T.);
#2175 = EDGE_CURVE('',#2167,#2176,#2178,.T.);
#2176 = VERTEX_POINT('',#2177);
#2177 = CARTESIAN_POINT('',(-0.125,1.5016,-0.38732447043));
#2178 = CIRCLE('',#2179,0.2032);
#2179 = AXIS2_PLACEMENT_3D('',#2180,#2181,#2182);
#2180 = CARTESIAN_POINT('',(-0.3282,1.5016,-0.38732447043));
#2181 = DIRECTION('',(0.,0.,-1.));
#2182 = DIRECTION('',(0.,1.,0.));
#2183 = ORIENTED_EDGE('',*,*,#2184,.T.);
#2184 = EDGE_CURVE('',#2176,#2165,#2185,.T.);
#2185 = B_SPLINE_CURVE_WITH_KNOTS('',3,(#2186,#2187,#2188,#2189,#2190,
    #2191,#2192,#2193,#2194,#2195,#2196,#2197,#2198,#2199,#2200,#2201,
    #2202,#2203,#2204,#2205,#2206,#2207,#2208,#2209),.UNSPECIFIED.,.F.,
  .F.,(4,1,1,1,1,1,1,1,1,1,1,1,1,1,1,1,1,1,1,1,1,4),(0.,
    4.761904761905E-02,9.52380952381E-02,0.142857142857,0.190476190476,
    0.238095238095,0.285714285714,0.333333333333,0.380952380952,
    0.428571428571,0.47619047619,0.523809523809,0.571428571429,
    0.619047619048,0.666666666667,0.714285714286,0.761904761905,
    0.809523809524,0.857142857143,0.904761904762,0.952380952381,1.),
  .UNSPECIFIED.);
#2186 = CARTESIAN_POINT('',(-0.125,1.5016,-0.38732447043));
#2187 = CARTESIAN_POINT('',(-0.125,1.506390889963,-0.387211760995));
#2188 = CARTESIAN_POINT('',(-0.125335848052,1.516016509677,
    -0.386482269909));
#2189 = CARTESIAN_POINT('',(-0.126928225939,1.530621153067,
    -0.383545913234));
#2190 = CARTESIAN_POINT('',(-0.129645340247,1.544838205395,
    -0.378647990181));
#2191 = CARTESIAN_POINT('',(-0.133437119307,1.558171210405,
    -0.37195614957));
#2192 = CARTESIAN_POINT('',(-0.138192148811,1.570193049565,
    -0.363646660865));
#2193 = CARTESIAN_POINT('',(-0.143797827621,1.580641828318,
    -0.35390428763));
#2194 = CARTESIAN_POINT('',(-0.150146226648,1.589321958674,
    -0.342935018706));
#2195 = CARTESIAN_POINT('',(-0.15708440066,1.596020143509,
    -0.330996550873));
#2196 = CARTESIAN_POINT('',(-0.164457845422,1.600588377353,
    -0.318343757927));
#2197 = CARTESIAN_POINT('',(-0.172111555775,1.602944414588,
    -0.305262277559));
#2198 = CARTESIAN_POINT('',(-0.179871371654,1.603025902876,
    -0.292036126409));
#2199 = CARTESIAN_POINT('',(-0.187564726459,1.600830196071,
    -0.278956883212));
#2200 = CARTESIAN_POINT('',(-0.195031438762,1.596421158301,
    -0.266314033037));
#2201 = CARTESIAN_POINT('',(-0.20209688908,1.58987896458,-0.25438362753)
  );
#2202 = CARTESIAN_POINT('',(-0.208609861507,1.581357446371,
    -0.243430812213));
#2203 = CARTESIAN_POINT('',(-0.214431636825,1.571043958227,
    -0.233692482598));
#2204 = CARTESIAN_POINT('',(-0.219423307663,1.559157264465,
    -0.22538861717));
#2205 = CARTESIAN_POINT('',(-0.223480739271,1.545977636971,
    -0.218703913973));
#2206 = CARTESIAN_POINT('',(-0.226519250536,1.5317714918,-0.213774798611
    ));
#2207 = CARTESIAN_POINT('',(-0.22846097251,1.516848009754,
    -0.210723781011));
#2208 = CARTESIAN_POINT('',(-0.229001853379,1.506706898915,
    -0.209983061981));
#2209 = CARTESIAN_POINT('',(-0.229077170421,1.5016,-0.209940974422));
#2210 = SURFACE_OF_REVOLUTION('',#2211,#2216);
#2211 = CIRCLE('',#2212,0.2032);
#2212 = AXIS2_PLACEMENT_3D('',#2213,#2214,#2215);
#2213 = CARTESIAN_POINT('',(-0.3282,1.5016,-0.38732447043));
#2214 = DIRECTION('',(0.663649189238,0.663649189238,-0.345165912638));
#2215 = DIRECTION('',(-0.348381824336,0.682535495108,0.642475993629));
#2216 = AXIS1_PLACEMENT('',#2217,#2218);
#2217 = CARTESIAN_POINT('',(-0.3282,1.5016,-0.38732447043));
#2218 = DIRECTION('',(-0.707106781187,0.707106781187,0.));
#2219 = SHELL_BASED_SURFACE_MODEL('',(#2220));
#2220 = OPEN_SHELL('',(#2221));
#2221 = ADVANCED_FACE('',(#2222),#2260,.T.);
#2222 = FACE_BOUND('',#2223,.T.);
#2223 = EDGE_LOOP('',(#2224,#2235,#2244,#2253));
#2224 = ORIENTED_EDGE('',*,*,#2225,.T.);
#2225 = EDGE_CURVE('',#2226,#2228,#2230,.T.);
#2226 = VERTEX_POINT('',#2227);
#2227 = CARTESIAN_POINT('',(-0.328201075078,1.7048,-0.38732386967));
#2228 = VERTEX_POINT('',#2229);
#2229 = CARTESIAN_POINT('',(-0.229077170421,1.5016,-0.209940974422));
#2230 = CIRCLE('',#2231,0.2032);
#2231 = AXIS2_PLACEMENT_3D('',#2232,#2233,#2234);
#2232 = CARTESIAN_POINT('',(-0.3282,1.5016,-0.38732447043));
#2233 = DIRECTION('',(0.872950275633,0.,-0.487809200684));
#2234 = DIRECTION('',(0.,1.,0.));
#2235 = ORIENTED_EDGE('',*,*,#2236,.T.);
#2236 = EDGE_CURVE('',#2228,#2237,#2239,.T.);
#2237 = VERTEX_POINT('',#2238);
#2238 = CARTESIAN_POINT('',(-0.469604038013,1.5016,0.200000000003));
#2239 = CIRCLE('',#2240,0.469604038013);
#2240 = AXIS2_PLACEMENT_3D('',#2241,#2242,#2243);
#2241 = CARTESIAN_POINT('',(0.,1.5016,0.2));
#2242 = DIRECTION('',(0.,1.,0.));
#2243 = DIRECTION('',(-0.487809200684,0.,-0.872950275633));
#2244 = ORIENTED_EDGE('',*,*,#2245,.T.);
#2245 = EDGE_CURVE('',#2237,#2246,#2248,.T.);
#2246 = VERTEX_POINT('',#2247);
#2247 = CARTESIAN_POINT('',(-0.672804038013,1.7048,0.2));
#2248 = CIRCLE('',#2249,0.2032);
#2249 = AXIS2_PLACEMENT_3D('',#2250,#2251,#2252);
#2250 = CARTESIAN_POINT('',(-0.672804038013,1.5016,0.200000000008));
#2251 = DIRECTION('',(1.123595660957E-11,0.,1.));
#2252 = DIRECTION('',(1.,0.,-1.123595660957E-11));
#2253 = ORIENTED_EDGE('',*,*,#2254,.T.);
#2254 = EDGE_CURVE('',#2246,#2226,#2255,.T.);
#2255 = CIRCLE('',#2256,0.672804038013);
#2256 = AXIS2_PLACEMENT_3D('',#2257,#2258,#2259);
#2257 = CARTESIAN_POINT('',(0.,1.7048,0.2));
#2258 = DIRECTION('',(0.,-1.,0.));
#2259 = DIRECTION('',(-1.,0.,0.));
#2260 = SURFACE_OF_REVOLUTION('',#2261,#2266);
#2261 = CIRCLE('',#2262,0.2032);
#2262 = AXIS2_PLACEMENT_3D('',#2263,#2264,#2265);
#2263 = CARTESIAN_POINT('',(-0.672652503524,1.5016,0.214278762883));
#2264 = DIRECTION('',(-2.122276632731E-02,1.734723475977E-18,
    -0.999774771731));
#2265 = DIRECTION('',(-3.140368448723E-02,0.999506560366,
    6.666232000786E-04));
#2266 = AXIS1_PLACEMENT('',#2267,#2268);
#2267 = CARTESIAN_POINT('',(0.,1.5016,0.2));
#2268 = DIRECTION('',(0.,-1.,0.));
#2269 = SHELL_BASED_SURFACE_MODEL('',(#2270));
#2270 = OPEN_SHELL('',(#2271));
#2271 = ADVANCED_FACE('',(#2272),#2324,.T.);
#2272 = FACE_BOUND('',#2273,.T.);
#2273 = EDGE_LOOP('',(#2274,#2285,#2293,#2302,#2310));
#2274 = ORIENTED_EDGE('',*,*,#2275,.T.);
#2275 = EDGE_CURVE('',#2276,#2278,#2280,.T.);
#2276 = VERTEX_POINT('',#2277);
#2277 = CARTESIAN_POINT('',(-0.229077170421,1.5016,-0.209940974422));
#2278 = VERTEX_POINT('',#2279);
#2279 = CARTESIAN_POINT('',(-0.469604038013,1.5016,0.200000000002));
#2280 = CIRCLE('',#2281,0.469604038013);
#2281 = AXIS2_PLACEMENT_3D('',#2282,#2283,#2284);
#2282 = CARTESIAN_POINT('',(0.,1.5016,0.2));
#2283 = DIRECTION('',(0.,1.,0.));
#2284 = DIRECTION('',(-0.487809200684,0.,-0.872950275633));
#2285 = ORIENTED_EDGE('',*,*,#2286,.T.);
#2286 = EDGE_CURVE('',#2278,#2287,#2289,.T.);
#2287 = VERTEX_POINT('',#2288);
#2288 = CARTESIAN_POINT('',(-0.469604038013,1.4,0.2));
#2289 = LINE('',#2290,#2291);
#2290 = CARTESIAN_POINT('',(-0.469604038013,1.5016,0.200000000003));
#2291 = VECTOR('',#2292,1.);
#2292 = DIRECTION('',(0.,-1.,-3.049990815462E-11));
#2293 = ORIENTED_EDGE('',*,*,#2294,.T.);
#2294 = EDGE_CURVE('',#2287,#2295,#2297,.T.);
#2295 = VERTEX_POINT('',#2296);
#2296 = CARTESIAN_POINT('',(-0.199713514422,1.4,-0.22502054618));
#2297 = CIRCLE('',#2298,0.469604038013);
#2298 = AXIS2_PLACEMENT_3D('',#2299,#2300,#2301);
#2299 = CARTESIAN_POINT('',(0.,1.4,0.2));
#2300 = DIRECTION('',(0.,-1.,0.));
#2301 = DIRECTION('',(-1.,-0.,-3.05879062098E-14));
#2302 = ORIENTED_EDGE('',*,*,#2303,.T.);
#2303 = EDGE_CURVE('',#2295,#2304,#2306,.T.);
#2304 = VERTEX_POINT('',#2305);
#2305 = CARTESIAN_POINT('',(-0.199713514422,1.46274170406,-0.22502054618
    ));
#2306 = LINE('',#2307,#2308);
#2307 = CARTESIAN_POINT('',(-0.199713514422,1.4,-0.22502054618));
#2308 = VECTOR('',#2309,1.);
#2309 = DIRECTION('',(0.,1.,0.));
#2310 = ORIENTED_EDGE('',*,*,#2311,.T.);
#2311 = EDGE_CURVE('',#2304,#2276,#2312,.T.);
#2312 = B_SPLINE_CURVE_WITH_KNOTS('',3,(#2313,#2314,#2315,#2316,#2317,
    #2318,#2319,#2320,#2321,#2322,#2323),.UNSPECIFIED.,.F.,.F.,(4,1,1,1,
    1,1,1,1,4),(0.,0.125,0.25,0.375,0.5,0.625,0.75,0.875,1.),
  .QUASI_UNIFORM_KNOTS.);
#2313 = CARTESIAN_POINT('',(-0.199713514422,1.46274170406,-0.22502054618
    ));
#2314 = CARTESIAN_POINT('',(-0.199536850739,1.464730623895,
    -0.225103558932));
#2315 = CARTESIAN_POINT('',(-0.200161733606,1.46895644671,
    -0.224810222517));
#2316 = CARTESIAN_POINT('',(-0.201909977379,1.475940478952,
    -0.22398449517));
#2317 = CARTESIAN_POINT('',(-0.205425044654,1.483529602454,
    -0.222298649441));
#2318 = CARTESIAN_POINT('',(-0.210203357571,1.490576242624,
    -0.219943585578));
#2319 = CARTESIAN_POINT('',(-0.215072974844,1.495694638665,
    -0.217470561611));
#2320 = CARTESIAN_POINT('',(-0.220010165277,1.499261556309,
    -0.214890129089));
#2321 = CARTESIAN_POINT('',(-0.224792180419,1.50117056735,
    -0.212317215573));
#2322 = CARTESIAN_POINT('',(-0.227686391903,1.501610757896,
    -0.210718148765));
#2323 = CARTESIAN_POINT('',(-0.229077170421,1.5016,-0.209940974422));
#2324 = SURFACE_OF_REVOLUTION('',#2325,#2329);
#2325 = LINE('',#2326,#2327);
#2326 = CARTESIAN_POINT('',(-0.469483791884,1.397968,0.210626461129));
#2327 = VECTOR('',#2328,1.);
#2328 = DIRECTION('',(0.,1.,0.));
#2329 = AXIS1_PLACEMENT('',#2330,#2331);
#2330 = CARTESIAN_POINT('',(0.,1.4,0.2));
#2331 = DIRECTION('',(0.,-1.,0.));
#2332 = SHELL_BASED_SURFACE_MODEL('',(#2333));
#2333 = OPEN_SHELL('',(#2334));
#2334 = ADVANCED_FACE('',(#2335),#2401,.T.);
#2335 = FACE_BOUND('',#2336,.T.);
#2336 = EDGE_LOOP('',(#2337,#2349,#2378,#2394));
#2337 = ORIENTED_EDGE('',*,*,#2338,.T.);
#2338 = EDGE_CURVE('',#2339,#2341,#2343,.T.);
#2339 = VERTEX_POINT('',#2340);
#2340 = CARTESIAN_POINT('',(-0.125,1.46274170406,-0.342678544261));
#2341 = VERTEX_POINT('',#2342);
#2342 = CARTESIAN_POINT('',(-0.125,1.5016,-0.38732447043));
#2343 = B_SPLINE_CURVE_WITH_KNOTS('',3,(#2344,#2345,#2346,#2347,#2348),
  .UNSPECIFIED.,.F.,.F.,(4,1,4),(0.,0.5,1.),.QUASI_UNIFORM_KNOTS.);
#2344 = CARTESIAN_POINT('',(-0.125,1.46274170406,-0.342678544261));
#2345 = CARTESIAN_POINT('',(-0.125,1.472683400952,-0.342678544261));
#2346 = CARTESIAN_POINT('',(-0.125,1.491812275707,-0.355017170755));
#2347 = CARTESIAN_POINT('',(-0.125,1.501299726785,-0.37734013384));
#2348 = CARTESIAN_POINT('',(-0.125,1.5016,-0.38732447043));
#2349 = ORIENTED_EDGE('',*,*,#2350,.T.);
#2350 = EDGE_CURVE('',#2341,#2351,#2353,.T.);
#2351 = VERTEX_POINT('',#2352);
#2352 = CARTESIAN_POINT('',(-0.229077170421,1.5016,-0.209940974422));
#2353 = B_SPLINE_CURVE_WITH_KNOTS('',3,(#2354,#2355,#2356,#2357,#2358,
    #2359,#2360,#2361,#2362,#2363,#2364,#2365,#2366,#2367,#2368,#2369,
    #2370,#2371,#2372,#2373,#2374,#2375,#2376,#2377),.UNSPECIFIED.,.F.,
  .F.,(4,1,1,1,1,1,1,1,1,1,1,1,1,1,1,1,1,1,1,1,1,4),(0.,
    4.761904761905E-02,9.52380952381E-02,0.142857142857,0.190476190476,
    0.238095238095,0.285714285714,0.333333333333,0.380952380952,
    0.428571428571,0.47619047619,0.523809523809,0.571428571429,
    0.619047619048,0.666666666667,0.714285714286,0.761904761905,
    0.809523809524,0.857142857143,0.904761904762,0.952380952381,1.),
  .UNSPECIFIED.);
#2354 = CARTESIAN_POINT('',(-0.125,1.5016,-0.38732447043));
#2355 = CARTESIAN_POINT('',(-0.125,1.506390889963,-0.387211760995));
#2356 = CARTESIAN_POINT('',(-0.125335848052,1.516016509677,
    -0.386482269909));
#2357 = CARTESIAN_POINT('',(-0.126928225939,1.530621153067,
    -0.383545913234));
#2358 = CARTESIAN_POINT('',(-0.129645340247,1.544838205395,
    -0.378647990181));
#2359 = CARTESIAN_POINT('',(-0.133437119307,1.558171210405,
    -0.37195614957));
#2360 = CARTESIAN_POINT('',(-0.138192148811,1.570193049565,
    -0.363646660865));
#2361 = CARTESIAN_POINT('',(-0.143797827621,1.580641828318,
    -0.35390428763));
#2362 = CARTESIAN_POINT('',(-0.150146226648,1.589321958674,
    -0.342935018706));
#2363 = CARTESIAN_POINT('',(-0.15708440066,1.596020143509,
    -0.330996550873));
#2364 = CARTESIAN_POINT('',(-0.164457845422,1.600588377353,
    -0.318343757927));
#2365 = CARTESIAN_POINT('',(-0.172111555775,1.602944414588,
    -0.305262277559));
#2366 = CARTESIAN_POINT('',(-0.179871371654,1.603025902876,
    -0.292036126409));
#2367 = CARTESIAN_POINT('',(-0.187564726459,1.600830196071,
    -0.278956883212));
#2368 = CARTESIAN_POINT('',(-0.195031438762,1.596421158301,
    -0.266314033037));
#2369 = CARTESIAN_POINT('',(-0.20209688908,1.58987896458,-0.25438362753)
  );
#2370 = CARTESIAN_POINT('',(-0.208609861507,1.581357446371,
    -0.243430812213));
#2371 = CARTESIAN_POINT('',(-0.214431636825,1.571043958227,
    -0.233692482598));
#2372 = CARTESIAN_POINT('',(-0.219423307663,1.559157264465,
    -0.22538861717));
#2373 = CARTESIAN_POINT('',(-0.223480739271,1.545977636971,
    -0.218703913973));
#2374 = CARTESIAN_POINT('',(-0.226519250536,1.5317714918,-0.213774798611
    ));
#2375 = CARTESIAN_POINT('',(-0.22846097251,1.516848009754,
    -0.210723781011));
#2376 = CARTESIAN_POINT('',(-0.229001853379,1.506706898915,
    -0.209983061981));
#2377 = CARTESIAN_POINT('',(-0.229077170421,1.5016,-0.209940974422));
#2378 = ORIENTED_EDGE('',*,*,#2379,.T.);
#2379 = EDGE_CURVE('',#2351,#2380,#2382,.T.);
#2380 = VERTEX_POINT('',#2381);
#2381 = CARTESIAN_POINT('',(-0.199713514422,1.46274170406,-0.22502054618
    ));
#2382 = B_SPLINE_CURVE_WITH_KNOTS('',3,(#2383,#2384,#2385,#2386,#2387,
    #2388,#2389,#2390,#2391,#2392,#2393),.UNSPECIFIED.,.F.,.F.,(4,1,1,1,
    1,1,1,1,4),(0.,0.125,0.25,0.375,0.5,0.625,0.75,0.875,1.),
  .QUASI_UNIFORM_KNOTS.);
#2383 = CARTESIAN_POINT('',(-0.229077170421,1.5016,-0.209940974422));
#2384 = CARTESIAN_POINT('',(-0.227686391903,1.501610757896,
    -0.210718148765));
#2385 = CARTESIAN_POINT('',(-0.224792180419,1.50117056735,
    -0.212317215573));
#2386 = CARTESIAN_POINT('',(-0.220010165277,1.499261556309,
    -0.214890129089));
#2387 = CARTESIAN_POINT('',(-0.215072974844,1.495694638665,
    -0.217470561611));
#2388 = CARTESIAN_POINT('',(-0.210203357571,1.490576242624,
    -0.219943585578));
#2389 = CARTESIAN_POINT('',(-0.205425044654,1.483529602454,
    -0.222298649441));
#2390 = CARTESIAN_POINT('',(-0.201909977379,1.475940478952,
    -0.22398449517));
#2391 = CARTESIAN_POINT('',(-0.200161733606,1.46895644671,
    -0.224810222517));
#2392 = CARTESIAN_POINT('',(-0.199536850739,1.464730623895,
    -0.225103558932));
#2393 = CARTESIAN_POINT('',(-0.199713514422,1.46274170406,-0.22502054618
    ));
#2394 = ORIENTED_EDGE('',*,*,#2395,.T.);
#2395 = EDGE_CURVE('',#2380,#2339,#2396,.T.);
#2396 = CIRCLE('',#2397,0.13);
#2397 = AXIS2_PLACEMENT_3D('',#2398,#2399,#2400);
#2398 = CARTESIAN_POINT('',(-0.255,1.46274170406,-0.342678544261));
#2399 = DIRECTION('',(0.,1.,0.));
#2400 = DIRECTION('',(0.425280658291,-0.,0.905061523701));
#2401 = B_SPLINE_SURFACE_WITH_KNOTS('',3,3,(
    (#2402,#2403,#2404,#2405,#2406)
    ,(#2407,#2408,#2409,#2410,#2411)
    ,(#2412,#2413,#2414,#2415,#2416)
    ,(#2417,#2418,#2419,#2420,#2421)
    ,(#2422,#2423,#2424,#2425,#2426)
    ,(#2427,#2428,#2429,#2430,#2431)
    ,(#2432,#2433,#2434,#2435,#2436)
    ,(#2437,#2438,#2439,#2440,#2441)
    ,(#2442,#2443,#2444,#2445,#2446)
    ,(#2447,#2448,#2449,#2450,#2451)
    ,(#2452,#2453,#2454,#2455,#2456)
    ,(#2457,#2458,#2459,#2460,#2461
    )),.UNSPECIFIED.,.F.,.F.,.F.,(4,1,1,1,1,1,1,1,1,4),(4,1,4),(
    -9.893574867855E-03,6.25E-02,0.125,0.25,0.375,0.5,0.625,0.75,0.875,
    1.010315928274),(-1.854883980288E-02,0.5,1.015995827163),
  .UNSPECIFIED.);
#2402 = CARTESIAN_POINT('',(-0.125025540547,1.498355281452,
    -0.388474644864));
#2403 = CARTESIAN_POINT('',(-0.125018505606,1.498939911019,
    -0.378413529304));
#2404 = CARTESIAN_POINT('',(-0.125005779778,1.490427300938,
    -0.355503265507));
#2405 = CARTESIAN_POINT('',(-0.125004295698,1.471582917365,
    -0.343428241513));
#2406 = CARTESIAN_POINT('',(-0.125008531289,1.461836343598,
    -0.344184775848));
#2407 = CARTESIAN_POINT('',(-0.124900859183,1.506325377962,
    -0.388442133009));
#2408 = CARTESIAN_POINT('',(-0.124928359202,1.505563328522,
    -0.377885863013));
#2409 = CARTESIAN_POINT('',(-0.124977950948,1.494318275688,
    -0.35403285803));
#2410 = CARTESIAN_POINT('',(-0.124983523949,1.472771403442,
    -0.340653226461));
#2411 = CARTESIAN_POINT('',(-0.124966892613,1.461714363521,
    -0.340556577373));
#2412 = CARTESIAN_POINT('',(-0.125520371254,1.520911969601,
    -0.387382282221));
#2413 = CARTESIAN_POINT('',(-0.125372341829,1.517668820396,
    -0.37607292966));
#2414 = CARTESIAN_POINT('',(-0.125108330414,1.501422120396,
    -0.35082615599));
#2415 = CARTESIAN_POINT('',(-0.125082675658,1.474945681333,
    -0.335349086212));
#2416 = CARTESIAN_POINT('',(-0.125173610754,1.461491229408,
    -0.333806437641));
#2417 = CARTESIAN_POINT('',(-0.129674665853,1.547982989604,
    -0.380030912356));
#2418 = CARTESIAN_POINT('',(-0.128560910775,1.540196251515,
    -0.368181010998));
#2419 = CARTESIAN_POINT('',(-0.126406817382,1.514661493815,
    -0.341996479384));
#2420 = CARTESIAN_POINT('',(-0.125965595825,1.478975837309,
    -0.324299673037));
#2421 = CARTESIAN_POINT('',(-0.126569189125,1.461077524677,
    -0.320961849591));
#2422 = CARTESIAN_POINT('',(-0.139353568655,1.576529238544,
    -0.363352712171));
#2423 = CARTESIAN_POINT('',(-0.136257335079,1.564174209858,
    -0.352163164257));
#2424 = CARTESIAN_POINT('',(-0.13016292696,1.52882318445,-0.327294432648
    ));
#2425 = CARTESIAN_POINT('',(-0.128510567688,1.483205579532,
    -0.309726639181));
#2426 = CARTESIAN_POINT('',(-0.129870024259,1.4606429165,-0.305901430596
    ));
#2427 = CARTESIAN_POINT('',(-0.156692572935,1.599347955579,
    -0.333653317951));
#2428 = CARTESIAN_POINT('',(-0.150872231896,1.583640546106,
    -0.324779209599));
#2429 = CARTESIAN_POINT('',(-0.139198280954,1.540378701339,
    -0.304596671998));
#2430 = CARTESIAN_POINT('',(-0.13478645913,1.486527083201,
    -0.290969297522));
#2431 = CARTESIAN_POINT('',(-0.136259433488,1.46030095226,
    -0.288759834009));
#2432 = CARTESIAN_POINT('',(-0.177119439329,1.607346819605,
    -0.298772666163));
#2433 = CARTESIAN_POINT('',(-0.168991719329,1.590515248528,
    -0.293180273536));
#2434 = CARTESIAN_POINT('',(-0.15252616825,1.544365323926,
    -0.279932738577));
#2435 = CARTESIAN_POINT('',(-0.14452463811,1.487582563161,
    -0.272453212063));
#2436 = CARTESIAN_POINT('',(-0.144913670205,1.460191793141,
    -0.272776547222));
#2437 = CARTESIAN_POINT('',(-0.197579004119,1.599348296765,
    -0.263902787057));
#2438 = CARTESIAN_POINT('',(-0.187955794832,1.583606643602,
    -0.262122467493));
#2439 = CARTESIAN_POINT('',(-0.168501198306,1.53999394119,-0.25698202639
    ));
#2440 = CARTESIAN_POINT('',(-0.157148578334,1.486194510624,
    -0.255798166644));
#2441 = CARTESIAN_POINT('',(-0.155699410004,1.460333981263,
    -0.258143927672));
#2442 = CARTESIAN_POINT('',(-0.215023311229,1.57654694637,
    -0.234260559818));
#2443 = CARTESIAN_POINT('',(-0.204873182365,1.564183434932,
    -0.236202371537));
#2444 = CARTESIAN_POINT('',(-0.184581152951,1.528123787414,
    -0.238806570796));
#2445 = CARTESIAN_POINT('',(-0.171430183008,1.482542205941,
    -0.242186364372));
#2446 = CARTESIAN_POINT('',(-0.16849984828,1.460708692576,
    -0.245067304781));
#2447 = CARTESIAN_POINT('',(-0.227163345511,1.541263387373,
    -0.213776991448));
#2448 = CARTESIAN_POINT('',(-0.217575083181,1.534638839599,
    -0.218407329931));
#2449 = CARTESIAN_POINT('',(-0.198582349874,1.510349086171,
    -0.226550540932));
#2450 = CARTESIAN_POINT('',(-0.186347827937,1.47697029765,
    -0.231717126792));
#2451 = CARTESIAN_POINT('',(-0.183577262181,1.461279829201,-0.2334855168
    ));
#2452 = CARTESIAN_POINT('',(-0.230025426543,1.5130513577,-0.209161133264
    ));
#2453 = CARTESIAN_POINT('',(-0.221637928764,1.511299545189,
    -0.213940013037));
#2454 = CARTESIAN_POINT('',(-0.205000407764,1.496437987294,
    -0.222586801831));
#2455 = CARTESIAN_POINT('',(-0.195844889717,1.472532553073,
    -0.226795065222));
#2456 = CARTESIAN_POINT('',(-0.194960210242,1.461734329156,
    -0.227174765584));
#2457 = CARTESIAN_POINT('',(-0.229910577487,1.498210573156,
    -0.209505882734));
#2458 = CARTESIAN_POINT('',(-0.222339337577,1.498978362032,
    -0.213754449201));
#2459 = CARTESIAN_POINT('',(-0.207383688854,1.489078008252,
    -0.221435083537));
#2460 = CARTESIAN_POINT('',(-0.200568783575,1.470199402573,
    -0.224623702292));
#2461 = CARTESIAN_POINT('',(-0.201131626804,1.461973355069,
    -0.224364447945));
#2462 = SHELL_BASED_SURFACE_MODEL('',(#2463));
#2463 = OPEN_SHELL('',(#2464));
#2464 = ADVANCED_FACE('',(#2465),#2550,.T.);
#2465 = FACE_BOUND('',#2466,.T.);
#2466 = EDGE_LOOP('',(#2467,#2477,#2485,#2493,#2501,#2509,#2518,#2526,
    #2536,#2544));
#2467 = ORIENTED_EDGE('',*,*,#2468,.T.);
#2468 = EDGE_CURVE('',#2469,#2471,#2473,.T.);
#2469 = VERTEX_POINT('',#2470);
#2470 = CARTESIAN_POINT('',(-0.125,1.4,-0.353923338005));
#2471 = VERTEX_POINT('',#2472);
#2472 = CARTESIAN_POINT('',(-0.125,1.37,-0.353923338005));
#2473 = LINE('',#2474,#2475);
#2474 = CARTESIAN_POINT('',(-0.125,1.4,-0.353923338005));
#2475 = VECTOR('',#2476,1.);
#2476 = DIRECTION('',(0.,-1.,0.));
#2477 = ORIENTED_EDGE('',*,*,#2478,.T.);
#2478 = EDGE_CURVE('',#2471,#2479,#2481,.T.);
#2479 = VERTEX_POINT('',#2480);
#2480 = CARTESIAN_POINT('',(-0.125,1.37,-0.51));
#2481 = LINE('',#2482,#2483);
#2482 = CARTESIAN_POINT('',(-0.125,1.37,-0.353923338005));
#2483 = VECTOR('',#2484,1.);
#2484 = DIRECTION('',(0.,0.,-1.));
#2485 = ORIENTED_EDGE('',*,*,#2486,.T.);
#2486 = EDGE_CURVE('',#2479,#2487,#2489,.T.);
#2487 = VERTEX_POINT('',#2488);
#2488 = CARTESIAN_POINT('',(-0.125,1.4,-0.51));
#2489 = LINE('',#2490,#2491);
#2490 = CARTESIAN_POINT('',(-0.125,1.37,-0.51));
#2491 = VECTOR('',#2492,1.);
#2492 = DIRECTION('',(0.,1.,0.));
#2493 = ORIENTED_EDGE('',*,*,#2494,.T.);
#2494 = EDGE_CURVE('',#2487,#2495,#2497,.T.);
#2495 = VERTEX_POINT('',#2496);
#2496 = CARTESIAN_POINT('',(-0.125,1.4,-0.5));
#2497 = LINE('',#2498,#2499);
#2498 = CARTESIAN_POINT('',(-0.125,1.4,-0.51));
#2499 = VECTOR('',#2500,1.);
#2500 = DIRECTION('',(0.,0.,1.));
#2501 = ORIENTED_EDGE('',*,*,#2502,.T.);
#2502 = EDGE_CURVE('',#2495,#2503,#2505,.T.);
#2503 = VERTEX_POINT('',#2504);
#2504 = CARTESIAN_POINT('',(-0.125,1.4284,-0.5));
#2505 = LINE('',#2506,#2507);
#2506 = CARTESIAN_POINT('',(-0.125,1.4,-0.5));
#2507 = VECTOR('',#2508,1.);
#2508 = DIRECTION('',(0.,1.,0.));
#2509 = ORIENTED_EDGE('',*,*,#2510,.T.);
#2510 = EDGE_CURVE('',#2503,#2511,#2513,.T.);
#2511 = VERTEX_POINT('',#2512);
#2512 = CARTESIAN_POINT('',(-0.125,1.5016,-0.4268));
#2513 = B_SPLINE_CURVE_WITH_KNOTS('',3,(#2514,#2515,#2516,#2517),
  .UNSPECIFIED.,.F.,.F.,(4,4),(0.,1.),.PIECEWISE_BEZIER_KNOTS.);
#2514 = CARTESIAN_POINT('',(-0.125,1.4284,-0.5));
#2515 = CARTESIAN_POINT('',(-0.125,1.463261515589,-0.5));
#2516 = CARTESIAN_POINT('',(-0.125,1.501125615872,-0.461658287807));
#2517 = CARTESIAN_POINT('',(-0.125,1.5016,-0.4268));
#2518 = ORIENTED_EDGE('',*,*,#2519,.T.);
#2519 = EDGE_CURVE('',#2511,#2520,#2522,.T.);
#2520 = VERTEX_POINT('',#2521);
#2521 = CARTESIAN_POINT('',(-0.125,1.5016,-0.38732447043));
#2522 = LINE('',#2523,#2524);
#2523 = CARTESIAN_POINT('',(-0.125,1.5016,-0.4268));
#2524 = VECTOR('',#2525,1.);
#2525 = DIRECTION('',(0.,0.,1.));
#2526 = ORIENTED_EDGE('',*,*,#2527,.T.);
#2527 = EDGE_CURVE('',#2520,#2528,#2530,.T.);
#2528 = VERTEX_POINT('',#2529);
#2529 = CARTESIAN_POINT('',(-0.125,1.46274170406,-0.342678544261));
#2530 = B_SPLINE_CURVE_WITH_KNOTS('',3,(#2531,#2532,#2533,#2534,#2535),
  .UNSPECIFIED.,.F.,.F.,(4,1,4),(0.,0.5,1.),.QUASI_UNIFORM_KNOTS.);
#2531 = CARTESIAN_POINT('',(-0.125,1.5016,-0.38732447043));
#2532 = CARTESIAN_POINT('',(-0.125,1.501299726785,-0.37734013384));
#2533 = CARTESIAN_POINT('',(-0.125,1.491812275707,-0.355017170755));
#2534 = CARTESIAN_POINT('',(-0.125,1.472683400952,-0.342678544261));
#2535 = CARTESIAN_POINT('',(-0.125,1.46274170406,-0.342678544261));
#2536 = ORIENTED_EDGE('',*,*,#2537,.T.);
#2537 = EDGE_CURVE('',#2528,#2538,#2540,.T.);
#2538 = VERTEX_POINT('',#2539);
#2539 = CARTESIAN_POINT('',(-0.125,1.4,-0.342678544261));
#2540 = LINE('',#2541,#2542);
#2541 = CARTESIAN_POINT('',(-0.125,1.46274170406,-0.342678544261));
#2542 = VECTOR('',#2543,1.);
#2543 = DIRECTION('',(0.,-1.,0.));
#2544 = ORIENTED_EDGE('',*,*,#2545,.T.);
#2545 = EDGE_CURVE('',#2538,#2469,#2546,.T.);
#2546 = LINE('',#2547,#2548);
#2547 = CARTESIAN_POINT('',(-0.125,1.4,-0.342678544261));
#2548 = VECTOR('',#2549,1.);
#2549 = DIRECTION('',(0.,0.,-1.));
#2550 = B_SPLINE_SURFACE_WITH_KNOTS('',1,1,(
    (#2551,#2552)
    ,(#2553,#2554
    )),.UNSPECIFIED.,.F.,.F.,.F.,(2,2),(2,2),(-5.744575928824E-04,
    6.276499649973E-03),(-1.036220472441E-04,5.284724409449E-03),
  .PIECEWISE_BEZIER_KNOTS.);
#2551 = CARTESIAN_POINT('',(-0.125,1.367368,-0.339332115146));
#2552 = CARTESIAN_POINT('',(-0.125,1.504232,-0.339332115146));
#2553 = CARTESIAN_POINT('',(-0.125,1.367368,-0.513346429115));
#2554 = CARTESIAN_POINT('',(-0.125,1.504232,-0.513346429115));
#2555 = SHELL_BASED_SURFACE_MODEL('',(#2556));
#2556 = OPEN_SHELL('',(#2557));
#2557 = ADVANCED_FACE('',(#2558),#2594,.T.);
#2558 = FACE_BOUND('',#2559,.T.);
#2559 = EDGE_LOOP('',(#2560,#2571,#2579,#2588));
#2560 = ORIENTED_EDGE('',*,*,#2561,.T.);
#2561 = EDGE_CURVE('',#2562,#2564,#2566,.T.);
#2562 = VERTEX_POINT('',#2563);
#2563 = CARTESIAN_POINT('',(-0.200637915853,1.4,-0.235835388548));
#2564 = VERTEX_POINT('',#2565);
#2565 = CARTESIAN_POINT('',(-0.125,1.4,-0.353923338005));
#2566 = CIRCLE('',#2567,0.13);
#2567 = AXIS2_PLACEMENT_3D('',#2568,#2569,#2570);
#2568 = CARTESIAN_POINT('',(-0.255,1.4,-0.353923338005));
#2569 = DIRECTION('',(0.,1.,0.));
#2570 = DIRECTION('',(0.418169878056,-0.,0.908368841984));
#2571 = ORIENTED_EDGE('',*,*,#2572,.T.);
#2572 = EDGE_CURVE('',#2564,#2573,#2575,.T.);
#2573 = VERTEX_POINT('',#2574);
#2574 = CARTESIAN_POINT('',(-0.125,1.37,-0.353923338005));
#2575 = LINE('',#2576,#2577);
#2576 = CARTESIAN_POINT('',(-0.125,1.4,-0.353923338005));
#2577 = VECTOR('',#2578,1.);
#2578 = DIRECTION('',(0.,-1.,0.));
#2579 = ORIENTED_EDGE('',*,*,#2580,.T.);
#2580 = EDGE_CURVE('',#2573,#2581,#2583,.T.);
#2581 = VERTEX_POINT('',#2582);
#2582 = CARTESIAN_POINT('',(-0.200637915853,1.37,-0.235835388548));
#2583 = CIRCLE('',#2584,0.13);
#2584 = AXIS2_PLACEMENT_3D('',#2585,#2586,#2587);
#2585 = CARTESIAN_POINT('',(-0.255,1.37,-0.353923338005));
#2586 = DIRECTION('',(0.,-1.,0.));
#2587 = DIRECTION('',(1.,0.,0.));
#2588 = ORIENTED_EDGE('',*,*,#2589,.T.);
#2589 = EDGE_CURVE('',#2581,#2562,#2590,.T.);
#2590 = LINE('',#2591,#2592);
#2591 = CARTESIAN_POINT('',(-0.200637915853,1.37,-0.235835388548));
#2592 = VECTOR('',#2593,1.);
#2593 = DIRECTION('',(0.,1.,0.));
#2594 = SURFACE_OF_REVOLUTION('',#2595,#2599);
#2595 = LINE('',#2596,#2597);
#2596 = CARTESIAN_POINT('',(-0.125033750607,1.368248486566,
    -0.356885435001));
#2597 = VECTOR('',#2598,1.);
#2598 = DIRECTION('',(0.,1.,0.));
#2599 = AXIS1_PLACEMENT('',#2600,#2601);
#2600 = CARTESIAN_POINT('',(-0.255,1.37,-0.353923338005));
#2601 = DIRECTION('',(0.,-1.,0.));
#2602 = SHELL_BASED_SURFACE_MODEL('',(#2603));
#2603 = OPEN_SHELL('',(#2604));
#2604 = ADVANCED_FACE('',(#2605),#2705,.T.);
#2605 = FACE_BOUND('',#2606,.T.);
#2606 = EDGE_LOOP('',(#2607,#2618,#2627,#2636,#2645,#2654,#2663,#2671,
    #2680,#2689,#2698));
#2607 = ORIENTED_EDGE('',*,*,#2608,.T.);
#2608 = EDGE_CURVE('',#2609,#2611,#2613,.T.);
#2609 = VERTEX_POINT('',#2610);
#2610 = CARTESIAN_POINT('',(-0.835922435029,1.4,-0.584494382022));
#2611 = VERTEX_POINT('',#2612);
#2612 = CARTESIAN_POINT('',(-0.79932762539,1.4,-0.619580068931));
#2613 = CIRCLE('',#2614,0.13);
#2614 = AXIS2_PLACEMENT_3D('',#2615,#2616,#2617);
#2615 = CARTESIAN_POINT('',(-0.729383301153,1.4,-0.51));
#2616 = DIRECTION('',(0.,-1.,0.));
#2617 = DIRECTION('',(-0.819531799048,-0.,-0.573033707865));
#2618 = ORIENTED_EDGE('',*,*,#2619,.T.);
#2619 = EDGE_CURVE('',#2611,#2620,#2622,.T.);
#2620 = VERTEX_POINT('',#2621);
#2621 = CARTESIAN_POINT('',(-0.856423801862,1.4,-0.572222222222));
#2622 = CIRCLE('',#2623,0.13);
#2623 = AXIS2_PLACEMENT_3D('',#2624,#2625,#2626);
#2624 = CARTESIAN_POINT('',(-0.748331477355,1.4,-0.5));
#2625 = DIRECTION('',(0.,1.,0.));
#2626 = DIRECTION('',(-0.392278061809,0.,-0.919846684086));
#2627 = ORIENTED_EDGE('',*,*,#2628,.T.);
#2628 = EDGE_CURVE('',#2620,#2629,#2631,.T.);
#2629 = VERTEX_POINT('',#2630);
#2630 = CARTESIAN_POINT('',(-1.010395961987,1.4,0.2));
#2631 = CIRCLE('',#2632,1.03);
#2632 = AXIS2_PLACEMENT_3D('',#2633,#2634,#2635);
#2633 = CARTESIAN_POINT('',(0.,1.4,0.));
#2634 = DIRECTION('',(0.,1.,0.));
#2635 = DIRECTION('',(-0.831479419283,0.,-0.555555555556));
#2636 = ORIENTED_EDGE('',*,*,#2637,.T.);
#2637 = EDGE_CURVE('',#2629,#2638,#2640,.T.);
#2638 = VERTEX_POINT('',#2639);
#2639 = CARTESIAN_POINT('',(-0.469604038013,1.4,0.2));
#2640 = CIRCLE('',#2641,0.270395961987);
#2641 = AXIS2_PLACEMENT_3D('',#2642,#2643,#2644);
#2642 = CARTESIAN_POINT('',(-0.74,1.4,0.2));
#2643 = DIRECTION('',(0.,1.,0.));
#2644 = DIRECTION('',(-1.,0.,-2.73761929072E-14));
#2645 = ORIENTED_EDGE('',*,*,#2646,.T.);
#2646 = EDGE_CURVE('',#2638,#2647,#2649,.T.);
#2647 = VERTEX_POINT('',#2648);
#2648 = CARTESIAN_POINT('',(-0.199713514422,1.4,-0.22502054618));
#2649 = CIRCLE('',#2650,0.469604038013);
#2650 = AXIS2_PLACEMENT_3D('',#2651,#2652,#2653);
#2651 = CARTESIAN_POINT('',(0.,1.4,0.2));
#2652 = DIRECTION('',(0.,-1.,0.));
#2653 = DIRECTION('',(-1.,-0.,-3.05879062098E-14));
#2654 = ORIENTED_EDGE('',*,*,#2655,.T.);
#2655 = EDGE_CURVE('',#2647,#2656,#2658,.T.);
#2656 = VERTEX_POINT('',#2657);
#2657 = CARTESIAN_POINT('',(-0.125,1.4,-0.342678544261));
#2658 = CIRCLE('',#2659,0.13);
#2659 = AXIS2_PLACEMENT_3D('',#2660,#2661,#2662);
#2660 = CARTESIAN_POINT('',(-0.255,1.4,-0.342678544261));
#2661 = DIRECTION('',(0.,1.,0.));
#2662 = DIRECTION('',(0.425280658291,-0.,0.905061523701));
#2663 = ORIENTED_EDGE('',*,*,#2664,.T.);
#2664 = EDGE_CURVE('',#2656,#2665,#2667,.T.);
#2665 = VERTEX_POINT('',#2666);
#2666 = CARTESIAN_POINT('',(-0.125,1.4,-0.353923338005));
#2667 = LINE('',#2668,#2669);
#2668 = CARTESIAN_POINT('',(-0.125,1.4,-0.342678544261));
#2669 = VECTOR('',#2670,1.);
#2670 = DIRECTION('',(0.,0.,-1.));
#2671 = ORIENTED_EDGE('',*,*,#2672,.T.);
#2672 = EDGE_CURVE('',#2665,#2673,#2675,.T.);
#2673 = VERTEX_POINT('',#2674);
#2674 = CARTESIAN_POINT('',(-0.200637915853,1.4,-0.235835388547));
#2675 = CIRCLE('',#2676,0.13);
#2676 = AXIS2_PLACEMENT_3D('',#2677,#2678,#2679);
#2677 = CARTESIAN_POINT('',(-0.255,1.4,-0.353923338005));
#2678 = DIRECTION('',(0.,-1.,0.));
#2679 = DIRECTION('',(1.,0.,0.));
#2680 = ORIENTED_EDGE('',*,*,#2681,.T.);
#2681 = EDGE_CURVE('',#2673,#2682,#2684,.T.);
#2682 = VERTEX_POINT('',#2683);
#2683 = CARTESIAN_POINT('',(-0.479800019996,1.4,0.2));
#2684 = CIRCLE('',#2685,0.479800019996);
#2685 = AXIS2_PLACEMENT_3D('',#2686,#2687,#2688);
#2686 = CARTESIAN_POINT('',(0.,1.4,0.2));
#2687 = DIRECTION('',(0.,1.,0.));
#2688 = DIRECTION('',(-0.418169878056,0.,-0.908368841984));
#2689 = ORIENTED_EDGE('',*,*,#2690,.T.);
#2690 = EDGE_CURVE('',#2682,#2691,#2693,.T.);
#2691 = VERTEX_POINT('',#2692);
#2692 = CARTESIAN_POINT('',(-1.000199980004,1.4,0.2));
#2693 = CIRCLE('',#2694,0.260199980004);
#2694 = AXIS2_PLACEMENT_3D('',#2695,#2696,#2697);
#2695 = CARTESIAN_POINT('',(-0.74,1.4,0.2));
#2696 = DIRECTION('',(0.,-1.,0.));
#2697 = DIRECTION('',(1.,0.,-3.691587843716E-14));
#2698 = ORIENTED_EDGE('',*,*,#2699,.T.);
#2699 = EDGE_CURVE('',#2691,#2609,#2700,.T.);
#2700 = CIRCLE('',#2701,1.02);
#2701 = AXIS2_PLACEMENT_3D('',#2702,#2703,#2704);
#2702 = CARTESIAN_POINT('',(0.,1.4,0.));
#2703 = DIRECTION('',(0.,-1.,0.));
#2704 = DIRECTION('',(-0.98058821569,0.,0.196078431373));
#2705 = B_SPLINE_SURFACE_WITH_KNOTS('',1,1,(
    (#2706,#2707)
    ,(#2708,#2709
    )),.UNSPECIFIED.,.F.,.F.,.F.,(2,2),(2,2),(-4.127294045057E-02,
    -4.208481791382E-03),(-1.937777490573E-02,2.525116494289E-02),
  .PIECEWISE_BEZIER_KNOTS.);
#2706 = CARTESIAN_POINT('',(-1.048332687444,1.4,0.492195482606));
#2707 = CARTESIAN_POINT('',(-1.048332687444,1.4,-0.641379589549));
#2708 = CARTESIAN_POINT('',(-0.106895437501,1.4,0.492195482606));
#2709 = CARTESIAN_POINT('',(-0.106895437501,1.4,-0.641379589549));
#2710 = SHELL_BASED_SURFACE_MODEL('',(#2711));
#2711 = OPEN_SHELL('',(#2712));
#2712 = ADVANCED_FACE('',(#2713),#2758,.T.);
#2713 = FACE_BOUND('',#2714,.T.);
#2714 = EDGE_LOOP('',(#2715,#2726,#2734,#2743,#2751));
#2715 = ORIENTED_EDGE('',*,*,#2716,.T.);
#2716 = EDGE_CURVE('',#2717,#2719,#2721,.T.);
#2717 = VERTEX_POINT('',#2718);
#2718 = CARTESIAN_POINT('',(-0.79932762539,1.4,-0.619580068931));
#2719 = VERTEX_POINT('',#2720);
#2720 = CARTESIAN_POINT('',(-0.835922435029,1.4,-0.584494382022));
#2721 = CIRCLE('',#2722,0.13);
#2722 = AXIS2_PLACEMENT_3D('',#2723,#2724,#2725);
#2723 = CARTESIAN_POINT('',(-0.729383301153,1.4,-0.51));
#2724 = DIRECTION('',(0.,1.,0.));
#2725 = DIRECTION('',(-0.538033263366,0.,-0.842923607162));
#2726 = ORIENTED_EDGE('',*,*,#2727,.T.);
#2727 = EDGE_CURVE('',#2719,#2728,#2730,.T.);
#2728 = VERTEX_POINT('',#2729);
#2729 = CARTESIAN_POINT('',(-0.835922435029,1.37,-0.584494382022));
#2730 = LINE('',#2731,#2732);
#2731 = CARTESIAN_POINT('',(-0.835922435029,1.4,-0.584494382022));
#2732 = VECTOR('',#2733,1.);
#2733 = DIRECTION('',(0.,-1.,0.));
#2734 = ORIENTED_EDGE('',*,*,#2735,.T.);
#2735 = EDGE_CURVE('',#2728,#2736,#2738,.T.);
#2736 = VERTEX_POINT('',#2737);
#2737 = CARTESIAN_POINT('',(-0.729383301153,1.37,-0.64));
#2738 = CIRCLE('',#2739,0.13);
#2739 = AXIS2_PLACEMENT_3D('',#2740,#2741,#2742);
#2740 = CARTESIAN_POINT('',(-0.729383301153,1.37,-0.51));
#2741 = DIRECTION('',(0.,-1.,0.));
#2742 = DIRECTION('',(-0.819531799048,-0.,-0.573033707865));
#2743 = ORIENTED_EDGE('',*,*,#2744,.T.);
#2744 = EDGE_CURVE('',#2736,#2745,#2747,.T.);
#2745 = VERTEX_POINT('',#2746);
#2746 = CARTESIAN_POINT('',(-0.729383301153,1.4,-0.64));
#2747 = LINE('',#2748,#2749);
#2748 = CARTESIAN_POINT('',(-0.729383301153,1.37,-0.64));
#2749 = VECTOR('',#2750,1.);
#2750 = DIRECTION('',(0.,1.,0.));
#2751 = ORIENTED_EDGE('',*,*,#2752,.T.);
#2752 = EDGE_CURVE('',#2745,#2717,#2753,.T.);
#2753 = CIRCLE('',#2754,0.13);
#2754 = AXIS2_PLACEMENT_3D('',#2755,#2756,#2757);
#2755 = CARTESIAN_POINT('',(-0.729383301153,1.4,-0.51));
#2756 = DIRECTION('',(0.,1.,0.));
#2757 = DIRECTION('',(0.,0.,-1.));
#2758 = SURFACE_OF_REVOLUTION('',#2759,#2763);
#2759 = LINE('',#2760,#2761);
#2760 = CARTESIAN_POINT('',(-0.837333862374,1.368248486566,
    -0.582433944612));
#2761 = VECTOR('',#2762,1.);
#2762 = DIRECTION('',(0.,1.,0.));
#2763 = AXIS1_PLACEMENT('',#2764,#2765);
#2764 = CARTESIAN_POINT('',(-0.729383301153,1.37,-0.51));
#2765 = DIRECTION('',(0.,-1.,0.));
#2766 = SHELL_BASED_SURFACE_MODEL('',(#2767));
#2767 = OPEN_SHELL('',(#2768));
#2768 = ADVANCED_FACE('',(#2769),#2805,.T.);
#2769 = FACE_BOUND('',#2770,.T.);
#2770 = EDGE_LOOP('',(#2771,#2782,#2790,#2799));
#2771 = ORIENTED_EDGE('',*,*,#2772,.T.);
#2772 = EDGE_CURVE('',#2773,#2775,#2777,.T.);
#2773 = VERTEX_POINT('',#2774);
#2774 = CARTESIAN_POINT('',(-0.835922435029,1.4,-0.584494382022));
#2775 = VERTEX_POINT('',#2776);
#2776 = CARTESIAN_POINT('',(-1.000199980004,1.4,0.2));
#2777 = CIRCLE('',#2778,1.02);
#2778 = AXIS2_PLACEMENT_3D('',#2779,#2780,#2781);
#2779 = CARTESIAN_POINT('',(0.,1.4,0.));
#2780 = DIRECTION('',(0.,1.,0.));
#2781 = DIRECTION('',(-0.819531799048,0.,-0.573033707865));
#2782 = ORIENTED_EDGE('',*,*,#2783,.T.);
#2783 = EDGE_CURVE('',#2775,#2784,#2786,.T.);
#2784 = VERTEX_POINT('',#2785);
#2785 = CARTESIAN_POINT('',(-1.000199980004,1.37,0.2));
#2786 = LINE('',#2787,#2788);
#2787 = CARTESIAN_POINT('',(-1.000199980004,1.4,0.2));
#2788 = VECTOR('',#2789,1.);
#2789 = DIRECTION('',(0.,-1.,8.474586773108E-13));
#2790 = ORIENTED_EDGE('',*,*,#2791,.T.);
#2791 = EDGE_CURVE('',#2784,#2792,#2794,.T.);
#2792 = VERTEX_POINT('',#2793);
#2793 = CARTESIAN_POINT('',(-0.835922435029,1.37,-0.584494382022));
#2794 = CIRCLE('',#2795,1.02);
#2795 = AXIS2_PLACEMENT_3D('',#2796,#2797,#2798);
#2796 = CARTESIAN_POINT('',(0.,1.37,0.));
#2797 = DIRECTION('',(0.,-1.,0.));
#2798 = DIRECTION('',(-0.98058821569,0.,0.196078431373));
#2799 = ORIENTED_EDGE('',*,*,#2800,.T.);
#2800 = EDGE_CURVE('',#2792,#2773,#2801,.T.);
#2801 = LINE('',#2802,#2803);
#2802 = CARTESIAN_POINT('',(-0.835922435029,1.37,-0.584494382022));
#2803 = VECTOR('',#2804,1.);
#2804 = DIRECTION('',(0.,1.,0.));
#2805 = SURFACE_OF_REVOLUTION('',#2806,#2810);
#2806 = LINE('',#2807,#2808);
#2807 = CARTESIAN_POINT('',(-0.996839426771,1.368248486566,0.21612764107
    ));
#2808 = VECTOR('',#2809,1.);
#2809 = DIRECTION('',(0.,1.,0.));
#2810 = AXIS1_PLACEMENT('',#2811,#2812);
#2811 = CARTESIAN_POINT('',(0.,1.37,0.));
#2812 = DIRECTION('',(0.,-1.,0.));
#2813 = SHELL_BASED_SURFACE_MODEL('',(#2814));
#2814 = OPEN_SHELL('',(#2815));
#2815 = ADVANCED_FACE('',(#2816),#2852,.T.);
#2816 = FACE_BOUND('',#2817,.T.);
#2817 = EDGE_LOOP('',(#2818,#2829,#2837,#2846));
#2818 = ORIENTED_EDGE('',*,*,#2819,.T.);
#2819 = EDGE_CURVE('',#2820,#2822,#2824,.T.);
#2820 = VERTEX_POINT('',#2821);
#2821 = CARTESIAN_POINT('',(-1.000199980004,1.4,0.2));
#2822 = VERTEX_POINT('',#2823);
#2823 = CARTESIAN_POINT('',(-0.479800019996,1.4,0.2));
#2824 = CIRCLE('',#2825,0.260199980004);
#2825 = AXIS2_PLACEMENT_3D('',#2826,#2827,#2828);
#2826 = CARTESIAN_POINT('',(-0.74,1.4,0.2));
#2827 = DIRECTION('',(0.,1.,0.));
#2828 = DIRECTION('',(-1.,0.,0.));
#2829 = ORIENTED_EDGE('',*,*,#2830,.T.);
#2830 = EDGE_CURVE('',#2822,#2831,#2833,.T.);
#2831 = VERTEX_POINT('',#2832);
#2832 = CARTESIAN_POINT('',(-0.479800019996,1.37,0.2));
#2833 = LINE('',#2834,#2835);
#2834 = CARTESIAN_POINT('',(-0.479800019996,1.4,0.2));
#2835 = VECTOR('',#2836,1.);
#2836 = DIRECTION('',(0.,-1.,0.));
#2837 = ORIENTED_EDGE('',*,*,#2838,.T.);
#2838 = EDGE_CURVE('',#2831,#2839,#2841,.T.);
#2839 = VERTEX_POINT('',#2840);
#2840 = CARTESIAN_POINT('',(-1.000199980004,1.37,0.2));
#2841 = CIRCLE('',#2842,0.260199980004);
#2842 = AXIS2_PLACEMENT_3D('',#2843,#2844,#2845);
#2843 = CARTESIAN_POINT('',(-0.74,1.37,0.2));
#2844 = DIRECTION('',(0.,-1.,0.));
#2845 = DIRECTION('',(1.,0.,0.));
#2846 = ORIENTED_EDGE('',*,*,#2847,.T.);
#2847 = EDGE_CURVE('',#2839,#2820,#2848,.T.);
#2848 = LINE('',#2849,#2850);
#2849 = CARTESIAN_POINT('',(-1.000199980004,1.37,0.2));
#2850 = VECTOR('',#2851,1.);
#2851 = DIRECTION('',(0.,1.,-8.474586773108E-13));
#2852 = SURFACE_OF_REVOLUTION('',#2853,#2857);
#2853 = LINE('',#2854,#2855);
#2854 = CARTESIAN_POINT('',(-0.480313465219,1.368248486566,
    0.183661908074));
#2855 = VECTOR('',#2856,1.);
#2856 = DIRECTION('',(0.,1.,0.));
#2857 = AXIS1_PLACEMENT('',#2858,#2859);
#2858 = CARTESIAN_POINT('',(-0.74,1.37,0.2));
#2859 = DIRECTION('',(0.,-1.,0.));
#2860 = SHELL_BASED_SURFACE_MODEL('',(#2861));
#2861 = OPEN_SHELL('',(#2862));
#2862 = ADVANCED_FACE('',(#2863),#2899,.T.);
#2863 = FACE_BOUND('',#2864,.T.);
#2864 = EDGE_LOOP('',(#2865,#2876,#2884,#2893));
#2865 = ORIENTED_EDGE('',*,*,#2866,.T.);
#2866 = EDGE_CURVE('',#2867,#2869,#2871,.T.);
#2867 = VERTEX_POINT('',#2868);
#2868 = CARTESIAN_POINT('',(-0.200637915853,1.4,-0.235835388548));
#2869 = VERTEX_POINT('',#2870);
#2870 = CARTESIAN_POINT('',(-0.479800019996,1.4,0.2));
#2871 = CIRCLE('',#2872,0.479800019996);
#2872 = AXIS2_PLACEMENT_3D('',#2873,#2874,#2875);
#2873 = CARTESIAN_POINT('',(0.,1.4,0.2));
#2874 = DIRECTION('',(0.,1.,0.));
#2875 = DIRECTION('',(-0.418169878056,0.,-0.908368841984));
#2876 = ORIENTED_EDGE('',*,*,#2877,.T.);
#2877 = EDGE_CURVE('',#2869,#2878,#2880,.T.);
#2878 = VERTEX_POINT('',#2879);
#2879 = CARTESIAN_POINT('',(-0.479800019996,1.37,0.2));
#2880 = LINE('',#2881,#2882);
#2881 = CARTESIAN_POINT('',(-0.479800019996,1.4,0.2));
#2882 = VECTOR('',#2883,1.);
#2883 = DIRECTION('',(0.,-1.,0.));
#2884 = ORIENTED_EDGE('',*,*,#2885,.T.);
#2885 = EDGE_CURVE('',#2878,#2886,#2888,.T.);
#2886 = VERTEX_POINT('',#2887);
#2887 = CARTESIAN_POINT('',(-0.200637915853,1.37,-0.235835388548));
#2888 = CIRCLE('',#2889,0.479800019996);
#2889 = AXIS2_PLACEMENT_3D('',#2890,#2891,#2892);
#2890 = CARTESIAN_POINT('',(0.,1.37,0.2));
#2891 = DIRECTION('',(0.,-1.,0.));
#2892 = DIRECTION('',(-1.,0.,0.));
#2893 = ORIENTED_EDGE('',*,*,#2894,.T.);
#2894 = EDGE_CURVE('',#2886,#2867,#2895,.T.);
#2895 = LINE('',#2896,#2897);
#2896 = CARTESIAN_POINT('',(-0.200637915853,1.37,-0.235835388548));
#2897 = VECTOR('',#2898,1.);
#2898 = DIRECTION('',(0.,1.,0.));
#2899 = SURFACE_OF_REVOLUTION('',#2900,#2904);
#2900 = LINE('',#2901,#2902);
#2901 = CARTESIAN_POINT('',(-0.47967545429,1.368248486566,0.210932416905
    ));
#2902 = VECTOR('',#2903,1.);
#2903 = DIRECTION('',(0.,1.,0.));
#2904 = AXIS1_PLACEMENT('',#2905,#2906);
#2905 = CARTESIAN_POINT('',(0.,1.37,0.2));
#2906 = DIRECTION('',(0.,-1.,0.));
#2907 = SHELL_BASED_SURFACE_MODEL('',(#2908));
#2908 = OPEN_SHELL('',(#2909));
#2909 = ADVANCED_FACE('',(#2910,#2947,#3019,#3075),#3147,.T.);
#2910 = FACE_BOUND('',#2911,.T.);
#2911 = EDGE_LOOP('',(#2912,#2923,#2931,#2940));
#2912 = ORIENTED_EDGE('',*,*,#2913,.T.);
#2913 = EDGE_CURVE('',#2914,#2916,#2918,.T.);
#2914 = VERTEX_POINT('',#2915);
#2915 = CARTESIAN_POINT('',(0.968371933897,1.37,-0.74206185567));
#2916 = VERTEX_POINT('',#2917);
#2917 = CARTESIAN_POINT('',(0.769935062197,1.37,-0.84));
#2918 = CIRCLE('',#2919,0.25);
#2919 = AXIS2_PLACEMENT_3D('',#2920,#2921,#2922);
#2920 = CARTESIAN_POINT('',(0.769935062197,1.37,-0.59));
#2921 = DIRECTION('',(0.,1.,0.));
#2922 = DIRECTION('',(0.793747486801,0.,-0.60824742268));
#2923 = ORIENTED_EDGE('',*,*,#2924,.T.);
#2924 = EDGE_CURVE('',#2916,#2925,#2927,.T.);
#2925 = VERTEX_POINT('',#2926);
#2926 = CARTESIAN_POINT('',(-0.769935062197,1.37,-0.84));
#2927 = LINE('',#2928,#2929);
#2928 = CARTESIAN_POINT('',(0.769935062197,1.37,-0.84));
#2929 = VECTOR('',#2930,1.);
#2930 = DIRECTION('',(-1.,0.,0.));
#2931 = ORIENTED_EDGE('',*,*,#2932,.T.);
#2932 = EDGE_CURVE('',#2925,#2933,#2935,.T.);
#2933 = VERTEX_POINT('',#2934);
#2934 = CARTESIAN_POINT('',(-0.968371933897,1.37,-0.74206185567));
#2935 = CIRCLE('',#2936,0.25);
#2936 = AXIS2_PLACEMENT_3D('',#2937,#2938,#2939);
#2937 = CARTESIAN_POINT('',(-0.769935062197,1.37,-0.59));
#2938 = DIRECTION('',(0.,1.,0.));
#2939 = DIRECTION('',(0.,0.,-1.));
#2940 = ORIENTED_EDGE('',*,*,#2941,.T.);
#2941 = EDGE_CURVE('',#2933,#2914,#2942,.T.);
#2942 = CIRCLE('',#2943,1.22);
#2943 = AXIS2_PLACEMENT_3D('',#2944,#2945,#2946);
#2944 = CARTESIAN_POINT('',(0.,1.37,0.));
#2945 = DIRECTION('',(0.,1.,0.));
#2946 = DIRECTION('',(-0.793747486801,0.,-0.60824742268));
#2947 = FACE_BOUND('',#2948,.T.);
#2948 = EDGE_LOOP('',(#2949,#2959,#2968,#2976,#2985,#2994,#3003,#3012));
#2949 = ORIENTED_EDGE('',*,*,#2950,.T.);
#2950 = EDGE_CURVE('',#2951,#2953,#2955,.T.);
#2951 = VERTEX_POINT('',#2952);
#2952 = CARTESIAN_POINT('',(0.125,1.37,-0.353923338005));
#2953 = VERTEX_POINT('',#2954);
#2954 = CARTESIAN_POINT('',(0.125,1.37,-0.51));
#2955 = LINE('',#2956,#2957);
#2956 = CARTESIAN_POINT('',(0.125,1.37,-0.353923338005));
#2957 = VECTOR('',#2958,1.);
#2958 = DIRECTION('',(0.,0.,-1.));
#2959 = ORIENTED_EDGE('',*,*,#2960,.T.);
#2960 = EDGE_CURVE('',#2953,#2961,#2963,.T.);
#2961 = VERTEX_POINT('',#2962);
#2962 = CARTESIAN_POINT('',(0.255,1.37,-0.64));
#2963 = CIRCLE('',#2964,0.13);
#2964 = AXIS2_PLACEMENT_3D('',#2965,#2966,#2967);
#2965 = CARTESIAN_POINT('',(0.255,1.37,-0.51));
#2966 = DIRECTION('',(0.,-1.,0.));
#2967 = DIRECTION('',(-1.,0.,0.));
#2968 = ORIENTED_EDGE('',*,*,#2969,.T.);
#2969 = EDGE_CURVE('',#2961,#2970,#2972,.T.);
#2970 = VERTEX_POINT('',#2971);
#2971 = CARTESIAN_POINT('',(0.729383301153,1.37,-0.64));
#2972 = LINE('',#2973,#2974);
#2973 = CARTESIAN_POINT('',(0.255,1.37,-0.64));
#2974 = VECTOR('',#2975,1.);
#2975 = DIRECTION('',(1.,0.,0.));
#2976 = ORIENTED_EDGE('',*,*,#2977,.T.);
#2977 = EDGE_CURVE('',#2970,#2978,#2980,.T.);
#2978 = VERTEX_POINT('',#2979);
#2979 = CARTESIAN_POINT('',(0.835922435029,1.37,-0.584494382022));
#2980 = CIRCLE('',#2981,0.13);
#2981 = AXIS2_PLACEMENT_3D('',#2982,#2983,#2984);
#2982 = CARTESIAN_POINT('',(0.729383301153,1.37,-0.51));
#2983 = DIRECTION('',(0.,-1.,0.));
#2984 = DIRECTION('',(0.,0.,-1.));
#2985 = ORIENTED_EDGE('',*,*,#2986,.T.);
#2986 = EDGE_CURVE('',#2978,#2987,#2989,.T.);
#2987 = VERTEX_POINT('',#2988);
#2988 = CARTESIAN_POINT('',(1.000199980004,1.37,0.2));
#2989 = CIRCLE('',#2990,1.02);
#2990 = AXIS2_PLACEMENT_3D('',#2991,#2992,#2993);
#2991 = CARTESIAN_POINT('',(0.,1.37,0.));
#2992 = DIRECTION('',(0.,-1.,0.));
#2993 = DIRECTION('',(0.819531799048,0.,-0.573033707865));
#2994 = ORIENTED_EDGE('',*,*,#2995,.T.);
#2995 = EDGE_CURVE('',#2987,#2996,#2998,.T.);
#2996 = VERTEX_POINT('',#2997);
#2997 = CARTESIAN_POINT('',(0.479800019996,1.37,0.2));
#2998 = CIRCLE('',#2999,0.260199980004);
#2999 = AXIS2_PLACEMENT_3D('',#3000,#3001,#3002);
#3000 = CARTESIAN_POINT('',(0.74,1.37,0.2));
#3001 = DIRECTION('',(0.,-1.,0.));
#3002 = DIRECTION('',(1.,0.,2.387678375981E-14));
#3003 = ORIENTED_EDGE('',*,*,#3004,.T.);
#3004 = EDGE_CURVE('',#2996,#3005,#3007,.T.);
#3005 = VERTEX_POINT('',#3006);
#3006 = CARTESIAN_POINT('',(0.200637915853,1.37,-0.235835388547));
#3007 = CIRCLE('',#3008,0.479800019996);
#3008 = AXIS2_PLACEMENT_3D('',#3009,#3010,#3011);
#3009 = CARTESIAN_POINT('',(0.,1.37,0.2));
#3010 = DIRECTION('',(-0.,1.,0.));
#3011 = DIRECTION('',(1.,0.,0.));
#3012 = ORIENTED_EDGE('',*,*,#3013,.T.);
#3013 = EDGE_CURVE('',#3005,#2951,#3014,.T.);
#3014 = CIRCLE('',#3015,0.13);
#3015 = AXIS2_PLACEMENT_3D('',#3016,#3017,#3018);
#3016 = CARTESIAN_POINT('',(0.255,1.37,-0.353923338005));
#3017 = DIRECTION('',(0.,-1.,0.));
#3018 = DIRECTION('',(-0.418169878056,0.,0.908368841984));
#3019 = FACE_BOUND('',#3020,.T.);
#3020 = EDGE_LOOP('',(#3021,#3032,#3041,#3050,#3059,#3068));
#3021 = ORIENTED_EDGE('',*,*,#3022,.T.);
#3022 = EDGE_CURVE('',#3023,#3025,#3027,.T.);
#3023 = VERTEX_POINT('',#3024);
#3024 = CARTESIAN_POINT('',(-0.25,1.37,0.2));
#3025 = VERTEX_POINT('',#3026);
#3026 = CARTESIAN_POINT('',(0.25,1.37,0.2));
#3027 = CIRCLE('',#3028,0.25);
#3028 = AXIS2_PLACEMENT_3D('',#3029,#3030,#3031);
#3029 = CARTESIAN_POINT('',(0.,1.37,0.2));
#3030 = DIRECTION('',(0.,-1.,0.));
#3031 = DIRECTION('',(-1.,0.,0.));
#3032 = ORIENTED_EDGE('',*,*,#3033,.T.);
#3033 = EDGE_CURVE('',#3025,#3034,#3036,.T.);
#3034 = VERTEX_POINT('',#3035);
#3035 = CARTESIAN_POINT('',(0.524937930671,1.37,0.640282075874));
#3036 = CIRCLE('',#3037,0.49);
#3037 = AXIS2_PLACEMENT_3D('',#3038,#3039,#3040);
#3038 = CARTESIAN_POINT('',(0.74,1.37,0.2));
#3039 = DIRECTION('',(0.,1.,0.));
#3040 = DIRECTION('',(-1.,0.,0.));
#3041 = ORIENTED_EDGE('',*,*,#3042,.T.);
#3042 = EDGE_CURVE('',#3034,#3043,#3045,.T.);
#3043 = VERTEX_POINT('',#3044);
#3044 = CARTESIAN_POINT('',(0.536222763944,1.37,0.867678020598));
#3045 = CIRCLE('',#3046,0.13);
#3046 = AXIS2_PLACEMENT_3D('',#3047,#3048,#3049);
#3047 = CARTESIAN_POINT('',(0.467880646971,1.37,0.757091606208));
#3048 = DIRECTION('',(0.,-1.,0.));
#3049 = DIRECTION('',(0.438902182305,0.,-0.898534848722));
#3050 = ORIENTED_EDGE('',*,*,#3051,.T.);
#3051 = EDGE_CURVE('',#3043,#3052,#3054,.T.);
#3052 = VERTEX_POINT('',#3053);
#3053 = CARTESIAN_POINT('',(-0.542808985474,1.37,0.863573045717));
#3054 = CIRCLE('',#3055,1.02);
#3055 = AXIS2_PLACEMENT_3D('',#3056,#3057,#3058);
#3056 = CARTESIAN_POINT('',(0.,1.37,0.));
#3057 = DIRECTION('',(0.,-1.,0.));
#3058 = DIRECTION('',(0.525708592102,0.,0.850664726076));
#3059 = ORIENTED_EDGE('',*,*,#3060,.T.);
#3060 = EDGE_CURVE('',#3052,#3061,#3063,.T.);
#3061 = VERTEX_POINT('',#3062);
#3062 = CARTESIAN_POINT('',(-0.528264221463,1.37,0.635548706413));
#3063 = CIRCLE('',#3064,0.13);
#3064 = AXIS2_PLACEMENT_3D('',#3065,#3066,#3067);
#3065 = CARTESIAN_POINT('',(-0.473627448109,1.37,0.7535098144));
#3066 = DIRECTION('',(0.,-1.,0.));
#3067 = DIRECTION('',(-0.532165672033,0.,0.846640240899));
#3068 = ORIENTED_EDGE('',*,*,#3069,.T.);
#3069 = EDGE_CURVE('',#3061,#3023,#3070,.T.);
#3070 = CIRCLE('',#3071,0.48);
#3071 = AXIS2_PLACEMENT_3D('',#3072,#3073,#3074);
#3072 = CARTESIAN_POINT('',(-0.73,1.37,0.2));
#3073 = DIRECTION('',(0.,1.,0.));
#3074 = DIRECTION('',(0.420282871951,-0.,0.907393138361));
#3075 = FACE_BOUND('',#3076,.T.);
#3076 = EDGE_LOOP('',(#3077,#3087,#3096,#3104,#3113,#3122,#3131,#3140));
#3077 = ORIENTED_EDGE('',*,*,#3078,.T.);
#3078 = EDGE_CURVE('',#3079,#3081,#3083,.T.);
#3079 = VERTEX_POINT('',#3080);
#3080 = CARTESIAN_POINT('',(-0.729383301152,1.37,-0.64));
#3081 = VERTEX_POINT('',#3082);
#3082 = CARTESIAN_POINT('',(-0.255,1.37,-0.64));
#3083 = LINE('',#3084,#3085);
#3084 = CARTESIAN_POINT('',(-0.729383301153,1.37,-0.64));
#3085 = VECTOR('',#3086,1.);
#3086 = DIRECTION('',(1.,0.,0.));
#3087 = ORIENTED_EDGE('',*,*,#3088,.T.);
#3088 = EDGE_CURVE('',#3081,#3089,#3091,.T.);
#3089 = VERTEX_POINT('',#3090);
#3090 = CARTESIAN_POINT('',(-0.125,1.37,-0.51));
#3091 = CIRCLE('',#3092,0.13);
#3092 = AXIS2_PLACEMENT_3D('',#3093,#3094,#3095);
#3093 = CARTESIAN_POINT('',(-0.255,1.37,-0.51));
#3094 = DIRECTION('',(0.,-1.,0.));
#3095 = DIRECTION('',(0.,0.,-1.));
#3096 = ORIENTED_EDGE('',*,*,#3097,.T.);
#3097 = EDGE_CURVE('',#3089,#3098,#3100,.T.);
#3098 = VERTEX_POINT('',#3099);
#3099 = CARTESIAN_POINT('',(-0.125,1.37,-0.353923338005));
#3100 = LINE('',#3101,#3102);
#3101 = CARTESIAN_POINT('',(-0.125,1.37,-0.51));
#3102 = VECTOR('',#3103,1.);
#3103 = DIRECTION('',(0.,0.,1.));
#3104 = ORIENTED_EDGE('',*,*,#3105,.T.);
#3105 = EDGE_CURVE('',#3098,#3106,#3108,.T.);
#3106 = VERTEX_POINT('',#3107);
#3107 = CARTESIAN_POINT('',(-0.200637915853,1.37,-0.235835388547));
#3108 = CIRCLE('',#3109,0.13);
#3109 = AXIS2_PLACEMENT_3D('',#3110,#3111,#3112);
#3110 = CARTESIAN_POINT('',(-0.255,1.37,-0.353923338005));
#3111 = DIRECTION('',(0.,-1.,0.));
#3112 = DIRECTION('',(1.,0.,0.));
#3113 = ORIENTED_EDGE('',*,*,#3114,.T.);
#3114 = EDGE_CURVE('',#3106,#3115,#3117,.T.);
#3115 = VERTEX_POINT('',#3116);
#3116 = CARTESIAN_POINT('',(-0.479800019996,1.37,0.2));
#3117 = CIRCLE('',#3118,0.479800019996);
#3118 = AXIS2_PLACEMENT_3D('',#3119,#3120,#3121);
#3119 = CARTESIAN_POINT('',(0.,1.37,0.2));
#3120 = DIRECTION('',(0.,1.,0.));
#3121 = DIRECTION('',(-0.418169878056,0.,-0.908368841984));
#3122 = ORIENTED_EDGE('',*,*,#3123,.T.);
#3123 = EDGE_CURVE('',#3115,#3124,#3126,.T.);
#3124 = VERTEX_POINT('',#3125);
#3125 = CARTESIAN_POINT('',(-1.000199980004,1.37,0.2));
#3126 = CIRCLE('',#3127,0.260199980004);
#3127 = AXIS2_PLACEMENT_3D('',#3128,#3129,#3130);
#3128 = CARTESIAN_POINT('',(-0.74,1.37,0.2));
#3129 = DIRECTION('',(0.,-1.,0.));
#3130 = DIRECTION('',(1.,0.,0.));
#3131 = ORIENTED_EDGE('',*,*,#3132,.T.);
#3132 = EDGE_CURVE('',#3124,#3133,#3135,.T.);
#3133 = VERTEX_POINT('',#3134);
#3134 = CARTESIAN_POINT('',(-0.835922435029,1.37,-0.584494382022));
#3135 = CIRCLE('',#3136,1.02);
#3136 = AXIS2_PLACEMENT_3D('',#3137,#3138,#3139);
#3137 = CARTESIAN_POINT('',(0.,1.37,0.));
#3138 = DIRECTION('',(0.,-1.,0.));
#3139 = DIRECTION('',(-0.98058821569,0.,0.196078431373));
#3140 = ORIENTED_EDGE('',*,*,#3141,.T.);
#3141 = EDGE_CURVE('',#3133,#3079,#3142,.T.);
#3142 = CIRCLE('',#3143,0.13);
#3143 = AXIS2_PLACEMENT_3D('',#3144,#3145,#3146);
#3144 = CARTESIAN_POINT('',(-0.729383301153,1.37,-0.51));
#3145 = DIRECTION('',(0.,-1.,0.));
#3146 = DIRECTION('',(-0.819531799048,-0.,-0.573033707865));
#3147 = B_SPLINE_SURFACE_WITH_KNOTS('',1,1,(
    (#3148,#3149)
    ,(#3150,#3151
    )),.UNSPECIFIED.,.F.,.F.,.F.,(2,2),(2,2),(-4.995295861308E-02,
    4.995295861631E-02),(-4.965354330709E-02,3.469291338583E-02),
  .PIECEWISE_BEZIER_KNOTS.);
#3148 = CARTESIAN_POINT('',(-1.268805148772,1.37,1.2612));
#3149 = CARTESIAN_POINT('',(-1.268805148772,1.37,-0.8812));
#3150 = CARTESIAN_POINT('',(1.268805148854,1.37,1.2612));
#3151 = CARTESIAN_POINT('',(1.268805148854,1.37,-0.8812));
#3152 = SHELL_BASED_SURFACE_MODEL('',(#3153));
#3153 = OPEN_SHELL('',(#3154));
#3154 = ADVANCED_FACE('',(#3155),#3240,.T.);
#3155 = FACE_BOUND('',#3156,.T.);
#3156 = EDGE_LOOP('',(#3157,#3167,#3175,#3183,#3191,#3199,#3207,#3217,
    #3225,#3234));
#3157 = ORIENTED_EDGE('',*,*,#3158,.T.);
#3158 = EDGE_CURVE('',#3159,#3161,#3163,.T.);
#3159 = VERTEX_POINT('',#3160);
#3160 = CARTESIAN_POINT('',(0.125,1.4,-0.5));
#3161 = VERTEX_POINT('',#3162);
#3162 = CARTESIAN_POINT('',(0.125,1.4,-0.51));
#3163 = LINE('',#3164,#3165);
#3164 = CARTESIAN_POINT('',(0.125,1.4,-0.5));
#3165 = VECTOR('',#3166,1.);
#3166 = DIRECTION('',(0.,0.,-1.));
#3167 = ORIENTED_EDGE('',*,*,#3168,.T.);
#3168 = EDGE_CURVE('',#3161,#3169,#3171,.T.);
#3169 = VERTEX_POINT('',#3170);
#3170 = CARTESIAN_POINT('',(0.125,1.37,-0.51));
#3171 = LINE('',#3172,#3173);
#3172 = CARTESIAN_POINT('',(0.125,1.4,-0.51));
#3173 = VECTOR('',#3174,1.);
#3174 = DIRECTION('',(0.,-1.,0.));
#3175 = ORIENTED_EDGE('',*,*,#3176,.T.);
#3176 = EDGE_CURVE('',#3169,#3177,#3179,.T.);
#3177 = VERTEX_POINT('',#3178);
#3178 = CARTESIAN_POINT('',(0.125,1.37,-0.353923338005));
#3179 = LINE('',#3180,#3181);
#3180 = CARTESIAN_POINT('',(0.125,1.37,-0.51));
#3181 = VECTOR('',#3182,1.);
#3182 = DIRECTION('',(0.,0.,1.));
#3183 = ORIENTED_EDGE('',*,*,#3184,.T.);
#3184 = EDGE_CURVE('',#3177,#3185,#3187,.T.);
#3185 = VERTEX_POINT('',#3186);
#3186 = CARTESIAN_POINT('',(0.125,1.4,-0.353923338005));
#3187 = LINE('',#3188,#3189);
#3188 = CARTESIAN_POINT('',(0.125,1.37,-0.353923338005));
#3189 = VECTOR('',#3190,1.);
#3190 = DIRECTION('',(0.,1.,0.));
#3191 = ORIENTED_EDGE('',*,*,#3192,.T.);
#3192 = EDGE_CURVE('',#3185,#3193,#3195,.T.);
#3193 = VERTEX_POINT('',#3194);
#3194 = CARTESIAN_POINT('',(0.125,1.4,-0.342678544261));
#3195 = LINE('',#3196,#3197);
#3196 = CARTESIAN_POINT('',(0.125,1.4,-0.353923338005));
#3197 = VECTOR('',#3198,1.);
#3198 = DIRECTION('',(0.,0.,1.));
#3199 = ORIENTED_EDGE('',*,*,#3200,.T.);
#3200 = EDGE_CURVE('',#3193,#3201,#3203,.T.);
#3201 = VERTEX_POINT('',#3202);
#3202 = CARTESIAN_POINT('',(0.125,1.46274170406,-0.342678544261));
#3203 = LINE('',#3204,#3205);
#3204 = CARTESIAN_POINT('',(0.125,1.4,-0.342678544261));
#3205 = VECTOR('',#3206,1.);
#3206 = DIRECTION('',(0.,1.,0.));
#3207 = ORIENTED_EDGE('',*,*,#3208,.T.);
#3208 = EDGE_CURVE('',#3201,#3209,#3211,.T.);
#3209 = VERTEX_POINT('',#3210);
#3210 = CARTESIAN_POINT('',(0.125,1.5016,-0.38732447043));
#3211 = B_SPLINE_CURVE_WITH_KNOTS('',3,(#3212,#3213,#3214,#3215,#3216),
  .UNSPECIFIED.,.F.,.F.,(4,1,4),(0.,0.5,1.),.QUASI_UNIFORM_KNOTS.);
#3212 = CARTESIAN_POINT('',(0.125,1.46274170406,-0.342678544261));
#3213 = CARTESIAN_POINT('',(0.125,1.472683400952,-0.342678544261));
#3214 = CARTESIAN_POINT('',(0.125,1.491944847562,-0.355014064359));
#3215 = CARTESIAN_POINT('',(0.125,1.501432298639,-0.377337027444));
#3216 = CARTESIAN_POINT('',(0.125,1.5016,-0.38732447043));
#3217 = ORIENTED_EDGE('',*,*,#3218,.T.);
#3218 = EDGE_CURVE('',#3209,#3219,#3221,.T.);
#3219 = VERTEX_POINT('',#3220);
#3220 = CARTESIAN_POINT('',(0.125,1.5016,-0.4268));
#3221 = LINE('',#3222,#3223);
#3222 = CARTESIAN_POINT('',(0.125,1.5016,-0.38732447043));
#3223 = VECTOR('',#3224,1.);
#3224 = DIRECTION('',(0.,0.,-1.));
#3225 = ORIENTED_EDGE('',*,*,#3226,.T.);
#3226 = EDGE_CURVE('',#3219,#3227,#3229,.T.);
#3227 = VERTEX_POINT('',#3228);
#3228 = CARTESIAN_POINT('',(0.125,1.4284,-0.5));
#3229 = B_SPLINE_CURVE_WITH_KNOTS('',3,(#3230,#3231,#3232,#3233),
  .UNSPECIFIED.,.F.,.F.,(4,4),(0.,1.),.PIECEWISE_BEZIER_KNOTS.);
#3230 = CARTESIAN_POINT('',(0.125,1.5016,-0.4268));
#3231 = CARTESIAN_POINT('',(0.125,1.500618589063,-0.461647698658));
#3232 = CARTESIAN_POINT('',(0.125,1.463261515589,-0.5));
#3233 = CARTESIAN_POINT('',(0.125,1.4284,-0.5));
#3234 = ORIENTED_EDGE('',*,*,#3235,.T.);
#3235 = EDGE_CURVE('',#3227,#3159,#3236,.T.);
#3236 = LINE('',#3237,#3238);
#3237 = CARTESIAN_POINT('',(0.125,1.4284,-0.5));
#3238 = VECTOR('',#3239,1.);
#3239 = DIRECTION('',(0.,-1.,0.));
#3240 = B_SPLINE_SURFACE_WITH_KNOTS('',1,1,(
    (#3241,#3242)
    ,(#3243,#3244
    )),.UNSPECIFIED.,.F.,.F.,.F.,(2,2),(2,2),(-1.317491777472E-04,
    6.719208065108E-03),(-1.036220472441E-04,5.284724409449E-03),
  .PIECEWISE_BEZIER_KNOTS.);
#3241 = CARTESIAN_POINT('',(0.125,1.367368,-0.513346429115));
#3242 = CARTESIAN_POINT('',(0.125,1.504232,-0.513346429115));
#3243 = CARTESIAN_POINT('',(0.125,1.367368,-0.339332115146));
#3244 = CARTESIAN_POINT('',(0.125,1.504232,-0.339332115146));
#3245 = SHELL_BASED_SURFACE_MODEL('',(#3246));
#3246 = OPEN_SHELL('',(#3247));
#3247 = ADVANCED_FACE('',(#3248),#3310,.T.);
#3248 = FACE_BOUND('',#3249,.T.);
#3249 = EDGE_LOOP('',(#3250,#3260,#3269,#3278,#3286,#3295,#3303));
#3250 = ORIENTED_EDGE('',*,*,#3251,.T.);
#3251 = EDGE_CURVE('',#3252,#3254,#3256,.T.);
#3252 = VERTEX_POINT('',#3253);
#3253 = CARTESIAN_POINT('',(0.255,1.4,-0.63));
#3254 = VERTEX_POINT('',#3255);
#3255 = CARTESIAN_POINT('',(0.748331477355,1.4,-0.63));
#3256 = LINE('',#3257,#3258);
#3257 = CARTESIAN_POINT('',(0.255,1.4,-0.63));
#3258 = VECTOR('',#3259,1.);
#3259 = DIRECTION('',(1.,0.,0.));
#3260 = ORIENTED_EDGE('',*,*,#3261,.T.);
#3261 = EDGE_CURVE('',#3254,#3262,#3264,.T.);
#3262 = VERTEX_POINT('',#3263);
#3263 = CARTESIAN_POINT('',(0.79932762539,1.4,-0.619580068931));
#3264 = CIRCLE('',#3265,0.13);
#3265 = AXIS2_PLACEMENT_3D('',#3266,#3267,#3268);
#3266 = CARTESIAN_POINT('',(0.748331477355,1.4,-0.5));
#3267 = DIRECTION('',(0.,-1.,0.));
#3268 = DIRECTION('',(-1.016814837457E-14,-0.,-1.));
#3269 = ORIENTED_EDGE('',*,*,#3270,.T.);
#3270 = EDGE_CURVE('',#3262,#3271,#3273,.T.);
#3271 = VERTEX_POINT('',#3272);
#3272 = CARTESIAN_POINT('',(0.729383301153,1.4,-0.64));
#3273 = CIRCLE('',#3274,0.13);
#3274 = AXIS2_PLACEMENT_3D('',#3275,#3276,#3277);
#3275 = CARTESIAN_POINT('',(0.729383301153,1.4,-0.51));
#3276 = DIRECTION('',(0.,1.,0.));
#3277 = DIRECTION('',(0.538033263366,0.,-0.842923607162));
#3278 = ORIENTED_EDGE('',*,*,#3279,.T.);
#3279 = EDGE_CURVE('',#3271,#3280,#3282,.T.);
#3280 = VERTEX_POINT('',#3281);
#3281 = CARTESIAN_POINT('',(0.255,1.4,-0.64));
#3282 = LINE('',#3283,#3284);
#3283 = CARTESIAN_POINT('',(0.729383301153,1.4,-0.64));
#3284 = VECTOR('',#3285,1.);
#3285 = DIRECTION('',(-1.,0.,0.));
#3286 = ORIENTED_EDGE('',*,*,#3287,.T.);
#3287 = EDGE_CURVE('',#3280,#3288,#3290,.T.);
#3288 = VERTEX_POINT('',#3289);
#3289 = CARTESIAN_POINT('',(0.125,1.4,-0.51));
#3290 = CIRCLE('',#3291,0.13);
#3291 = AXIS2_PLACEMENT_3D('',#3292,#3293,#3294);
#3292 = CARTESIAN_POINT('',(0.255,1.4,-0.51));
#3293 = DIRECTION('',(0.,1.,0.));
#3294 = DIRECTION('',(0.,0.,-1.));
#3295 = ORIENTED_EDGE('',*,*,#3296,.T.);
#3296 = EDGE_CURVE('',#3288,#3297,#3299,.T.);
#3297 = VERTEX_POINT('',#3298);
#3298 = CARTESIAN_POINT('',(0.125,1.4,-0.5));
#3299 = LINE('',#3300,#3301);
#3300 = CARTESIAN_POINT('',(0.125,1.4,-0.51));
#3301 = VECTOR('',#3302,1.);
#3302 = DIRECTION('',(0.,0.,1.));
#3303 = ORIENTED_EDGE('',*,*,#3304,.T.);
#3304 = EDGE_CURVE('',#3297,#3252,#3305,.T.);
#3305 = CIRCLE('',#3306,0.13);
#3306 = AXIS2_PLACEMENT_3D('',#3307,#3308,#3309);
#3307 = CARTESIAN_POINT('',(0.255,1.4,-0.5));
#3308 = DIRECTION('',(0.,-1.,0.));
#3309 = DIRECTION('',(-1.,0.,0.));
#3310 = B_SPLINE_SURFACE_WITH_KNOTS('',1,1,(
    (#3311,#3312)
    ,(#3313,#3314
    )),.UNSPECIFIED.,.F.,.F.,.F.,(2,2),(2,2),(4.390293208354E-03,
    3.200055818495E-02),(1.957480314961E-02,2.530708661417E-02),
  .PIECEWISE_BEZIER_KNOTS.);
#3311 = CARTESIAN_POINT('',(0.111513447492,1.4,-0.4972));
#3312 = CARTESIAN_POINT('',(0.111513447492,1.4,-0.6428));
#3313 = CARTESIAN_POINT('',(0.812814177898,1.4,-0.4972));
#3314 = CARTESIAN_POINT('',(0.812814177898,1.4,-0.6428));
#3315 = SHELL_BASED_SURFACE_MODEL('',(#3316));
#3316 = OPEN_SHELL('',(#3317));
#3317 = ADVANCED_FACE('',(#3318),#3371,.T.);
#3318 = FACE_BOUND('',#3319,.T.);
#3319 = EDGE_LOOP('',(#3320,#3330,#3338,#3347,#3355,#3365));
#3320 = ORIENTED_EDGE('',*,*,#3321,.T.);
#3321 = EDGE_CURVE('',#3322,#3324,#3326,.T.);
#3322 = VERTEX_POINT('',#3323);
#3323 = CARTESIAN_POINT('',(0.748331477355,1.4,-0.63));
#3324 = VERTEX_POINT('',#3325);
#3325 = CARTESIAN_POINT('',(0.255,1.4,-0.63));
#3326 = LINE('',#3327,#3328);
#3327 = CARTESIAN_POINT('',(0.748331477355,1.4,-0.63));
#3328 = VECTOR('',#3329,1.);
#3329 = DIRECTION('',(-1.,0.,0.));
#3330 = ORIENTED_EDGE('',*,*,#3331,.T.);
#3331 = EDGE_CURVE('',#3324,#3332,#3334,.T.);
#3332 = VERTEX_POINT('',#3333);
#3333 = CARTESIAN_POINT('',(0.255,1.4284,-0.63));
#3334 = LINE('',#3335,#3336);
#3335 = CARTESIAN_POINT('',(0.255,1.4,-0.63));
#3336 = VECTOR('',#3337,1.);
#3337 = DIRECTION('',(0.,1.,0.));
#3338 = ORIENTED_EDGE('',*,*,#3339,.T.);
#3339 = EDGE_CURVE('',#3332,#3340,#3342,.T.);
#3340 = VERTEX_POINT('',#3341);
#3341 = CARTESIAN_POINT('',(0.3282,1.5016,-0.63));
#3342 = B_SPLINE_CURVE_WITH_KNOTS('',3,(#3343,#3344,#3345,#3346),
  .UNSPECIFIED.,.F.,.F.,(4,4),(0.,1.),.PIECEWISE_BEZIER_KNOTS.);
#3343 = CARTESIAN_POINT('',(0.255,1.4284,-0.63));
#3344 = CARTESIAN_POINT('',(0.255,1.463261515589,-0.63));
#3345 = CARTESIAN_POINT('',(0.293341712193,1.501125615872,-0.63));
#3346 = CARTESIAN_POINT('',(0.3282,1.5016,-0.63));
#3347 = ORIENTED_EDGE('',*,*,#3348,.T.);
#3348 = EDGE_CURVE('',#3340,#3349,#3351,.T.);
#3349 = VERTEX_POINT('',#3350);
#3350 = CARTESIAN_POINT('',(0.708124282877,1.5016,-0.63));
#3351 = LINE('',#3352,#3353);
#3352 = CARTESIAN_POINT('',(0.3282,1.5016,-0.63));
#3353 = VECTOR('',#3354,1.);
#3354 = DIRECTION('',(1.,0.,0.));
#3355 = ORIENTED_EDGE('',*,*,#3356,.T.);
#3356 = EDGE_CURVE('',#3349,#3357,#3359,.T.);
#3357 = VERTEX_POINT('',#3358);
#3358 = CARTESIAN_POINT('',(0.748331477355,1.457472500437,-0.63));
#3359 = B_SPLINE_CURVE_WITH_KNOTS('',3,(#3360,#3361,#3362,#3363,#3364),
  .UNSPECIFIED.,.F.,.F.,(4,1,4),(0.,0.5,1.),.QUASI_UNIFORM_KNOTS.);
#3360 = CARTESIAN_POINT('',(0.708124282877,1.5016,-0.63));
#3361 = CARTESIAN_POINT('',(0.718078963496,1.50032805452,-0.63));
#3362 = CARTESIAN_POINT('',(0.738182560735,1.488331855655,-0.63));
#3363 = CARTESIAN_POINT('',(0.748331477355,1.467540051353,-0.63));
#3364 = CARTESIAN_POINT('',(0.748331477355,1.457472500437,-0.63));
#3365 = ORIENTED_EDGE('',*,*,#3366,.T.);
#3366 = EDGE_CURVE('',#3357,#3322,#3367,.T.);
#3367 = LINE('',#3368,#3369);
#3368 = CARTESIAN_POINT('',(0.748331477355,1.457472500437,-0.63));
#3369 = VECTOR('',#3370,1.);
#3370 = DIRECTION('',(0.,-1.,0.));
#3371 = B_SPLINE_SURFACE_WITH_KNOTS('',1,1,(
    (#3372,#3373)
    ,(#3374,#3375
    )),.UNSPECIFIED.,.F.,.F.,.F.,(2,2),(2,2),(-3.884499821691E-04,
    1.981094909063E-02),(-8.E-05,4.08E-03),.PIECEWISE_BEZIER_KNOTS.);
#3372 = CARTESIAN_POINT('',(0.758198106902,1.397968,-0.63));
#3373 = CARTESIAN_POINT('',(0.758198106902,1.503632,-0.63));
#3374 = CARTESIAN_POINT('',(0.245133370453,1.397968,-0.63));
#3375 = CARTESIAN_POINT('',(0.245133370453,1.503632,-0.63));
#3376 = SHELL_BASED_SURFACE_MODEL('',(#3377));
#3377 = OPEN_SHELL('',(#3378));
#3378 = ADVANCED_FACE('',(#3379),#3424,.T.);
#3379 = FACE_BOUND('',#3380,.T.);
#3380 = EDGE_LOOP('',(#3381,#3392,#3401,#3409,#3418));
#3381 = ORIENTED_EDGE('',*,*,#3382,.T.);
#3382 = EDGE_CURVE('',#3383,#3385,#3387,.T.);
#3383 = VERTEX_POINT('',#3384);
#3384 = CARTESIAN_POINT('',(0.748331477355,1.4,-0.63));
#3385 = VERTEX_POINT('',#3386);
#3386 = CARTESIAN_POINT('',(0.79932762539,1.4,-0.619580068931));
#3387 = CIRCLE('',#3388,0.13);
#3388 = AXIS2_PLACEMENT_3D('',#3389,#3390,#3391);
#3389 = CARTESIAN_POINT('',(0.748331477355,1.4,-0.5));
#3390 = DIRECTION('',(0.,-1.,0.));
#3391 = DIRECTION('',(-1.016814837457E-14,-0.,-1.));
#3392 = ORIENTED_EDGE('',*,*,#3393,.T.);
#3393 = EDGE_CURVE('',#3385,#3394,#3396,.T.);
#3394 = VERTEX_POINT('',#3395);
#3395 = CARTESIAN_POINT('',(0.856423801862,1.4,-0.572222222222));
#3396 = CIRCLE('',#3397,0.13);
#3397 = AXIS2_PLACEMENT_3D('',#3398,#3399,#3400);
#3398 = CARTESIAN_POINT('',(0.748331477355,1.4,-0.5));
#3399 = DIRECTION('',(0.,-1.,0.));
#3400 = DIRECTION('',(0.392278061809,0.,-0.919846684086));
#3401 = ORIENTED_EDGE('',*,*,#3402,.T.);
#3402 = EDGE_CURVE('',#3394,#3403,#3405,.T.);
#3403 = VERTEX_POINT('',#3404);
#3404 = CARTESIAN_POINT('',(0.856423801862,1.457472500437,
    -0.572222222222));
#3405 = LINE('',#3406,#3407);
#3406 = CARTESIAN_POINT('',(0.856423801862,1.4,-0.572222222222));
#3407 = VECTOR('',#3408,1.);
#3408 = DIRECTION('',(0.,1.,0.));
#3409 = ORIENTED_EDGE('',*,*,#3410,.T.);
#3410 = EDGE_CURVE('',#3403,#3411,#3413,.T.);
#3411 = VERTEX_POINT('',#3412);
#3412 = CARTESIAN_POINT('',(0.748331477355,1.457472500437,-0.63));
#3413 = CIRCLE('',#3414,0.13);
#3414 = AXIS2_PLACEMENT_3D('',#3415,#3416,#3417);
#3415 = CARTESIAN_POINT('',(0.748331477355,1.457472500437,-0.5));
#3416 = DIRECTION('',(0.,1.,0.));
#3417 = DIRECTION('',(0.831479419283,0.,-0.555555555556));
#3418 = ORIENTED_EDGE('',*,*,#3419,.T.);
#3419 = EDGE_CURVE('',#3411,#3383,#3420,.T.);
#3420 = LINE('',#3421,#3422);
#3421 = CARTESIAN_POINT('',(0.748331477355,1.457472500437,-0.63));
#3422 = VECTOR('',#3423,1.);
#3423 = DIRECTION('',(0.,-1.,0.));
#3424 = SURFACE_OF_REVOLUTION('',#3425,#3429);
#3425 = LINE('',#3426,#3427);
#3426 = CARTESIAN_POINT('',(0.745779051448,1.398248486567,
    -0.629974940362));
#3427 = VECTOR('',#3428,1.);
#3428 = DIRECTION('',(0.,1.,0.));
#3429 = AXIS1_PLACEMENT('',#3430,#3431);
#3430 = CARTESIAN_POINT('',(0.748331477355,1.4,-0.5));
#3431 = DIRECTION('',(0.,-1.,0.));
#3432 = SHELL_BASED_SURFACE_MODEL('',(#3433));
#3433 = OPEN_SHELL('',(#3434));
#3434 = ADVANCED_FACE('',(#3435),#3535,.T.);
#3435 = FACE_BOUND('',#3436,.T.);
#3436 = EDGE_LOOP('',(#3437,#3448,#3457,#3465,#3474,#3483,#3492,#3501,
    #3510,#3519,#3528));
#3437 = ORIENTED_EDGE('',*,*,#3438,.T.);
#3438 = EDGE_CURVE('',#3439,#3441,#3443,.T.);
#3439 = VERTEX_POINT('',#3440);
#3440 = CARTESIAN_POINT('',(0.479800019996,1.4,0.2));
#3441 = VERTEX_POINT('',#3442);
#3442 = CARTESIAN_POINT('',(0.200637915853,1.4,-0.235835388547));
#3443 = CIRCLE('',#3444,0.479800019996);
#3444 = AXIS2_PLACEMENT_3D('',#3445,#3446,#3447);
#3445 = CARTESIAN_POINT('',(0.,1.4,0.2));
#3446 = DIRECTION('',(-0.,1.,0.));
#3447 = DIRECTION('',(1.,0.,0.));
#3448 = ORIENTED_EDGE('',*,*,#3449,.T.);
#3449 = EDGE_CURVE('',#3441,#3450,#3452,.T.);
#3450 = VERTEX_POINT('',#3451);
#3451 = CARTESIAN_POINT('',(0.125,1.4,-0.353923338005));
#3452 = CIRCLE('',#3453,0.13);
#3453 = AXIS2_PLACEMENT_3D('',#3454,#3455,#3456);
#3454 = CARTESIAN_POINT('',(0.255,1.4,-0.353923338005));
#3455 = DIRECTION('',(0.,-1.,0.));
#3456 = DIRECTION('',(-0.418169878056,0.,0.908368841984));
#3457 = ORIENTED_EDGE('',*,*,#3458,.T.);
#3458 = EDGE_CURVE('',#3450,#3459,#3461,.T.);
#3459 = VERTEX_POINT('',#3460);
#3460 = CARTESIAN_POINT('',(0.125,1.4,-0.342678544261));
#3461 = LINE('',#3462,#3463);
#3462 = CARTESIAN_POINT('',(0.125,1.4,-0.353923338005));
#3463 = VECTOR('',#3464,1.);
#3464 = DIRECTION('',(0.,0.,1.));
#3465 = ORIENTED_EDGE('',*,*,#3466,.T.);
#3466 = EDGE_CURVE('',#3459,#3467,#3469,.T.);
#3467 = VERTEX_POINT('',#3468);
#3468 = CARTESIAN_POINT('',(0.199713514422,1.4,-0.22502054618));
#3469 = CIRCLE('',#3470,0.13);
#3470 = AXIS2_PLACEMENT_3D('',#3471,#3472,#3473);
#3471 = CARTESIAN_POINT('',(0.255,1.4,-0.342678544261));
#3472 = DIRECTION('',(0.,1.,0.));
#3473 = DIRECTION('',(-1.,0.,0.));
#3474 = ORIENTED_EDGE('',*,*,#3475,.T.);
#3475 = EDGE_CURVE('',#3467,#3476,#3478,.T.);
#3476 = VERTEX_POINT('',#3477);
#3477 = CARTESIAN_POINT('',(0.469604038013,1.4,0.2));
#3478 = CIRCLE('',#3479,0.469604038013);
#3479 = AXIS2_PLACEMENT_3D('',#3480,#3481,#3482);
#3480 = CARTESIAN_POINT('',(0.,1.4,0.2));
#3481 = DIRECTION('',(0.,-1.,0.));
#3482 = DIRECTION('',(0.425280658291,0.,-0.905061523701));
#3483 = ORIENTED_EDGE('',*,*,#3484,.T.);
#3484 = EDGE_CURVE('',#3476,#3485,#3487,.T.);
#3485 = VERTEX_POINT('',#3486);
#3486 = CARTESIAN_POINT('',(1.010395961987,1.4,0.2));
#3487 = CIRCLE('',#3488,0.270395961987);
#3488 = AXIS2_PLACEMENT_3D('',#3489,#3490,#3491);
#3489 = CARTESIAN_POINT('',(0.74,1.4,0.2));
#3490 = DIRECTION('',(0.,1.,0.));
#3491 = DIRECTION('',(-1.,0.,-2.705028584878E-14));
#3492 = ORIENTED_EDGE('',*,*,#3493,.T.);
#3493 = EDGE_CURVE('',#3485,#3494,#3496,.T.);
#3494 = VERTEX_POINT('',#3495);
#3495 = CARTESIAN_POINT('',(0.856423801861,1.4,-0.572222222222));
#3496 = CIRCLE('',#3497,1.03);
#3497 = AXIS2_PLACEMENT_3D('',#3498,#3499,#3500);
#3498 = CARTESIAN_POINT('',(0.,1.4,0.));
#3499 = DIRECTION('',(0.,1.,0.));
#3500 = DIRECTION('',(0.980966953386,-0.,0.194174757282));
#3501 = ORIENTED_EDGE('',*,*,#3502,.T.);
#3502 = EDGE_CURVE('',#3494,#3503,#3505,.T.);
#3503 = VERTEX_POINT('',#3504);
#3504 = CARTESIAN_POINT('',(0.79932762539,1.4,-0.619580068931));
#3505 = CIRCLE('',#3506,0.13);
#3506 = AXIS2_PLACEMENT_3D('',#3507,#3508,#3509);
#3507 = CARTESIAN_POINT('',(0.748331477355,1.4,-0.5));
#3508 = DIRECTION('',(0.,1.,0.));
#3509 = DIRECTION('',(0.831479419283,0.,-0.555555555556));
#3510 = ORIENTED_EDGE('',*,*,#3511,.T.);
#3511 = EDGE_CURVE('',#3503,#3512,#3514,.T.);
#3512 = VERTEX_POINT('',#3513);
#3513 = CARTESIAN_POINT('',(0.835922435029,1.4,-0.584494382022));
#3514 = CIRCLE('',#3515,0.13);
#3515 = AXIS2_PLACEMENT_3D('',#3516,#3517,#3518);
#3516 = CARTESIAN_POINT('',(0.729383301153,1.4,-0.51));
#3517 = DIRECTION('',(0.,-1.,0.));
#3518 = DIRECTION('',(0.538033263366,0.,-0.842923607162));
#3519 = ORIENTED_EDGE('',*,*,#3520,.T.);
#3520 = EDGE_CURVE('',#3512,#3521,#3523,.T.);
#3521 = VERTEX_POINT('',#3522);
#3522 = CARTESIAN_POINT('',(1.000199980004,1.4,0.2));
#3523 = CIRCLE('',#3524,1.02);
#3524 = AXIS2_PLACEMENT_3D('',#3525,#3526,#3527);
#3525 = CARTESIAN_POINT('',(0.,1.4,0.));
#3526 = DIRECTION('',(0.,-1.,0.));
#3527 = DIRECTION('',(0.819531799048,0.,-0.573033707865));
#3528 = ORIENTED_EDGE('',*,*,#3529,.T.);
#3529 = EDGE_CURVE('',#3521,#3439,#3530,.T.);
#3530 = CIRCLE('',#3531,0.260199980004);
#3531 = AXIS2_PLACEMENT_3D('',#3532,#3533,#3534);
#3532 = CARTESIAN_POINT('',(0.74,1.4,0.2));
#3533 = DIRECTION('',(0.,-1.,0.));
#3534 = DIRECTION('',(1.,0.,0.));
#3535 = B_SPLINE_SURFACE_WITH_KNOTS('',1,1,(
    (#3536,#3537)
    ,(#3538,#3539
    )),.UNSPECIFIED.,.F.,.F.,.F.,(2,2),(2,2),(4.208481791382E-03,
    4.127294045057E-02),(-1.937777490573E-02,2.525116494289E-02),
  .PIECEWISE_BEZIER_KNOTS.);
#3536 = CARTESIAN_POINT('',(0.106895437501,1.4,0.492195482606));
#3537 = CARTESIAN_POINT('',(0.106895437501,1.4,-0.641379589549));
#3538 = CARTESIAN_POINT('',(1.048332687444,1.4,0.492195482606));
#3539 = CARTESIAN_POINT('',(1.048332687444,1.4,-0.641379589549));
#3540 = SHELL_BASED_SURFACE_MODEL('',(#3541));
#3541 = OPEN_SHELL('',(#3542));
#3542 = ADVANCED_FACE('',(#3543),#3579,.T.);
#3543 = FACE_BOUND('',#3544,.T.);
#3544 = EDGE_LOOP('',(#3545,#3556,#3564,#3573));
#3545 = ORIENTED_EDGE('',*,*,#3546,.T.);
#3546 = EDGE_CURVE('',#3547,#3549,#3551,.T.);
#3547 = VERTEX_POINT('',#3548);
#3548 = CARTESIAN_POINT('',(0.479800019996,1.4,0.2));
#3549 = VERTEX_POINT('',#3550);
#3550 = CARTESIAN_POINT('',(0.200637915853,1.4,-0.235835388548));
#3551 = CIRCLE('',#3552,0.479800019996);
#3552 = AXIS2_PLACEMENT_3D('',#3553,#3554,#3555);
#3553 = CARTESIAN_POINT('',(0.,1.4,0.2));
#3554 = DIRECTION('',(-0.,1.,0.));
#3555 = DIRECTION('',(1.,0.,0.));
#3556 = ORIENTED_EDGE('',*,*,#3557,.T.);
#3557 = EDGE_CURVE('',#3549,#3558,#3560,.T.);
#3558 = VERTEX_POINT('',#3559);
#3559 = CARTESIAN_POINT('',(0.200637915853,1.37,-0.235835388548));
#3560 = LINE('',#3561,#3562);
#3561 = CARTESIAN_POINT('',(0.200637915853,1.4,-0.235835388548));
#3562 = VECTOR('',#3563,1.);
#3563 = DIRECTION('',(0.,-1.,0.));
#3564 = ORIENTED_EDGE('',*,*,#3565,.T.);
#3565 = EDGE_CURVE('',#3558,#3566,#3568,.T.);
#3566 = VERTEX_POINT('',#3567);
#3567 = CARTESIAN_POINT('',(0.479800019996,1.37,0.2));
#3568 = CIRCLE('',#3569,0.479800019996);
#3569 = AXIS2_PLACEMENT_3D('',#3570,#3571,#3572);
#3570 = CARTESIAN_POINT('',(0.,1.37,0.2));
#3571 = DIRECTION('',(0.,-1.,0.));
#3572 = DIRECTION('',(0.418169878056,0.,-0.908368841984));
#3573 = ORIENTED_EDGE('',*,*,#3574,.T.);
#3574 = EDGE_CURVE('',#3566,#3547,#3575,.T.);
#3575 = LINE('',#3576,#3577);
#3576 = CARTESIAN_POINT('',(0.479800019996,1.37,0.2));
#3577 = VECTOR('',#3578,1.);
#3578 = DIRECTION('',(0.,1.,0.));
#3579 = SURFACE_OF_REVOLUTION('',#3580,#3584);
#3580 = LINE('',#3581,#3582);
#3581 = CARTESIAN_POINT('',(0.190655159343,1.368248486566,
    -0.240293844386));
#3582 = VECTOR('',#3583,1.);
#3583 = DIRECTION('',(0.,1.,0.));
#3584 = AXIS1_PLACEMENT('',#3585,#3586);
#3585 = CARTESIAN_POINT('',(0.,1.37,0.2));
#3586 = DIRECTION('',(0.,-1.,0.));
#3587 = SHELL_BASED_SURFACE_MODEL('',(#3588));
#3588 = OPEN_SHELL('',(#3589));
#3589 = ADVANCED_FACE('',(#3590),#3626,.T.);
#3590 = FACE_BOUND('',#3591,.T.);
#3591 = EDGE_LOOP('',(#3592,#3603,#3611,#3620));
#3592 = ORIENTED_EDGE('',*,*,#3593,.T.);
#3593 = EDGE_CURVE('',#3594,#3596,#3598,.T.);
#3594 = VERTEX_POINT('',#3595);
#3595 = CARTESIAN_POINT('',(0.479800019996,1.4,0.2));
#3596 = VERTEX_POINT('',#3597);
#3597 = CARTESIAN_POINT('',(1.000199980004,1.4,0.2));
#3598 = CIRCLE('',#3599,0.260199980004);
#3599 = AXIS2_PLACEMENT_3D('',#3600,#3601,#3602);
#3600 = CARTESIAN_POINT('',(0.74,1.4,0.2));
#3601 = DIRECTION('',(0.,1.,0.));
#3602 = DIRECTION('',(-1.,0.,0.));
#3603 = ORIENTED_EDGE('',*,*,#3604,.T.);
#3604 = EDGE_CURVE('',#3596,#3605,#3607,.T.);
#3605 = VERTEX_POINT('',#3606);
#3606 = CARTESIAN_POINT('',(1.000199980004,1.37,0.2));
#3607 = LINE('',#3608,#3609);
#3608 = CARTESIAN_POINT('',(1.000199980004,1.4,0.2));
#3609 = VECTOR('',#3610,1.);
#3610 = DIRECTION('',(0.,-1.,0.));
#3611 = ORIENTED_EDGE('',*,*,#3612,.T.);
#3612 = EDGE_CURVE('',#3605,#3613,#3615,.T.);
#3613 = VERTEX_POINT('',#3614);
#3614 = CARTESIAN_POINT('',(0.479800019996,1.37,0.2));
#3615 = CIRCLE('',#3616,0.260199980004);
#3616 = AXIS2_PLACEMENT_3D('',#3617,#3618,#3619);
#3617 = CARTESIAN_POINT('',(0.74,1.37,0.2));
#3618 = DIRECTION('',(0.,-1.,0.));
#3619 = DIRECTION('',(1.,0.,2.387678375981E-14));
#3620 = ORIENTED_EDGE('',*,*,#3621,.T.);
#3621 = EDGE_CURVE('',#3613,#3594,#3622,.T.);
#3622 = LINE('',#3623,#3624);
#3623 = CARTESIAN_POINT('',(0.479800019996,1.37,0.2));
#3624 = VECTOR('',#3625,1.);
#3625 = DIRECTION('',(0.,1.,0.));
#3626 = SURFACE_OF_REVOLUTION('',#3627,#3631);
#3627 = LINE('',#3628,#3629);
#3628 = CARTESIAN_POINT('',(0.99968653478,1.368248486566,0.183661908074)
  );
#3629 = VECTOR('',#3630,1.);
#3630 = DIRECTION('',(0.,1.,0.));
#3631 = AXIS1_PLACEMENT('',#3632,#3633);
#3632 = CARTESIAN_POINT('',(0.74,1.37,0.2));
#3633 = DIRECTION('',(0.,-1.,0.));
#3634 = SHELL_BASED_SURFACE_MODEL('',(#3635));
#3635 = OPEN_SHELL('',(#3636));
#3636 = ADVANCED_FACE('',(#3637),#3673,.T.);
#3637 = FACE_BOUND('',#3638,.T.);
#3638 = EDGE_LOOP('',(#3639,#3650,#3658,#3667));
#3639 = ORIENTED_EDGE('',*,*,#3640,.T.);
#3640 = EDGE_CURVE('',#3641,#3643,#3645,.T.);
#3641 = VERTEX_POINT('',#3642);
#3642 = CARTESIAN_POINT('',(1.000199980004,1.4,0.2));
#3643 = VERTEX_POINT('',#3644);
#3644 = CARTESIAN_POINT('',(0.835922435029,1.4,-0.584494382022));
#3645 = CIRCLE('',#3646,1.02);
#3646 = AXIS2_PLACEMENT_3D('',#3647,#3648,#3649);
#3647 = CARTESIAN_POINT('',(0.,1.4,0.));
#3648 = DIRECTION('',(0.,1.,0.));
#3649 = DIRECTION('',(0.98058821569,-0.,0.196078431373));
#3650 = ORIENTED_EDGE('',*,*,#3651,.T.);
#3651 = EDGE_CURVE('',#3643,#3652,#3654,.T.);
#3652 = VERTEX_POINT('',#3653);
#3653 = CARTESIAN_POINT('',(0.835922435029,1.37,-0.584494382022));
#3654 = LINE('',#3655,#3656);
#3655 = CARTESIAN_POINT('',(0.835922435029,1.4,-0.584494382022));
#3656 = VECTOR('',#3657,1.);
#3657 = DIRECTION('',(0.,-1.,0.));
#3658 = ORIENTED_EDGE('',*,*,#3659,.T.);
#3659 = EDGE_CURVE('',#3652,#3660,#3662,.T.);
#3660 = VERTEX_POINT('',#3661);
#3661 = CARTESIAN_POINT('',(1.000199980004,1.37,0.2));
#3662 = CIRCLE('',#3663,1.02);
#3663 = AXIS2_PLACEMENT_3D('',#3664,#3665,#3666);
#3664 = CARTESIAN_POINT('',(0.,1.37,0.));
#3665 = DIRECTION('',(0.,-1.,0.));
#3666 = DIRECTION('',(0.819531799048,0.,-0.573033707865));
#3667 = ORIENTED_EDGE('',*,*,#3668,.T.);
#3668 = EDGE_CURVE('',#3660,#3641,#3669,.T.);
#3669 = LINE('',#3670,#3671);
#3670 = CARTESIAN_POINT('',(1.000199980004,1.37,0.2));
#3671 = VECTOR('',#3672,1.);
#3672 = DIRECTION('',(0.,1.,0.));
#3673 = SURFACE_OF_REVOLUTION('',#3674,#3678);
#3674 = LINE('',#3675,#3676);
#3675 = CARTESIAN_POINT('',(0.826373532846,1.368248486566,
    -0.597918710371));
#3676 = VECTOR('',#3677,1.);
#3677 = DIRECTION('',(0.,1.,0.));
#3678 = AXIS1_PLACEMENT('',#3679,#3680);
#3679 = CARTESIAN_POINT('',(0.,1.37,0.));
#3680 = DIRECTION('',(0.,-1.,0.));
#3681 = SHELL_BASED_SURFACE_MODEL('',(#3682));
#3682 = OPEN_SHELL('',(#3683));
#3683 = ADVANCED_FACE('',(#3684),#3729,.T.);
#3684 = FACE_BOUND('',#3685,.T.);
#3685 = EDGE_LOOP('',(#3686,#3697,#3706,#3714,#3723));
#3686 = ORIENTED_EDGE('',*,*,#3687,.T.);
#3687 = EDGE_CURVE('',#3688,#3690,#3692,.T.);
#3688 = VERTEX_POINT('',#3689);
#3689 = CARTESIAN_POINT('',(0.835922435029,1.4,-0.584494382022));
#3690 = VERTEX_POINT('',#3691);
#3691 = CARTESIAN_POINT('',(0.79932762539,1.4,-0.619580068931));
#3692 = CIRCLE('',#3693,0.13);
#3693 = AXIS2_PLACEMENT_3D('',#3694,#3695,#3696);
#3694 = CARTESIAN_POINT('',(0.729383301153,1.4,-0.51));
#3695 = DIRECTION('',(0.,1.,0.));
#3696 = DIRECTION('',(0.819531799048,0.,-0.573033707865));
#3697 = ORIENTED_EDGE('',*,*,#3698,.T.);
#3698 = EDGE_CURVE('',#3690,#3699,#3701,.T.);
#3699 = VERTEX_POINT('',#3700);
#3700 = CARTESIAN_POINT('',(0.729383301153,1.4,-0.64));
#3701 = CIRCLE('',#3702,0.13);
#3702 = AXIS2_PLACEMENT_3D('',#3703,#3704,#3705);
#3703 = CARTESIAN_POINT('',(0.729383301153,1.4,-0.51));
#3704 = DIRECTION('',(0.,1.,0.));
#3705 = DIRECTION('',(0.538033263366,0.,-0.842923607162));
#3706 = ORIENTED_EDGE('',*,*,#3707,.T.);
#3707 = EDGE_CURVE('',#3699,#3708,#3710,.T.);
#3708 = VERTEX_POINT('',#3709);
#3709 = CARTESIAN_POINT('',(0.729383301153,1.37,-0.64));
#3710 = LINE('',#3711,#3712);
#3711 = CARTESIAN_POINT('',(0.729383301153,1.4,-0.64));
#3712 = VECTOR('',#3713,1.);
#3713 = DIRECTION('',(0.,-1.,0.));
#3714 = ORIENTED_EDGE('',*,*,#3715,.T.);
#3715 = EDGE_CURVE('',#3708,#3716,#3718,.T.);
#3716 = VERTEX_POINT('',#3717);
#3717 = CARTESIAN_POINT('',(0.835922435029,1.37,-0.584494382022));
#3718 = CIRCLE('',#3719,0.13);
#3719 = AXIS2_PLACEMENT_3D('',#3720,#3721,#3722);
#3720 = CARTESIAN_POINT('',(0.729383301153,1.37,-0.51));
#3721 = DIRECTION('',(0.,-1.,0.));
#3722 = DIRECTION('',(0.,0.,-1.));
#3723 = ORIENTED_EDGE('',*,*,#3724,.T.);
#3724 = EDGE_CURVE('',#3716,#3688,#3725,.T.);
#3725 = LINE('',#3726,#3727);
#3726 = CARTESIAN_POINT('',(0.835922435029,1.37,-0.584494382022));
#3727 = VECTOR('',#3728,1.);
#3728 = DIRECTION('',(0.,1.,0.));
#3729 = SURFACE_OF_REVOLUTION('',#3730,#3734);
#3730 = LINE('',#3731,#3732);
#3731 = CARTESIAN_POINT('',(0.72688591173,1.368248486566,-0.639976009502
    ));
#3732 = VECTOR('',#3733,1.);
#3733 = DIRECTION('',(0.,1.,0.));
#3734 = AXIS1_PLACEMENT('',#3735,#3736);
#3735 = CARTESIAN_POINT('',(0.729383301153,1.37,-0.51));
#3736 = DIRECTION('',(0.,-1.,0.));
#3737 = SHELL_BASED_SURFACE_MODEL('',(#3738));
#3738 = OPEN_SHELL('',(#3739));
#3739 = ADVANCED_FACE('',(#3740),#3774,.T.);
#3740 = FACE_BOUND('',#3741,.T.);
#3741 = EDGE_LOOP('',(#3742,#3752,#3760,#3768));
#3742 = ORIENTED_EDGE('',*,*,#3743,.T.);
#3743 = EDGE_CURVE('',#3744,#3746,#3748,.T.);
#3744 = VERTEX_POINT('',#3745);
#3745 = CARTESIAN_POINT('',(0.729383301153,1.37,-0.64));
#3746 = VERTEX_POINT('',#3747);
#3747 = CARTESIAN_POINT('',(0.255,1.37,-0.64));
#3748 = LINE('',#3749,#3750);
#3749 = CARTESIAN_POINT('',(0.729383301153,1.37,-0.64));
#3750 = VECTOR('',#3751,1.);
#3751 = DIRECTION('',(-1.,0.,0.));
#3752 = ORIENTED_EDGE('',*,*,#3753,.T.);
#3753 = EDGE_CURVE('',#3746,#3754,#3756,.T.);
#3754 = VERTEX_POINT('',#3755);
#3755 = CARTESIAN_POINT('',(0.255,1.4,-0.64));
#3756 = LINE('',#3757,#3758);
#3757 = CARTESIAN_POINT('',(0.255,1.37,-0.64));
#3758 = VECTOR('',#3759,1.);
#3759 = DIRECTION('',(0.,1.,0.));
#3760 = ORIENTED_EDGE('',*,*,#3761,.T.);
#3761 = EDGE_CURVE('',#3754,#3762,#3764,.T.);
#3762 = VERTEX_POINT('',#3763);
#3763 = CARTESIAN_POINT('',(0.729383301153,1.4,-0.64));
#3764 = LINE('',#3765,#3766);
#3765 = CARTESIAN_POINT('',(0.255,1.4,-0.64));
#3766 = VECTOR('',#3767,1.);
#3767 = DIRECTION('',(1.,0.,0.));
#3768 = ORIENTED_EDGE('',*,*,#3769,.T.);
#3769 = EDGE_CURVE('',#3762,#3744,#3770,.T.);
#3770 = LINE('',#3771,#3772);
#3771 = CARTESIAN_POINT('',(0.729383301153,1.4,-0.64));
#3772 = VECTOR('',#3773,1.);
#3773 = DIRECTION('',(0.,-1.,0.));
#3774 = B_SPLINE_SURFACE_WITH_KNOTS('',1,1,(
    (#3775,#3776)
    ,(#3777,#3778
    )),.UNSPECIFIED.,.F.,.F.,.F.,(2,2),(2,2),(-3.735301583877E-04,
    1.905003807777E-02),(-6.895722179475E-05,1.250059583999E-03),
  .PIECEWISE_BEZIER_KNOTS.);
#3775 = CARTESIAN_POINT('',(0.738870967175,1.368248486566,-0.64));
#3776 = CARTESIAN_POINT('',(0.738870967175,1.401751513434,-0.64));
#3777 = CARTESIAN_POINT('',(0.245512333977,1.368248486566,-0.64));
#3778 = CARTESIAN_POINT('',(0.245512333977,1.401751513434,-0.64));
#3779 = SHELL_BASED_SURFACE_MODEL('',(#3780));
#3780 = OPEN_SHELL('',(#3781));
#3781 = ADVANCED_FACE('',(#3782),#3818,.T.);
#3782 = FACE_BOUND('',#3783,.T.);
#3783 = EDGE_LOOP('',(#3784,#3795,#3803,#3812));
#3784 = ORIENTED_EDGE('',*,*,#3785,.T.);
#3785 = EDGE_CURVE('',#3786,#3788,#3790,.T.);
#3786 = VERTEX_POINT('',#3787);
#3787 = CARTESIAN_POINT('',(0.125,1.37,-0.51));
#3788 = VERTEX_POINT('',#3789);
#3789 = CARTESIAN_POINT('',(0.255,1.37,-0.64));
#3790 = CIRCLE('',#3791,0.13);
#3791 = AXIS2_PLACEMENT_3D('',#3792,#3793,#3794);
#3792 = CARTESIAN_POINT('',(0.255,1.37,-0.51));
#3793 = DIRECTION('',(0.,-1.,0.));
#3794 = DIRECTION('',(-1.,0.,0.));
#3795 = ORIENTED_EDGE('',*,*,#3796,.T.);
#3796 = EDGE_CURVE('',#3788,#3797,#3799,.T.);
#3797 = VERTEX_POINT('',#3798);
#3798 = CARTESIAN_POINT('',(0.255,1.4,-0.64));
#3799 = LINE('',#3800,#3801);
#3800 = CARTESIAN_POINT('',(0.255,1.37,-0.64));
#3801 = VECTOR('',#3802,1.);
#3802 = DIRECTION('',(0.,1.,0.));
#3803 = ORIENTED_EDGE('',*,*,#3804,.T.);
#3804 = EDGE_CURVE('',#3797,#3805,#3807,.T.);
#3805 = VERTEX_POINT('',#3806);
#3806 = CARTESIAN_POINT('',(0.125,1.4,-0.51));
#3807 = CIRCLE('',#3808,0.13);
#3808 = AXIS2_PLACEMENT_3D('',#3809,#3810,#3811);
#3809 = CARTESIAN_POINT('',(0.255,1.4,-0.51));
#3810 = DIRECTION('',(0.,1.,0.));
#3811 = DIRECTION('',(0.,0.,-1.));
#3812 = ORIENTED_EDGE('',*,*,#3813,.T.);
#3813 = EDGE_CURVE('',#3805,#3786,#3814,.T.);
#3814 = LINE('',#3815,#3816);
#3815 = CARTESIAN_POINT('',(0.125,1.4,-0.51));
#3816 = VECTOR('',#3817,1.);
#3817 = DIRECTION('',(0.,-1.,0.));
#3818 = SURFACE_OF_REVOLUTION('',#3819,#3823);
#3819 = LINE('',#3820,#3821);
#3820 = CARTESIAN_POINT('',(0.125064147152,1.368248486566,-0.50591660132
    ));
#3821 = VECTOR('',#3822,1.);
#3822 = DIRECTION('',(0.,1.,0.));
#3823 = AXIS1_PLACEMENT('',#3824,#3825);
#3824 = CARTESIAN_POINT('',(0.255,1.37,-0.51));
#3825 = DIRECTION('',(0.,-1.,0.));
#3826 = SHELL_BASED_SURFACE_MODEL('',(#3827));
#3827 = OPEN_SHELL('',(#3828));
#3828 = ADVANCED_FACE('',(#3829),#3865,.T.);
#3829 = FACE_BOUND('',#3830,.T.);
#3830 = EDGE_LOOP('',(#3831,#3842,#3850,#3859));
#3831 = ORIENTED_EDGE('',*,*,#3832,.T.);
#3832 = EDGE_CURVE('',#3833,#3835,#3837,.T.);
#3833 = VERTEX_POINT('',#3834);
#3834 = CARTESIAN_POINT('',(0.125,1.4,-0.353923338005));
#3835 = VERTEX_POINT('',#3836);
#3836 = CARTESIAN_POINT('',(0.200637915853,1.4,-0.235835388548));
#3837 = CIRCLE('',#3838,0.13);
#3838 = AXIS2_PLACEMENT_3D('',#3839,#3840,#3841);
#3839 = CARTESIAN_POINT('',(0.255,1.4,-0.353923338005));
#3840 = DIRECTION('',(0.,1.,0.));
#3841 = DIRECTION('',(-1.,0.,0.));
#3842 = ORIENTED_EDGE('',*,*,#3843,.T.);
#3843 = EDGE_CURVE('',#3835,#3844,#3846,.T.);
#3844 = VERTEX_POINT('',#3845);
#3845 = CARTESIAN_POINT('',(0.200637915853,1.37,-0.235835388548));
#3846 = LINE('',#3847,#3848);
#3847 = CARTESIAN_POINT('',(0.200637915853,1.4,-0.235835388548));
#3848 = VECTOR('',#3849,1.);
#3849 = DIRECTION('',(0.,-1.,0.));
#3850 = ORIENTED_EDGE('',*,*,#3851,.T.);
#3851 = EDGE_CURVE('',#3844,#3852,#3854,.T.);
#3852 = VERTEX_POINT('',#3853);
#3853 = CARTESIAN_POINT('',(0.125,1.37,-0.353923338005));
#3854 = CIRCLE('',#3855,0.13);
#3855 = AXIS2_PLACEMENT_3D('',#3856,#3857,#3858);
#3856 = CARTESIAN_POINT('',(0.255,1.37,-0.353923338005));
#3857 = DIRECTION('',(0.,-1.,0.));
#3858 = DIRECTION('',(-0.418169878056,0.,0.908368841984));
#3859 = ORIENTED_EDGE('',*,*,#3860,.T.);
#3860 = EDGE_CURVE('',#3852,#3833,#3861,.T.);
#3861 = LINE('',#3862,#3863);
#3862 = CARTESIAN_POINT('',(0.125,1.37,-0.353923338005));
#3863 = VECTOR('',#3864,1.);
#3864 = DIRECTION('',(0.,1.,0.));
#3865 = SURFACE_OF_REVOLUTION('',#3866,#3870);
#3866 = LINE('',#3867,#3868);
#3867 = CARTESIAN_POINT('',(0.203342705957,1.368248486566,
    -0.234627386808));
#3868 = VECTOR('',#3869,1.);
#3869 = DIRECTION('',(0.,1.,0.));
#3870 = AXIS1_PLACEMENT('',#3871,#3872);
#3871 = CARTESIAN_POINT('',(0.255,1.37,-0.353923338005));
#3872 = DIRECTION('',(0.,-1.,0.));
#3873 = SHELL_BASED_SURFACE_MODEL('',(#3874));
#3874 = OPEN_SHELL('',(#3875));
#3875 = ADVANCED_FACE('',(#3876),#3912,.T.);
#3876 = FACE_BOUND('',#3877,.T.);
#3877 = EDGE_LOOP('',(#3878,#3889,#3897,#3906));
#3878 = ORIENTED_EDGE('',*,*,#3879,.T.);
#3879 = EDGE_CURVE('',#3880,#3882,#3884,.T.);
#3880 = VERTEX_POINT('',#3881);
#3881 = CARTESIAN_POINT('',(0.125,1.46274170406,-0.342678544261));
#3882 = VERTEX_POINT('',#3883);
#3883 = CARTESIAN_POINT('',(0.199713514422,1.46274170406,-0.22502054618)
  );
#3884 = CIRCLE('',#3885,0.13);
#3885 = AXIS2_PLACEMENT_3D('',#3886,#3887,#3888);
#3886 = CARTESIAN_POINT('',(0.255,1.46274170406,-0.342678544261));
#3887 = DIRECTION('',(0.,1.,0.));
#3888 = DIRECTION('',(-1.,0.,0.));
#3889 = ORIENTED_EDGE('',*,*,#3890,.T.);
#3890 = EDGE_CURVE('',#3882,#3891,#3893,.T.);
#3891 = VERTEX_POINT('',#3892);
#3892 = CARTESIAN_POINT('',(0.199713514422,1.4,-0.22502054618));
#3893 = LINE('',#3894,#3895);
#3894 = CARTESIAN_POINT('',(0.199713514422,1.46274170406,-0.22502054618)
  );
#3895 = VECTOR('',#3896,1.);
#3896 = DIRECTION('',(0.,-1.,0.));
#3897 = ORIENTED_EDGE('',*,*,#3898,.T.);
#3898 = EDGE_CURVE('',#3891,#3899,#3901,.T.);
#3899 = VERTEX_POINT('',#3900);
#3900 = CARTESIAN_POINT('',(0.125,1.4,-0.342678544261));
#3901 = CIRCLE('',#3902,0.13);
#3902 = AXIS2_PLACEMENT_3D('',#3903,#3904,#3905);
#3903 = CARTESIAN_POINT('',(0.255,1.4,-0.342678544261));
#3904 = DIRECTION('',(0.,-1.,0.));
#3905 = DIRECTION('',(-0.425280658291,0.,0.905061523701));
#3906 = ORIENTED_EDGE('',*,*,#3907,.T.);
#3907 = EDGE_CURVE('',#3899,#3880,#3908,.T.);
#3908 = LINE('',#3909,#3910);
#3909 = CARTESIAN_POINT('',(0.125,1.4,-0.342678544261));
#3910 = VECTOR('',#3911,1.);
#3911 = DIRECTION('',(0.,1.,0.));
#3912 = SURFACE_OF_REVOLUTION('',#3913,#3917);
#3913 = LINE('',#3914,#3915);
#3914 = CARTESIAN_POINT('',(0.202390101562,1.398248486567,
    -0.223799620198));
#3915 = VECTOR('',#3916,1.);
#3916 = DIRECTION('',(0.,1.,0.));
#3917 = AXIS1_PLACEMENT('',#3918,#3919);
#3918 = CARTESIAN_POINT('',(0.255,1.4,-0.342678544261));
#3919 = DIRECTION('',(0.,-1.,0.));
#3920 = SHELL_BASED_SURFACE_MODEL('',(#3921));
#3921 = OPEN_SHELL('',(#3922));
#3922 = ADVANCED_FACE('',(#3923),#3989,.T.);
#3923 = FACE_BOUND('',#3924,.T.);
#3924 = EDGE_LOOP('',(#3925,#3943,#3972,#3982));
#3925 = ORIENTED_EDGE('',*,*,#3926,.T.);
#3926 = EDGE_CURVE('',#3927,#3929,#3931,.T.);
#3927 = VERTEX_POINT('',#3928);
#3928 = CARTESIAN_POINT('',(0.199713514422,1.46274170406,-0.22502054618)
  );
#3929 = VERTEX_POINT('',#3930);
#3930 = CARTESIAN_POINT('',(0.229077170421,1.5016,-0.209940974422));
#3931 = B_SPLINE_CURVE_WITH_KNOTS('',3,(#3932,#3933,#3934,#3935,#3936,
    #3937,#3938,#3939,#3940,#3941,#3942),.UNSPECIFIED.,.F.,.F.,(4,1,1,1,
    1,1,1,1,4),(0.,0.125,0.25,0.375,0.5,0.625,0.75,0.875,1.),
  .QUASI_UNIFORM_KNOTS.);
#3932 = CARTESIAN_POINT('',(0.199713514422,1.46274170406,-0.22502054618)
  );
#3933 = CARTESIAN_POINT('',(0.199541166467,1.464699081988,
    -0.225101531008));
#3934 = CARTESIAN_POINT('',(0.200148188328,1.468853203627,
    -0.224816598113));
#3935 = CARTESIAN_POINT('',(0.201853391779,1.475714842485,
    -0.224011207793));
#3936 = CARTESIAN_POINT('',(0.205267674184,1.48314500629,-0.222374907603
    ));
#3937 = CARTESIAN_POINT('',(0.210045388451,1.490241714114,
    -0.220022773081));
#3938 = CARTESIAN_POINT('',(0.214952771763,1.495440765388,
    -0.217532628975));
#3939 = CARTESIAN_POINT('',(0.219918568192,1.499080470898,
    -0.214938850503));
#3940 = CARTESIAN_POINT('',(0.224741736666,1.501079251136,
    -0.212344935908));
#3941 = CARTESIAN_POINT('',(0.227668555742,1.501579649979,
    -0.210728115705));
#3942 = CARTESIAN_POINT('',(0.229077170421,1.5016,-0.209940974422));
#3943 = ORIENTED_EDGE('',*,*,#3944,.T.);
#3944 = EDGE_CURVE('',#3929,#3945,#3947,.T.);
#3945 = VERTEX_POINT('',#3946);
#3946 = CARTESIAN_POINT('',(0.125,1.5016,-0.38732447043));
#3947 = B_SPLINE_CURVE_WITH_KNOTS('',3,(#3948,#3949,#3950,#3951,#3952,
    #3953,#3954,#3955,#3956,#3957,#3958,#3959,#3960,#3961,#3962,#3963,
    #3964,#3965,#3966,#3967,#3968,#3969,#3970,#3971),.UNSPECIFIED.,.F.,
  .F.,(4,1,1,1,1,1,1,1,1,1,1,1,1,1,1,1,1,1,1,1,1,4),(0.,
    4.761904761905E-02,9.52380952381E-02,0.142857142857,0.190476190476,
    0.238095238095,0.285714285714,0.333333333333,0.380952380952,
    0.428571428571,0.47619047619,0.523809523809,0.571428571429,
    0.619047619048,0.666666666667,0.714285714286,0.761904761905,
    0.809523809524,0.857142857143,0.904761904762,0.952380952381,1.),
  .UNSPECIFIED.);
#3948 = CARTESIAN_POINT('',(0.229077170421,1.5016,-0.209940974422));
#3949 = CARTESIAN_POINT('',(0.228978764453,1.506390861359,
    -0.209995964194));
#3950 = CARTESIAN_POINT('',(0.228505772349,1.516016388901,-0.21064499766
    ));
#3951 = CARTESIAN_POINT('',(0.226719368047,1.530620801003,
    -0.213467337329));
#3952 = CARTESIAN_POINT('',(0.223769228689,1.544837520916,
    -0.218228331187));
#3953 = CARTESIAN_POINT('',(0.219777321333,1.558170465668,
    -0.224802556608));
#3954 = CARTESIAN_POINT('',(0.214843192437,1.570192524089,
    -0.233006846922));
#3955 = CARTESIAN_POINT('',(0.209073057635,1.580641290473,
    -0.242652682852));
#3956 = CARTESIAN_POINT('',(0.202594299761,1.589321562169,
    -0.253545371291));
#3957 = CARTESIAN_POINT('',(0.195557151612,1.596019866873,
    -0.265425700445));
#3958 = CARTESIAN_POINT('',(0.188108710021,1.600588198449,
    -0.278034499442));
#3959 = CARTESIAN_POINT('',(0.180422812503,1.602944353177,-0.29109702651
    ));
#3960 = CARTESIAN_POINT('',(0.172662340061,1.603025954518,
    -0.304322804659));
#3961 = CARTESIAN_POINT('',(0.164997695362,1.600830373966,-0.31741891573
    ));
#3962 = CARTESIAN_POINT('',(0.157603433107,1.59642144336,-0.330104295574
    ));
#3963 = CARTESIAN_POINT('',(0.150635350848,1.589879367605,
    -0.342091873643));
#3964 = CARTESIAN_POINT('',(0.144251080833,1.581357862064,
    -0.353120450506));
#3965 = CARTESIAN_POINT('',(0.138589947671,1.571044531536,
    -0.362952887113));
#3966 = CARTESIAN_POINT('',(0.133776013777,1.559157980536,
    -0.371361244783));
#3967 = CARTESIAN_POINT('',(0.1299196492,1.545977824402,-0.378164362912)
  );
#3968 = CARTESIAN_POINT('',(0.127098929121,1.531771335638,-0.38322143158
    ));
#3969 = CARTESIAN_POINT('',(0.125382737321,1.516847648052,
    -0.386404728222));
#3970 = CARTESIAN_POINT('',(0.125,1.506706736901,-0.387238201194));
#3971 = CARTESIAN_POINT('',(0.125,1.5016,-0.38732447043));
#3972 = ORIENTED_EDGE('',*,*,#3973,.T.);
#3973 = EDGE_CURVE('',#3945,#3974,#3976,.T.);
#3974 = VERTEX_POINT('',#3975);
#3975 = CARTESIAN_POINT('',(0.125,1.46274170406,-0.342678544261));
#3976 = B_SPLINE_CURVE_WITH_KNOTS('',3,(#3977,#3978,#3979,#3980,#3981),
  .UNSPECIFIED.,.F.,.F.,(4,1,4),(0.,0.5,1.),.QUASI_UNIFORM_KNOTS.);
#3977 = CARTESIAN_POINT('',(0.125,1.5016,-0.38732447043));
#3978 = CARTESIAN_POINT('',(0.125,1.501432298639,-0.377337027444));
#3979 = CARTESIAN_POINT('',(0.125,1.491944847562,-0.355014064359));
#3980 = CARTESIAN_POINT('',(0.125,1.472683400952,-0.342678544261));
#3981 = CARTESIAN_POINT('',(0.125,1.46274170406,-0.342678544261));
#3982 = ORIENTED_EDGE('',*,*,#3983,.T.);
#3983 = EDGE_CURVE('',#3974,#3927,#3984,.T.);
#3984 = CIRCLE('',#3985,0.13);
#3985 = AXIS2_PLACEMENT_3D('',#3986,#3987,#3988);
#3986 = CARTESIAN_POINT('',(0.255,1.46274170406,-0.342678544261));
#3987 = DIRECTION('',(0.,1.,0.));
#3988 = DIRECTION('',(-1.,0.,0.));
#3989 = B_SPLINE_SURFACE_WITH_KNOTS('',3,3,(
    (#3990,#3991,#3992,#3993,#3994)
    ,(#3995,#3996,#3997,#3998,#3999)
    ,(#4000,#4001,#4002,#4003,#4004)
    ,(#4005,#4006,#4007,#4008,#4009)
    ,(#4010,#4011,#4012,#4013,#4014)
    ,(#4015,#4016,#4017,#4018,#4019)
    ,(#4020,#4021,#4022,#4023,#4024)
    ,(#4025,#4026,#4027,#4028,#4029)
    ,(#4030,#4031,#4032,#4033,#4034)
    ,(#4035,#4036,#4037,#4038,#4039)
    ,(#4040,#4041,#4042,#4043,#4044)
    ,(#4045,#4046,#4047,#4048,#4049
    )),.UNSPECIFIED.,.F.,.F.,.F.,(4,1,1,1,1,1,1,1,1,4),(4,1,4),(
    -1.027729861696E-02,6.25E-02,0.125,0.25,0.375,0.5,0.625,0.75,0.875,
    1.009940571728),(-1.855187623779E-02,0.5,1.015996634517),
  .UNSPECIFIED.);
#3990 = CARTESIAN_POINT('',(0.229960979006,1.498233688894,
    -0.209477126786));
#3991 = CARTESIAN_POINT('',(0.222385854993,1.498816088093,
    -0.213728469251));
#3992 = CARTESIAN_POINT('',(0.207412115326,1.488911245696,
    -0.221420516516));
#3993 = CARTESIAN_POINT('',(0.200572784053,1.470205380097,
    -0.224621909581));
#3994 = CARTESIAN_POINT('',(0.201125505403,1.461972990145,
    -0.224367223853));
#3995 = CARTESIAN_POINT('',(0.229873566437,1.506247270924,
    -0.209377109351));
#3996 = CARTESIAN_POINT('',(0.221885130829,1.505477294745,
    -0.213899033871));
#3997 = CARTESIAN_POINT('',(0.206055471107,1.492893264609,
    -0.222079067297));
#3998 = CARTESIAN_POINT('',(0.198007645952,1.471464967392,
    -0.225800766829));
#3999 = CARTESIAN_POINT('',(0.197808915193,1.461843927975,
    -0.225877778833));
#4000 = CARTESIAN_POINT('',(0.229253569969,1.520877289794,
    -0.210431595158));
#4001 = CARTESIAN_POINT('',(0.220520757088,1.517612987448,
    -0.215158256142));
#4002 = CARTESIAN_POINT('',(0.203218322946,1.500139280942,
    -0.223672615834));
#4003 = CARTESIAN_POINT('',(0.193195453899,1.473765944431,
    -0.228171332889));
#4004 = CARTESIAN_POINT('',(0.191773526297,1.461608204945,
    -0.228940933172));
#4005 = CARTESIAN_POINT('',(0.224859274604,1.547990786064,
    -0.217661089288));
#4006 = CARTESIAN_POINT('',(0.215156188579,1.540148272479,
    -0.221751175178));
#4007 = CARTESIAN_POINT('',(0.195918632768,1.513616310778,
    -0.228840676799));
#4008 = CARTESIAN_POINT('',(0.183525121674,1.478033954567,
    -0.233697079732));
#4009 = CARTESIAN_POINT('',(0.180728409144,1.461170912798,
    -0.235674253822));
#4010 = CARTESIAN_POINT('',(0.215029776064,1.57654026528,-0.234259900208
    ));
#4011 = CARTESIAN_POINT('',(0.204861325717,1.564093673768,
    -0.236171440037));
#4012 = CARTESIAN_POINT('',(0.184567602163,1.528037786418,
    -0.238774197232));
#4013 = CARTESIAN_POINT('',(0.171432099703,1.482542198063,
    -0.242187070826));
#4014 = CARTESIAN_POINT('',(0.168499643317,1.46070871794,-0.24506725287)
  );
#4015 = CARTESIAN_POINT('',(0.197579644819,1.599357045755,-0.26390596008
    ));
#4016 = CARTESIAN_POINT('',(0.18794093851,1.58357091462,-0.262105660538)
  );
#4017 = CARTESIAN_POINT('',(0.168485585993,1.539955993188,
    -0.256961755033));
#4018 = CARTESIAN_POINT('',(0.157148665527,1.486196296132,
    -0.255798909603));
#4019 = CARTESIAN_POINT('',(0.155699422607,1.460333736776,
    -0.258143910238));
#4020 = CARTESIAN_POINT('',(0.177120485826,1.607348363937,
    -0.298772706959));
#4021 = CARTESIAN_POINT('',(0.168987704374,1.590504710392,
    -0.293174578218));
#4022 = CARTESIAN_POINT('',(0.152521378601,1.544354438004,
    -0.279924857404));
#4023 = CARTESIAN_POINT('',(0.144524860241,1.487582823237,
    -0.272453319879));
#4024 = CARTESIAN_POINT('',(0.144913658718,1.460191647703,
    -0.272776546037));
#4025 = CARTESIAN_POINT('',(0.156691102734,1.599342408335,
    -0.333654926894));
#4026 = CARTESIAN_POINT('',(0.150882233776,1.583653851373,
    -0.324781321038));
#4027 = CARTESIAN_POINT('',(0.139208345886,1.540393523516,
    -0.304596790589));
#4028 = CARTESIAN_POINT('',(0.134786196493,1.486525869518,-0.29096968151
    ));
#4029 = CARTESIAN_POINT('',(0.136259435952,1.460300916468,
    -0.288759784529));
#4030 = CARTESIAN_POINT('',(0.139352285442,1.576539360239,
    -0.363347092481));
#4031 = CARTESIAN_POINT('',(0.136280006627,1.564238365337,
    -0.352158887038));
#4032 = CARTESIAN_POINT('',(0.130184862819,1.528882872855,
    -0.327290622102));
#4033 = CARTESIAN_POINT('',(0.128509556361,1.483206284637,
    -0.309725185233));
#4034 = CARTESIAN_POINT('',(0.129870147727,1.460642642131,
    -0.305901558756));
#4035 = CARTESIAN_POINT('',(0.127424099388,1.541294341992,
    -0.383917162048));
#4036 = CARTESIAN_POINT('',(0.126794757768,1.534678933716,
    -0.371906045383));
#4037 = CARTESIAN_POINT('',(0.12555818998,1.511442001638,-0.345411871728
    ));
#4038 = CARTESIAN_POINT('',(0.125376314226,1.477983011781,
    -0.327683110568));
#4039 = CARTESIAN_POINT('',(0.125803721337,1.46117929135,-0.324452455315
    ));
#4040 = CARTESIAN_POINT('',(0.124790656975,1.513131599791,
    -0.388672907937));
#4041 = CARTESIAN_POINT('',(0.12484430828,1.511352930374,-0.377641720102
    ));
#4042 = CARTESIAN_POINT('',(0.124949788058,1.497771748487,
    -0.352889482955));
#4043 = CARTESIAN_POINT('',(0.124966133643,1.473784260361,
    -0.338301683881));
#4044 = CARTESIAN_POINT('',(0.124930472226,1.461610134428,
    -0.337424772684));
#4045 = CARTESIAN_POINT('',(0.125025974151,1.49833236244,-0.388419323863
    ));
#4046 = CARTESIAN_POINT('',(0.125019343924,1.499069453103,
    -0.378365240668));
#4047 = CARTESIAN_POINT('',(0.12500630633,1.490561965597,-0.355475439685
    ));
#4048 = CARTESIAN_POINT('',(0.125004253968,1.471577467766,
    -0.343425042168));
#4049 = CARTESIAN_POINT('',(0.125008631159,1.461836617032,
    -0.344192730999));
#4050 = SHELL_BASED_SURFACE_MODEL('',(#4051));
#4051 = OPEN_SHELL('',(#4052));
#4052 = ADVANCED_FACE('',(#4053),#4105,.T.);
#4053 = FACE_BOUND('',#4054,.T.);
#4054 = EDGE_LOOP('',(#4055,#4066,#4082,#4090,#4099));
#4055 = ORIENTED_EDGE('',*,*,#4056,.T.);
#4056 = EDGE_CURVE('',#4057,#4059,#4061,.T.);
#4057 = VERTEX_POINT('',#4058);
#4058 = CARTESIAN_POINT('',(0.469604038013,1.5016,0.200000000001));
#4059 = VERTEX_POINT('',#4060);
#4060 = CARTESIAN_POINT('',(0.229077170421,1.5016,-0.209940974422));
#4061 = CIRCLE('',#4062,0.469604038013);
#4062 = AXIS2_PLACEMENT_3D('',#4063,#4064,#4065);
#4063 = CARTESIAN_POINT('',(0.,1.5016,0.2));
#4064 = DIRECTION('',(-0.,1.,0.));
#4065 = DIRECTION('',(1.,0.,0.));
#4066 = ORIENTED_EDGE('',*,*,#4067,.T.);
#4067 = EDGE_CURVE('',#4059,#4068,#4070,.T.);
#4068 = VERTEX_POINT('',#4069);
#4069 = CARTESIAN_POINT('',(0.199713514422,1.46274170406,-0.22502054618)
  );
#4070 = B_SPLINE_CURVE_WITH_KNOTS('',3,(#4071,#4072,#4073,#4074,#4075,
    #4076,#4077,#4078,#4079,#4080,#4081),.UNSPECIFIED.,.F.,.F.,(4,1,1,1,
    1,1,1,1,4),(0.,0.125,0.25,0.375,0.5,0.625,0.75,0.875,1.),
  .QUASI_UNIFORM_KNOTS.);
#4071 = CARTESIAN_POINT('',(0.229077170421,1.5016,-0.209940974422));
#4072 = CARTESIAN_POINT('',(0.227668555742,1.501579649979,
    -0.210728115705));
#4073 = CARTESIAN_POINT('',(0.224741736666,1.501079251136,
    -0.212344935908));
#4074 = CARTESIAN_POINT('',(0.219918568192,1.499080470898,
    -0.214938850503));
#4075 = CARTESIAN_POINT('',(0.214952771763,1.495440765388,
    -0.217532628975));
#4076 = CARTESIAN_POINT('',(0.210045388451,1.490241714114,
    -0.220022773081));
#4077 = CARTESIAN_POINT('',(0.205267674184,1.48314500629,-0.222374907603
    ));
#4078 = CARTESIAN_POINT('',(0.201853391779,1.475714842485,
    -0.224011207793));
#4079 = CARTESIAN_POINT('',(0.200148188328,1.468853203627,
    -0.224816598113));
#4080 = CARTESIAN_POINT('',(0.199541166467,1.464699081988,
    -0.225101531008));
#4081 = CARTESIAN_POINT('',(0.199713514422,1.46274170406,-0.22502054618)
  );
#4082 = ORIENTED_EDGE('',*,*,#4083,.T.);
#4083 = EDGE_CURVE('',#4068,#4084,#4086,.T.);
#4084 = VERTEX_POINT('',#4085);
#4085 = CARTESIAN_POINT('',(0.199713514422,1.4,-0.22502054618));
#4086 = LINE('',#4087,#4088);
#4087 = CARTESIAN_POINT('',(0.199713514422,1.46274170406,-0.22502054618)
  );
#4088 = VECTOR('',#4089,1.);
#4089 = DIRECTION('',(0.,-1.,0.));
#4090 = ORIENTED_EDGE('',*,*,#4091,.T.);
#4091 = EDGE_CURVE('',#4084,#4092,#4094,.T.);
#4092 = VERTEX_POINT('',#4093);
#4093 = CARTESIAN_POINT('',(0.469604038013,1.4,0.2));
#4094 = CIRCLE('',#4095,0.469604038013);
#4095 = AXIS2_PLACEMENT_3D('',#4096,#4097,#4098);
#4096 = CARTESIAN_POINT('',(0.,1.4,0.2));
#4097 = DIRECTION('',(0.,-1.,0.));
#4098 = DIRECTION('',(0.425280658291,0.,-0.905061523701));
#4099 = ORIENTED_EDGE('',*,*,#4100,.T.);
#4100 = EDGE_CURVE('',#4092,#4057,#4101,.T.);
#4101 = LINE('',#4102,#4103);
#4102 = CARTESIAN_POINT('',(0.469604038013,1.4,0.2));
#4103 = VECTOR('',#4104,1.);
#4104 = DIRECTION('',(0.,1.,2.150016276126E-11));
#4105 = SURFACE_OF_REVOLUTION('',#4106,#4110);
#4106 = LINE('',#4107,#4108);
#4107 = CARTESIAN_POINT('',(0.190044774969,1.397968,-0.229430944419));
#4108 = VECTOR('',#4109,1.);
#4109 = DIRECTION('',(0.,1.,0.));
#4110 = AXIS1_PLACEMENT('',#4111,#4112);
#4111 = CARTESIAN_POINT('',(0.,1.4,0.2));
#4112 = DIRECTION('',(0.,-1.,0.));
#4113 = SHELL_BASED_SURFACE_MODEL('',(#4114));
#4114 = OPEN_SHELL('',(#4115));
#4115 = ADVANCED_FACE('',(#4116),#4154,.T.);
#4116 = FACE_BOUND('',#4117,.T.);
#4117 = EDGE_LOOP('',(#4118,#4129,#4138,#4147));
#4118 = ORIENTED_EDGE('',*,*,#4119,.T.);
#4119 = EDGE_CURVE('',#4120,#4122,#4124,.T.);
#4120 = VERTEX_POINT('',#4121);
#4121 = CARTESIAN_POINT('',(0.328201049284,1.7048,-0.387323884084));
#4122 = VERTEX_POINT('',#4123);
#4123 = CARTESIAN_POINT('',(0.672804038013,1.7048,0.2));
#4124 = CIRCLE('',#4125,0.672804038013);
#4125 = AXIS2_PLACEMENT_3D('',#4126,#4127,#4128);
#4126 = CARTESIAN_POINT('',(0.,1.7048,0.2));
#4127 = DIRECTION('',(0.,-1.,0.));
#4128 = DIRECTION('',(0.487810825119,0.,-0.872949367889));
#4129 = ORIENTED_EDGE('',*,*,#4130,.T.);
#4130 = EDGE_CURVE('',#4122,#4131,#4133,.T.);
#4131 = VERTEX_POINT('',#4132);
#4132 = CARTESIAN_POINT('',(0.469604038013,1.5016,0.200000000427));
#4133 = CIRCLE('',#4134,0.2032);
#4134 = AXIS2_PLACEMENT_3D('',#4135,#4136,#4137);
#4135 = CARTESIAN_POINT('',(0.672804038013,1.5016,0.200000000212));
#4136 = DIRECTION('',(3.158723053953E-09,0.,1.));
#4137 = DIRECTION('',(-0.,1.,0.));
#4138 = ORIENTED_EDGE('',*,*,#4139,.T.);
#4139 = EDGE_CURVE('',#4131,#4140,#4142,.T.);
#4140 = VERTEX_POINT('',#4141);
#4141 = CARTESIAN_POINT('',(0.229077170421,1.5016,-0.209940974422));
#4142 = CIRCLE('',#4143,0.469604038013);
#4143 = AXIS2_PLACEMENT_3D('',#4144,#4145,#4146);
#4144 = CARTESIAN_POINT('',(0.,1.5016,0.2));
#4145 = DIRECTION('',(-0.,1.,0.));
#4146 = DIRECTION('',(1.,0.,0.));
#4147 = ORIENTED_EDGE('',*,*,#4148,.T.);
#4148 = EDGE_CURVE('',#4140,#4120,#4149,.T.);
#4149 = CIRCLE('',#4150,0.2032);
#4150 = AXIS2_PLACEMENT_3D('',#4151,#4152,#4153);
#4151 = CARTESIAN_POINT('',(0.3282,1.5016,-0.38732447043));
#4152 = DIRECTION('',(-0.872950275633,0.,-0.487809200684));
#4153 = DIRECTION('',(-0.487809200684,0.,0.872950275633));
#4154 = SURFACE_OF_REVOLUTION('',#4155,#4160);
#4155 = CIRCLE('',#4156,0.2032);
#4156 = AXIS2_PLACEMENT_3D('',#4157,#4158,#4159);
#4157 = CARTESIAN_POINT('',(0.315661430085,1.5016,-0.394157500267));
#4158 = DIRECTION('',(0.883106323234,1.734723475977E-18,0.469172912542)
  );
#4159 = DIRECTION('',(1.473707732185E-02,0.999506560366,
    -2.773903995949E-02));
#4160 = AXIS1_PLACEMENT('',#4161,#4162);
#4161 = CARTESIAN_POINT('',(0.,1.5016,0.2));
#4162 = DIRECTION('',(0.,-1.,0.));
#4163 = SHELL_BASED_SURFACE_MODEL('',(#4164));
#4164 = OPEN_SHELL('',(#4165));
#4165 = ADVANCED_FACE('',(#4166),#4215,.T.);
#4166 = FACE_BOUND('',#4167,.T.);
#4167 = EDGE_LOOP('',(#4168,#4179,#4208));
#4168 = ORIENTED_EDGE('',*,*,#4169,.T.);
#4169 = EDGE_CURVE('',#4170,#4172,#4174,.T.);
#4170 = VERTEX_POINT('',#4171);
#4171 = CARTESIAN_POINT('',(0.3282,1.7048,-0.38732447043));
#4172 = VERTEX_POINT('',#4173);
#4173 = CARTESIAN_POINT('',(0.229077170421,1.5016,-0.209940974422));
#4174 = CIRCLE('',#4175,0.2032);
#4175 = AXIS2_PLACEMENT_3D('',#4176,#4177,#4178);
#4176 = CARTESIAN_POINT('',(0.3282,1.5016,-0.38732447043));
#4177 = DIRECTION('',(0.872950275633,0.,0.487809200684));
#4178 = DIRECTION('',(-0.,1.,0.));
#4179 = ORIENTED_EDGE('',*,*,#4180,.T.);
#4180 = EDGE_CURVE('',#4172,#4181,#4183,.T.);
#4181 = VERTEX_POINT('',#4182);
#4182 = CARTESIAN_POINT('',(0.125,1.5016,-0.38732447043));
#4183 = B_SPLINE_CURVE_WITH_KNOTS('',3,(#4184,#4185,#4186,#4187,#4188,
    #4189,#4190,#4191,#4192,#4193,#4194,#4195,#4196,#4197,#4198,#4199,
    #4200,#4201,#4202,#4203,#4204,#4205,#4206,#4207),.UNSPECIFIED.,.F.,
  .F.,(4,1,1,1,1,1,1,1,1,1,1,1,1,1,1,1,1,1,1,1,1,4),(0.,
    4.761904761905E-02,9.52380952381E-02,0.142857142857,0.190476190476,
    0.238095238095,0.285714285714,0.333333333333,0.380952380952,
    0.428571428571,0.47619047619,0.523809523809,0.571428571429,
    0.619047619048,0.666666666667,0.714285714286,0.761904761905,
    0.809523809524,0.857142857143,0.904761904762,0.952380952381,1.),
  .UNSPECIFIED.);
#4184 = CARTESIAN_POINT('',(0.229077170421,1.5016,-0.209940974422));
#4185 = CARTESIAN_POINT('',(0.228978764453,1.506390861359,
    -0.209995964194));
#4186 = CARTESIAN_POINT('',(0.228505772349,1.516016388901,-0.21064499766
    ));
#4187 = CARTESIAN_POINT('',(0.226719368047,1.530620801003,
    -0.213467337329));
#4188 = CARTESIAN_POINT('',(0.223769228689,1.544837520916,
    -0.218228331187));
#4189 = CARTESIAN_POINT('',(0.219777321333,1.558170465668,
    -0.224802556608));
#4190 = CARTESIAN_POINT('',(0.214843192437,1.570192524089,
    -0.233006846922));
#4191 = CARTESIAN_POINT('',(0.209073057635,1.580641290473,
    -0.242652682852));
#4192 = CARTESIAN_POINT('',(0.202594299761,1.589321562169,
    -0.253545371291));
#4193 = CARTESIAN_POINT('',(0.195557151612,1.596019866873,
    -0.265425700445));
#4194 = CARTESIAN_POINT('',(0.188108710021,1.600588198449,
    -0.278034499442));
#4195 = CARTESIAN_POINT('',(0.180422812503,1.602944353177,-0.29109702651
    ));
#4196 = CARTESIAN_POINT('',(0.172662340061,1.603025954518,
    -0.304322804659));
#4197 = CARTESIAN_POINT('',(0.164997695362,1.600830373966,-0.31741891573
    ));
#4198 = CARTESIAN_POINT('',(0.157603433107,1.59642144336,-0.330104295574
    ));
#4199 = CARTESIAN_POINT('',(0.150635350848,1.589879367605,
    -0.342091873643));
#4200 = CARTESIAN_POINT('',(0.144251080833,1.581357862064,
    -0.353120450506));
#4201 = CARTESIAN_POINT('',(0.138589947671,1.571044531536,
    -0.362952887113));
#4202 = CARTESIAN_POINT('',(0.133776013777,1.559157980536,
    -0.371361244783));
#4203 = CARTESIAN_POINT('',(0.1299196492,1.545977824402,-0.378164362912)
  );
#4204 = CARTESIAN_POINT('',(0.127098929121,1.531771335638,-0.38322143158
    ));
#4205 = CARTESIAN_POINT('',(0.125382737321,1.516847648052,
    -0.386404728222));
#4206 = CARTESIAN_POINT('',(0.125,1.506706736901,-0.387238201194));
#4207 = CARTESIAN_POINT('',(0.125,1.5016,-0.38732447043));
#4208 = ORIENTED_EDGE('',*,*,#4209,.T.);
#4209 = EDGE_CURVE('',#4181,#4170,#4210,.T.);
#4210 = CIRCLE('',#4211,0.2032);
#4211 = AXIS2_PLACEMENT_3D('',#4212,#4213,#4214);
#4212 = CARTESIAN_POINT('',(0.3282,1.5016,-0.38732447043));
#4213 = DIRECTION('',(0.,0.,-1.));
#4214 = DIRECTION('',(-1.,0.,0.));
#4215 = SURFACE_OF_REVOLUTION('',#4216,#4221);
#4216 = CIRCLE('',#4217,0.2032);
#4217 = AXIS2_PLACEMENT_3D('',#4218,#4219,#4220);
#4218 = CARTESIAN_POINT('',(0.3282,1.5016,-0.38732447043));
#4219 = DIRECTION('',(-2.242150196062E-02,0.663649189238,0.747707850616)
  );
#4220 = DIRECTION('',(-0.390905736464,0.682535495108,-0.617525710491));
#4221 = AXIS1_PLACEMENT('',#4222,#4223);
#4222 = CARTESIAN_POINT('',(0.3282,1.5016,-0.38732447043));
#4223 = DIRECTION('',(0.344933193729,0.707106781187,-0.617269059539));
#4224 = SHELL_BASED_SURFACE_MODEL('',(#4225));
#4225 = OPEN_SHELL('',(#4226));
#4226 = ADVANCED_FACE('',(#4227),#4263,.T.);
#4227 = FACE_BOUND('',#4228,.T.);
#4228 = EDGE_LOOP('',(#4229,#4240,#4248,#4257));
#4229 = ORIENTED_EDGE('',*,*,#4230,.T.);
#4230 = EDGE_CURVE('',#4231,#4233,#4235,.T.);
#4231 = VERTEX_POINT('',#4232);
#4232 = CARTESIAN_POINT('',(0.3282,1.7048,-0.387323878789));
#4233 = VERTEX_POINT('',#4234);
#4234 = CARTESIAN_POINT('',(0.125,1.5016,-0.38732447043));
#4235 = CIRCLE('',#4236,0.2032);
#4236 = AXIS2_PLACEMENT_3D('',#4237,#4238,#4239);
#4237 = CARTESIAN_POINT('',(0.3282,1.5016,-0.38732447043));
#4238 = DIRECTION('',(0.,-0.,1.));
#4239 = DIRECTION('',(0.,1.,0.));
#4240 = ORIENTED_EDGE('',*,*,#4241,.T.);
#4241 = EDGE_CURVE('',#4233,#4242,#4244,.T.);
#4242 = VERTEX_POINT('',#4243);
#4243 = CARTESIAN_POINT('',(0.125,1.5016,-0.4268));
#4244 = LINE('',#4245,#4246);
#4245 = CARTESIAN_POINT('',(0.125,1.5016,-0.38732447043));
#4246 = VECTOR('',#4247,1.);
#4247 = DIRECTION('',(0.,0.,-1.));
#4248 = ORIENTED_EDGE('',*,*,#4249,.T.);
#4249 = EDGE_CURVE('',#4242,#4250,#4252,.T.);
#4250 = VERTEX_POINT('',#4251);
#4251 = CARTESIAN_POINT('',(0.3282,1.7048,-0.4268));
#4252 = CIRCLE('',#4253,0.2032);
#4253 = AXIS2_PLACEMENT_3D('',#4254,#4255,#4256);
#4254 = CARTESIAN_POINT('',(0.3282,1.5016,-0.4268));
#4255 = DIRECTION('',(0.,0.,-1.));
#4256 = DIRECTION('',(-1.,0.,0.));
#4257 = ORIENTED_EDGE('',*,*,#4258,.T.);
#4258 = EDGE_CURVE('',#4250,#4231,#4259,.T.);
#4259 = LINE('',#4260,#4261);
#4260 = CARTESIAN_POINT('',(0.3282,1.7048,-0.4268));
#4261 = VECTOR('',#4262,1.);
#4262 = DIRECTION('',(0.,0.,1.));
#4263 = SURFACE_OF_REVOLUTION('',#4264,#4268);
#4264 = LINE('',#4265,#4266);
#4265 = CARTESIAN_POINT('',(0.125100266934,1.495217333755,
    -0.428551513433));
#4266 = VECTOR('',#4267,1.);
#4267 = DIRECTION('',(0.,0.,1.));
#4268 = AXIS1_PLACEMENT('',#4269,#4270);
#4269 = CARTESIAN_POINT('',(0.3282,1.5016,-0.633930096572));
#4270 = DIRECTION('',(0.,0.,-1.));
#4271 = SHELL_BASED_SURFACE_MODEL('',(#4272));
#4272 = OPEN_SHELL('',(#4273));
#4273 = ADVANCED_FACE('',(#4274),#4325,.T.);
#4274 = FACE_BOUND('',#4275,.T.);
#4275 = EDGE_LOOP('',(#4276,#4287,#4318));
#4276 = ORIENTED_EDGE('',*,*,#4277,.T.);
#4277 = EDGE_CURVE('',#4278,#4280,#4282,.T.);
#4278 = VERTEX_POINT('',#4279);
#4279 = CARTESIAN_POINT('',(0.3282,1.7048,-0.4268));
#4280 = VERTEX_POINT('',#4281);
#4281 = CARTESIAN_POINT('',(0.125,1.5016,-0.4268));
#4282 = CIRCLE('',#4283,0.2032);
#4283 = AXIS2_PLACEMENT_3D('',#4284,#4285,#4286);
#4284 = CARTESIAN_POINT('',(0.3282,1.5016,-0.4268));
#4285 = DIRECTION('',(0.,-0.,1.));
#4286 = DIRECTION('',(0.,1.,0.));
#4287 = ORIENTED_EDGE('',*,*,#4288,.T.);
#4288 = EDGE_CURVE('',#4280,#4289,#4291,.T.);
#4289 = VERTEX_POINT('',#4290);
#4290 = CARTESIAN_POINT('',(0.3282,1.5016,-0.63));
#4291 = B_SPLINE_CURVE_WITH_KNOTS('',3,(#4292,#4293,#4294,#4295,#4296,
    #4297,#4298,#4299,#4300,#4301,#4302,#4303,#4304,#4305,#4306,#4307,
    #4308,#4309,#4310,#4311,#4312,#4313,#4314,#4315,#4316,#4317),
  .UNSPECIFIED.,.F.,.F.,(4,1,1,1,1,1,1,1,1,1,1,1,1,1,1,1,1,1,1,1,1,1,1,4
    ),(0.,4.347826086957E-02,8.695652173913E-02,0.130434782609,
    0.173913043478,0.217391304348,0.260869565217,0.304347826087,
    0.347826086957,0.391304347826,0.434782608696,0.478260869565,
    0.521739130435,0.565217391304,0.608695652174,0.652173913044,
    0.695652173913,0.739130434783,0.782608695652,0.826086956522,
    0.869565217391,0.913043478261,0.95652173913,1.),.UNSPECIFIED.);
#4292 = CARTESIAN_POINT('',(0.125,1.5016,-0.4268));
#4293 = CARTESIAN_POINT('',(0.125,1.50785670016,-0.426976206585));
#4294 = CARTESIAN_POINT('',(0.12556272055,1.520570097173,-0.427736174002
    ));
#4295 = CARTESIAN_POINT('',(0.128476545646,1.540674075436,
    -0.430906512109));
#4296 = CARTESIAN_POINT('',(0.133344108506,1.559551424625,
    -0.436200827932));
#4297 = CARTESIAN_POINT('',(0.139530293297,1.576177243857,
    -0.442641726266));
#4298 = CARTESIAN_POINT('',(0.147401593794,1.592122433209,
    -0.449848588827));
#4299 = CARTESIAN_POINT('',(0.1563247208,1.605005684993,-0.461174535006)
  );
#4300 = CARTESIAN_POINT('',(0.167244552109,1.618459881317,
    -0.469810553423));
#4301 = CARTESIAN_POINT('',(0.178271863935,1.627226203957,
    -0.482955468249));
#4302 = CARTESIAN_POINT('',(0.191012669015,1.635644201385,
    -0.494845231956));
#4303 = CARTESIAN_POINT('',(0.204403206728,1.640950504946,
    -0.508509685477));
#4304 = CARTESIAN_POINT('',(0.218068651172,1.643593938567,
    -0.522335436997));
#4305 = CARTESIAN_POINT('',(0.23198711961,1.643656032535,-0.536265045561
    ));
#4306 = CARTESIAN_POINT('',(0.245907198285,1.641115900739,-0.55002727068
    ));
#4307 = CARTESIAN_POINT('',(0.259647944172,1.635905044882,
    -0.563486883644));
#4308 = CARTESIAN_POINT('',(0.271816511984,1.627501631937,
    -0.576427367653));
#4309 = CARTESIAN_POINT('',(0.285016997325,1.618389972753,
    -0.587775410478));
#4310 = CARTESIAN_POINT('',(0.294022390588,1.604826166781,
    -0.598832398291));
#4311 = CARTESIAN_POINT('',(0.305429330895,1.591786958566,
    -0.607803098773));
#4312 = CARTESIAN_POINT('',(0.312498222302,1.575821535011,
    -0.615616442727));
#4313 = CARTESIAN_POINT('',(0.318906871236,1.559271405008,
    -0.621747500954));
#4314 = CARTESIAN_POINT('',(0.324208376727,1.540051847394,
    -0.626662424691));
#4315 = CARTESIAN_POINT('',(0.327396538552,1.519678107087,
    -0.629513064453));
#4316 = CARTESIAN_POINT('',(0.328119961373,1.50748132978,-0.63));
#4317 = CARTESIAN_POINT('',(0.3282,1.5016,-0.63));
#4318 = ORIENTED_EDGE('',*,*,#4319,.T.);
#4319 = EDGE_CURVE('',#4289,#4278,#4320,.T.);
#4320 = CIRCLE('',#4321,0.2032);
#4321 = AXIS2_PLACEMENT_3D('',#4322,#4323,#4324);
#4322 = CARTESIAN_POINT('',(0.3282,1.5016,-0.4268));
#4323 = DIRECTION('',(1.,0.,0.));
#4324 = DIRECTION('',(0.,0.,-1.));
#4325 = SURFACE_OF_REVOLUTION('',#4326,#4331);
#4326 = CIRCLE('',#4327,0.2032);
#4327 = AXIS2_PLACEMENT_3D('',#4328,#4329,#4330);
#4328 = CARTESIAN_POINT('',(0.3282,1.5016,-0.4268));
#4329 = DIRECTION('',(-0.706757866675,0.706757866675,-3.141075907833E-02
    ));
#4330 = DIRECTION('',(0.530662971711,0.500254347732,-0.684209323255));
#4331 = AXIS1_PLACEMENT('',#4332,#4333);
#4332 = CARTESIAN_POINT('',(0.3282,1.5016,-0.4268));
#4333 = DIRECTION('',(0.707106781187,0.707106781187,0.));
#4334 = SHELL_BASED_SURFACE_MODEL('',(#4335));
#4335 = OPEN_SHELL('',(#4336));
#4336 = ADVANCED_FACE('',(#4337),#4397,.T.);
#4337 = FACE_BOUND('',#4338,.T.);
#4338 = EDGE_LOOP('',(#4339,#4350,#4381,#4390));
#4339 = ORIENTED_EDGE('',*,*,#4340,.T.);
#4340 = EDGE_CURVE('',#4341,#4343,#4345,.T.);
#4341 = VERTEX_POINT('',#4342);
#4342 = CARTESIAN_POINT('',(0.125,1.4284,-0.5));
#4343 = VERTEX_POINT('',#4344);
#4344 = CARTESIAN_POINT('',(0.125,1.5016,-0.4268));
#4345 = B_SPLINE_CURVE_WITH_KNOTS('',3,(#4346,#4347,#4348,#4349),
  .UNSPECIFIED.,.F.,.F.,(4,4),(0.,1.),.PIECEWISE_BEZIER_KNOTS.);
#4346 = CARTESIAN_POINT('',(0.125,1.4284,-0.5));
#4347 = CARTESIAN_POINT('',(0.125,1.463261515589,-0.5));
#4348 = CARTESIAN_POINT('',(0.125,1.500618589063,-0.461647698658));
#4349 = CARTESIAN_POINT('',(0.125,1.5016,-0.4268));
#4350 = ORIENTED_EDGE('',*,*,#4351,.T.);
#4351 = EDGE_CURVE('',#4343,#4352,#4354,.T.);
#4352 = VERTEX_POINT('',#4353);
#4353 = CARTESIAN_POINT('',(0.3282,1.5016,-0.63));
#4354 = B_SPLINE_CURVE_WITH_KNOTS('',3,(#4355,#4356,#4357,#4358,#4359,
    #4360,#4361,#4362,#4363,#4364,#4365,#4366,#4367,#4368,#4369,#4370,
    #4371,#4372,#4373,#4374,#4375,#4376,#4377,#4378,#4379,#4380),
  .UNSPECIFIED.,.F.,.F.,(4,1,1,1,1,1,1,1,1,1,1,1,1,1,1,1,1,1,1,1,1,1,1,4
    ),(0.,4.347826086957E-02,8.695652173913E-02,0.130434782609,
    0.173913043478,0.217391304348,0.260869565217,0.304347826087,
    0.347826086957,0.391304347826,0.434782608696,0.478260869565,
    0.521739130435,0.565217391304,0.608695652174,0.652173913044,
    0.695652173913,0.739130434783,0.782608695652,0.826086956522,
    0.869565217391,0.913043478261,0.95652173913,1.),.UNSPECIFIED.);
#4355 = CARTESIAN_POINT('',(0.125,1.5016,-0.4268));
#4356 = CARTESIAN_POINT('',(0.125,1.50785670016,-0.426976206585));
#4357 = CARTESIAN_POINT('',(0.12556272055,1.520570097173,-0.427736174002
    ));
#4358 = CARTESIAN_POINT('',(0.128476545646,1.540674075436,
    -0.430906512109));
#4359 = CARTESIAN_POINT('',(0.133344108506,1.559551424625,
    -0.436200827932));
#4360 = CARTESIAN_POINT('',(0.139530293297,1.576177243857,
    -0.442641726266));
#4361 = CARTESIAN_POINT('',(0.147401593794,1.592122433209,
    -0.449848588827));
#4362 = CARTESIAN_POINT('',(0.1563247208,1.605005684993,-0.461174535006)
  );
#4363 = CARTESIAN_POINT('',(0.167244552109,1.618459881317,
    -0.469810553423));
#4364 = CARTESIAN_POINT('',(0.178271863935,1.627226203957,
    -0.482955468249));
#4365 = CARTESIAN_POINT('',(0.191012669015,1.635644201385,
    -0.494845231956));
#4366 = CARTESIAN_POINT('',(0.204403206728,1.640950504946,
    -0.508509685477));
#4367 = CARTESIAN_POINT('',(0.218068651172,1.643593938567,
    -0.522335436997));
#4368 = CARTESIAN_POINT('',(0.23198711961,1.643656032535,-0.536265045561
    ));
#4369 = CARTESIAN_POINT('',(0.245907198285,1.641115900739,-0.55002727068
    ));
#4370 = CARTESIAN_POINT('',(0.259647944172,1.635905044882,
    -0.563486883644));
#4371 = CARTESIAN_POINT('',(0.271816511984,1.627501631937,
    -0.576427367653));
#4372 = CARTESIAN_POINT('',(0.285016997325,1.618389972753,
    -0.587775410478));
#4373 = CARTESIAN_POINT('',(0.294022390588,1.604826166781,
    -0.598832398291));
#4374 = CARTESIAN_POINT('',(0.305429330895,1.591786958566,
    -0.607803098773));
#4375 = CARTESIAN_POINT('',(0.312498222302,1.575821535011,
    -0.615616442727));
#4376 = CARTESIAN_POINT('',(0.318906871236,1.559271405008,
    -0.621747500954));
#4377 = CARTESIAN_POINT('',(0.324208376727,1.540051847394,
    -0.626662424691));
#4378 = CARTESIAN_POINT('',(0.327396538552,1.519678107087,
    -0.629513064453));
#4379 = CARTESIAN_POINT('',(0.328119961373,1.50748132978,-0.63));
#4380 = CARTESIAN_POINT('',(0.3282,1.5016,-0.63));
#4381 = ORIENTED_EDGE('',*,*,#4382,.T.);
#4382 = EDGE_CURVE('',#4352,#4383,#4385,.T.);
#4383 = VERTEX_POINT('',#4384);
#4384 = CARTESIAN_POINT('',(0.255,1.4284,-0.63));
#4385 = B_SPLINE_CURVE_WITH_KNOTS('',3,(#4386,#4387,#4388,#4389),
  .UNSPECIFIED.,.F.,.F.,(4,4),(0.,1.),.PIECEWISE_BEZIER_KNOTS.);
#4386 = CARTESIAN_POINT('',(0.3282,1.5016,-0.63));
#4387 = CARTESIAN_POINT('',(0.293341712193,1.501125615872,-0.63));
#4388 = CARTESIAN_POINT('',(0.255,1.463261515589,-0.63));
#4389 = CARTESIAN_POINT('',(0.255,1.4284,-0.63));
#4390 = ORIENTED_EDGE('',*,*,#4391,.T.);
#4391 = EDGE_CURVE('',#4383,#4341,#4392,.T.);
#4392 = CIRCLE('',#4393,0.13);
#4393 = AXIS2_PLACEMENT_3D('',#4394,#4395,#4396);
#4394 = CARTESIAN_POINT('',(0.255,1.4284,-0.5));
#4395 = DIRECTION('',(0.,1.,0.));
#4396 = DIRECTION('',(0.,0.,-1.));
#4397 = B_SPLINE_SURFACE_WITH_KNOTS('',3,3,(
    (#4398,#4399,#4400,#4401)
    ,(#4402,#4403,#4404,#4405)
    ,(#4406,#4407,#4408,#4409)
    ,(#4410,#4411,#4412,#4413)
    ,(#4414,#4415,#4416,#4417)
    ,(#4418,#4419,#4420,#4421)
    ,(#4422,#4423,#4424,#4425)
    ,(#4426,#4427,#4428,#4429)
    ,(#4430,#4431,#4432,#4433)
    ,(#4434,#4435,#4436,#4437)
    ,(#4438,#4439,#4440,#4441)
    ,(#4442,#4443,#4444,#4445)
    ,(#4446,#4447,#4448,#4449
    )),.UNSPECIFIED.,.F.,.F.,.F.,(4,1,1,1,1,1,1,1,1,1,4),(4,4),(
    -9.935963900519E-03,6.25E-02,0.125,0.25,0.375,0.5,0.625,0.75,0.875,
    0.9375,1.009957200864),(-1.539371356206E-02,1.009663909472),
  .UNSPECIFIED.);
#4398 = CARTESIAN_POINT('',(0.125050211236,1.497073093014,
    -0.425127334065));
#4399 = CARTESIAN_POINT('',(0.125022774157,1.498746622423,
    -0.460170508301));
#4400 = CARTESIAN_POINT('',(0.125000847439,1.461585404071,
    -0.499612524664));
#4401 = CARTESIAN_POINT('',(0.125016280797,1.427433308185,
    -0.497934591293));
#4402 = CARTESIAN_POINT('',(0.124806004988,1.5081359214,-0.425203751017)
  );
#4403 = CARTESIAN_POINT('',(0.124912729704,1.506111734307,
    -0.461628627006));
#4404 = CARTESIAN_POINT('',(0.124997344478,1.465202721689,
    -0.502367024756));
#4405 = CARTESIAN_POINT('',(0.124937123808,1.427328014841,
    -0.502927619965));
#4406 = CARTESIAN_POINT('',(0.126012787075,1.528550077832,
    -0.426459134096));
#4407 = CARTESIAN_POINT('',(0.125441885815,1.51960992096,-0.465084212143
    ));
#4408 = CARTESIAN_POINT('',(0.125002061803,1.471878098052,
    -0.507712281299));
#4409 = CARTESIAN_POINT('',(0.125327762164,1.4271337325,-0.512230800413)
  );
#4410 = CARTESIAN_POINT('',(0.134119017562,1.566346182079,
    -0.435024800213));
#4411 = CARTESIAN_POINT('',(0.129780226263,1.544920170048,
    -0.475768900956));
#4412 = CARTESIAN_POINT('',(0.125707789197,1.484236064265,-0.52022104612
    ));
#4413 = CARTESIAN_POINT('',(0.127980023164,1.426773974866,
    -0.529898861683));
#4414 = CARTESIAN_POINT('',(0.153009475325,1.60619827324,-0.45423529923)
  );
#4415 = CARTESIAN_POINT('',(0.140942512042,1.572850748966,-0.49458941103
    ));
#4416 = CARTESIAN_POINT('',(0.128998186024,1.497261341407,
    -0.539259782666));
#4417 = CARTESIAN_POINT('',(0.134265670753,1.426394450207,
    -0.550393354094));
#4418 = CARTESIAN_POINT('',(0.186849043848,1.638031460402,
    -0.488337827676));
#4419 = CARTESIAN_POINT('',(0.164555131603,1.596971433924,
    -0.525040307031));
#4420 = CARTESIAN_POINT('',(0.140721018911,1.507658549895,
    -0.566746921772));
#4421 = CARTESIAN_POINT('',(0.146363989287,1.426091004924,
    -0.572872394013));
#4422 = CARTESIAN_POINT('',(0.226714736113,1.649177986377,
    -0.528284341942));
#4423 = CARTESIAN_POINT('',(0.196014497044,1.605855667723,
    -0.558985803136));
#4424 = CARTESIAN_POINT('',(0.161409432885,1.511297441693,-0.59359026204
    ));
#4425 = CARTESIAN_POINT('',(0.162505046476,1.425984682708,
    -0.592494962154));
#4426 = CARTESIAN_POINT('',(0.266664260043,1.638028570421,
    -0.568154068788));
#4427 = CARTESIAN_POINT('',(0.229988154108,1.597040100085,
    -0.590382127404));
#4428 = CARTESIAN_POINT('',(0.188253653701,1.507657325483,
    -0.614280255436));
#4429 = CARTESIAN_POINT('',(0.18212758182,1.426091021227,-0.608635991374
    ));
#4430 = CARTESIAN_POINT('',(0.300751844958,1.606188580169,
    -0.601996252794));
#4431 = CARTESIAN_POINT('',(0.260415127248,1.573040876019,-0.61393075659
    ));
#4432 = CARTESIAN_POINT('',(0.2157359619,1.497257393763,-0.626004203745)
  );
#4433 = CARTESIAN_POINT('',(0.204606766186,1.426394511264,
    -0.620734295447));
#4434 = CARTESIAN_POINT('',(0.320011536482,1.566333557011,
    -0.620886196439));
#4435 = CARTESIAN_POINT('',(0.279250605823,1.545260928659,
    -0.625105928873));
#4436 = CARTESIAN_POINT('',(0.234790853777,1.48423055388,-0.629294380097
    ));
#4437 = CARTESIAN_POINT('',(0.225100793217,1.426774039612,-0.62701994583
    ));
#4438 = CARTESIAN_POINT('',(0.328475524825,1.528520675697,
    -0.628991352347));
#4439 = CARTESIAN_POINT('',(0.289862161254,1.520064285423,
    -0.629482380265));
#4440 = CARTESIAN_POINT('',(0.247267188355,1.471866607959,
    -0.629999443186));
#4441 = CARTESIAN_POINT('',(0.242771273314,1.427133937122,
    -0.629672433876));
#4442 = CARTESIAN_POINT('',(0.329969140565,1.508119654927,
    -0.630193793051));
#4443 = CARTESIAN_POINT('',(0.293475693551,1.50663053721,-0.630100166034
    ));
#4444 = CARTESIAN_POINT('',(0.25269110651,1.465195306212,-0.630002414854
    ));
#4445 = CARTESIAN_POINT('',(0.252073668472,1.427328085602,
    -0.630063002585));
#4446 = CARTESIAN_POINT('',(0.329787689929,1.497031956903,-0.62994971856
    ));
#4447 = CARTESIAN_POINT('',(0.294762880296,1.499273852165,
    -0.629973960267));
#4448 = CARTESIAN_POINT('',(0.255362135325,1.46156975783,-0.629999209756
    ));
#4449 = CARTESIAN_POINT('',(0.257070611523,1.427433611684,
    -0.629983648646));
#4450 = SHELL_BASED_SURFACE_MODEL('',(#4451));
#4451 = OPEN_SHELL('',(#4452));
#4452 = ADVANCED_FACE('',(#4453),#4489,.T.);
#4453 = FACE_BOUND('',#4454,.T.);
#4454 = EDGE_LOOP('',(#4455,#4466,#4474,#4483));
#4455 = ORIENTED_EDGE('',*,*,#4456,.T.);
#4456 = EDGE_CURVE('',#4457,#4459,#4461,.T.);
#4457 = VERTEX_POINT('',#4458);
#4458 = CARTESIAN_POINT('',(0.125,1.4,-0.5));
#4459 = VERTEX_POINT('',#4460);
#4460 = CARTESIAN_POINT('',(0.255,1.4,-0.63));
#4461 = CIRCLE('',#4462,0.13);
#4462 = AXIS2_PLACEMENT_3D('',#4463,#4464,#4465);
#4463 = CARTESIAN_POINT('',(0.255,1.4,-0.5));
#4464 = DIRECTION('',(0.,-1.,0.));
#4465 = DIRECTION('',(-1.,0.,0.));
#4466 = ORIENTED_EDGE('',*,*,#4467,.T.);
#4467 = EDGE_CURVE('',#4459,#4468,#4470,.T.);
#4468 = VERTEX_POINT('',#4469);
#4469 = CARTESIAN_POINT('',(0.255,1.4284,-0.63));
#4470 = LINE('',#4471,#4472);
#4471 = CARTESIAN_POINT('',(0.255,1.4,-0.63));
#4472 = VECTOR('',#4473,1.);
#4473 = DIRECTION('',(0.,1.,0.));
#4474 = ORIENTED_EDGE('',*,*,#4475,.T.);
#4475 = EDGE_CURVE('',#4468,#4476,#4478,.T.);
#4476 = VERTEX_POINT('',#4477);
#4477 = CARTESIAN_POINT('',(0.125,1.4284,-0.5));
#4478 = CIRCLE('',#4479,0.13);
#4479 = AXIS2_PLACEMENT_3D('',#4480,#4481,#4482);
#4480 = CARTESIAN_POINT('',(0.255,1.4284,-0.5));
#4481 = DIRECTION('',(0.,1.,0.));
#4482 = DIRECTION('',(0.,0.,-1.));
#4483 = ORIENTED_EDGE('',*,*,#4484,.T.);
#4484 = EDGE_CURVE('',#4476,#4457,#4485,.T.);
#4485 = LINE('',#4486,#4487);
#4486 = CARTESIAN_POINT('',(0.125,1.4284,-0.5));
#4487 = VECTOR('',#4488,1.);
#4488 = DIRECTION('',(0.,-1.,0.));
#4489 = SURFACE_OF_REVOLUTION('',#4490,#4494);
#4490 = LINE('',#4491,#4492);
#4491 = CARTESIAN_POINT('',(0.125064147152,1.398248486567,-0.49591660132
    ));
#4492 = VECTOR('',#4493,1.);
#4493 = DIRECTION('',(0.,1.,0.));
#4494 = AXIS1_PLACEMENT('',#4495,#4496);
#4495 = CARTESIAN_POINT('',(0.255,1.4,-0.5));
#4496 = DIRECTION('',(0.,-1.,0.));
#4497 = SHELL_BASED_SURFACE_MODEL('',(#4498));
#4498 = OPEN_SHELL('',(#4499));
#4499 = ADVANCED_FACE('',(#4500),#4536,.T.);
#4500 = FACE_BOUND('',#4501,.T.);
#4501 = EDGE_LOOP('',(#4502,#4512,#4521,#4529));
#4502 = ORIENTED_EDGE('',*,*,#4503,.T.);
#4503 = EDGE_CURVE('',#4504,#4506,#4508,.T.);
#4504 = VERTEX_POINT('',#4505);
#4505 = CARTESIAN_POINT('',(0.70812407027,1.7048,-0.4268));
#4506 = VERTEX_POINT('',#4507);
#4507 = CARTESIAN_POINT('',(0.3282,1.7048,-0.4268));
#4508 = LINE('',#4509,#4510);
#4509 = CARTESIAN_POINT('',(0.708124020272,1.7048,-0.4268));
#4510 = VECTOR('',#4511,1.);
#4511 = DIRECTION('',(-1.,0.,0.));
#4512 = ORIENTED_EDGE('',*,*,#4513,.T.);
#4513 = EDGE_CURVE('',#4506,#4514,#4516,.T.);
#4514 = VERTEX_POINT('',#4515);
#4515 = CARTESIAN_POINT('',(0.3282,1.5016,-0.63));
#4516 = CIRCLE('',#4517,0.2032);
#4517 = AXIS2_PLACEMENT_3D('',#4518,#4519,#4520);
#4518 = CARTESIAN_POINT('',(0.3282,1.5016,-0.4268));
#4519 = DIRECTION('',(-1.,0.,0.));
#4520 = DIRECTION('',(0.,1.,0.));
#4521 = ORIENTED_EDGE('',*,*,#4522,.T.);
#4522 = EDGE_CURVE('',#4514,#4523,#4525,.T.);
#4523 = VERTEX_POINT('',#4524);
#4524 = CARTESIAN_POINT('',(0.708124282877,1.5016,-0.63));
#4525 = LINE('',#4526,#4527);
#4526 = CARTESIAN_POINT('',(0.3282,1.5016,-0.63));
#4527 = VECTOR('',#4528,1.);
#4528 = DIRECTION('',(1.,0.,0.));
#4529 = ORIENTED_EDGE('',*,*,#4530,.T.);
#4530 = EDGE_CURVE('',#4523,#4504,#4531,.T.);
#4531 = CIRCLE('',#4532,0.2032);
#4532 = AXIS2_PLACEMENT_3D('',#4533,#4534,#4535);
#4533 = CARTESIAN_POINT('',(0.708124282877,1.5016,-0.4268));
#4534 = DIRECTION('',(1.,0.,0.));
#4535 = DIRECTION('',(0.,0.,-1.));
#4536 = SURFACE_OF_REVOLUTION('',#4537,#4541);
#4537 = LINE('',#4538,#4539);
#4538 = CARTESIAN_POINT('',(0.715722768535,1.495217333755,
    -0.629899733066));
#4539 = VECTOR('',#4540,1.);
#4540 = DIRECTION('',(-1.,0.,-0.));
#4541 = AXIS1_PLACEMENT('',#4542,#4543);
#4542 = CARTESIAN_POINT('',(1.032997576731,1.5016,-0.4268));
#4543 = DIRECTION('',(1.,0.,0.));
#4544 = SHELL_BASED_SURFACE_MODEL('',(#4545));
#4545 = OPEN_SHELL('',(#4546));
#4546 = ADVANCED_FACE('',(#4547),#4595,.T.);
#4547 = FACE_BOUND('',#4548,.T.);
#4548 = EDGE_LOOP('',(#4549,#4560,#4569));
#4549 = ORIENTED_EDGE('',*,*,#4550,.T.);
#4550 = EDGE_CURVE('',#4551,#4553,#4555,.T.);
#4551 = VERTEX_POINT('',#4552);
#4552 = CARTESIAN_POINT('',(0.882157730241,1.5016,-0.531693275278));
#4553 = VERTEX_POINT('',#4554);
#4554 = CARTESIAN_POINT('',(0.708124282877,1.7048,-0.4268));
#4555 = CIRCLE('',#4556,0.2032);
#4556 = AXIS2_PLACEMENT_3D('',#4557,#4558,#4559);
#4557 = CARTESIAN_POINT('',(0.708124282877,1.5016,-0.4268));
#4558 = DIRECTION('',(0.516207063377,0.,0.856463815768));
#4559 = DIRECTION('',(0.856463815768,0.,-0.516207063377));
#4560 = ORIENTED_EDGE('',*,*,#4561,.T.);
#4561 = EDGE_CURVE('',#4553,#4562,#4564,.T.);
#4562 = VERTEX_POINT('',#4563);
#4563 = CARTESIAN_POINT('',(0.708124282877,1.5016,-0.63));
#4564 = CIRCLE('',#4565,0.2032);
#4565 = AXIS2_PLACEMENT_3D('',#4566,#4567,#4568);
#4566 = CARTESIAN_POINT('',(0.708124282877,1.5016,-0.4268));
#4567 = DIRECTION('',(-1.,0.,0.));
#4568 = DIRECTION('',(0.,1.,0.));
#4569 = ORIENTED_EDGE('',*,*,#4570,.T.);
#4570 = EDGE_CURVE('',#4562,#4551,#4571,.T.);
#4571 = B_SPLINE_CURVE_WITH_KNOTS('',3,(#4572,#4573,#4574,#4575,#4576,
    #4577,#4578,#4579,#4580,#4581,#4582,#4583,#4584,#4585,#4586,#4587,
    #4588,#4589,#4590,#4591,#4592,#4593,#4594),.UNSPECIFIED.,.F.,.F.,(4,
    1,1,1,1,1,1,1,1,1,1,1,1,1,1,1,1,1,1,1,4),(0.,5.E-02,0.1,0.15,0.2,
    0.25,0.3,0.35,0.4,0.45,0.5,0.55,0.6,0.65,0.7,0.75,0.8,0.85,0.9,0.95,
    1.),.QUASI_UNIFORM_KNOTS.);
#4572 = CARTESIAN_POINT('',(0.708124282877,1.5016,-0.63));
#4573 = CARTESIAN_POINT('',(0.708723159256,1.506287011493,-0.63));
#4574 = CARTESIAN_POINT('',(0.71038405479,1.515807067838,-0.629684460521
    ));
#4575 = CARTESIAN_POINT('',(0.715167986679,1.531026944375,
    -0.627951265311));
#4576 = CARTESIAN_POINT('',(0.722047012543,1.544862433303,
    -0.625044275346));
#4577 = CARTESIAN_POINT('',(0.729735509721,1.556847604109,
    -0.621331640341));
#4578 = CARTESIAN_POINT('',(0.739379083952,1.567254133328,-0.61674196709
    ));
#4579 = CARTESIAN_POINT('',(0.750074679612,1.576258328134,
    -0.611277038913));
#4580 = CARTESIAN_POINT('',(0.761600583524,1.583517095831,
    -0.605104201088));
#4581 = CARTESIAN_POINT('',(0.773990992452,1.588167991334,
    -0.598650623101));
#4582 = CARTESIAN_POINT('',(0.787107180372,1.59149460871,-0.591278010663
    ));
#4583 = CARTESIAN_POINT('',(0.800881290576,1.591992216616,
    -0.583633596736));
#4584 = CARTESIAN_POINT('',(0.814068848185,1.590373258993,
    -0.576001098683));
#4585 = CARTESIAN_POINT('',(0.826523088166,1.586335227719,-0.56880345669
    ));
#4586 = CARTESIAN_POINT('',(0.838134619191,1.580676843455,
    -0.561729506023));
#4587 = CARTESIAN_POINT('',(0.848577347893,1.572735843288,
    -0.555523776467));
#4588 = CARTESIAN_POINT('',(0.857615254665,1.564230782337,-0.54960091572
    ));
#4589 = CARTESIAN_POINT('',(0.865168038333,1.554568776653,-0.54460747955
    ));
#4590 = CARTESIAN_POINT('',(0.871400021117,1.543408243799,
    -0.540598712427));
#4591 = CARTESIAN_POINT('',(0.877068000158,1.530014743351,
    -0.536454551337));
#4592 = CARTESIAN_POINT('',(0.880855495823,1.515112730027,-0.53331552605
    ));
#4593 = CARTESIAN_POINT('',(0.881890465067,1.50603601472,-0.532136707705
    ));
#4594 = CARTESIAN_POINT('',(0.882157730241,1.5016,-0.531693275278));
#4595 = SURFACE_OF_REVOLUTION('',#4596,#4601);
#4596 = CIRCLE('',#4597,0.2032);
#4597 = AXIS2_PLACEMENT_3D('',#4598,#4599,#4600);
#4598 = CARTESIAN_POINT('',(0.708124282877,1.5016,-0.4268));
#4599 = DIRECTION('',(-0.37047185526,0.656791673387,-0.656791673387));
#4600 = DIRECTION('',(0.635837261326,0.694784783508,0.336132535936));
#4601 = AXIS1_PLACEMENT('',#4602,#4603);
#4602 = CARTESIAN_POINT('',(0.708124282877,1.5016,-0.4268));
#4603 = DIRECTION('',(0.,0.707106781187,0.707106781187));
#4604 = SHELL_BASED_SURFACE_MODEL('',(#4605));
#4605 = OPEN_SHELL('',(#4606));
#4606 = ADVANCED_FACE('',(#4607),#4657,.T.);
#4607 = FACE_BOUND('',#4608,.T.);
#4608 = EDGE_LOOP('',(#4609,#4620,#4629,#4638));
#4609 = ORIENTED_EDGE('',*,*,#4610,.T.);
#4610 = EDGE_CURVE('',#4611,#4613,#4615,.T.);
#4611 = VERTEX_POINT('',#4612);
#4612 = CARTESIAN_POINT('',(0.805665595308,1.7048,0.185741483703));
#4613 = VERTEX_POINT('',#4614);
#4614 = CARTESIAN_POINT('',(0.708124002971,1.7048,-0.426800464404));
#4615 = CIRCLE('',#4616,0.8268);
#4616 = AXIS2_PLACEMENT_3D('',#4617,#4618,#4619);
#4617 = CARTESIAN_POINT('',(0.,1.7048,0.));
#4618 = DIRECTION('',(0.,1.,0.));
#4619 = DIRECTION('',(0.974439924378,-0.,0.224648244547));
#4620 = ORIENTED_EDGE('',*,*,#4621,.T.);
#4621 = EDGE_CURVE('',#4613,#4622,#4624,.T.);
#4622 = VERTEX_POINT('',#4623);
#4623 = CARTESIAN_POINT('',(0.882157730241,1.5016,-0.531693275278));
#4624 = CIRCLE('',#4625,0.2032);
#4625 = AXIS2_PLACEMENT_3D('',#4626,#4627,#4628);
#4626 = CARTESIAN_POINT('',(0.708124282877,1.5016,-0.4268));
#4627 = DIRECTION('',(-0.516207063377,0.,-0.856463815768));
#4628 = DIRECTION('',(0.,1.,0.));
#4629 = ORIENTED_EDGE('',*,*,#4630,.T.);
#4630 = EDGE_CURVE('',#4622,#4631,#4633,.T.);
#4631 = VERTEX_POINT('',#4632);
#4632 = CARTESIAN_POINT('',(1.010395961987,1.5016,0.2));
#4633 = CIRCLE('',#4634,1.03);
#4634 = AXIS2_PLACEMENT_3D('',#4635,#4636,#4637);
#4635 = CARTESIAN_POINT('',(0.,1.5016,0.));
#4636 = DIRECTION('',(0.,-1.,0.));
#4637 = DIRECTION('',(0.856463815768,0.,-0.516207063377));
#4638 = ORIENTED_EDGE('',*,*,#4639,.T.);
#4639 = EDGE_CURVE('',#4631,#4611,#4640,.T.);
#4640 = B_SPLINE_CURVE_WITH_KNOTS('',3,(#4641,#4642,#4643,#4644,#4645,
    #4646,#4647,#4648,#4649,#4650,#4651,#4652,#4653,#4654,#4655,#4656),
  .UNSPECIFIED.,.F.,.F.,(4,1,1,1,1,1,1,1,1,1,1,1,1,4),(0.,
    7.692307692308E-02,0.153846153846,0.230769230769,0.307692307692,
    0.384615384615,0.461538461538,0.538461538462,0.615384615385,
    0.692307692308,0.769230769231,0.846153846154,0.923076923077,1.),
  .UNSPECIFIED.);
#4641 = CARTESIAN_POINT('',(1.010395961987,1.5016,0.2));
#4642 = CARTESIAN_POINT('',(1.010395961987,1.510171566113,0.2));
#4643 = CARTESIAN_POINT('',(1.009309807198,1.527314355034,0.199893415932
    ));
#4644 = CARTESIAN_POINT('',(1.004448169704,1.552615873272,0.19941848566)
  );
#4645 = CARTESIAN_POINT('',(0.996430093823,1.577101921949,0.198642451829
    ));
#4646 = CARTESIAN_POINT('',(0.985379911566,1.600382174658,0.197588618203
    ));
#4647 = CARTESIAN_POINT('',(0.97146898407,1.622084871978,0.196289953168)
  );
#4648 = CARTESIAN_POINT('',(0.954910614926,1.641863868707,0.194789457225
    ));
#4649 = CARTESIAN_POINT('',(0.935962764751,1.659401403279,0.193141411691
    ));
#4650 = CARTESIAN_POINT('',(0.914907221223,1.674414752278,0.191412511658
    ));
#4651 = CARTESIAN_POINT('',(0.892091210627,1.686669946726,0.189685793555
    ));
#4652 = CARTESIAN_POINT('',(0.867779475285,1.695926493532,0.18806627943)
  );
#4653 = CARTESIAN_POINT('',(0.844549112052,1.701597672966,0.186806431439
    ));
#4654 = CARTESIAN_POINT('',(0.823507381189,1.704358842881,0.186000529158
    ));
#4655 = CARTESIAN_POINT('',(0.811299525525,1.7048,0.185777512428));
#4656 = CARTESIAN_POINT('',(0.805665595308,1.7048,0.185741483703));
#4657 = SURFACE_OF_REVOLUTION('',#4658,#4663);
#4658 = CIRCLE('',#4659,0.2032);
#4659 = AXIS2_PLACEMENT_3D('',#4660,#4661,#4662);
#4660 = CARTESIAN_POINT('',(0.701476580899,1.5016,-0.437640087801));
#4661 = DIRECTION('',(0.529317958153,1.734723475977E-18,0.848423537613)
  );
#4662 = DIRECTION('',(0.848004891813,-3.141075907813E-02,-0.529056771694
    ));
#4663 = AXIS1_PLACEMENT('',#4664,#4665);
#4664 = CARTESIAN_POINT('',(0.,1.5016,0.));
#4665 = DIRECTION('',(0.,-1.,0.));
#4666 = SHELL_BASED_SURFACE_MODEL('',(#4667));
#4667 = OPEN_SHELL('',(#4668));
#4668 = ADVANCED_FACE('',(#4669),#4722,.T.);
#4669 = FACE_BOUND('',#4670,.T.);
#4670 = EDGE_LOOP('',(#4671,#4682,#4699,#4707,#4716));
#4671 = ORIENTED_EDGE('',*,*,#4672,.T.);
#4672 = EDGE_CURVE('',#4673,#4675,#4677,.T.);
#4673 = VERTEX_POINT('',#4674);
#4674 = CARTESIAN_POINT('',(1.010395961987,1.5016,0.2));
#4675 = VERTEX_POINT('',#4676);
#4676 = CARTESIAN_POINT('',(0.882157730241,1.5016,-0.531693275278));
#4677 = CIRCLE('',#4678,1.03);
#4678 = AXIS2_PLACEMENT_3D('',#4679,#4680,#4681);
#4679 = CARTESIAN_POINT('',(0.,1.5016,0.));
#4680 = DIRECTION('',(0.,1.,0.));
#4681 = DIRECTION('',(0.980966953386,-0.,0.194174757282));
#4682 = ORIENTED_EDGE('',*,*,#4683,.T.);
#4683 = EDGE_CURVE('',#4675,#4684,#4686,.T.);
#4684 = VERTEX_POINT('',#4685);
#4685 = CARTESIAN_POINT('',(0.856423801862,1.457472500437,
    -0.572222222222));
#4686 = B_SPLINE_CURVE_WITH_KNOTS('',3,(#4687,#4688,#4689,#4690,#4691,
    #4692,#4693,#4694,#4695,#4696,#4697,#4698),.UNSPECIFIED.,.F.,.F.,(4,
    1,1,1,1,1,1,1,1,4),(0.,0.111111111111,0.222222222222,0.333333333333,
    0.444444444444,0.555555555556,0.666666666667,0.777777777778,
    0.888888888889,1.),.UNSPECIFIED.);
#4687 = CARTESIAN_POINT('',(0.882157730241,1.5016,-0.531693275278));
#4688 = CARTESIAN_POINT('',(0.880928450159,1.501379781669,
    -0.533732832627));
#4689 = CARTESIAN_POINT('',(0.878342261864,1.500439073036,
    -0.537991407039));
#4690 = CARTESIAN_POINT('',(0.874093047398,1.497634831478,
    -0.544872299199));
#4691 = CARTESIAN_POINT('',(0.869387093736,1.493114499408,
    -0.552351040715));
#4692 = CARTESIAN_POINT('',(0.865000368548,1.487202822449,
    -0.559188254143));
#4693 = CARTESIAN_POINT('',(0.861647272462,1.480998983436,
    -0.564334014868));
#4694 = CARTESIAN_POINT('',(0.859181124563,1.474707268266,
    -0.568077816384));
#4695 = CARTESIAN_POINT('',(0.857511911043,1.468565887049,-0.57059164417
    ));
#4696 = CARTESIAN_POINT('',(0.856673363484,1.462793083114,
    -0.571848879823));
#4697 = CARTESIAN_POINT('',(0.856288341643,1.459182941211,
    -0.572424960513));
#4698 = CARTESIAN_POINT('',(0.856423801862,1.457472500437,
    -0.572222222222));
#4699 = ORIENTED_EDGE('',*,*,#4700,.T.);
#4700 = EDGE_CURVE('',#4684,#4701,#4703,.T.);
#4701 = VERTEX_POINT('',#4702);
#4702 = CARTESIAN_POINT('',(0.856423801862,1.4,-0.572222222222));
#4703 = LINE('',#4704,#4705);
#4704 = CARTESIAN_POINT('',(0.856423801862,1.457472500437,
    -0.572222222222));
#4705 = VECTOR('',#4706,1.);
#4706 = DIRECTION('',(0.,-1.,0.));
#4707 = ORIENTED_EDGE('',*,*,#4708,.T.);
#4708 = EDGE_CURVE('',#4701,#4709,#4711,.T.);
#4709 = VERTEX_POINT('',#4710);
#4710 = CARTESIAN_POINT('',(1.010395961987,1.4,0.2));
#4711 = CIRCLE('',#4712,1.03);
#4712 = AXIS2_PLACEMENT_3D('',#4713,#4714,#4715);
#4713 = CARTESIAN_POINT('',(0.,1.4,0.));
#4714 = DIRECTION('',(0.,-1.,0.));
#4715 = DIRECTION('',(0.831479419283,0.,-0.555555555556));
#4716 = ORIENTED_EDGE('',*,*,#4717,.T.);
#4717 = EDGE_CURVE('',#4709,#4673,#4718,.T.);
#4718 = LINE('',#4719,#4720);
#4719 = CARTESIAN_POINT('',(1.010395961987,1.4,0.2));
#4720 = VECTOR('',#4721,1.);
#4721 = DIRECTION('',(0.,1.,0.));
#4722 = SURFACE_OF_REVOLUTION('',#4723,#4727);
#4723 = LINE('',#4724,#4725);
#4724 = CARTESIAN_POINT('',(0.847341209786,1.397968,-0.585587631527));
#4725 = VECTOR('',#4726,1.);
#4726 = DIRECTION('',(0.,1.,0.));
#4727 = AXIS1_PLACEMENT('',#4728,#4729);
#4728 = CARTESIAN_POINT('',(0.,1.4,0.));
#4729 = DIRECTION('',(0.,-1.,0.));
#4730 = SHELL_BASED_SURFACE_MODEL('',(#4731));
#4731 = OPEN_SHELL('',(#4732));
#4732 = ADVANCED_FACE('',(#4733),#4799,.T.);
#4733 = FACE_BOUND('',#4734,.T.);
#4734 = EDGE_LOOP('',(#4735,#4747,#4775,#4792));
#4735 = ORIENTED_EDGE('',*,*,#4736,.T.);
#4736 = EDGE_CURVE('',#4737,#4739,#4741,.T.);
#4737 = VERTEX_POINT('',#4738);
#4738 = CARTESIAN_POINT('',(0.748331477355,1.457472500437,-0.63));
#4739 = VERTEX_POINT('',#4740);
#4740 = CARTESIAN_POINT('',(0.708124282877,1.5016,-0.63));
#4741 = B_SPLINE_CURVE_WITH_KNOTS('',3,(#4742,#4743,#4744,#4745,#4746),
  .UNSPECIFIED.,.F.,.F.,(4,1,4),(0.,0.5,1.),.QUASI_UNIFORM_KNOTS.);
#4742 = CARTESIAN_POINT('',(0.748331477355,1.457472500437,-0.63));
#4743 = CARTESIAN_POINT('',(0.748331477355,1.467540051353,-0.63));
#4744 = CARTESIAN_POINT('',(0.738182560735,1.488331855655,-0.63));
#4745 = CARTESIAN_POINT('',(0.718078963496,1.50032805452,-0.63));
#4746 = CARTESIAN_POINT('',(0.708124282877,1.5016,-0.63));
#4747 = ORIENTED_EDGE('',*,*,#4748,.T.);
#4748 = EDGE_CURVE('',#4739,#4749,#4751,.T.);
#4749 = VERTEX_POINT('',#4750);
#4750 = CARTESIAN_POINT('',(0.882157730241,1.5016,-0.531693275278));
#4751 = B_SPLINE_CURVE_WITH_KNOTS('',3,(#4752,#4753,#4754,#4755,#4756,
    #4757,#4758,#4759,#4760,#4761,#4762,#4763,#4764,#4765,#4766,#4767,
    #4768,#4769,#4770,#4771,#4772,#4773,#4774),.UNSPECIFIED.,.F.,.F.,(4,
    1,1,1,1,1,1,1,1,1,1,1,1,1,1,1,1,1,1,1,4),(0.,5.E-02,0.1,0.15,0.2,
    0.25,0.3,0.35,0.4,0.45,0.5,0.55,0.6,0.65,0.7,0.75,0.8,0.85,0.9,0.95,
    1.),.QUASI_UNIFORM_KNOTS.);
#4752 = CARTESIAN_POINT('',(0.708124282877,1.5016,-0.63));
#4753 = CARTESIAN_POINT('',(0.708723159256,1.506287011493,-0.63));
#4754 = CARTESIAN_POINT('',(0.71038405479,1.515807067838,-0.629684460521
    ));
#4755 = CARTESIAN_POINT('',(0.715167986679,1.531026944375,
    -0.627951265311));
#4756 = CARTESIAN_POINT('',(0.722047012543,1.544862433303,
    -0.625044275346));
#4757 = CARTESIAN_POINT('',(0.729735509721,1.556847604109,
    -0.621331640341));
#4758 = CARTESIAN_POINT('',(0.739379083952,1.567254133328,-0.61674196709
    ));
#4759 = CARTESIAN_POINT('',(0.750074679612,1.576258328134,
    -0.611277038913));
#4760 = CARTESIAN_POINT('',(0.761600583524,1.583517095831,
    -0.605104201088));
#4761 = CARTESIAN_POINT('',(0.773990992452,1.588167991334,
    -0.598650623101));
#4762 = CARTESIAN_POINT('',(0.787107180372,1.59149460871,-0.591278010663
    ));
#4763 = CARTESIAN_POINT('',(0.800881290576,1.591992216616,
    -0.583633596736));
#4764 = CARTESIAN_POINT('',(0.814068848185,1.590373258993,
    -0.576001098683));
#4765 = CARTESIAN_POINT('',(0.826523088166,1.586335227719,-0.56880345669
    ));
#4766 = CARTESIAN_POINT('',(0.838134619191,1.580676843455,
    -0.561729506023));
#4767 = CARTESIAN_POINT('',(0.848577347893,1.572735843288,
    -0.555523776467));
#4768 = CARTESIAN_POINT('',(0.857615254665,1.564230782337,-0.54960091572
    ));
#4769 = CARTESIAN_POINT('',(0.865168038333,1.554568776653,-0.54460747955
    ));
#4770 = CARTESIAN_POINT('',(0.871400021117,1.543408243799,
    -0.540598712427));
#4771 = CARTESIAN_POINT('',(0.877068000158,1.530014743351,
    -0.536454551337));
#4772 = CARTESIAN_POINT('',(0.880855495823,1.515112730027,-0.53331552605
    ));
#4773 = CARTESIAN_POINT('',(0.881890465067,1.50603601472,-0.532136707705
    ));
#4774 = CARTESIAN_POINT('',(0.882157730241,1.5016,-0.531693275278));
#4775 = ORIENTED_EDGE('',*,*,#4776,.T.);
#4776 = EDGE_CURVE('',#4749,#4777,#4779,.T.);
#4777 = VERTEX_POINT('',#4778);
#4778 = CARTESIAN_POINT('',(0.856423801862,1.457472500437,
    -0.572222222222));
#4779 = B_SPLINE_CURVE_WITH_KNOTS('',3,(#4780,#4781,#4782,#4783,#4784,
    #4785,#4786,#4787,#4788,#4789,#4790,#4791),.UNSPECIFIED.,.F.,.F.,(4,
    1,1,1,1,1,1,1,1,4),(0.,0.111111111111,0.222222222222,0.333333333333,
    0.444444444444,0.555555555556,0.666666666667,0.777777777778,
    0.888888888889,1.),.UNSPECIFIED.);
#4780 = CARTESIAN_POINT('',(0.882157730241,1.5016,-0.531693275278));
#4781 = CARTESIAN_POINT('',(0.880928450159,1.501379781669,
    -0.533732832627));
#4782 = CARTESIAN_POINT('',(0.878342261864,1.500439073036,
    -0.537991407039));
#4783 = CARTESIAN_POINT('',(0.874093047398,1.497634831478,
    -0.544872299199));
#4784 = CARTESIAN_POINT('',(0.869387093736,1.493114499408,
    -0.552351040715));
#4785 = CARTESIAN_POINT('',(0.865000368548,1.487202822449,
    -0.559188254143));
#4786 = CARTESIAN_POINT('',(0.861647272462,1.480998983436,
    -0.564334014868));
#4787 = CARTESIAN_POINT('',(0.859181124563,1.474707268266,
    -0.568077816384));
#4788 = CARTESIAN_POINT('',(0.857511911043,1.468565887049,-0.57059164417
    ));
#4789 = CARTESIAN_POINT('',(0.856673363484,1.462793083114,
    -0.571848879823));
#4790 = CARTESIAN_POINT('',(0.856288341643,1.459182941211,
    -0.572424960513));
#4791 = CARTESIAN_POINT('',(0.856423801862,1.457472500437,
    -0.572222222222));
#4792 = ORIENTED_EDGE('',*,*,#4793,.T.);
#4793 = EDGE_CURVE('',#4777,#4737,#4794,.T.);
#4794 = CIRCLE('',#4795,0.13);
#4795 = AXIS2_PLACEMENT_3D('',#4796,#4797,#4798);
#4796 = CARTESIAN_POINT('',(0.748331477355,1.457472500437,-0.5));
#4797 = DIRECTION('',(0.,1.,0.));
#4798 = DIRECTION('',(0.831479419283,0.,-0.555555555556));
#4799 = B_SPLINE_SURFACE_WITH_KNOTS('',3,3,(
    (#4800,#4801,#4802,#4803,#4804)
    ,(#4805,#4806,#4807,#4808,#4809)
    ,(#4810,#4811,#4812,#4813,#4814)
    ,(#4815,#4816,#4817,#4818,#4819)
    ,(#4820,#4821,#4822,#4823,#4824)
    ,(#4825,#4826,#4827,#4828,#4829)
    ,(#4830,#4831,#4832,#4833,#4834)
    ,(#4835,#4836,#4837,#4838,#4839)
    ,(#4840,#4841,#4842,#4843,#4844)
    ,(#4845,#4846,#4847,#4848,#4849)
    ,(#4850,#4851,#4852,#4853,#4854)
    ,(#4855,#4856,#4857,#4858,#4859
    )),.UNSPECIFIED.,.F.,.F.,.F.,(4,1,1,1,1,1,1,1,1,4),(4,1,4),(
    -9.892494604916E-03,6.25E-02,0.125,0.25,0.375,0.5,0.625,0.75,0.875,
    1.010308727439),(-1.854630523418E-02,0.5,1.013205090618),
  .UNSPECIFIED.);
#4800 = CARTESIAN_POINT('',(0.706683617324,1.498735204139,-0.62997832777
    ));
#4801 = CARTESIAN_POINT('',(0.716884433441,1.498287428167,
    -0.629983880185));
#4802 = CARTESIAN_POINT('',(0.737615875035,1.487077846548,
    -0.629994447405));
#4803 = CARTESIAN_POINT('',(0.747586829941,1.466517662484,
    -0.629996523972));
#4804 = CARTESIAN_POINT('',(0.747037405505,1.456715019946,
    -0.629993651661));
#4805 = CARTESIAN_POINT('',(0.707428547223,1.506045218714,-0.63008412584
    ));
#4806 = CARTESIAN_POINT('',(0.717914144392,1.504364579742,
    -0.630062437976));
#4807 = CARTESIAN_POINT('',(0.739160611635,1.490709318947,
    -0.630021281278));
#4808 = CARTESIAN_POINT('',(0.750043850062,1.467672176001,-0.63001335227
    ));
#4809 = CARTESIAN_POINT('',(0.750168677772,1.456618486791,
    -0.630024635291));
#4810 = CARTESIAN_POINT('',(0.709735564787,1.51933324575,-0.629558558494
    ));
#4811 = CARTESIAN_POINT('',(0.720594755971,1.515396904068,
    -0.629674947407));
#4812 = CARTESIAN_POINT('',(0.742466199221,1.497297227195,-0.6298935486)
  );
#4813 = CARTESIAN_POINT('',(0.754741591557,1.469771932538,
    -0.629932632228));
#4814 = CARTESIAN_POINT('',(0.755995424352,1.45644293608,-0.629870868258
    ));
#4815 = CARTESIAN_POINT('',(0.718657950948,1.543617918091,
    -0.626024095904));
#4816 = CARTESIAN_POINT('',(0.729471133055,1.535586296905,
    -0.626920878635));
#4817 = CARTESIAN_POINT('',(0.751040670706,1.509367885089,
    -0.628735224508));
#4818 = CARTESIAN_POINT('',(0.764466345555,1.473613138506,
    -0.629235143688));
#4819 = CARTESIAN_POINT('',(0.767116636338,1.456121771019,
    -0.628828787357));
#4820 = CARTESIAN_POINT('',(0.736016535081,1.568867417674,
    -0.617757757143));
#4821 = CARTESIAN_POINT('',(0.745663185348,1.556703713977,
    -0.620302473062));
#4822 = CARTESIAN_POINT('',(0.764730417635,1.522055001055,
    -0.625525965426));
#4823 = CARTESIAN_POINT('',(0.777200623769,1.477618574287,
    -0.627264414054));
#4824 = CARTESIAN_POINT('',(0.780239692843,1.455786768926,
    -0.626354109075));
#4825 = CARTESIAN_POINT('',(0.764698858879,1.588807842017,
    -0.602754672944));
#4826 = CARTESIAN_POINT('',(0.771685370368,1.573573163407,
    -0.607745274945));
#4827 = CARTESIAN_POINT('',(0.785201851398,1.532303500166,
    -0.618150365333));
#4828 = CARTESIAN_POINT('',(0.793546947084,1.480818543849,
    -0.622517958036));
#4829 = CARTESIAN_POINT('',(0.795382488326,1.455519015194,
    -0.621523028779));
#4830 = CARTESIAN_POINT('',(0.797379872597,1.595758522391,
    -0.584702891317));
#4831 = CARTESIAN_POINT('',(0.800972267728,1.579521278489,
    -0.592024516696));
#4832 = CARTESIAN_POINT('',(0.807324433446,1.536019178437,
    -0.607453282601));
#4833 = CARTESIAN_POINT('',(0.809894443414,1.482006327351,
    -0.615209568886));
#4834 = CARTESIAN_POINT('',(0.809760543393,1.455419723064,
    -0.614923474273));
#4835 = CARTESIAN_POINT('',(0.829701456372,1.588796289518,
    -0.566016330893));
#4836 = CARTESIAN_POINT('',(0.829636960483,1.573640454952,
    -0.575173553189));
#4837 = CARTESIAN_POINT('',(0.828273761165,1.532608700174,
    -0.594560134468));
#4838 = CARTESIAN_POINT('',(0.825064815393,1.481039963404,
    -0.605679936774));
#4839 = CARTESIAN_POINT('',(0.823235068237,1.455500917334,
    -0.606635087377));
#4840 = CARTESIAN_POINT('',(0.857343415194,1.568863834131,
    -0.549185785649));
#4841 = CARTESIAN_POINT('',(0.853914631307,1.556840030888,
    -0.559464863412));
#4842 = CARTESIAN_POINT('',(0.845559711844,1.522660805587,
    -0.581254060951));
#4843 = CARTESIAN_POINT('',(0.83810767483,1.478064553853,-0.594719620981
    ));
#4844 = CARTESIAN_POINT('',(0.835663675789,1.455750325886,
    -0.596728933245));
#4845 = CARTESIAN_POINT('',(0.8771177016,1.537667903558,-0.536104290112)
  );
#4846 = CARTESIAN_POINT('',(0.871298546537,1.53079521343,-0.546648334624
    ));
#4847 = CARTESIAN_POINT('',(0.858020354188,1.507272970425,
    -0.569141081936));
#4848 = CARTESIAN_POINT('',(0.848850634288,1.473345654005,
    -0.583011379029));
#4849 = CARTESIAN_POINT('',(0.847190295752,1.456145468091,-0.58497087239
    ));
#4850 = CARTESIAN_POINT('',(0.882509711393,1.512218238468,
    -0.531465500946));
#4851 = CARTESIAN_POINT('',(0.876432493072,1.509714694373,
    -0.541484519765));
#4852 = CARTESIAN_POINT('',(0.862520877646,1.494866446201,
    -0.563181135118));
#4853 = CARTESIAN_POINT('',(0.854324164124,1.469478524857,
    -0.575415296231));
#4854 = CARTESIAN_POINT('',(0.853964745747,1.456469071178,
    -0.575999049155));
#4855 = CARTESIAN_POINT('',(0.88291814107,1.498587060169,-0.530382732762
    ));
#4856 = CARTESIAN_POINT('',(0.877193091553,1.498404980747,
    -0.539941566249));
#4857 = CARTESIAN_POINT('',(0.86394365287,1.488201686285,-0.560856630223
    ));
#4858 = CARTESIAN_POINT('',(0.856808329309,1.46740615926,-0.571642924314
    ));
#4859 = CARTESIAN_POINT('',(0.857169329335,1.456642504718,-0.57109386692
    ));
#4860 = SHELL_BASED_SURFACE_MODEL('',(#4861));
#4861 = OPEN_SHELL('',(#4862));
#4862 = ADVANCED_FACE('',(#4863),#4899,.T.);
#4863 = FACE_BOUND('',#4864,.T.);
#4864 = EDGE_LOOP('',(#4865,#4875,#4884,#4892));
#4865 = ORIENTED_EDGE('',*,*,#4866,.T.);
#4866 = EDGE_CURVE('',#4867,#4869,#4871,.T.);
#4867 = VERTEX_POINT('',#4868);
#4868 = CARTESIAN_POINT('',(0.469604038013,1.4,0.2));
#4869 = VERTEX_POINT('',#4870);
#4870 = CARTESIAN_POINT('',(0.469604038013,1.5016,0.200000000001));
#4871 = LINE('',#4872,#4873);
#4872 = CARTESIAN_POINT('',(0.469604038013,1.4,0.2));
#4873 = VECTOR('',#4874,1.);
#4874 = DIRECTION('',(0.,1.,2.150016276126E-11));
#4875 = ORIENTED_EDGE('',*,*,#4876,.T.);
#4876 = EDGE_CURVE('',#4869,#4877,#4879,.T.);
#4877 = VERTEX_POINT('',#4878);
#4878 = CARTESIAN_POINT('',(1.010395961987,1.5016,0.2));
#4879 = CIRCLE('',#4880,0.270395961987);
#4880 = AXIS2_PLACEMENT_3D('',#4881,#4882,#4883);
#4881 = CARTESIAN_POINT('',(0.74,1.5016,0.2));
#4882 = DIRECTION('',(0.,1.,0.));
#4883 = DIRECTION('',(-1.,0.,0.));
#4884 = ORIENTED_EDGE('',*,*,#4885,.T.);
#4885 = EDGE_CURVE('',#4877,#4886,#4888,.T.);
#4886 = VERTEX_POINT('',#4887);
#4887 = CARTESIAN_POINT('',(1.010395961987,1.4,0.2));
#4888 = LINE('',#4889,#4890);
#4889 = CARTESIAN_POINT('',(1.010395961987,1.5016,0.2));
#4890 = VECTOR('',#4891,1.);
#4891 = DIRECTION('',(0.,-1.,0.));
#4892 = ORIENTED_EDGE('',*,*,#4893,.T.);
#4893 = EDGE_CURVE('',#4886,#4867,#4894,.T.);
#4894 = CIRCLE('',#4895,0.270395961987);
#4895 = AXIS2_PLACEMENT_3D('',#4896,#4897,#4898);
#4896 = CARTESIAN_POINT('',(0.74,1.4,0.2));
#4897 = DIRECTION('',(0.,-1.,0.));
#4898 = DIRECTION('',(1.,0.,-3.128707760823E-14));
#4899 = SURFACE_OF_REVOLUTION('',#4900,#4904);
#4900 = LINE('',#4901,#4902);
#4901 = CARTESIAN_POINT('',(1.009862397322,1.397968,0.183021697068));
#4902 = VECTOR('',#4903,1.);
#4903 = DIRECTION('',(0.,1.,0.));
#4904 = AXIS1_PLACEMENT('',#4905,#4906);
#4905 = CARTESIAN_POINT('',(0.74,1.4,0.2));
#4906 = DIRECTION('',(0.,-1.,0.));
#4907 = SHELL_BASED_SURFACE_MODEL('',(#4908));
#4908 = OPEN_SHELL('',(#4909));
#4909 = ADVANCED_FACE('',(#4910),#4960,.T.);
#4910 = FACE_BOUND('',#4911,.T.);
#4911 = EDGE_LOOP('',(#4912,#4935,#4944,#4953));
#4912 = ORIENTED_EDGE('',*,*,#4913,.T.);
#4913 = EDGE_CURVE('',#4914,#4916,#4918,.T.);
#4914 = VERTEX_POINT('',#4915);
#4915 = CARTESIAN_POINT('',(0.805665595308,1.7048,0.185741483703));
#4916 = VERTEX_POINT('',#4917);
#4917 = CARTESIAN_POINT('',(1.010395961987,1.5016,0.2));
#4918 = B_SPLINE_CURVE_WITH_KNOTS('',3,(#4919,#4920,#4921,#4922,#4923,
    #4924,#4925,#4926,#4927,#4928,#4929,#4930,#4931,#4932,#4933,#4934),
  .UNSPECIFIED.,.F.,.F.,(4,1,1,1,1,1,1,1,1,1,1,1,1,4),(0.,
    7.692307692308E-02,0.153846153846,0.230769230769,0.307692307692,
    0.384615384615,0.461538461538,0.538461538462,0.615384615385,
    0.692307692308,0.769230769231,0.846153846154,0.923076923077,1.),
  .UNSPECIFIED.);
#4919 = CARTESIAN_POINT('',(0.805665595308,1.7048,0.185741483703));
#4920 = CARTESIAN_POINT('',(0.811299525525,1.7048,0.185777512428));
#4921 = CARTESIAN_POINT('',(0.823507381189,1.704358842881,0.186000529158
    ));
#4922 = CARTESIAN_POINT('',(0.844549112052,1.701597672966,0.186806431439
    ));
#4923 = CARTESIAN_POINT('',(0.867779475285,1.695926493532,0.18806627943)
  );
#4924 = CARTESIAN_POINT('',(0.892091210627,1.686669946726,0.189685793555
    ));
#4925 = CARTESIAN_POINT('',(0.914907221223,1.674414752278,0.191412511658
    ));
#4926 = CARTESIAN_POINT('',(0.935962764751,1.659401403279,0.193141411691
    ));
#4927 = CARTESIAN_POINT('',(0.954910614926,1.641863868707,0.194789457225
    ));
#4928 = CARTESIAN_POINT('',(0.97146898407,1.622084871978,0.196289953168)
  );
#4929 = CARTESIAN_POINT('',(0.985379911566,1.600382174658,0.197588618203
    ));
#4930 = CARTESIAN_POINT('',(0.996430093823,1.577101921949,0.198642451829
    ));
#4931 = CARTESIAN_POINT('',(1.004448169704,1.552615873272,0.19941848566)
  );
#4932 = CARTESIAN_POINT('',(1.009309807198,1.527314355034,0.199893415932
    ));
#4933 = CARTESIAN_POINT('',(1.010395961987,1.510171566113,0.2));
#4934 = CARTESIAN_POINT('',(1.010395961987,1.5016,0.2));
#4935 = ORIENTED_EDGE('',*,*,#4936,.T.);
#4936 = EDGE_CURVE('',#4916,#4937,#4939,.T.);
#4937 = VERTEX_POINT('',#4938);
#4938 = CARTESIAN_POINT('',(0.469604038013,1.5016,0.200000000427));
#4939 = CIRCLE('',#4940,0.270395961987);
#4940 = AXIS2_PLACEMENT_3D('',#4941,#4942,#4943);
#4941 = CARTESIAN_POINT('',(0.74,1.5016,0.2));
#4942 = DIRECTION('',(0.,-1.,0.));
#4943 = DIRECTION('',(1.,0.,0.));
#4944 = ORIENTED_EDGE('',*,*,#4945,.T.);
#4945 = EDGE_CURVE('',#4937,#4946,#4948,.T.);
#4946 = VERTEX_POINT('',#4947);
#4947 = CARTESIAN_POINT('',(0.672804038013,1.7048,0.2));
#4948 = CIRCLE('',#4949,0.2032);
#4949 = AXIS2_PLACEMENT_3D('',#4950,#4951,#4952);
#4950 = CARTESIAN_POINT('',(0.672804038013,1.5016,0.200000000212));
#4951 = DIRECTION('',(-3.158723053953E-09,0.,-1.));
#4952 = DIRECTION('',(-1.,0.,3.158723053953E-09));
#4953 = ORIENTED_EDGE('',*,*,#4954,.T.);
#4954 = EDGE_CURVE('',#4946,#4914,#4955,.T.);
#4955 = CIRCLE('',#4956,6.719596198718E-02);
#4956 = AXIS2_PLACEMENT_3D('',#4957,#4958,#4959);
#4957 = CARTESIAN_POINT('',(0.74,1.7048,0.2));
#4958 = DIRECTION('',(0.,1.,0.));
#4959 = DIRECTION('',(-1.,0.,0.));
#4960 = SURFACE_OF_REVOLUTION('',#4961,#4966);
#4961 = CIRCLE('',#4962,0.2032);
#4962 = AXIS2_PLACEMENT_3D('',#4963,#4964,#4965);
#4963 = CARTESIAN_POINT('',(0.804562217384,1.5016,0.18137159712));
#4964 = DIRECTION('',(0.2772250345,0.,0.960805016768));
#4965 = DIRECTION('',(0.960330917492,-3.141075907813E-02,-0.277088240681
    ));
#4966 = AXIS1_PLACEMENT('',#4967,#4968);
#4967 = CARTESIAN_POINT('',(0.74,1.5016,0.2));
#4968 = DIRECTION('',(0.,-1.,0.));
#4969 = SHELL_BASED_SURFACE_MODEL('',(#4970));
#4970 = OPEN_SHELL('',(#4971));
#4971 = ADVANCED_FACE('',(#4972),#5017,.T.);
#4972 = FACE_BOUND('',#4973,.T.);
#4973 = EDGE_LOOP('',(#4974,#4985,#4993,#5001,#5010));
#4974 = ORIENTED_EDGE('',*,*,#4975,.T.);
#4975 = EDGE_CURVE('',#4976,#4978,#4980,.T.);
#4976 = VERTEX_POINT('',#4977);
#4977 = CARTESIAN_POINT('',(0.805666902508,1.7048,0.185739159227));
#4978 = VERTEX_POINT('',#4979);
#4979 = CARTESIAN_POINT('',(0.708124002971,1.7048,-0.426800464404));
#4980 = CIRCLE('',#4981,0.8268);
#4981 = AXIS2_PLACEMENT_3D('',#4982,#4983,#4984);
#4982 = CARTESIAN_POINT('',(0.,1.7048,0.));
#4983 = DIRECTION('',(0.,1.,0.));
#4984 = DIRECTION('',(0.974439924378,-0.,0.224648244547));
#4985 = ORIENTED_EDGE('',*,*,#4986,.T.);
#4986 = EDGE_CURVE('',#4978,#4987,#4989,.T.);
#4987 = VERTEX_POINT('',#4988);
#4988 = CARTESIAN_POINT('',(0.3282,1.7048,-0.4268));
#4989 = LINE('',#4990,#4991);
#4990 = CARTESIAN_POINT('',(0.708124020272,1.7048,-0.4268));
#4991 = VECTOR('',#4992,1.);
#4992 = DIRECTION('',(-1.,0.,0.));
#4993 = ORIENTED_EDGE('',*,*,#4994,.T.);
#4994 = EDGE_CURVE('',#4987,#4995,#4997,.T.);
#4995 = VERTEX_POINT('',#4996);
#4996 = CARTESIAN_POINT('',(0.32820070418,1.7048,-0.387323848704));
#4997 = LINE('',#4998,#4999);
#4998 = CARTESIAN_POINT('',(0.3282,1.7048,-0.4268));
#4999 = VECTOR('',#5000,1.);
#5000 = DIRECTION('',(0.,0.,1.));
#5001 = ORIENTED_EDGE('',*,*,#5002,.T.);
#5002 = EDGE_CURVE('',#4995,#5003,#5005,.T.);
#5003 = VERTEX_POINT('',#5004);
#5004 = CARTESIAN_POINT('',(0.672804038013,1.7048,0.2));
#5005 = CIRCLE('',#5006,0.672804038013);
#5006 = AXIS2_PLACEMENT_3D('',#5007,#5008,#5009);
#5007 = CARTESIAN_POINT('',(0.,1.7048,0.2));
#5008 = DIRECTION('',(0.,-1.,0.));
#5009 = DIRECTION('',(0.487810825119,0.,-0.872949367889));
#5010 = ORIENTED_EDGE('',*,*,#5011,.T.);
#5011 = EDGE_CURVE('',#5003,#4976,#5012,.T.);
#5012 = CIRCLE('',#5013,6.719596198718E-02);
#5013 = AXIS2_PLACEMENT_3D('',#5014,#5015,#5016);
#5014 = CARTESIAN_POINT('',(0.74,1.7048,0.2));
#5015 = DIRECTION('',(0.,1.,0.));
#5016 = DIRECTION('',(-1.,0.,0.));
#5017 = B_SPLINE_SURFACE_WITH_KNOTS('',1,1,(
    (#5018,#5019)
    ,(#5020,#5021
    )),.UNSPECIFIED.,.F.,.F.,.F.,(2,2),(2,2),(1.252857630712E-02,
    3.294812014796E-02),(-1.106742487484E-02,1.734963145887E-02),
  .PIECEWISE_BEZIER_KNOTS.);
#5018 = CARTESIAN_POINT('',(0.318225838201,1.7048,0.281112591821));
#5019 = CARTESIAN_POINT('',(0.318225838201,1.7048,-0.440680639055));
#5020 = CARTESIAN_POINT('',(0.836882251758,1.7048,0.281112591821));
#5021 = CARTESIAN_POINT('',(0.836882251758,1.7048,-0.440680639055));
#5022 = SHELL_BASED_SURFACE_MODEL('',(#5023));
#5023 = OPEN_SHELL('',(#5024));
#5024 = ADVANCED_FACE('',(#5025),#5061,.T.);
#5025 = FACE_BOUND('',#5026,.T.);
#5026 = EDGE_LOOP('',(#5027,#5037,#5046,#5054));
#5027 = ORIENTED_EDGE('',*,*,#5028,.T.);
#5028 = EDGE_CURVE('',#5029,#5031,#5033,.T.);
#5029 = VERTEX_POINT('',#5030);
#5030 = CARTESIAN_POINT('',(0.25,1.37,0.2));
#5031 = VERTEX_POINT('',#5032);
#5032 = CARTESIAN_POINT('',(0.25,1.5016,0.2));
#5033 = LINE('',#5034,#5035);
#5034 = CARTESIAN_POINT('',(0.25,1.37,0.2));
#5035 = VECTOR('',#5036,1.);
#5036 = DIRECTION('',(0.,1.,5.018243925777E-12));
#5037 = ORIENTED_EDGE('',*,*,#5038,.T.);
#5038 = EDGE_CURVE('',#5031,#5039,#5041,.T.);
#5039 = VERTEX_POINT('',#5040);
#5040 = CARTESIAN_POINT('',(-0.25,1.5016,0.200000000001));
#5041 = CIRCLE('',#5042,0.25);
#5042 = AXIS2_PLACEMENT_3D('',#5043,#5044,#5045);
#5043 = CARTESIAN_POINT('',(0.,1.5016,0.2));
#5044 = DIRECTION('',(-0.,1.,0.));
#5045 = DIRECTION('',(1.,0.,0.));
#5046 = ORIENTED_EDGE('',*,*,#5047,.T.);
#5047 = EDGE_CURVE('',#5039,#5048,#5050,.T.);
#5048 = VERTEX_POINT('',#5049);
#5049 = CARTESIAN_POINT('',(-0.25,1.37,0.2));
#5050 = LINE('',#5051,#5052);
#5051 = CARTESIAN_POINT('',(-0.25,1.5016,0.200000000001));
#5052 = VECTOR('',#5053,1.);
#5053 = DIRECTION('',(0.,-1.,-8.878354295425E-12));
#5054 = ORIENTED_EDGE('',*,*,#5055,.T.);
#5055 = EDGE_CURVE('',#5048,#5029,#5056,.T.);
#5056 = CIRCLE('',#5057,0.25);
#5057 = AXIS2_PLACEMENT_3D('',#5058,#5059,#5060);
#5058 = CARTESIAN_POINT('',(0.,1.37,0.2));
#5059 = DIRECTION('',(0.,-1.,0.));
#5060 = DIRECTION('',(-1.,0.,0.));
#5061 = SURFACE_OF_REVOLUTION('',#5062,#5066);
#5062 = LINE('',#5063,#5064);
#5063 = CARTESIAN_POINT('',(-0.249506682107,1.367368,0.215697629882));
#5064 = VECTOR('',#5065,1.);
#5065 = DIRECTION('',(0.,1.,0.));
#5066 = AXIS1_PLACEMENT('',#5067,#5068);
#5067 = CARTESIAN_POINT('',(0.,1.37,0.2));
#5068 = DIRECTION('',(0.,-1.,0.));
#5069 = SHELL_BASED_SURFACE_MODEL('',(#5070));
#5070 = OPEN_SHELL('',(#5071));
#5071 = ADVANCED_FACE('',(#5072),#5136,.T.);
#5072 = FACE_BOUND('',#5073,.T.);
#5073 = EDGE_LOOP('',(#5074,#5084,#5093,#5101,#5110,#5129));
#5074 = ORIENTED_EDGE('',*,*,#5075,.T.);
#5075 = EDGE_CURVE('',#5076,#5078,#5080,.T.);
#5076 = VERTEX_POINT('',#5077);
#5077 = CARTESIAN_POINT('',(0.524937930671,1.4,0.640282075874));
#5078 = VERTEX_POINT('',#5079);
#5079 = CARTESIAN_POINT('',(0.524937930671,1.37,0.640282075874));
#5080 = LINE('',#5081,#5082);
#5081 = CARTESIAN_POINT('',(0.52493793067,1.4,0.640282075874));
#5082 = VECTOR('',#5083,1.);
#5083 = DIRECTION('',(8.46577437785E-12,-1.,0.));
#5084 = ORIENTED_EDGE('',*,*,#5085,.T.);
#5085 = EDGE_CURVE('',#5078,#5086,#5088,.T.);
#5086 = VERTEX_POINT('',#5087);
#5087 = CARTESIAN_POINT('',(0.25,1.37,0.2));
#5088 = CIRCLE('',#5089,0.49);
#5089 = AXIS2_PLACEMENT_3D('',#5090,#5091,#5092);
#5090 = CARTESIAN_POINT('',(0.74,1.37,0.2));
#5091 = DIRECTION('',(0.,-1.,0.));
#5092 = DIRECTION('',(-0.438902182305,0.,0.898534848722));
#5093 = ORIENTED_EDGE('',*,*,#5094,.T.);
#5094 = EDGE_CURVE('',#5086,#5095,#5097,.T.);
#5095 = VERTEX_POINT('',#5096);
#5096 = CARTESIAN_POINT('',(0.25,1.5016,0.2));
#5097 = LINE('',#5098,#5099);
#5098 = CARTESIAN_POINT('',(0.25,1.37,0.2));
#5099 = VECTOR('',#5100,1.);
#5100 = DIRECTION('',(0.,1.,5.018243925777E-12));
#5101 = ORIENTED_EDGE('',*,*,#5102,.T.);
#5102 = EDGE_CURVE('',#5095,#5103,#5105,.T.);
#5103 = VERTEX_POINT('',#5104);
#5104 = CARTESIAN_POINT('',(0.449663249082,1.5016,0.594720877414));
#5105 = CIRCLE('',#5106,0.49);
#5106 = AXIS2_PLACEMENT_3D('',#5107,#5108,#5109);
#5107 = CARTESIAN_POINT('',(0.74,1.5016,0.2));
#5108 = DIRECTION('',(0.,1.,0.));
#5109 = DIRECTION('',(-1.,0.,0.));
#5110 = ORIENTED_EDGE('',*,*,#5111,.T.);
#5111 = EDGE_CURVE('',#5103,#5112,#5114,.T.);
#5112 = VERTEX_POINT('',#5113);
#5113 = CARTESIAN_POINT('',(0.533405679807,1.4,0.644318339554));
#5114 = B_SPLINE_CURVE_WITH_KNOTS('',3,(#5115,#5116,#5117,#5118,#5119,
    #5120,#5121,#5122,#5123,#5124,#5125,#5126,#5127,#5128),
  .UNSPECIFIED.,.F.,.F.,(4,1,1,1,1,1,1,1,1,1,1,4),(0.,9.090909090909E-02
    ,0.181818181818,0.272727272727,0.363636363636,0.454545454545,
    0.545454545455,0.636363636364,0.727272727273,0.818181818182,
    0.909090909091,1.),.UNSPECIFIED.);
#5115 = CARTESIAN_POINT('',(0.449663249082,1.5016,0.594720877414));
#5116 = CARTESIAN_POINT('',(0.45224957674,1.500230157907,0.596623249475)
  );
#5117 = CARTESIAN_POINT('',(0.457596827652,1.497358901631,0.600463145686
    ));
#5118 = CARTESIAN_POINT('',(0.465189021964,1.491743664965,0.605753675266
    ));
#5119 = CARTESIAN_POINT('',(0.475149288548,1.487378734271,0.61222431237)
  );
#5120 = CARTESIAN_POINT('',(0.479534225753,1.472772138306,0.615287734298
    ));
#5121 = CARTESIAN_POINT('',(0.508513216647,1.489086791784,0.632126484504
    ));
#5122 = CARTESIAN_POINT('',(0.514890133959,1.467828843962,0.635199049529
    ));
#5123 = CARTESIAN_POINT('',(0.524261068444,1.454126682622,0.640006433356
    ));
#5124 = CARTESIAN_POINT('',(0.531110102916,1.438493267265,0.643241904092
    ));
#5125 = CARTESIAN_POINT('',(0.528979676582,1.422220616632,0.642238020492
    ));
#5126 = CARTESIAN_POINT('',(0.533185894287,1.410976652553,0.64422108068)
  );
#5127 = CARTESIAN_POINT('',(0.53372033898,1.403452866244,0.644464646362)
  );
#5128 = CARTESIAN_POINT('',(0.533405679807,1.4,0.644318339554));
#5129 = ORIENTED_EDGE('',*,*,#5130,.T.);
#5130 = EDGE_CURVE('',#5112,#5076,#5131,.T.);
#5131 = CIRCLE('',#5132,0.49);
#5132 = AXIS2_PLACEMENT_3D('',#5133,#5134,#5135);
#5133 = CARTESIAN_POINT('',(0.74,1.4,0.2));
#5134 = DIRECTION('',(0.,-1.,0.));
#5135 = DIRECTION('',(-0.421621061619,0.,0.906772121538));
#5136 = SURFACE_OF_REVOLUTION('',#5137,#5141);
#5137 = LINE('',#5138,#5139);
#5138 = CARTESIAN_POINT('',(0.543549129351,1.367368,0.648895372466));
#5139 = VECTOR('',#5140,1.);
#5140 = DIRECTION('',(0.,1.,0.));
#5141 = AXIS1_PLACEMENT('',#5142,#5143);
#5142 = CARTESIAN_POINT('',(0.74,1.37,0.2));
#5143 = DIRECTION('',(0.,-1.,0.));
#5144 = SHELL_BASED_SURFACE_MODEL('',(#5145));
#5145 = OPEN_SHELL('',(#5146));
#5146 = ADVANCED_FACE('',(#5147),#5183,.T.);
#5147 = FACE_BOUND('',#5148,.T.);
#5148 = EDGE_LOOP('',(#5149,#5160,#5168,#5177));
#5149 = ORIENTED_EDGE('',*,*,#5150,.T.);
#5150 = EDGE_CURVE('',#5151,#5153,#5155,.T.);
#5151 = VERTEX_POINT('',#5152);
#5152 = CARTESIAN_POINT('',(0.536222763944,1.4,0.867678020598));
#5153 = VERTEX_POINT('',#5154);
#5154 = CARTESIAN_POINT('',(0.52493793067,1.4,0.640282075874));
#5155 = CIRCLE('',#5156,0.13);
#5156 = AXIS2_PLACEMENT_3D('',#5157,#5158,#5159);
#5157 = CARTESIAN_POINT('',(0.467880646971,1.4,0.757091606208));
#5158 = DIRECTION('',(0.,1.,0.));
#5159 = DIRECTION('',(0.525708592102,-0.,0.850664726076));
#5160 = ORIENTED_EDGE('',*,*,#5161,.T.);
#5161 = EDGE_CURVE('',#5153,#5162,#5164,.T.);
#5162 = VERTEX_POINT('',#5163);
#5163 = CARTESIAN_POINT('',(0.524937930671,1.37,0.640282075874));
#5164 = LINE('',#5165,#5166);
#5165 = CARTESIAN_POINT('',(0.52493793067,1.4,0.640282075874));
#5166 = VECTOR('',#5167,1.);
#5167 = DIRECTION('',(8.46577437785E-12,-1.,0.));
#5168 = ORIENTED_EDGE('',*,*,#5169,.T.);
#5169 = EDGE_CURVE('',#5162,#5170,#5172,.T.);
#5170 = VERTEX_POINT('',#5171);
#5171 = CARTESIAN_POINT('',(0.536222763944,1.37,0.867678020598));
#5172 = CIRCLE('',#5173,0.13);
#5173 = AXIS2_PLACEMENT_3D('',#5174,#5175,#5176);
#5174 = CARTESIAN_POINT('',(0.467880646971,1.37,0.757091606208));
#5175 = DIRECTION('',(0.,-1.,0.));
#5176 = DIRECTION('',(0.438902182305,0.,-0.898534848722));
#5177 = ORIENTED_EDGE('',*,*,#5178,.T.);
#5178 = EDGE_CURVE('',#5170,#5151,#5179,.T.);
#5179 = LINE('',#5180,#5181);
#5180 = CARTESIAN_POINT('',(0.536222763944,1.37,0.867678020598));
#5181 = VECTOR('',#5182,1.);
#5182 = DIRECTION('',(0.,1.,0.));
#5183 = SURFACE_OF_REVOLUTION('',#5184,#5188);
#5184 = LINE('',#5185,#5186);
#5185 = CARTESIAN_POINT('',(0.519902844442,1.368248486566,0.637954328371
    ));
#5186 = VECTOR('',#5187,1.);
#5187 = DIRECTION('',(0.,1.,0.));
#5188 = AXIS1_PLACEMENT('',#5189,#5190);
#5189 = CARTESIAN_POINT('',(0.467880646971,1.37,0.757091606208));
#5190 = DIRECTION('',(0.,-1.,0.));
#5191 = SHELL_BASED_SURFACE_MODEL('',(#5192));
#5192 = OPEN_SHELL('',(#5193));
#5193 = ADVANCED_FACE('',(#5194),#5286,.T.);
#5194 = FACE_BOUND('',#5195,.T.);
#5195 = EDGE_LOOP('',(#5196,#5207,#5216,#5234,#5243,#5261,#5270,#5279));
#5196 = ORIENTED_EDGE('',*,*,#5197,.T.);
#5197 = EDGE_CURVE('',#5198,#5200,#5202,.T.);
#5198 = VERTEX_POINT('',#5199);
#5199 = CARTESIAN_POINT('',(-0.542808985474,1.4,0.863573045717));
#5200 = VERTEX_POINT('',#5201);
#5201 = CARTESIAN_POINT('',(-0.528359804761,1.4,0.635592995467));
#5202 = CIRCLE('',#5203,0.13);
#5203 = AXIS2_PLACEMENT_3D('',#5204,#5205,#5206);
#5204 = CARTESIAN_POINT('',(-0.473627448109,1.4,0.7535098144));
#5205 = DIRECTION('',(0.,-1.,0.));
#5206 = DIRECTION('',(-0.532165672033,0.,0.846640240899));
#5207 = ORIENTED_EDGE('',*,*,#5208,.T.);
#5208 = EDGE_CURVE('',#5200,#5209,#5211,.T.);
#5209 = VERTEX_POINT('',#5210);
#5210 = CARTESIAN_POINT('',(-0.536850037994,1.4,0.639423590829));
#5211 = CIRCLE('',#5212,0.48);
#5212 = AXIS2_PLACEMENT_3D('',#5213,#5214,#5215);
#5213 = CARTESIAN_POINT('',(-0.73,1.4,0.2));
#5214 = DIRECTION('',(0.,-1.,0.));
#5215 = DIRECTION('',(0.420282871951,0.,0.907393138361));
#5216 = ORIENTED_EDGE('',*,*,#5217,.T.);
#5217 = EDGE_CURVE('',#5209,#5218,#5220,.T.);
#5218 = VERTEX_POINT('',#5219);
#5219 = CARTESIAN_POINT('',(-0.554527497388,1.4,0.867985745644));
#5220 = B_SPLINE_CURVE_WITH_KNOTS('',3,(#5221,#5222,#5223,#5224,#5225,
    #5226,#5227,#5228,#5229,#5230,#5231,#5232,#5233),.UNSPECIFIED.,.F.,
  .F.,(4,1,1,1,1,1,1,1,1,1,4),(0.,6.25E-02,0.125,0.25,0.375,0.5,0.625,
    0.75,0.875,0.9375,1.),.UNSPECIFIED.);
#5221 = CARTESIAN_POINT('',(-0.536850037994,1.4,0.639423590829));
#5222 = CARTESIAN_POINT('',(-0.542202912842,1.4,0.641776463081));
#5223 = CARTESIAN_POINT('',(-0.552590420795,1.4,0.647205828475));
#5224 = CARTESIAN_POINT('',(-0.571717821515,1.4,0.660758720235));
#5225 = CARTESIAN_POINT('',(-0.591869668341,1.4,0.682306171212));
#5226 = CARTESIAN_POINT('',(-0.608280431329,1.4,0.713677171072));
#5227 = CARTESIAN_POINT('',(-0.615734308482,1.4,0.748287204422));
#5228 = CARTESIAN_POINT('',(-0.613690862287,1.4,0.783631779971));
#5229 = CARTESIAN_POINT('',(-0.602299001886,1.4,0.817153090963));
#5230 = CARTESIAN_POINT('',(-0.58570003753,1.4,0.841542924018));
#5231 = CARTESIAN_POINT('',(-0.568884058632,1.4,0.857875749464));
#5232 = CARTESIAN_POINT('',(-0.559454925838,1.4,0.86483777394));
#5233 = CARTESIAN_POINT('',(-0.554527497388,1.4,0.867985745644));
#5234 = ORIENTED_EDGE('',*,*,#5235,.T.);
#5235 = EDGE_CURVE('',#5218,#5236,#5238,.T.);
#5236 = VERTEX_POINT('',#5237);
#5237 = CARTESIAN_POINT('',(0.547725322278,1.4,0.872294085349));
#5238 = CIRCLE('',#5239,1.03);
#5239 = AXIS2_PLACEMENT_3D('',#5240,#5241,#5242);
#5240 = CARTESIAN_POINT('',(0.,1.4,0.));
#5241 = DIRECTION('',(0.,1.,0.));
#5242 = DIRECTION('',(-0.538376211057,0.,0.842704607421));
#5243 = ORIENTED_EDGE('',*,*,#5244,.T.);
#5244 = EDGE_CURVE('',#5236,#5245,#5247,.T.);
#5245 = VERTEX_POINT('',#5246);
#5246 = CARTESIAN_POINT('',(0.533405679807,1.4,0.644318339554));
#5247 = B_SPLINE_CURVE_WITH_KNOTS('',3,(#5248,#5249,#5250,#5251,#5252,
    #5253,#5254,#5255,#5256,#5257,#5258,#5259,#5260),.UNSPECIFIED.,.F.,
  .F.,(4,1,1,1,1,1,1,1,1,1,4),(0.,6.25E-02,0.125,0.25,0.375,0.5,0.625,
    0.75,0.875,0.9375,1.),.UNSPECIFIED.);
#5248 = CARTESIAN_POINT('',(0.547725322278,1.4,0.872294085349));
#5249 = CARTESIAN_POINT('',(0.55264674266,1.4,0.869203858544));
#5250 = CARTESIAN_POINT('',(0.562074249635,1.4,0.862362241537));
#5251 = CARTESIAN_POINT('',(0.578932686769,1.4,0.846282451604));
#5252 = CARTESIAN_POINT('',(0.595676611912,1.4,0.822216652204));
#5253 = CARTESIAN_POINT('',(0.607394983908,1.4,0.78904317638));
#5254 = CARTESIAN_POINT('',(0.609904101895,1.4,0.753950907153));
#5255 = CARTESIAN_POINT('',(0.603023588976,1.4,0.719448420655));
#5256 = CARTESIAN_POINT('',(0.587246303915,1.4,0.688002005651));
#5257 = CARTESIAN_POINT('',(0.567622613942,1.4,0.666220533666));
#5258 = CARTESIAN_POINT('',(0.548884605984,1.4,0.652376632314));
#5259 = CARTESIAN_POINT('',(0.538675101075,1.4,0.646768457876));
#5260 = CARTESIAN_POINT('',(0.533405679807,1.4,0.644318339554));
#5261 = ORIENTED_EDGE('',*,*,#5262,.T.);
#5262 = EDGE_CURVE('',#5245,#5263,#5265,.T.);
#5263 = VERTEX_POINT('',#5264);
#5264 = CARTESIAN_POINT('',(0.525031297741,1.4,0.640327699332));
#5265 = CIRCLE('',#5266,0.49);
#5266 = AXIS2_PLACEMENT_3D('',#5267,#5268,#5269);
#5267 = CARTESIAN_POINT('',(0.74,1.4,0.2));
#5268 = DIRECTION('',(0.,-1.,0.));
#5269 = DIRECTION('',(-0.421621061619,0.,0.906772121538));
#5270 = ORIENTED_EDGE('',*,*,#5271,.T.);
#5271 = EDGE_CURVE('',#5263,#5272,#5274,.T.);
#5272 = VERTEX_POINT('',#5273);
#5273 = CARTESIAN_POINT('',(0.536222763944,1.4,0.867678020598));
#5274 = CIRCLE('',#5275,0.13);
#5275 = AXIS2_PLACEMENT_3D('',#5276,#5277,#5278);
#5276 = CARTESIAN_POINT('',(0.467880646971,1.4,0.757091606208));
#5277 = DIRECTION('',(0.,-1.,0.));
#5278 = DIRECTION('',(0.438902182305,0.,-0.898534848722));
#5279 = ORIENTED_EDGE('',*,*,#5280,.T.);
#5280 = EDGE_CURVE('',#5272,#5198,#5281,.T.);
#5281 = CIRCLE('',#5282,1.02);
#5282 = AXIS2_PLACEMENT_3D('',#5283,#5284,#5285);
#5283 = CARTESIAN_POINT('',(0.,1.4,0.));
#5284 = DIRECTION('',(0.,-1.,0.));
#5285 = DIRECTION('',(0.525708592102,0.,0.850664726076));
#5286 = B_SPLINE_SURFACE_WITH_KNOTS('',1,1,(
    (#5287,#5288)
    ,(#5289,#5290
    )),.UNSPECIFIED.,.F.,.F.,.F.,(2,2),(2,2),(-2.51575043865E-02,
    2.49235301239E-02),(-4.086186570009E-02,-2.471100922086E-02),
  .PIECEWISE_BEZIER_KNOTS.);
#5287 = CARTESIAN_POINT('',(-0.639000611417,1.4,1.037891388782));
#5288 = CARTESIAN_POINT('',(-0.639000611417,1.4,0.62765963421));
#5289 = CARTESIAN_POINT('',(0.633057665147,1.4,1.037891388782));
#5290 = CARTESIAN_POINT('',(0.633057665147,1.4,0.62765963421));
#5291 = SHELL_BASED_SURFACE_MODEL('',(#5292));
#5292 = OPEN_SHELL('',(#5293));
#5293 = ADVANCED_FACE('',(#5294),#5330,.T.);
#5294 = FACE_BOUND('',#5295,.T.);
#5295 = EDGE_LOOP('',(#5296,#5307,#5315,#5324));
#5296 = ORIENTED_EDGE('',*,*,#5297,.T.);
#5297 = EDGE_CURVE('',#5298,#5300,#5302,.T.);
#5298 = VERTEX_POINT('',#5299);
#5299 = CARTESIAN_POINT('',(-0.528264221463,1.4,0.635548706413));
#5300 = VERTEX_POINT('',#5301);
#5301 = CARTESIAN_POINT('',(-0.542808985474,1.4,0.863573045717));
#5302 = CIRCLE('',#5303,0.13);
#5303 = AXIS2_PLACEMENT_3D('',#5304,#5305,#5306);
#5304 = CARTESIAN_POINT('',(-0.473627448109,1.4,0.7535098144));
#5305 = DIRECTION('',(0.,1.,0.));
#5306 = DIRECTION('',(-0.420282871951,0.,-0.907393138361));
#5307 = ORIENTED_EDGE('',*,*,#5308,.T.);
#5308 = EDGE_CURVE('',#5300,#5309,#5311,.T.);
#5309 = VERTEX_POINT('',#5310);
#5310 = CARTESIAN_POINT('',(-0.542808985474,1.37,0.863573045717));
#5311 = LINE('',#5312,#5313);
#5312 = CARTESIAN_POINT('',(-0.542808985474,1.4,0.863573045717));
#5313 = VECTOR('',#5314,1.);
#5314 = DIRECTION('',(0.,-1.,0.));
#5315 = ORIENTED_EDGE('',*,*,#5316,.T.);
#5316 = EDGE_CURVE('',#5309,#5317,#5319,.T.);
#5317 = VERTEX_POINT('',#5318);
#5318 = CARTESIAN_POINT('',(-0.528264221463,1.37,0.635548706413));
#5319 = CIRCLE('',#5320,0.13);
#5320 = AXIS2_PLACEMENT_3D('',#5321,#5322,#5323);
#5321 = CARTESIAN_POINT('',(-0.473627448109,1.37,0.7535098144));
#5322 = DIRECTION('',(0.,-1.,0.));
#5323 = DIRECTION('',(-0.532165672033,0.,0.846640240899));
#5324 = ORIENTED_EDGE('',*,*,#5325,.T.);
#5325 = EDGE_CURVE('',#5317,#5298,#5326,.T.);
#5326 = LINE('',#5327,#5328);
#5327 = CARTESIAN_POINT('',(-0.528264221463,1.37,0.635548706413));
#5328 = VECTOR('',#5329,1.);
#5329 = DIRECTION('',(0.,1.,0.));
#5330 = SURFACE_OF_REVOLUTION('',#5331,#5335);
#5331 = LINE('',#5332,#5333);
#5332 = CARTESIAN_POINT('',(-0.538021277093,1.368248486566,
    0.866440920783));
#5333 = VECTOR('',#5334,1.);
#5334 = DIRECTION('',(0.,1.,0.));
#5335 = AXIS1_PLACEMENT('',#5336,#5337);
#5336 = CARTESIAN_POINT('',(-0.473627448109,1.37,0.7535098144));
#5337 = DIRECTION('',(0.,-1.,0.));
#5338 = SHELL_BASED_SURFACE_MODEL('',(#5339));
#5339 = OPEN_SHELL('',(#5340));
#5340 = ADVANCED_FACE('',(#5341),#5377,.T.);
#5341 = FACE_BOUND('',#5342,.T.);
#5342 = EDGE_LOOP('',(#5343,#5354,#5362,#5371));
#5343 = ORIENTED_EDGE('',*,*,#5344,.T.);
#5344 = EDGE_CURVE('',#5345,#5347,#5349,.T.);
#5345 = VERTEX_POINT('',#5346);
#5346 = CARTESIAN_POINT('',(-0.542808985474,1.4,0.863573045717));
#5347 = VERTEX_POINT('',#5348);
#5348 = CARTESIAN_POINT('',(0.536222763944,1.4,0.867678020598));
#5349 = CIRCLE('',#5350,1.02);
#5350 = AXIS2_PLACEMENT_3D('',#5351,#5352,#5353);
#5351 = CARTESIAN_POINT('',(0.,1.4,0.));
#5352 = DIRECTION('',(0.,1.,0.));
#5353 = DIRECTION('',(-0.532165672033,0.,0.846640240899));
#5354 = ORIENTED_EDGE('',*,*,#5355,.T.);
#5355 = EDGE_CURVE('',#5347,#5356,#5358,.T.);
#5356 = VERTEX_POINT('',#5357);
#5357 = CARTESIAN_POINT('',(0.536222763944,1.37,0.867678020598));
#5358 = LINE('',#5359,#5360);
#5359 = CARTESIAN_POINT('',(0.536222763944,1.4,0.867678020598));
#5360 = VECTOR('',#5361,1.);
#5361 = DIRECTION('',(0.,-1.,0.));
#5362 = ORIENTED_EDGE('',*,*,#5363,.T.);
#5363 = EDGE_CURVE('',#5356,#5364,#5366,.T.);
#5364 = VERTEX_POINT('',#5365);
#5365 = CARTESIAN_POINT('',(-0.542808985474,1.37,0.863573045717));
#5366 = CIRCLE('',#5367,1.02);
#5367 = AXIS2_PLACEMENT_3D('',#5368,#5369,#5370);
#5368 = CARTESIAN_POINT('',(0.,1.37,0.));
#5369 = DIRECTION('',(0.,-1.,0.));
#5370 = DIRECTION('',(0.525708592102,0.,0.850664726076));
#5371 = ORIENTED_EDGE('',*,*,#5372,.T.);
#5372 = EDGE_CURVE('',#5364,#5345,#5373,.T.);
#5373 = LINE('',#5374,#5375);
#5374 = CARTESIAN_POINT('',(-0.542808985474,1.37,0.863573045717));
#5375 = VECTOR('',#5376,1.);
#5376 = DIRECTION('',(0.,1.,0.));
#5377 = SURFACE_OF_REVOLUTION('',#5378,#5382);
#5378 = LINE('',#5379,#5380);
#5379 = CARTESIAN_POINT('',(0.555431998129,1.368248486566,0.855508793324
    ));
#5380 = VECTOR('',#5381,1.);
#5381 = DIRECTION('',(0.,1.,0.));
#5382 = AXIS1_PLACEMENT('',#5383,#5384);
#5383 = CARTESIAN_POINT('',(0.,1.37,0.));
#5384 = DIRECTION('',(0.,-1.,0.));
#5385 = SHELL_BASED_SURFACE_MODEL('',(#5386));
#5386 = OPEN_SHELL('',(#5387));
#5387 = ADVANCED_FACE('',(#5388),#5452,.T.);
#5388 = FACE_BOUND('',#5389,.T.);
#5389 = EDGE_LOOP('',(#5390,#5400,#5409,#5417,#5426,#5445));
#5390 = ORIENTED_EDGE('',*,*,#5391,.T.);
#5391 = EDGE_CURVE('',#5392,#5394,#5396,.T.);
#5392 = VERTEX_POINT('',#5393);
#5393 = CARTESIAN_POINT('',(-0.25,1.5016,0.200000000001));
#5394 = VERTEX_POINT('',#5395);
#5395 = CARTESIAN_POINT('',(-0.25,1.37,0.2));
#5396 = LINE('',#5397,#5398);
#5397 = CARTESIAN_POINT('',(-0.25,1.5016,0.200000000001));
#5398 = VECTOR('',#5399,1.);
#5399 = DIRECTION('',(0.,-1.,-8.878354295425E-12));
#5400 = ORIENTED_EDGE('',*,*,#5401,.T.);
#5401 = EDGE_CURVE('',#5394,#5402,#5404,.T.);
#5402 = VERTEX_POINT('',#5403);
#5403 = CARTESIAN_POINT('',(-0.528264221463,1.37,0.635548706413));
#5404 = CIRCLE('',#5405,0.48);
#5405 = AXIS2_PLACEMENT_3D('',#5406,#5407,#5408);
#5406 = CARTESIAN_POINT('',(-0.73,1.37,0.2));
#5407 = DIRECTION('',(0.,-1.,0.));
#5408 = DIRECTION('',(1.,0.,0.));
#5409 = ORIENTED_EDGE('',*,*,#5410,.T.);
#5410 = EDGE_CURVE('',#5402,#5411,#5413,.T.);
#5411 = VERTEX_POINT('',#5412);
#5412 = CARTESIAN_POINT('',(-0.528264221463,1.4,0.635548706413));
#5413 = LINE('',#5414,#5415);
#5414 = CARTESIAN_POINT('',(-0.528264221463,1.37,0.635548706413));
#5415 = VECTOR('',#5416,1.);
#5416 = DIRECTION('',(0.,1.,0.));
#5417 = ORIENTED_EDGE('',*,*,#5418,.T.);
#5418 = EDGE_CURVE('',#5411,#5419,#5421,.T.);
#5419 = VERTEX_POINT('',#5420);
#5420 = CARTESIAN_POINT('',(-0.536850037994,1.4,0.639423590829));
#5421 = CIRCLE('',#5422,0.48);
#5422 = AXIS2_PLACEMENT_3D('',#5423,#5424,#5425);
#5423 = CARTESIAN_POINT('',(-0.73,1.4,0.2));
#5424 = DIRECTION('',(0.,-1.,0.));
#5425 = DIRECTION('',(0.420282871951,0.,0.907393138361));
#5426 = ORIENTED_EDGE('',*,*,#5427,.T.);
#5427 = EDGE_CURVE('',#5419,#5428,#5430,.T.);
#5428 = VERTEX_POINT('',#5429);
#5429 = CARTESIAN_POINT('',(-0.451540152811,1.5016,0.590973290013));
#5430 = B_SPLINE_CURVE_WITH_KNOTS('',3,(#5431,#5432,#5433,#5434,#5435,
    #5436,#5437,#5438,#5439,#5440,#5441,#5442,#5443,#5444),
  .UNSPECIFIED.,.F.,.F.,(4,1,1,1,1,1,1,1,1,1,1,4),(0.,9.090909090909E-02
    ,0.181818181818,0.272727272727,0.363636363636,0.454545454545,
    0.545454545455,0.636363636364,0.727272727273,0.818181818182,
    0.909090909091,1.),.UNSPECIFIED.);
#5431 = CARTESIAN_POINT('',(-0.536850037994,1.4,0.639423590829));
#5432 = CARTESIAN_POINT('',(-0.537189831617,1.403442465376,
    0.639572948139));
#5433 = CARTESIAN_POINT('',(-0.536630913259,1.410954769766,
    0.639332321038));
#5434 = CARTESIAN_POINT('',(-0.532340455642,1.422109388881,
    0.637418579488));
#5435 = CARTESIAN_POINT('',(-0.534709082113,1.438428601751,
    0.638474245394));
#5436 = CARTESIAN_POINT('',(-0.527781935579,1.454055727316,
    0.635382269707));
#5437 = CARTESIAN_POINT('',(-0.51828076166,1.46774218174,0.630749432271)
  );
#5438 = CARTESIAN_POINT('',(-0.511891759212,1.489346019088,
    0.627851990313));
#5439 = CARTESIAN_POINT('',(-0.481943534119,1.47219231036,0.611197275648
    ));
#5440 = CARTESIAN_POINT('',(-0.477563215002,1.487115970906,
    0.608225958226));
#5441 = CARTESIAN_POINT('',(-0.467367474833,1.491508179496,
    0.601849416589));
#5442 = CARTESIAN_POINT('',(-0.45962962597,1.497240876194,0.596638771441
    ));
#5443 = CARTESIAN_POINT('',(-0.454175983729,1.500187529447,
    0.592850587244));
#5444 = CARTESIAN_POINT('',(-0.451540152811,1.5016,0.590973290013));
#5445 = ORIENTED_EDGE('',*,*,#5446,.T.);
#5446 = EDGE_CURVE('',#5428,#5392,#5447,.T.);
#5447 = CIRCLE('',#5448,0.48);
#5448 = AXIS2_PLACEMENT_3D('',#5449,#5450,#5451);
#5449 = CARTESIAN_POINT('',(-0.73,1.5016,0.2));
#5450 = DIRECTION('',(0.,1.,0.));
#5451 = DIRECTION('',(0.580124681643,-0.,0.814527687528));
#5452 = SURFACE_OF_REVOLUTION('',#5453,#5457);
#5453 = LINE('',#5454,#5455);
#5454 = CARTESIAN_POINT('',(-0.250128429948,1.367368,0.188897015925));
#5455 = VECTOR('',#5456,1.);
#5456 = DIRECTION('',(0.,1.,0.));
#5457 = AXIS1_PLACEMENT('',#5458,#5459);
#5458 = CARTESIAN_POINT('',(-0.73,1.37,0.2));
#5459 = DIRECTION('',(0.,-1.,0.));
#5460 = SHELL_BASED_SURFACE_MODEL('',(#5461));
#5461 = OPEN_SHELL('',(#5462));
#5462 = ADVANCED_FACE('',(#5463),#5501,.T.);
#5463 = FACE_BOUND('',#5464,.T.);
#5464 = EDGE_LOOP('',(#5465,#5476,#5485,#5494));
#5465 = ORIENTED_EDGE('',*,*,#5466,.T.);
#5466 = EDGE_CURVE('',#5467,#5469,#5471,.T.);
#5467 = VERTEX_POINT('',#5468);
#5468 = CARTESIAN_POINT('',(-0.333659026806,1.7048,0.75648546519));
#5469 = VERTEX_POINT('',#5470);
#5470 = CARTESIAN_POINT('',(-0.451540152811,1.5016,0.590973290013));
#5471 = CIRCLE('',#5472,0.2032);
#5472 = AXIS2_PLACEMENT_3D('',#5473,#5474,#5475);
#5473 = CARTESIAN_POINT('',(-0.333658817502,1.5016,0.756485316119));
#5474 = DIRECTION('',(-0.814527687528,0.,0.580124681643));
#5475 = DIRECTION('',(0.,1.,0.));
#5476 = ORIENTED_EDGE('',*,*,#5477,.T.);
#5477 = EDGE_CURVE('',#5469,#5478,#5480,.T.);
#5478 = VERTEX_POINT('',#5479);
#5479 = CARTESIAN_POINT('',(-0.25,1.5016,0.200000000001));
#5480 = CIRCLE('',#5481,0.48);
#5481 = AXIS2_PLACEMENT_3D('',#5482,#5483,#5484);
#5482 = CARTESIAN_POINT('',(-0.73,1.5016,0.2));
#5483 = DIRECTION('',(0.,1.,0.));
#5484 = DIRECTION('',(0.580124681643,-0.,0.814527687528));
#5485 = ORIENTED_EDGE('',*,*,#5486,.T.);
#5486 = EDGE_CURVE('',#5478,#5487,#5489,.T.);
#5487 = VERTEX_POINT('',#5488);
#5488 = CARTESIAN_POINT('',(-4.679999999976E-02,1.7048,0.2));
#5489 = CIRCLE('',#5490,0.2032);
#5490 = AXIS2_PLACEMENT_3D('',#5491,#5492,#5493);
#5491 = CARTESIAN_POINT('',(-4.679999999999E-02,1.5016,0.200000000002));
#5492 = DIRECTION('',(3.592681707687E-12,0.,-1.));
#5493 = DIRECTION('',(-1.,0.,-3.592681707687E-12));
#5494 = ORIENTED_EDGE('',*,*,#5495,.T.);
#5495 = EDGE_CURVE('',#5487,#5467,#5496,.T.);
#5496 = CIRCLE('',#5497,0.6832);
#5497 = AXIS2_PLACEMENT_3D('',#5498,#5499,#5500);
#5498 = CARTESIAN_POINT('',(-0.73,1.7048,0.2));
#5499 = DIRECTION('',(0.,-1.,0.));
#5500 = DIRECTION('',(1.,0.,0.));
#5501 = SURFACE_OF_REVOLUTION('',#5502,#5507);
#5502 = CIRCLE('',#5503,0.2032);
#5503 = AXIS2_PLACEMENT_3D('',#5504,#5505,#5506);
#5504 = CARTESIAN_POINT('',(-4.692381141467E-02,1.5016,0.186993825014));
#5505 = DIRECTION('',(1.90371413727E-02,1.084202172486E-19,
    0.999818777203));
#5506 = DIRECTION('',(3.140506673252E-02,0.999506560366,
    -5.979710611942E-04));
#5507 = AXIS1_PLACEMENT('',#5508,#5509);
#5508 = CARTESIAN_POINT('',(-0.73,1.5016,0.2));
#5509 = DIRECTION('',(0.,-1.,0.));
#5510 = SHELL_BASED_SURFACE_MODEL('',(#5511));
#5511 = OPEN_SHELL('',(#5512));
#5512 = ADVANCED_FACE('',(#5513),#5565,.T.);
#5513 = FACE_BOUND('',#5514,.T.);
#5514 = EDGE_LOOP('',(#5515,#5526,#5535));
#5515 = ORIENTED_EDGE('',*,*,#5516,.T.);
#5516 = EDGE_CURVE('',#5517,#5519,#5521,.T.);
#5517 = VERTEX_POINT('',#5518);
#5518 = CARTESIAN_POINT('',(-0.451540152811,1.5016,0.590973290013));
#5519 = VERTEX_POINT('',#5520);
#5520 = CARTESIAN_POINT('',(-0.333658817502,1.7048,0.756485316119));
#5521 = CIRCLE('',#5522,0.2032);
#5522 = AXIS2_PLACEMENT_3D('',#5523,#5524,#5525);
#5523 = CARTESIAN_POINT('',(-0.333658817502,1.5016,0.756485316119));
#5524 = DIRECTION('',(0.814527687528,0.,-0.580124681643));
#5525 = DIRECTION('',(-0.580124681643,0.,-0.814527687528));
#5526 = ORIENTED_EDGE('',*,*,#5527,.T.);
#5527 = EDGE_CURVE('',#5519,#5528,#5530,.T.);
#5528 = VERTEX_POINT('',#5529);
#5529 = CARTESIAN_POINT('',(-0.41566108131,1.5016,0.942404300438));
#5530 = CIRCLE('',#5531,0.2032);
#5531 = AXIS2_PLACEMENT_3D('',#5532,#5533,#5534);
#5532 = CARTESIAN_POINT('',(-0.333658817502,1.5016,0.756485316119));
#5533 = DIRECTION('',(0.914955631493,0.,0.403554447873));
#5534 = DIRECTION('',(-0.,1.,0.));
#5535 = ORIENTED_EDGE('',*,*,#5536,.T.);
#5536 = EDGE_CURVE('',#5528,#5517,#5537,.T.);
#5537 = B_SPLINE_CURVE_WITH_KNOTS('',3,(#5538,#5539,#5540,#5541,#5542,
    #5543,#5544,#5545,#5546,#5547,#5548,#5549,#5550,#5551,#5552,#5553,
    #5554,#5555,#5556,#5557,#5558,#5559,#5560,#5561,#5562,#5563,#5564),
  .UNSPECIFIED.,.F.,.F.,(4,1,1,1,1,1,1,1,1,1,1,1,1,1,1,1,1,1,1,1,1,1,1,1
    ,4),(0.,4.166666666667E-02,8.333333333333E-02,0.125,0.166666666667,
    0.208333333333,0.25,0.291666666667,0.333333333333,0.375,
    0.416666666667,0.458333333333,0.5,0.541666666667,0.583333333333,
    0.625,0.666666666667,0.708333333333,0.75,0.791666666667,
    0.833333333333,0.875,0.916666666667,0.958333333333,1.),
  .UNSPECIFIED.);
#5538 = CARTESIAN_POINT('',(-0.41566108131,1.5016,0.942404300438));
#5539 = CARTESIAN_POINT('',(-0.415836213668,1.509654346261,
    0.942327055772));
#5540 = CARTESIAN_POINT('',(-0.41616298862,1.525635080021,0.941131523248
    ));
#5541 = CARTESIAN_POINT('',(-0.416997527251,1.548757104323,
    0.936225799449));
#5542 = CARTESIAN_POINT('',(-0.418168737325,1.571057814867,
    0.928278095869));
#5543 = CARTESIAN_POINT('',(-0.41959996512,1.592244228862,0.917350477314
    ));
#5544 = CARTESIAN_POINT('',(-0.421290606605,1.611697426252,
    0.903719322704));
#5545 = CARTESIAN_POINT('',(-0.423195765832,1.629131116835,
    0.887626344896));
#5546 = CARTESIAN_POINT('',(-0.425298171957,1.644247293299,
    0.869327322114));
#5547 = CARTESIAN_POINT('',(-0.427547764757,1.656762145691,
    0.849162222828));
#5548 = CARTESIAN_POINT('',(-0.429903904072,1.666442200493,0.82750169199
    ));
#5549 = CARTESIAN_POINT('',(-0.432331456893,1.673101703426,
    0.804752984272));
#5550 = CARTESIAN_POINT('',(-0.434778565903,1.676643614554,
    0.781298538393));
#5551 = CARTESIAN_POINT('',(-0.437211297917,1.676964777902,
    0.757504415832));
#5552 = CARTESIAN_POINT('',(-0.439516900162,1.674156957619,
    0.734538009934));
#5553 = CARTESIAN_POINT('',(-0.441634304669,1.668622530524,
    0.712947979371));
#5554 = CARTESIAN_POINT('',(-0.443566654638,1.660704545505,
    0.692828894195));
#5555 = CARTESIAN_POINT('',(-0.445356343515,1.650377325704,
    0.673797705478));
#5556 = CARTESIAN_POINT('',(-0.446968250638,1.637727169946,
    0.656087542857));
#5557 = CARTESIAN_POINT('',(-0.448381564718,1.622948606419,
    0.640027734679));
#5558 = CARTESIAN_POINT('',(-0.449571123317,1.606348398316,
    0.625948454966));
#5559 = CARTESIAN_POINT('',(-0.450503853471,1.588237551299,
    0.614053629968));
#5560 = CARTESIAN_POINT('',(-0.451188551652,1.568728221918,
    0.604381317311));
#5561 = CARTESIAN_POINT('',(-0.451650625361,1.54712957183,0.596870743156
    ));
#5562 = CARTESIAN_POINT('',(-0.451758026122,1.524211781811,
    0.592139567313));
#5563 = CARTESIAN_POINT('',(-0.451585542775,1.50912378194,0.591005617752
    ));
#5564 = CARTESIAN_POINT('',(-0.451540152811,1.5016,0.590973290013));
#5565 = SURFACE_OF_REVOLUTION('',#5566,#5571);
#5566 = CIRCLE('',#5567,0.2032);
#5567 = AXIS2_PLACEMENT_3D('',#5568,#5569,#5570);
#5568 = CARTESIAN_POINT('',(-0.333658817502,1.5016,0.756485316119));
#5569 = DIRECTION('',(-0.646086576222,0.640523015006,0.415093246479));
#5570 = DIRECTION('',(-0.178113961572,0.402300393439,-0.898014370783));
#5571 = AXIS1_PLACEMENT('',#5572,#5573);
#5572 = CARTESIAN_POINT('',(-0.333658817502,1.5016,0.756485316119));
#5573 = DIRECTION('',(0.285356086669,0.707106781187,-0.646971331514));
#5574 = SHELL_BASED_SURFACE_MODEL('',(#5575));
#5575 = OPEN_SHELL('',(#5576));
#5576 = ADVANCED_FACE('',(#5577),#5615,.T.);
#5577 = FACE_BOUND('',#5578,.T.);
#5578 = EDGE_LOOP('',(#5579,#5590,#5599,#5608));
#5579 = ORIENTED_EDGE('',*,*,#5580,.T.);
#5580 = EDGE_CURVE('',#5581,#5583,#5585,.T.);
#5581 = VERTEX_POINT('',#5582);
#5582 = CARTESIAN_POINT('',(-0.33365964716,1.7048,0.756484950185));
#5583 = VERTEX_POINT('',#5584);
#5584 = CARTESIAN_POINT('',(0.329262534309,1.7048,0.758409139911));
#5585 = CIRCLE('',#5586,0.8268);
#5586 = AXIS2_PLACEMENT_3D('',#5587,#5588,#5589);
#5587 = CARTESIAN_POINT('',(0.,1.7048,0.));
#5588 = DIRECTION('',(0.,1.,0.));
#5589 = DIRECTION('',(-0.403555506656,0.,0.914955164501));
#5590 = ORIENTED_EDGE('',*,*,#5591,.T.);
#5591 = EDGE_CURVE('',#5583,#5592,#5594,.T.);
#5592 = VERTEX_POINT('',#5593);
#5593 = CARTESIAN_POINT('',(0.410184140457,1.5016,0.944801021865));
#5594 = CIRCLE('',#5595,0.2032);
#5595 = AXIS2_PLACEMENT_3D('',#5596,#5597,#5598);
#5596 = CARTESIAN_POINT('',(0.329262376049,1.5016,0.758409208619));
#5597 = DIRECTION('',(0.9172825455,0.,-0.39823702957));
#5598 = DIRECTION('',(0.,1.,0.));
#5599 = ORIENTED_EDGE('',*,*,#5600,.T.);
#5600 = EDGE_CURVE('',#5592,#5601,#5603,.T.);
#5601 = VERTEX_POINT('',#5602);
#5602 = CARTESIAN_POINT('',(-0.41566108131,1.5016,0.942404300438));
#5603 = CIRCLE('',#5604,1.03);
#5604 = AXIS2_PLACEMENT_3D('',#5605,#5606,#5607);
#5605 = CARTESIAN_POINT('',(0.,1.5016,0.));
#5606 = DIRECTION('',(0.,-1.,0.));
#5607 = DIRECTION('',(0.39823702957,0.,0.9172825455));
#5608 = ORIENTED_EDGE('',*,*,#5609,.T.);
#5609 = EDGE_CURVE('',#5601,#5581,#5610,.T.);
#5610 = CIRCLE('',#5611,0.2032);
#5611 = AXIS2_PLACEMENT_3D('',#5612,#5613,#5614);
#5612 = CARTESIAN_POINT('',(-0.333658817502,1.5016,0.756485316119));
#5613 = DIRECTION('',(-0.914955631493,0.,-0.403554447873));
#5614 = DIRECTION('',(-0.403554447873,0.,0.914955631493));
#5615 = SURFACE_OF_REVOLUTION('',#5616,#5621);
#5616 = CIRCLE('',#5617,0.2032);
#5617 = AXIS2_PLACEMENT_3D('',#5618,#5619,#5620);
#5618 = CARTESIAN_POINT('',(0.341730626789,1.5016,0.752873441366));
#5619 = DIRECTION('',(-0.91058713276,-5.20417042793E-18,0.413317158671)
  );
#5620 = DIRECTION('',(0.413113211603,-3.141075907813E-02,0.910137812978)
  );
#5621 = AXIS1_PLACEMENT('',#5622,#5623);
#5622 = CARTESIAN_POINT('',(0.,1.5016,0.));
#5623 = DIRECTION('',(0.,-1.,0.));
#5624 = SHELL_BASED_SURFACE_MODEL('',(#5625));
#5625 = OPEN_SHELL('',(#5626));
#5626 = ADVANCED_FACE('',(#5627),#5679,.T.);
#5627 = FACE_BOUND('',#5628,.T.);
#5628 = EDGE_LOOP('',(#5629,#5640,#5672));
#5629 = ORIENTED_EDGE('',*,*,#5630,.T.);
#5630 = EDGE_CURVE('',#5631,#5633,#5635,.T.);
#5631 = VERTEX_POINT('',#5632);
#5632 = CARTESIAN_POINT('',(0.329262376049,1.7048,0.758409208619));
#5633 = VERTEX_POINT('',#5634);
#5634 = CARTESIAN_POINT('',(0.449663249082,1.5016,0.594720877414));
#5635 = CIRCLE('',#5636,0.2032);
#5636 = AXIS2_PLACEMENT_3D('',#5637,#5638,#5639);
#5637 = CARTESIAN_POINT('',(0.329262376049,1.5016,0.758409208619));
#5638 = DIRECTION('',(-0.805552811049,0.,-0.592523981465));
#5639 = DIRECTION('',(0.,1.,0.));
#5640 = ORIENTED_EDGE('',*,*,#5641,.T.);
#5641 = EDGE_CURVE('',#5633,#5642,#5644,.T.);
#5642 = VERTEX_POINT('',#5643);
#5643 = CARTESIAN_POINT('',(0.410184140458,1.5016,0.944801021865));
#5644 = B_SPLINE_CURVE_WITH_KNOTS('',3,(#5645,#5646,#5647,#5648,#5649,
    #5650,#5651,#5652,#5653,#5654,#5655,#5656,#5657,#5658,#5659,#5660,
    #5661,#5662,#5663,#5664,#5665,#5666,#5667,#5668,#5669,#5670,#5671),
  .UNSPECIFIED.,.F.,.F.,(4,1,1,1,1,1,1,1,1,1,1,1,1,1,1,1,1,1,1,1,1,1,1,1
    ,4),(0.,4.166666666667E-02,8.333333333333E-02,0.125,0.166666666667,
    0.208333333333,0.25,0.291666666667,0.333333333333,0.375,
    0.416666666667,0.458333333333,0.5,0.541666666667,0.583333333333,
    0.625,0.666666666667,0.708333333333,0.75,0.791666666667,
    0.833333333333,0.875,0.916666666667,0.958333333333,1.),
  .UNSPECIFIED.);
#5645 = CARTESIAN_POINT('',(0.449663249082,1.5016,0.594720877414));
#5646 = CARTESIAN_POINT('',(0.449705652595,1.509019054164,0.594752067297
    ));
#5647 = CARTESIAN_POINT('',(0.449866929914,1.523933324947,0.595865933117
    ));
#5648 = CARTESIAN_POINT('',(0.449713716335,1.546661903377,0.600514533815
    ));
#5649 = CARTESIAN_POINT('',(0.449178378811,1.568261487533,0.607966508709
    ));
#5650 = CARTESIAN_POINT('',(0.448386207786,1.587962160442,0.61769481794)
  );
#5651 = CARTESIAN_POINT('',(0.447311032941,1.606314318189,0.629754568645
    ));
#5652 = CARTESIAN_POINT('',(0.445944329051,1.623147293666,0.644100991983
    ));
#5653 = CARTESIAN_POINT('',(0.44432171832,1.638103543992,0.660514966223)
  );
#5654 = CARTESIAN_POINT('',(0.442478002647,1.650824591746,0.67861280683)
  );
#5655 = CARTESIAN_POINT('',(0.440444241759,1.661095797581,0.697995113521
    ));
#5656 = CARTESIAN_POINT('',(0.438259788663,1.668855534232,0.718422113979
    ));
#5657 = CARTESIAN_POINT('',(0.435886683798,1.674123124996,0.740199978552
    ));
#5658 = CARTESIAN_POINT('',(0.433332668363,1.676590014707,0.763143050601
    ));
#5659 = CARTESIAN_POINT('',(0.430673188423,1.675939761678,0.786657742263
    ));
#5660 = CARTESIAN_POINT('',(0.428012346114,1.672149216149,0.809749198758
    ));
#5661 = CARTESIAN_POINT('',(0.425380753261,1.665311398303,0.832131008617
    ));
#5662 = CARTESIAN_POINT('',(0.42283461495,1.655525511148,0.853415573141)
  );
#5663 = CARTESIAN_POINT('',(0.420411131452,1.64297840484,0.873209022402)
  );
#5664 = CARTESIAN_POINT('',(0.418154312295,1.627898639324,0.891155188373
    ));
#5665 = CARTESIAN_POINT('',(0.416115264938,1.610565210776,0.906926688274
    ));
#5666 = CARTESIAN_POINT('',(0.414313510103,1.591263840222,0.920280178694
    ));
#5667 = CARTESIAN_POINT('',(0.412794808958,1.570280114532,0.930978037596
    ));
#5668 = CARTESIAN_POINT('',(0.411562039059,1.548221959549,0.938754944547
    ));
#5669 = CARTESIAN_POINT('',(0.410692641052,1.525360223281,0.943555333641
    ));
#5670 = CARTESIAN_POINT('',(0.410357941707,1.509562686088,0.944725566278
    ));
#5671 = CARTESIAN_POINT('',(0.410184140458,1.5016,0.944801021865));
#5672 = ORIENTED_EDGE('',*,*,#5673,.T.);
#5673 = EDGE_CURVE('',#5642,#5631,#5674,.T.);
#5674 = CIRCLE('',#5675,0.2032);
#5675 = AXIS2_PLACEMENT_3D('',#5676,#5677,#5678);
#5676 = CARTESIAN_POINT('',(0.329262376049,1.5016,0.758409208619));
#5677 = DIRECTION('',(-0.9172825455,0.,0.39823702957));
#5678 = DIRECTION('',(0.39823702957,0.,0.9172825455));
#5679 = SURFACE_OF_REVOLUTION('',#5680,#5685);
#5680 = CIRCLE('',#5681,0.2032);
#5681 = AXIS2_PLACEMENT_3D('',#5682,#5683,#5684);
#5682 = CARTESIAN_POINT('',(0.329262376049,1.5016,0.758409208619));
#5683 = DIRECTION('',(0.638049911213,0.642859048056,0.423821371728));
#5684 = DIRECTION('',(0.695012020017,-0.717748420908,4.237329720138E-02)
  );
#5685 = AXIS1_PLACEMENT('',#5686,#5687);
#5686 = CARTESIAN_POINT('',(0.329262376049,1.5016,0.758409208619));
#5687 = DIRECTION('',(0.281596104129,-0.707106781187,0.648616708187));
#5688 = SHELL_BASED_SURFACE_MODEL('',(#5689));
#5689 = OPEN_SHELL('',(#5690));
#5690 = ADVANCED_FACE('',(#5691),#5729,.T.);
#5691 = FACE_BOUND('',#5692,.T.);
#5692 = EDGE_LOOP('',(#5693,#5704,#5713,#5722));
#5693 = ORIENTED_EDGE('',*,*,#5694,.T.);
#5694 = EDGE_CURVE('',#5695,#5697,#5699,.T.);
#5695 = VERTEX_POINT('',#5696);
#5696 = CARTESIAN_POINT('',(0.329261536002,1.7048,0.758408590723));
#5697 = VERTEX_POINT('',#5698);
#5698 = CARTESIAN_POINT('',(4.680000000002E-02,1.7048,0.2));
#5699 = CIRCLE('',#5700,0.6932);
#5700 = AXIS2_PLACEMENT_3D('',#5701,#5702,#5703);
#5701 = CARTESIAN_POINT('',(0.74,1.7048,0.2));
#5702 = DIRECTION('',(0.,-1.,0.));
#5703 = DIRECTION('',(-0.592525251401,0.,0.805551876947));
#5704 = ORIENTED_EDGE('',*,*,#5705,.T.);
#5705 = EDGE_CURVE('',#5697,#5706,#5708,.T.);
#5706 = VERTEX_POINT('',#5707);
#5707 = CARTESIAN_POINT('',(0.25,1.5016,0.199999999332));
#5708 = CIRCLE('',#5709,0.2032);
#5709 = AXIS2_PLACEMENT_3D('',#5710,#5711,#5712);
#5710 = CARTESIAN_POINT('',(4.679999999999E-02,1.5016,0.19999999975));
#5711 = DIRECTION('',(-5.342594365174E-09,0.,-1.));
#5712 = DIRECTION('',(0.,1.,0.));
#5713 = ORIENTED_EDGE('',*,*,#5714,.T.);
#5714 = EDGE_CURVE('',#5706,#5715,#5717,.T.);
#5715 = VERTEX_POINT('',#5716);
#5716 = CARTESIAN_POINT('',(0.449663249082,1.5016,0.594720877414));
#5717 = CIRCLE('',#5718,0.49);
#5718 = AXIS2_PLACEMENT_3D('',#5719,#5720,#5721);
#5719 = CARTESIAN_POINT('',(0.74,1.5016,0.2));
#5720 = DIRECTION('',(0.,1.,0.));
#5721 = DIRECTION('',(-1.,0.,0.));
#5722 = ORIENTED_EDGE('',*,*,#5723,.T.);
#5723 = EDGE_CURVE('',#5715,#5695,#5724,.T.);
#5724 = CIRCLE('',#5725,0.2032);
#5725 = AXIS2_PLACEMENT_3D('',#5726,#5727,#5728);
#5726 = CARTESIAN_POINT('',(0.329262376049,1.5016,0.758409208619));
#5727 = DIRECTION('',(0.805552811049,0.,0.592523981465));
#5728 = DIRECTION('',(0.592523981465,0.,-0.805552811049));
#5729 = SURFACE_OF_REVOLUTION('',#5730,#5735);
#5730 = CIRCLE('',#5731,0.2032);
#5731 = AXIS2_PLACEMENT_3D('',#5732,#5733,#5734);
#5732 = CARTESIAN_POINT('',(0.339794033876,1.5016,0.766004792099));
#5733 = DIRECTION('',(-0.816510086698,1.734723475977E-18,-0.577331168672
    ));
#5734 = DIRECTION('',(-1.813441024746E-02,0.999506560366,
    2.564720161813E-02));
#5735 = AXIS1_PLACEMENT('',#5736,#5737);
#5736 = CARTESIAN_POINT('',(0.74,1.5016,0.2));
#5737 = DIRECTION('',(0.,-1.,0.));
#5738 = SHELL_BASED_SURFACE_MODEL('',(#5739));
#5739 = OPEN_SHELL('',(#5740));
#5740 = ADVANCED_FACE('',(#5741),#5779,.T.);
#5741 = FACE_BOUND('',#5742,.T.);
#5742 = EDGE_LOOP('',(#5743,#5754,#5763,#5772));
#5743 = ORIENTED_EDGE('',*,*,#5744,.T.);
#5744 = EDGE_CURVE('',#5745,#5747,#5749,.T.);
#5745 = VERTEX_POINT('',#5746);
#5746 = CARTESIAN_POINT('',(0.329261982231,1.7048,0.758408832232));
#5747 = VERTEX_POINT('',#5748);
#5748 = CARTESIAN_POINT('',(4.680000000002E-02,1.7048,0.2));
#5749 = CIRCLE('',#5750,0.6932);
#5750 = AXIS2_PLACEMENT_3D('',#5751,#5752,#5753);
#5751 = CARTESIAN_POINT('',(0.74,1.7048,0.2));
#5752 = DIRECTION('',(0.,-1.,0.));
#5753 = DIRECTION('',(-0.592525251401,0.,0.805551876947));
#5754 = ORIENTED_EDGE('',*,*,#5755,.T.);
#5755 = EDGE_CURVE('',#5747,#5756,#5758,.T.);
#5756 = VERTEX_POINT('',#5757);
#5757 = CARTESIAN_POINT('',(-4.679999999976E-02,1.7048,0.2));
#5758 = CIRCLE('',#5759,4.679999999999E-02);
#5759 = AXIS2_PLACEMENT_3D('',#5760,#5761,#5762);
#5760 = CARTESIAN_POINT('',(0.,1.7048,0.2));
#5761 = DIRECTION('',(-0.,1.,0.));
#5762 = DIRECTION('',(1.,0.,0.));
#5763 = ORIENTED_EDGE('',*,*,#5764,.T.);
#5764 = EDGE_CURVE('',#5756,#5765,#5767,.T.);
#5765 = VERTEX_POINT('',#5766);
#5766 = CARTESIAN_POINT('',(-0.333659324868,1.7048,0.756485262037));
#5767 = CIRCLE('',#5768,0.6832);
#5768 = AXIS2_PLACEMENT_3D('',#5769,#5770,#5771);
#5769 = CARTESIAN_POINT('',(-0.73,1.7048,0.2));
#5770 = DIRECTION('',(0.,-1.,0.));
#5771 = DIRECTION('',(1.,0.,0.));
#5772 = ORIENTED_EDGE('',*,*,#5773,.T.);
#5773 = EDGE_CURVE('',#5765,#5745,#5774,.T.);
#5774 = CIRCLE('',#5775,0.8268);
#5775 = AXIS2_PLACEMENT_3D('',#5776,#5777,#5778);
#5776 = CARTESIAN_POINT('',(0.,1.7048,0.));
#5777 = DIRECTION('',(0.,1.,0.));
#5778 = DIRECTION('',(-0.403555506656,0.,0.914955164501));
#5779 = B_SPLINE_SURFACE_WITH_KNOTS('',1,1,(
    (#5780,#5781)
    ,(#5782,#5783
    )),.UNSPECIFIED.,.F.,.F.,.F.,(2,2),(2,2),(-1.365819052653E-02,
    1.34850560146E-02),(-3.308166161035E-02,-5.498760459962E-03),
  .PIECEWISE_BEZIER_KNOTS.);
#5780 = CARTESIAN_POINT('',(-0.346918039374,1.7048,0.840274204903));
#5781 = CARTESIAN_POINT('',(-0.346918039374,1.7048,0.139668515683));
#5782 = CARTESIAN_POINT('',(0.342520422771,1.7048,0.840274204903));
#5783 = CARTESIAN_POINT('',(0.342520422771,1.7048,0.139668515683));
#5784 = SHELL_BASED_SURFACE_MODEL('',(#5785));
#5785 = OPEN_SHELL('',(#5786));
#5786 = ADVANCED_FACE('',(#5787),#5825,.T.);
#5787 = FACE_BOUND('',#5788,.T.);
#5788 = EDGE_LOOP('',(#5789,#5800,#5809,#5818));
#5789 = ORIENTED_EDGE('',*,*,#5790,.T.);
#5790 = EDGE_CURVE('',#5791,#5793,#5795,.T.);
#5791 = VERTEX_POINT('',#5792);
#5792 = CARTESIAN_POINT('',(4.679999999999E-02,1.7048,0.199999999875));
#5793 = VERTEX_POINT('',#5794);
#5794 = CARTESIAN_POINT('',(-4.679999999999E-02,1.7048,0.200000000001));
#5795 = CIRCLE('',#5796,4.679999999999E-02);
#5796 = AXIS2_PLACEMENT_3D('',#5797,#5798,#5799);
#5797 = CARTESIAN_POINT('',(0.,1.7048,0.2));
#5798 = DIRECTION('',(-0.,1.,0.));
#5799 = DIRECTION('',(1.,0.,0.));
#5800 = ORIENTED_EDGE('',*,*,#5801,.T.);
#5801 = EDGE_CURVE('',#5793,#5802,#5804,.T.);
#5802 = VERTEX_POINT('',#5803);
#5803 = CARTESIAN_POINT('',(-0.25,1.5016,0.200000000001));
#5804 = CIRCLE('',#5805,0.2032);
#5805 = AXIS2_PLACEMENT_3D('',#5806,#5807,#5808);
#5806 = CARTESIAN_POINT('',(-4.679999999999E-02,1.5016,0.200000000002));
#5807 = DIRECTION('',(-3.592681707687E-12,0.,1.));
#5808 = DIRECTION('',(0.,1.,0.));
#5809 = ORIENTED_EDGE('',*,*,#5810,.T.);
#5810 = EDGE_CURVE('',#5802,#5811,#5813,.T.);
#5811 = VERTEX_POINT('',#5812);
#5812 = CARTESIAN_POINT('',(0.25,1.5016,0.199999999332));
#5813 = CIRCLE('',#5814,0.25);
#5814 = AXIS2_PLACEMENT_3D('',#5815,#5816,#5817);
#5815 = CARTESIAN_POINT('',(0.,1.5016,0.2));
#5816 = DIRECTION('',(0.,-1.,0.));
#5817 = DIRECTION('',(-1.,0.,0.));
#5818 = ORIENTED_EDGE('',*,*,#5819,.T.);
#5819 = EDGE_CURVE('',#5811,#5791,#5820,.T.);
#5820 = CIRCLE('',#5821,0.2032);
#5821 = AXIS2_PLACEMENT_3D('',#5822,#5823,#5824);
#5822 = CARTESIAN_POINT('',(4.679999999999E-02,1.5016,0.19999999975));
#5823 = DIRECTION('',(5.342594365174E-09,0.,1.));
#5824 = DIRECTION('',(1.,0.,-5.342594365174E-09));
#5825 = SURFACE_OF_REVOLUTION('',#5826,#5831);
#5826 = CIRCLE('',#5827,0.2032);
#5827 = AXIS2_PLACEMENT_3D('',#5828,#5829,#5830);
#5828 = CARTESIAN_POINT('',(-4.670765089038E-02,1.5016,0.202938596315));
#5829 = DIRECTION('',(-6.279051954968E-02,4.336808689942E-19,
    -0.998026728427));
#5830 = DIRECTION('',(-0.997534262483,-3.141075907813E-02,
    6.275953621867E-02));
#5831 = AXIS1_PLACEMENT('',#5832,#5833);
#5832 = CARTESIAN_POINT('',(0.,1.5016,0.2));
#5833 = DIRECTION('',(0.,-1.,0.));
#5834 = SHELL_BASED_SURFACE_MODEL('',(#5835));
#5835 = OPEN_SHELL('',(#5836));
#5836 = ADVANCED_FACE('',(#5837),#5920,.T.);
#5837 = FACE_BOUND('',#5838,.T.);
#5838 = EDGE_LOOP('',(#5839,#5860,#5892,#5904));
#5839 = ORIENTED_EDGE('',*,*,#5840,.T.);
#5840 = EDGE_CURVE('',#5841,#5843,#5845,.T.);
#5841 = VERTEX_POINT('',#5842);
#5842 = CARTESIAN_POINT('',(0.533405679807,1.4,0.644318339554));
#5843 = VERTEX_POINT('',#5844);
#5844 = CARTESIAN_POINT('',(0.449663249082,1.5016,0.594720877414));
#5845 = B_SPLINE_CURVE_WITH_KNOTS('',3,(#5846,#5847,#5848,#5849,#5850,
    #5851,#5852,#5853,#5854,#5855,#5856,#5857,#5858,#5859),
  .UNSPECIFIED.,.F.,.F.,(4,1,1,1,1,1,1,1,1,1,1,4),(0.,9.090909090909E-02
    ,0.181818181818,0.272727272727,0.363636363636,0.454545454545,
    0.545454545455,0.636363636364,0.727272727273,0.818181818182,
    0.909090909091,1.),.UNSPECIFIED.);
#5846 = CARTESIAN_POINT('',(0.533405679807,1.4,0.644318339554));
#5847 = CARTESIAN_POINT('',(0.53372033898,1.403452866244,0.644464646362)
  );
#5848 = CARTESIAN_POINT('',(0.533185894287,1.410976652553,0.64422108068)
  );
#5849 = CARTESIAN_POINT('',(0.528979676582,1.422220616632,0.642238020492
    ));
#5850 = CARTESIAN_POINT('',(0.531110102916,1.438493267265,0.643241904092
    ));
#5851 = CARTESIAN_POINT('',(0.524261068444,1.454126682622,0.640006433356
    ));
#5852 = CARTESIAN_POINT('',(0.514890133959,1.467828843962,0.635199049529
    ));
#5853 = CARTESIAN_POINT('',(0.508513216647,1.489086791784,0.632126484504
    ));
#5854 = CARTESIAN_POINT('',(0.479534225753,1.472772138306,0.615287734298
    ));
#5855 = CARTESIAN_POINT('',(0.475149288548,1.487378734271,0.61222431237)
  );
#5856 = CARTESIAN_POINT('',(0.465189021964,1.491743664965,0.605753675266
    ));
#5857 = CARTESIAN_POINT('',(0.457596827652,1.497358901631,0.600463145686
    ));
#5858 = CARTESIAN_POINT('',(0.45224957674,1.500230157907,0.596623249475)
  );
#5859 = CARTESIAN_POINT('',(0.449663249082,1.5016,0.594720877414));
#5860 = ORIENTED_EDGE('',*,*,#5861,.T.);
#5861 = EDGE_CURVE('',#5843,#5862,#5864,.T.);
#5862 = VERTEX_POINT('',#5863);
#5863 = CARTESIAN_POINT('',(0.410184140458,1.5016,0.944801021865));
#5864 = B_SPLINE_CURVE_WITH_KNOTS('',3,(#5865,#5866,#5867,#5868,#5869,
    #5870,#5871,#5872,#5873,#5874,#5875,#5876,#5877,#5878,#5879,#5880,
    #5881,#5882,#5883,#5884,#5885,#5886,#5887,#5888,#5889,#5890,#5891),
  .UNSPECIFIED.,.F.,.F.,(4,1,1,1,1,1,1,1,1,1,1,1,1,1,1,1,1,1,1,1,1,1,1,1
    ,4),(0.,4.166666666667E-02,8.333333333333E-02,0.125,0.166666666667,
    0.208333333333,0.25,0.291666666667,0.333333333333,0.375,
    0.416666666667,0.458333333333,0.5,0.541666666667,0.583333333333,
    0.625,0.666666666667,0.708333333333,0.75,0.791666666667,
    0.833333333333,0.875,0.916666666667,0.958333333333,1.),
  .UNSPECIFIED.);
#5865 = CARTESIAN_POINT('',(0.449663249082,1.5016,0.594720877414));
#5866 = CARTESIAN_POINT('',(0.449705652595,1.509019054164,0.594752067297
    ));
#5867 = CARTESIAN_POINT('',(0.449866929914,1.523933324947,0.595865933117
    ));
#5868 = CARTESIAN_POINT('',(0.449713716335,1.546661903377,0.600514533815
    ));
#5869 = CARTESIAN_POINT('',(0.449178378811,1.568261487533,0.607966508709
    ));
#5870 = CARTESIAN_POINT('',(0.448386207786,1.587962160442,0.61769481794)
  );
#5871 = CARTESIAN_POINT('',(0.447311032941,1.606314318189,0.629754568645
    ));
#5872 = CARTESIAN_POINT('',(0.445944329051,1.623147293666,0.644100991983
    ));
#5873 = CARTESIAN_POINT('',(0.44432171832,1.638103543992,0.660514966223)
  );
#5874 = CARTESIAN_POINT('',(0.442478002647,1.650824591746,0.67861280683)
  );
#5875 = CARTESIAN_POINT('',(0.440444241759,1.661095797581,0.697995113521
    ));
#5876 = CARTESIAN_POINT('',(0.438259788663,1.668855534232,0.718422113979
    ));
#5877 = CARTESIAN_POINT('',(0.435886683798,1.674123124996,0.740199978552
    ));
#5878 = CARTESIAN_POINT('',(0.433332668363,1.676590014707,0.763143050601
    ));
#5879 = CARTESIAN_POINT('',(0.430673188423,1.675939761678,0.786657742263
    ));
#5880 = CARTESIAN_POINT('',(0.428012346114,1.672149216149,0.809749198758
    ));
#5881 = CARTESIAN_POINT('',(0.425380753261,1.665311398303,0.832131008617
    ));
#5882 = CARTESIAN_POINT('',(0.42283461495,1.655525511148,0.853415573141)
  );
#5883 = CARTESIAN_POINT('',(0.420411131452,1.64297840484,0.873209022402)
  );
#5884 = CARTESIAN_POINT('',(0.418154312295,1.627898639324,0.891155188373
    ));
#5885 = CARTESIAN_POINT('',(0.416115264938,1.610565210776,0.906926688274
    ));
#5886 = CARTESIAN_POINT('',(0.414313510103,1.591263840222,0.920280178694
    ));
#5887 = CARTESIAN_POINT('',(0.412794808958,1.570280114532,0.930978037596
    ));
#5888 = CARTESIAN_POINT('',(0.411562039059,1.548221959549,0.938754944547
    ));
#5889 = CARTESIAN_POINT('',(0.410692641052,1.525360223281,0.943555333641
    ));
#5890 = CARTESIAN_POINT('',(0.410357941707,1.509562686088,0.944725566278
    ));
#5891 = CARTESIAN_POINT('',(0.410184140458,1.5016,0.944801021865));
#5892 = ORIENTED_EDGE('',*,*,#5893,.T.);
#5893 = EDGE_CURVE('',#5862,#5894,#5896,.T.);
#5894 = VERTEX_POINT('',#5895);
#5895 = CARTESIAN_POINT('',(0.547725322278,1.4,0.872294085349));
#5896 = B_SPLINE_CURVE_WITH_KNOTS('',3,(#5897,#5898,#5899,#5900,#5901,
    #5902,#5903),.UNSPECIFIED.,.F.,.F.,(4,1,1,1,4),(0.,0.25,0.5,0.75,1.)
  ,.QUASI_UNIFORM_KNOTS.);
#5897 = CARTESIAN_POINT('',(0.410184140458,1.5016,0.944801021865));
#5898 = CARTESIAN_POINT('',(0.424488458052,1.50129153862,0.938590821057)
  );
#5899 = CARTESIAN_POINT('',(0.45598539386,1.496030354188,0.923317268782)
  );
#5900 = CARTESIAN_POINT('',(0.502199211302,1.475478935618,0.898455997851
    ));
#5901 = CARTESIAN_POINT('',(0.537684647078,1.443536882788,0.878252467667
    ));
#5902 = CARTESIAN_POINT('',(0.547725340853,1.415495587754,0.872294073686
    ));
#5903 = CARTESIAN_POINT('',(0.547725322278,1.4,0.872294085349));
#5904 = ORIENTED_EDGE('',*,*,#5905,.T.);
#5905 = EDGE_CURVE('',#5894,#5841,#5906,.T.);
#5906 = B_SPLINE_CURVE_WITH_KNOTS('',3,(#5907,#5908,#5909,#5910,#5911,
    #5912,#5913,#5914,#5915,#5916,#5917,#5918,#5919),.UNSPECIFIED.,.F.,
  .F.,(4,1,1,1,1,1,1,1,1,1,4),(0.,6.25E-02,0.125,0.25,0.375,0.5,0.625,
    0.75,0.875,0.9375,1.),.UNSPECIFIED.);
#5907 = CARTESIAN_POINT('',(0.547725322278,1.4,0.872294085349));
#5908 = CARTESIAN_POINT('',(0.55264674266,1.4,0.869203858544));
#5909 = CARTESIAN_POINT('',(0.562074249635,1.4,0.862362241537));
#5910 = CARTESIAN_POINT('',(0.578932686769,1.4,0.846282451604));
#5911 = CARTESIAN_POINT('',(0.595676611912,1.4,0.822216652204));
#5912 = CARTESIAN_POINT('',(0.607394983908,1.4,0.78904317638));
#5913 = CARTESIAN_POINT('',(0.609904101895,1.4,0.753950907153));
#5914 = CARTESIAN_POINT('',(0.603023588976,1.4,0.719448420655));
#5915 = CARTESIAN_POINT('',(0.587246303915,1.4,0.688002005651));
#5916 = CARTESIAN_POINT('',(0.567622613942,1.4,0.666220533666));
#5917 = CARTESIAN_POINT('',(0.548884605984,1.4,0.652376632314));
#5918 = CARTESIAN_POINT('',(0.538675101075,1.4,0.646768457876));
#5919 = CARTESIAN_POINT('',(0.533405679807,1.4,0.644318339554));
#5920 = B_SPLINE_SURFACE_WITH_KNOTS('',3,3,(
    (#5921,#5922,#5923,#5924,#5925,#5926,#5927)
    ,(#5928,#5929,#5930,#5931,#5932,#5933,#5934)
    ,(#5935,#5936,#5937,#5938,#5939,#5940,#5941)
    ,(#5942,#5943,#5944,#5945,#5946,#5947,#5948)
    ,(#5949,#5950,#5951,#5952,#5953,#5954,#5955)
    ,(#5956,#5957,#5958,#5959,#5960,#5961,#5962)
    ,(#5963,#5964,#5965,#5966,#5967,#5968,#5969)
    ,(#5970,#5971,#5972,#5973,#5974,#5975,#5976)
    ,(#5977,#5978,#5979,#5980,#5981,#5982,#5983)
    ,(#5984,#5985,#5986,#5987,#5988,#5989,#5990)
    ,(#5991,#5992,#5993,#5994,#5995,#5996,#5997)
    ,(#5998,#5999,#6000,#6001,#6002,#6003,#6004)
    ,(#6005,#6006,#6007,#6008,#6009,#6010,#6011
  )),.UNSPECIFIED.,.F.,.F.,.F.,(4,1,1,1,1,1,1,1,1,1,4),(4,1,1,1,4),(
    -3.945090087037E-02,6.25E-02,0.125,0.25,0.375,0.5,0.625,0.75,0.875,
    0.9375,1.010277163071),(-1.087921409417E-02,0.25,0.5,0.75,
    1.009872293319),.UNSPECIFIED.);
#5921 = CARTESIAN_POINT('',(0.448507847624,1.479447457036,0.59534140834)
  );
#5922 = CARTESIAN_POINT('',(0.457721333931,1.481510414523,0.602003927152
    ));
#5923 = CARTESIAN_POINT('',(0.476699731541,1.478302299921,0.614271038742
    ));
#5924 = CARTESIAN_POINT('',(0.502324910615,1.458597783761,0.628870992586
    ));
#5925 = CARTESIAN_POINT('',(0.520471919711,1.430149423381,0.638491504959
    ));
#5926 = CARTESIAN_POINT('',(0.524268816562,1.409041759685,0.640506374797
    ));
#5927 = CARTESIAN_POINT('',(0.52312477973,1.398834367945,0.640064150615)
  );
#5928 = CARTESIAN_POINT('',(0.448288525248,1.498589638972,0.592633966439
    ));
#5929 = CARTESIAN_POINT('',(0.458061441007,1.499078889169,0.600019854256
    ));
#5930 = CARTESIAN_POINT('',(0.478304869916,1.492781334902,0.613685571883
    ));
#5931 = CARTESIAN_POINT('',(0.506257479011,1.468387234539,0.63006837758)
  );
#5932 = CARTESIAN_POINT('',(0.526958662821,1.435107350913,0.641004918606
    ));
#5933 = CARTESIAN_POINT('',(0.532446704842,1.410614079776,0.643566555145
    ));
#5934 = CARTESIAN_POINT('',(0.532123631797,1.398632363854,0.643340176999
    ));
#5935 = CARTESIAN_POINT('',(0.448754802328,1.529291930997,0.594210578971
    ));
#5936 = CARTESIAN_POINT('',(0.459476152096,1.527029948537,0.602163247938
    ));
#5937 = CARTESIAN_POINT('',(0.481710263341,1.515561362047,0.616790501441
    ));
#5938 = CARTESIAN_POINT('',(0.513032327059,1.483734122742,0.634312213051
    ));
#5939 = CARTESIAN_POINT('',(0.53731339586,1.442952586307,0.646312685269)
  );
#5940 = CARTESIAN_POINT('',(0.545181155998,1.41313903401,0.649815961662)
  );
#5941 = CARTESIAN_POINT('',(0.546039046488,1.398308256141,0.650246993106
    ));
#5942 = CARTESIAN_POINT('',(0.447367146989,1.58085223792,0.610030184196)
  );
#5943 = CARTESIAN_POINT('',(0.460306152614,1.574116565005,0.617409432714
    ));
#5944 = CARTESIAN_POINT('',(0.48694806798,1.554112220451,0.630831174115)
  );
#5945 = CARTESIAN_POINT('',(0.52470951489,1.509764113893,0.647095280488)
  );
#5946 = CARTESIAN_POINT('',(0.554792222864,1.456230732496,0.659199639049
    ));
#5947 = CARTESIAN_POINT('',(0.565739864817,1.417393628967,0.664440311442
    ));
#5948 = CARTESIAN_POINT('',(0.567881520687,1.397761984508,0.666452740834
    ));
#5949 = CARTESIAN_POINT('',(0.444132918661,1.629672961976,0.642917467323
    ));
#5950 = CARTESIAN_POINT('',(0.459799934956,1.619409727977,0.648162788048
    ));
#5951 = CARTESIAN_POINT('',(0.492011816156,1.592023003142,0.657455209399
    ));
#5952 = CARTESIAN_POINT('',(0.537383749158,1.535600459563,0.668892603044
    ));
#5953 = CARTESIAN_POINT('',(0.573046956644,1.469238332239,0.678642296066
    ));
#5954 = CARTESIAN_POINT('',(0.585441167669,1.421460979454,0.684897795723
    ));
#5955 = CARTESIAN_POINT('',(0.587499224924,1.397238984452,0.688399779677
    ));
#5956 = CARTESIAN_POINT('',(0.437788639931,1.668625940064,0.701399830095
    ));
#5957 = CARTESIAN_POINT('',(0.456356969102,1.656908228688,0.703742018445
    ));
#5958 = CARTESIAN_POINT('',(0.495045643655,1.62500831706,0.707070125908)
  );
#5959 = CARTESIAN_POINT('',(0.5494102893,1.558603523509,0.710080048743)
  );
#5960 = CARTESIAN_POINT('',(0.590690071302,1.480579704741,0.71307123854)
  );
#5961 = CARTESIAN_POINT('',(0.602743127991,1.424841609425,0.716787634927
    ));
#5962 = CARTESIAN_POINT('',(0.603087889775,1.396802987226,0.719785316087
    ));
#5963 = CARTESIAN_POINT('',(0.430073324659,1.68221455774,0.770035411577)
  );
#5964 = CARTESIAN_POINT('',(0.450343680233,1.670614579961,0.770322456348
    ));
#5965 = CARTESIAN_POINT('',(0.49315371429,1.637893349331,0.768713228455)
  );
#5966 = CARTESIAN_POINT('',(0.553582927934,1.568104295327,0.762778611103
    ));
#5967 = CARTESIAN_POINT('',(0.598781512257,1.485437906773,0.75626399566)
  );
#5968 = CARTESIAN_POINT('',(0.610664704359,1.426301814707,0.75384238609)
  );
#5969 = CARTESIAN_POINT('',(0.609839765191,1.396614768404,0.753958320498
    ));
#5970 = CARTESIAN_POINT('',(0.422137718584,1.668537939149,0.838581551194
    ));
#5971 = CARTESIAN_POINT('',(0.442604389863,1.65752133103,0.837119620368)
  );
#5972 = CARTESIAN_POINT('',(0.485992744254,1.626780575946,0.831089740418
    ));
#5973 = CARTESIAN_POINT('',(0.547624491831,1.561169923678,0.816667476217
    ));
#5974 = CARTESIAN_POINT('',(0.594336888984,1.482738909785,0.80070050058)
  );
#5975 = CARTESIAN_POINT('',(0.607505166231,1.425708485868,0.79178702712)
  );
#5976 = CARTESIAN_POINT('',(0.607413924195,1.39669303551,0.788683272543)
  );
#5977 = CARTESIAN_POINT('',(0.415138975892,1.629588272904,0.896879250447
    ));
#5978 = CARTESIAN_POINT('',(0.434472730492,1.620023631601,0.89306631684)
  );
#5979 = CARTESIAN_POINT('',(0.475306873691,1.594276837063,0.882054086181
    ));
#5980 = CARTESIAN_POINT('',(0.533669416657,1.539686854966,0.860233059559
    ));
#5981 = CARTESIAN_POINT('',(0.579215031502,1.473244808065,0.837883202898
    ));
#5982 = CARTESIAN_POINT('',(0.594148283046,1.4232078095,0.82593835122));
#5983 = CARTESIAN_POINT('',(0.595901707118,1.397018267855,0.821728832068
    ));
#5984 = CARTESIAN_POINT('',(0.410994318889,1.580817906924,0.929543077474
    ));
#5985 = CARTESIAN_POINT('',(0.428620503592,1.574247835835,0.923678278985
    ));
#5986 = CARTESIAN_POINT('',(0.465966704284,1.555774047422,0.908829264064
    ));
#5987 = CARTESIAN_POINT('',(0.519735894763,1.514314216425,0.882959346765
    ));
#5988 = CARTESIAN_POINT('',(0.562289197577,1.461535157866,0.859197679401
    ));
#5989 = CARTESIAN_POINT('',(0.576971766832,1.419882019762,0.848700770127
    ));
#5990 = CARTESIAN_POINT('',(0.579210438778,1.397448558512,0.84595872246)
  );
#5991 = CARTESIAN_POINT('',(0.408845287066,1.534527581384,0.94374166345)
  );
#5992 = CARTESIAN_POINT('',(0.424826573904,1.531602284886,0.937105974306
    ));
#5993 = CARTESIAN_POINT('',(0.459132961572,1.520772939591,0.920897892681
    ));
#5994 = CARTESIAN_POINT('',(0.508892421605,1.491417097404,0.894269237079
    ));
#5995 = CARTESIAN_POINT('',(0.547894293555,1.450716946766,0.871715468331
    ));
#5996 = CARTESIAN_POINT('',(0.560401433094,1.416675650484,0.863808058347
    ));
#5997 = CARTESIAN_POINT('',(0.561532764594,1.397862241796,0.862907100918
    ));
#5998 = CARTESIAN_POINT('',(0.408473128927,1.5094317217,0.945866534826)
  );
#5999 = CARTESIAN_POINT('',(0.423533144614,1.508653107138,0.939353846671
    ));
#6000 = CARTESIAN_POINT('',(0.456209548018,1.502127031037,0.923449222058
    ));
#6001 = CARTESIAN_POINT('',(0.503771354229,1.47925962605,0.897698048899)
  );
#6002 = CARTESIAN_POINT('',(0.540483064497,1.444919595594,0.876644024623
    ));
#6003 = CARTESIAN_POINT('',(0.551114540634,1.414929002802,0.870284811086
    ));
#6004 = CARTESIAN_POINT('',(0.551112977029,1.398087357677,0.870309499764
    ));
#6005 = CARTESIAN_POINT('',(0.408220336215,1.495895325995,0.9455610076)
  );
#6006 = CARTESIAN_POINT('',(0.422813385977,1.496274999465,0.939312493232
    ));
#6007 = CARTESIAN_POINT('',(0.454654947751,1.492070307009,0.923938558377
    ));
#6008 = CARTESIAN_POINT('',(0.501040600388,1.472702270586,0.899063887651
    ));
#6009 = CARTESIAN_POINT('',(0.536443562199,1.441792298464,0.879004154434
    ));
#6010 = CARTESIAN_POINT('',(0.545932209089,1.413986656749,0.873405717651
    ));
#6011 = CARTESIAN_POINT('',(0.54522411128,1.398208810351,0.873825264323)
  );
#6012 = SHELL_BASED_SURFACE_MODEL('',(#6013));
#6013 = OPEN_SHELL('',(#6014));
#6014 = ADVANCED_FACE('',(#6015),#6059,.T.);
#6015 = FACE_BOUND('',#6016,.T.);
#6016 = EDGE_LOOP('',(#6017,#6028,#6040,#6049));
#6017 = ORIENTED_EDGE('',*,*,#6018,.T.);
#6018 = EDGE_CURVE('',#6019,#6021,#6023,.T.);
#6019 = VERTEX_POINT('',#6020);
#6020 = CARTESIAN_POINT('',(-0.41566108131,1.5016,0.942404300438));
#6021 = VERTEX_POINT('',#6022);
#6022 = CARTESIAN_POINT('',(0.410184140458,1.5016,0.944801021865));
#6023 = CIRCLE('',#6024,1.03);
#6024 = AXIS2_PLACEMENT_3D('',#6025,#6026,#6027);
#6025 = CARTESIAN_POINT('',(0.,1.5016,0.));
#6026 = DIRECTION('',(0.,1.,0.));
#6027 = DIRECTION('',(-0.403554447873,0.,0.914955631493));
#6028 = ORIENTED_EDGE('',*,*,#6029,.T.);
#6029 = EDGE_CURVE('',#6021,#6030,#6032,.T.);
#6030 = VERTEX_POINT('',#6031);
#6031 = CARTESIAN_POINT('',(0.547725322278,1.4,0.872294085349));
#6032 = B_SPLINE_CURVE_WITH_KNOTS('',3,(#6033,#6034,#6035,#6036,#6037,
    #6038,#6039),.UNSPECIFIED.,.F.,.F.,(4,1,1,1,4),(0.,0.25,0.5,0.75,1.)
  ,.QUASI_UNIFORM_KNOTS.);
#6033 = CARTESIAN_POINT('',(0.410184140458,1.5016,0.944801021865));
#6034 = CARTESIAN_POINT('',(0.424488458052,1.50129153862,0.938590821057)
  );
#6035 = CARTESIAN_POINT('',(0.45598539386,1.496030354188,0.923317268782)
  );
#6036 = CARTESIAN_POINT('',(0.502199211302,1.475478935618,0.898455997851
    ));
#6037 = CARTESIAN_POINT('',(0.537684647078,1.443536882788,0.878252467667
    ));
#6038 = CARTESIAN_POINT('',(0.547725340853,1.415495587754,0.872294073686
    ));
#6039 = CARTESIAN_POINT('',(0.547725322278,1.4,0.872294085349));
#6040 = ORIENTED_EDGE('',*,*,#6041,.T.);
#6041 = EDGE_CURVE('',#6030,#6042,#6044,.T.);
#6042 = VERTEX_POINT('',#6043);
#6043 = CARTESIAN_POINT('',(-0.554527497388,1.4,0.867985745644));
#6044 = CIRCLE('',#6045,1.03);
#6045 = AXIS2_PLACEMENT_3D('',#6046,#6047,#6048);
#6046 = CARTESIAN_POINT('',(0.,1.4,0.));
#6047 = DIRECTION('',(0.,-1.,0.));
#6048 = DIRECTION('',(0.531772157551,0.,0.846887461504));
#6049 = ORIENTED_EDGE('',*,*,#6050,.T.);
#6050 = EDGE_CURVE('',#6042,#6019,#6051,.T.);
#6051 = B_SPLINE_CURVE_WITH_KNOTS('',3,(#6052,#6053,#6054,#6055,#6056,
    #6057,#6058),.UNSPECIFIED.,.F.,.F.,(4,1,1,1,4),(0.,0.25,0.5,0.75,1.)
  ,.QUASI_UNIFORM_KNOTS.);
#6052 = CARTESIAN_POINT('',(-0.554527497388,1.4,0.867985745644));
#6053 = CARTESIAN_POINT('',(-0.554527520084,1.415638393536,
    0.867985731144));
#6054 = CARTESIAN_POINT('',(-0.544370088949,1.443821414199,0.87411204994
    ));
#6055 = CARTESIAN_POINT('',(-0.508497888523,1.475707497205,
    0.894872532618));
#6056 = CARTESIAN_POINT('',(-0.461823831619,1.4960973765,0.920397365461)
  );
#6057 = CARTESIAN_POINT('',(-0.430063323392,1.501289405994,
    0.936051982933));
#6058 = CARTESIAN_POINT('',(-0.41566108131,1.5016,0.942404300438));
#6059 = SURFACE_OF_REVOLUTION('',#6060,#6064);
#6060 = LINE('',#6061,#6062);
#6061 = CARTESIAN_POINT('',(0.567283876755,1.397968,0.859702857489));
#6062 = VECTOR('',#6063,1.);
#6063 = DIRECTION('',(0.,1.,0.));
#6064 = AXIS1_PLACEMENT('',#6065,#6066);
#6065 = CARTESIAN_POINT('',(0.,1.4,0.));
#6066 = DIRECTION('',(0.,-1.,0.));
#6067 = SHELL_BASED_SURFACE_MODEL('',(#6068));
#6068 = OPEN_SHELL('',(#6069));
#6069 = ADVANCED_FACE('',(#6070),#6153,.T.);
#6070 = FACE_BOUND('',#6071,.T.);
#6071 = EDGE_LOOP('',(#6072,#6086,#6118,#6137));
#6072 = ORIENTED_EDGE('',*,*,#6073,.T.);
#6073 = EDGE_CURVE('',#6074,#6076,#6078,.T.);
#6074 = VERTEX_POINT('',#6075);
#6075 = CARTESIAN_POINT('',(-0.554527497388,1.4,0.867985745644));
#6076 = VERTEX_POINT('',#6077);
#6077 = CARTESIAN_POINT('',(-0.41566108131,1.5016,0.942404300438));
#6078 = B_SPLINE_CURVE_WITH_KNOTS('',3,(#6079,#6080,#6081,#6082,#6083,
    #6084,#6085),.UNSPECIFIED.,.F.,.F.,(4,1,1,1,4),(0.,0.25,0.5,0.75,1.)
  ,.QUASI_UNIFORM_KNOTS.);
#6079 = CARTESIAN_POINT('',(-0.554527497388,1.4,0.867985745644));
#6080 = CARTESIAN_POINT('',(-0.554527520084,1.415638393536,
    0.867985731144));
#6081 = CARTESIAN_POINT('',(-0.544370088949,1.443821414199,0.87411204994
    ));
#6082 = CARTESIAN_POINT('',(-0.508497888523,1.475707497205,
    0.894872532618));
#6083 = CARTESIAN_POINT('',(-0.461823831619,1.4960973765,0.920397365461)
  );
#6084 = CARTESIAN_POINT('',(-0.430063323392,1.501289405994,
    0.936051982933));
#6085 = CARTESIAN_POINT('',(-0.41566108131,1.5016,0.942404300438));
#6086 = ORIENTED_EDGE('',*,*,#6087,.T.);
#6087 = EDGE_CURVE('',#6076,#6088,#6090,.T.);
#6088 = VERTEX_POINT('',#6089);
#6089 = CARTESIAN_POINT('',(-0.451540152811,1.5016,0.590973290013));
#6090 = B_SPLINE_CURVE_WITH_KNOTS('',3,(#6091,#6092,#6093,#6094,#6095,
    #6096,#6097,#6098,#6099,#6100,#6101,#6102,#6103,#6104,#6105,#6106,
    #6107,#6108,#6109,#6110,#6111,#6112,#6113,#6114,#6115,#6116,#6117),
  .UNSPECIFIED.,.F.,.F.,(4,1,1,1,1,1,1,1,1,1,1,1,1,1,1,1,1,1,1,1,1,1,1,1
    ,4),(0.,4.166666666667E-02,8.333333333333E-02,0.125,0.166666666667,
    0.208333333333,0.25,0.291666666667,0.333333333333,0.375,
    0.416666666667,0.458333333333,0.5,0.541666666667,0.583333333333,
    0.625,0.666666666667,0.708333333333,0.75,0.791666666667,
    0.833333333333,0.875,0.916666666667,0.958333333333,1.),
  .UNSPECIFIED.);
#6091 = CARTESIAN_POINT('',(-0.41566108131,1.5016,0.942404300438));
#6092 = CARTESIAN_POINT('',(-0.415836213668,1.509654346261,
    0.942327055772));
#6093 = CARTESIAN_POINT('',(-0.41616298862,1.525635080021,0.941131523248
    ));
#6094 = CARTESIAN_POINT('',(-0.416997527251,1.548757104323,
    0.936225799449));
#6095 = CARTESIAN_POINT('',(-0.418168737325,1.571057814867,
    0.928278095869));
#6096 = CARTESIAN_POINT('',(-0.41959996512,1.592244228862,0.917350477314
    ));
#6097 = CARTESIAN_POINT('',(-0.421290606605,1.611697426252,
    0.903719322704));
#6098 = CARTESIAN_POINT('',(-0.423195765832,1.629131116835,
    0.887626344896));
#6099 = CARTESIAN_POINT('',(-0.425298171957,1.644247293299,
    0.869327322114));
#6100 = CARTESIAN_POINT('',(-0.427547764757,1.656762145691,
    0.849162222828));
#6101 = CARTESIAN_POINT('',(-0.429903904072,1.666442200493,0.82750169199
    ));
#6102 = CARTESIAN_POINT('',(-0.432331456893,1.673101703426,
    0.804752984272));
#6103 = CARTESIAN_POINT('',(-0.434778565903,1.676643614554,
    0.781298538393));
#6104 = CARTESIAN_POINT('',(-0.437211297917,1.676964777902,
    0.757504415832));
#6105 = CARTESIAN_POINT('',(-0.439516900162,1.674156957619,
    0.734538009934));
#6106 = CARTESIAN_POINT('',(-0.441634304669,1.668622530524,
    0.712947979371));
#6107 = CARTESIAN_POINT('',(-0.443566654638,1.660704545505,
    0.692828894195));
#6108 = CARTESIAN_POINT('',(-0.445356343515,1.650377325704,
    0.673797705478));
#6109 = CARTESIAN_POINT('',(-0.446968250638,1.637727169946,
    0.656087542857));
#6110 = CARTESIAN_POINT('',(-0.448381564718,1.622948606419,
    0.640027734679));
#6111 = CARTESIAN_POINT('',(-0.449571123317,1.606348398316,
    0.625948454966));
#6112 = CARTESIAN_POINT('',(-0.450503853471,1.588237551299,
    0.614053629968));
#6113 = CARTESIAN_POINT('',(-0.451188551652,1.568728221918,
    0.604381317311));
#6114 = CARTESIAN_POINT('',(-0.451650625361,1.54712957183,0.596870743156
    ));
#6115 = CARTESIAN_POINT('',(-0.451758026122,1.524211781811,
    0.592139567313));
#6116 = CARTESIAN_POINT('',(-0.451585542775,1.50912378194,0.591005617752
    ));
#6117 = CARTESIAN_POINT('',(-0.451540152811,1.5016,0.590973290013));
#6118 = ORIENTED_EDGE('',*,*,#6119,.T.);
#6119 = EDGE_CURVE('',#6088,#6120,#6122,.T.);
#6120 = VERTEX_POINT('',#6121);
#6121 = CARTESIAN_POINT('',(-0.536850037994,1.4,0.639423590829));
#6122 = B_SPLINE_CURVE_WITH_KNOTS('',3,(#6123,#6124,#6125,#6126,#6127,
    #6128,#6129,#6130,#6131,#6132,#6133,#6134,#6135,#6136),
  .UNSPECIFIED.,.F.,.F.,(4,1,1,1,1,1,1,1,1,1,1,4),(0.,9.090909090909E-02
    ,0.181818181818,0.272727272727,0.363636363636,0.454545454545,
    0.545454545455,0.636363636364,0.727272727273,0.818181818182,
    0.909090909091,1.),.UNSPECIFIED.);
#6123 = CARTESIAN_POINT('',(-0.451540152811,1.5016,0.590973290013));
#6124 = CARTESIAN_POINT('',(-0.454175983729,1.500187529447,
    0.592850587244));
#6125 = CARTESIAN_POINT('',(-0.45962962597,1.497240876194,0.596638771441
    ));
#6126 = CARTESIAN_POINT('',(-0.467367474833,1.491508179496,
    0.601849416589));
#6127 = CARTESIAN_POINT('',(-0.477563215002,1.487115970906,
    0.608225958226));
#6128 = CARTESIAN_POINT('',(-0.481943534119,1.47219231036,0.611197275648
    ));
#6129 = CARTESIAN_POINT('',(-0.511891759212,1.489346019088,
    0.627851990313));
#6130 = CARTESIAN_POINT('',(-0.51828076166,1.46774218174,0.630749432271)
  );
#6131 = CARTESIAN_POINT('',(-0.527781935579,1.454055727316,
    0.635382269707));
#6132 = CARTESIAN_POINT('',(-0.534709082113,1.438428601751,
    0.638474245394));
#6133 = CARTESIAN_POINT('',(-0.532340455642,1.422109388881,
    0.637418579488));
#6134 = CARTESIAN_POINT('',(-0.536630913259,1.410954769766,
    0.639332321038));
#6135 = CARTESIAN_POINT('',(-0.537189831617,1.403442465376,
    0.639572948139));
#6136 = CARTESIAN_POINT('',(-0.536850037994,1.4,0.639423590829));
#6137 = ORIENTED_EDGE('',*,*,#6138,.T.);
#6138 = EDGE_CURVE('',#6120,#6074,#6139,.T.);
#6139 = B_SPLINE_CURVE_WITH_KNOTS('',3,(#6140,#6141,#6142,#6143,#6144,
    #6145,#6146,#6147,#6148,#6149,#6150,#6151,#6152),.UNSPECIFIED.,.F.,
  .F.,(4,1,1,1,1,1,1,1,1,1,4),(0.,6.25E-02,0.125,0.25,0.375,0.5,0.625,
    0.75,0.875,0.9375,1.),.UNSPECIFIED.);
#6140 = CARTESIAN_POINT('',(-0.536850037994,1.4,0.639423590829));
#6141 = CARTESIAN_POINT('',(-0.542202912842,1.4,0.641776463081));
#6142 = CARTESIAN_POINT('',(-0.552590420795,1.4,0.647205828475));
#6143 = CARTESIAN_POINT('',(-0.571717821515,1.4,0.660758720235));
#6144 = CARTESIAN_POINT('',(-0.591869668341,1.4,0.682306171212));
#6145 = CARTESIAN_POINT('',(-0.608280431329,1.4,0.713677171072));
#6146 = CARTESIAN_POINT('',(-0.615734308482,1.4,0.748287204422));
#6147 = CARTESIAN_POINT('',(-0.613690862287,1.4,0.783631779971));
#6148 = CARTESIAN_POINT('',(-0.602299001886,1.4,0.817153090963));
#6149 = CARTESIAN_POINT('',(-0.58570003753,1.4,0.841542924018));
#6150 = CARTESIAN_POINT('',(-0.568884058632,1.4,0.857875749464));
#6151 = CARTESIAN_POINT('',(-0.559454925838,1.4,0.86483777394));
#6152 = CARTESIAN_POINT('',(-0.554527497388,1.4,0.867985745644));
#6153 = B_SPLINE_SURFACE_WITH_KNOTS('',3,3,(
    (#6154,#6155,#6156,#6157,#6158,#6159,#6160)
    ,(#6161,#6162,#6163,#6164,#6165,#6166,#6167)
    ,(#6168,#6169,#6170,#6171,#6172,#6173,#6174)
    ,(#6175,#6176,#6177,#6178,#6179,#6180,#6181)
    ,(#6182,#6183,#6184,#6185,#6186,#6187,#6188)
    ,(#6189,#6190,#6191,#6192,#6193,#6194,#6195)
    ,(#6196,#6197,#6198,#6199,#6200,#6201,#6202)
    ,(#6203,#6204,#6205,#6206,#6207,#6208,#6209)
    ,(#6210,#6211,#6212,#6213,#6214,#6215,#6216)
    ,(#6217,#6218,#6219,#6220,#6221,#6222,#6223)
    ,(#6224,#6225,#6226,#6227,#6228,#6229,#6230)
    ,(#6231,#6232,#6233,#6234,#6235,#6236,#6237)
    ,(#6238,#6239,#6240,#6241,#6242,#6243,#6244
  )),.UNSPECIFIED.,.F.,.F.,.F.,(4,1,1,1,1,1,1,1,1,1,4),(4,1,1,1,4),(
    -1.027450926729E-02,6.25E-02,0.125,0.25,0.375,0.5,0.625,0.75,0.875,
    0.9375,1.040353802993),(-1.088141394439E-02,0.25,0.5,0.75,
    1.009874354103),.UNSPECIFIED.);
#6154 = CARTESIAN_POINT('',(-0.413683921596,1.495881713095,
    0.943182956803));
#6155 = CARTESIAN_POINT('',(-0.428375137605,1.496256971405,
    0.936792443572));
#6156 = CARTESIAN_POINT('',(-0.46048590404,1.492125078651,0.921034554455
    ));
#6157 = CARTESIAN_POINT('',(-0.507336017985,1.472925485958,
    0.895492101082));
#6158 = CARTESIAN_POINT('',(-0.543132126197,1.442076067069,
    0.874875279417));
#6159 = CARTESIAN_POINT('',(-0.552736744932,1.414123469471,
    0.869115700405));
#6160 = CARTESIAN_POINT('',(-0.55202318948,1.398191190887,0.869545606031
    ));
#6161 = CARTESIAN_POINT('',(-0.413939672118,1.509454265585,
    0.943488668051));
#6162 = CARTESIAN_POINT('',(-0.429100086311,1.508668154259,
    0.936829406999));
#6163 = CARTESIAN_POINT('',(-0.46204367784,1.502207555652,0.920530795325
    ));
#6164 = CARTESIAN_POINT('',(-0.51007592261,1.47949679973,0.894098576735)
  );
#6165 = CARTESIAN_POINT('',(-0.54717808302,1.445207373331,0.872470092399
    ));
#6166 = CARTESIAN_POINT('',(-0.557926366194,1.4150662476,0.865935629411)
  );
#6167 = CARTESIAN_POINT('',(-0.55792099011,1.398069648696,0.865962759344
    ));
#6168 = CARTESIAN_POINT('',(-0.414291341041,1.534619898445,0.94135426241
    ));
#6169 = CARTESIAN_POINT('',(-0.430380269172,1.531682103933,
    0.934565075865));
#6170 = CARTESIAN_POINT('',(-0.464957213298,1.520905094878,
    0.917947589679));
#6171 = CARTESIAN_POINT('',(-0.515203516506,1.491682967255,0.89061531265
    ));
#6172 = CARTESIAN_POINT('',(-0.554593931978,1.451013252158,
    0.867454559923));
#6173 = CARTESIAN_POINT('',(-0.567216725439,1.416813882182,
    0.859343607449));
#6174 = CARTESIAN_POINT('',(-0.568344383701,1.397844341733,
    0.858428850827));
#6175 = CARTESIAN_POINT('',(-0.416295874895,1.581037405721,
    0.927097372781));
#6176 = CARTESIAN_POINT('',(-0.4340517794,1.574452649085,0.921069055907)
  );
#6177 = CARTESIAN_POINT('',(-0.471697891015,1.556013603771,0.90578708665
    ));
#6178 = CARTESIAN_POINT('',(-0.526007955352,1.514642507854,0.87917363101
    ));
#6179 = CARTESIAN_POINT('',(-0.568962350683,1.461849420821,
    0.854746539734));
#6180 = CARTESIAN_POINT('',(-0.58375137255,1.420021553162,0.843996932874
    ));
#6181 = CARTESIAN_POINT('',(-0.585976610407,1.397430363413,
    0.841214099216));
#6182 = CARTESIAN_POINT('',(-0.420107181816,1.629941972007,
    0.894303251166));
#6183 = CARTESIAN_POINT('',(-0.439603681045,1.620375045627,
    0.890313226514));
#6184 = CARTESIAN_POINT('',(-0.480799027352,1.594657779904,
    0.878837234251));
#6185 = CARTESIAN_POINT('',(-0.539795847229,1.540102007191,
    0.856222228347));
#6186 = CARTESIAN_POINT('',(-0.585782601232,1.473582565972,
    0.833150416439));
#6187 = CARTESIAN_POINT('',(-0.600804507245,1.423347387596,
    0.820920809348));
#6188 = CARTESIAN_POINT('',(-0.602520204521,1.396999911899,
    0.816658787388));
#6189 = CARTESIAN_POINT('',(-0.426509313008,1.66899789204,0.835778053138
    ));
#6190 = CARTESIAN_POINT('',(-0.447166136854,1.658000473364,
    0.834105463416));
#6191 = CARTESIAN_POINT('',(-0.490979748841,1.627294004526,
    0.827553573034));
#6192 = CARTESIAN_POINT('',(-0.55334851832,1.561665161017,0.812277599118
    ));
#6193 = CARTESIAN_POINT('',(-0.600576293285,1.483092411192,
    0.795566722215));
#6194 = CARTESIAN_POINT('',(-0.613843227491,1.425843970415,
    0.786395341837));
#6195 = CARTESIAN_POINT('',(-0.61370486069,1.396675060944,0.783268729137
    ));
#6196 = CARTESIAN_POINT('',(-0.433742875265,1.682712889493,
    0.766967420406));
#6197 = CARTESIAN_POINT('',(-0.454210585106,1.671131684058,
    0.767007788255));
#6198 = CARTESIAN_POINT('',(-0.497468544342,1.638434514803,
    0.764830256947));
#6199 = CARTESIAN_POINT('',(-0.558677728705,1.568602559837,
    0.758023368112));
#6200 = CARTESIAN_POINT('',(-0.604462315586,1.485777295102,
    0.750793276668));
#6201 = CARTESIAN_POINT('',(-0.616505021266,1.426428338416,
    0.748166028067));
#6202 = CARTESIAN_POINT('',(-0.615669112378,1.396597892403,
    0.748295669842));
#6203 = CARTESIAN_POINT('',(-0.440754678878,1.669089037483,
    0.698067498297));
#6204 = CARTESIAN_POINT('',(-0.45951624662,1.65736525725,0.700158082465)
  );
#6205 = CARTESIAN_POINT('',(-0.498643880523,1.625462287837,
    0.702936811125));
#6206 = CARTESIAN_POINT('',(-0.55377012803,1.559020178091,0.705134168386
    ));
#6207 = CARTESIAN_POINT('',(-0.595673478471,1.480872273498,
    0.707471908396));
#6208 = CARTESIAN_POINT('',(-0.607959832313,1.4249539002,0.711003701139)
  );
#6209 = CARTESIAN_POINT('',(-0.60835027286,1.396787987402,0.714015248583
    ));
#6210 = CARTESIAN_POINT('',(-0.446499422374,1.630029853833,
    0.639360148442));
#6211 = CARTESIAN_POINT('',(-0.462354385807,1.619738987869,
    0.644393674528));
#6212 = CARTESIAN_POINT('',(-0.494991695839,1.592331349603,
    0.653231933778));
#6213 = CARTESIAN_POINT('',(-0.541079591005,1.535895977623,
    0.663988294924));
#6214 = CARTESIAN_POINT('',(-0.577355099323,1.469465429179,
    0.673165660174));
#6215 = CARTESIAN_POINT('',(-0.590004104813,1.421553713771,
    0.679220934334));
#6216 = CARTESIAN_POINT('',(-0.592130723628,1.397226605569,
    0.682701203465));
#6217 = CARTESIAN_POINT('',(-0.449393793692,1.581072703269,
    0.606349131026));
#6218 = CARTESIAN_POINT('',(-0.462513136565,1.57431523824,0.61356465327)
  );
#6219 = CARTESIAN_POINT('',(-0.489568431316,1.554301922233,0.62663018754
    ));
#6220 = CARTESIAN_POINT('',(-0.527999902438,1.509965861759,
    0.642341878983));
#6221 = CARTESIAN_POINT('',(-0.558644128501,1.456401042854,
    0.653963971246));
#6222 = CARTESIAN_POINT('',(-0.56980007566,1.417466277203,0.659012594562
    ));
#6223 = CARTESIAN_POINT('',(-0.571981615553,1.397752288592,0.66098630634
    ));
#6224 = CARTESIAN_POINT('',(-0.450624135028,1.529207504178,
    0.590425401689));
#6225 = CARTESIAN_POINT('',(-0.461501315002,1.526953936824,
    0.598248861455));
#6226 = CARTESIAN_POINT('',(-0.484102089769,1.515525906079,0.61259127057
    ));
#6227 = CARTESIAN_POINT('',(-0.516003671344,1.48377363708,0.62967367366)
  );
#6228 = CARTESIAN_POINT('',(-0.540751045195,1.443028982394,
    0.641301962324));
#6229 = CARTESIAN_POINT('',(-0.548756709577,1.413178360596,0.6446644909)
  );
#6230 = CARTESIAN_POINT('',(-0.549614668797,1.3983029378,0.645070075999)
  );
#6231 = CARTESIAN_POINT('',(-0.450122514935,1.498241547714,
    0.588880523801));
#6232 = CARTESIAN_POINT('',(-0.460032447442,1.498765120611,
    0.596138128904));
#6233 = CARTESIAN_POINT('',(-0.480600890594,1.492552157283,
    0.609528133114));
#6234 = CARTESIAN_POINT('',(-0.509056866743,1.468290544068,
    0.625514299278));
#6235 = CARTESIAN_POINT('',(-0.530147687765,1.435107795859,
    0.636147257738));
#6236 = CARTESIAN_POINT('',(-0.535728911514,1.410627131921,
    0.638620116012));
#6237 = CARTESIAN_POINT('',(-0.535384779905,1.398630477912,
    0.638391725142));
#6238 = CARTESIAN_POINT('',(-0.450401456213,1.478878425417,
    0.591692434481));
#6239 = CARTESIAN_POINT('',(-0.459732017527,1.480990005483,
    0.598217855458));
#6240 = CARTESIAN_POINT('',(-0.47898755197,1.477896848431,0.6101941887)
  );
#6241 = CARTESIAN_POINT('',(-0.505033346365,1.458376986791,
    0.624398138165));
#6242 = CARTESIAN_POINT('',(-0.5234933802,1.43008466503,0.633744496862)
  );
#6243 = CARTESIAN_POINT('',(-0.527350202924,1.409033805121,
    0.635706795153));
#6244 = CARTESIAN_POINT('',(-0.526174784581,1.39883522442,0.635283216751
    ));
#6245 = SHELL_BASED_SURFACE_MODEL('',(#6246));
#6246 = OPEN_SHELL('',(#6247));
#6247 = ADVANCED_FACE('',(#6248),#6282,.T.);
#6248 = FACE_BOUND('',#6249,.T.);
#6249 = EDGE_LOOP('',(#6250,#6260,#6268,#6276));
#6250 = ORIENTED_EDGE('',*,*,#6251,.T.);
#6251 = EDGE_CURVE('',#6252,#6254,#6256,.T.);
#6252 = VERTEX_POINT('',#6253);
#6253 = CARTESIAN_POINT('',(-0.255,1.37,-0.64));
#6254 = VERTEX_POINT('',#6255);
#6255 = CARTESIAN_POINT('',(-0.729383301153,1.37,-0.64));
#6256 = LINE('',#6257,#6258);
#6257 = CARTESIAN_POINT('',(-0.255,1.37,-0.64));
#6258 = VECTOR('',#6259,1.);
#6259 = DIRECTION('',(-1.,0.,0.));
#6260 = ORIENTED_EDGE('',*,*,#6261,.T.);
#6261 = EDGE_CURVE('',#6254,#6262,#6264,.T.);
#6262 = VERTEX_POINT('',#6263);
#6263 = CARTESIAN_POINT('',(-0.729383301153,1.4,-0.64));
#6264 = LINE('',#6265,#6266);
#6265 = CARTESIAN_POINT('',(-0.729383301153,1.37,-0.64));
#6266 = VECTOR('',#6267,1.);
#6267 = DIRECTION('',(0.,1.,0.));
#6268 = ORIENTED_EDGE('',*,*,#6269,.T.);
#6269 = EDGE_CURVE('',#6262,#6270,#6272,.T.);
#6270 = VERTEX_POINT('',#6271);
#6271 = CARTESIAN_POINT('',(-0.255,1.4,-0.64));
#6272 = LINE('',#6273,#6274);
#6273 = CARTESIAN_POINT('',(-0.729383301153,1.4,-0.64));
#6274 = VECTOR('',#6275,1.);
#6275 = DIRECTION('',(1.,0.,0.));
#6276 = ORIENTED_EDGE('',*,*,#6277,.T.);
#6277 = EDGE_CURVE('',#6270,#6252,#6278,.T.);
#6278 = LINE('',#6279,#6280);
#6279 = CARTESIAN_POINT('',(-0.255,1.4,-0.64));
#6280 = VECTOR('',#6281,1.);
#6281 = DIRECTION('',(0.,-1.,0.));
#6282 = B_SPLINE_SURFACE_WITH_KNOTS('',1,1,(
    (#6283,#6284)
    ,(#6285,#6286
    )),.UNSPECIFIED.,.F.,.F.,.F.,(2,2),(2,2),(-3.735301583877E-04,
    1.905003807777E-02),(-6.895722179475E-05,1.250059583999E-03),
  .PIECEWISE_BEZIER_KNOTS.);
#6283 = CARTESIAN_POINT('',(-0.245512333977,1.368248486566,-0.64));
#6284 = CARTESIAN_POINT('',(-0.245512333977,1.401751513434,-0.64));
#6285 = CARTESIAN_POINT('',(-0.738870967175,1.368248486566,-0.64));
#6286 = CARTESIAN_POINT('',(-0.738870967175,1.401751513434,-0.64));
#6287 = SHELL_BASED_SURFACE_MODEL('',(#6288));
#6288 = OPEN_SHELL('',(#6289));
#6289 = ADVANCED_FACE('',(#6290),#6326,.T.);
#6290 = FACE_BOUND('',#6291,.T.);
#6291 = EDGE_LOOP('',(#6292,#6303,#6311,#6320));
#6292 = ORIENTED_EDGE('',*,*,#6293,.T.);
#6293 = EDGE_CURVE('',#6294,#6296,#6298,.T.);
#6294 = VERTEX_POINT('',#6295);
#6295 = CARTESIAN_POINT('',(-0.255,1.37,-0.64));
#6296 = VERTEX_POINT('',#6297);
#6297 = CARTESIAN_POINT('',(-0.125,1.37,-0.51));
#6298 = CIRCLE('',#6299,0.13);
#6299 = AXIS2_PLACEMENT_3D('',#6300,#6301,#6302);
#6300 = CARTESIAN_POINT('',(-0.255,1.37,-0.51));
#6301 = DIRECTION('',(0.,-1.,0.));
#6302 = DIRECTION('',(0.,0.,-1.));
#6303 = ORIENTED_EDGE('',*,*,#6304,.T.);
#6304 = EDGE_CURVE('',#6296,#6305,#6307,.T.);
#6305 = VERTEX_POINT('',#6306);
#6306 = CARTESIAN_POINT('',(-0.125,1.4,-0.51));
#6307 = LINE('',#6308,#6309);
#6308 = CARTESIAN_POINT('',(-0.125,1.37,-0.51));
#6309 = VECTOR('',#6310,1.);
#6310 = DIRECTION('',(0.,1.,0.));
#6311 = ORIENTED_EDGE('',*,*,#6312,.T.);
#6312 = EDGE_CURVE('',#6305,#6313,#6315,.T.);
#6313 = VERTEX_POINT('',#6314);
#6314 = CARTESIAN_POINT('',(-0.255,1.4,-0.64));
#6315 = CIRCLE('',#6316,0.13);
#6316 = AXIS2_PLACEMENT_3D('',#6317,#6318,#6319);
#6317 = CARTESIAN_POINT('',(-0.255,1.4,-0.51));
#6318 = DIRECTION('',(-0.,1.,0.));
#6319 = DIRECTION('',(1.,0.,0.));
#6320 = ORIENTED_EDGE('',*,*,#6321,.T.);
#6321 = EDGE_CURVE('',#6313,#6294,#6322,.T.);
#6322 = LINE('',#6323,#6324);
#6323 = CARTESIAN_POINT('',(-0.255,1.4,-0.64));
#6324 = VECTOR('',#6325,1.);
#6325 = DIRECTION('',(0.,-1.,0.));
#6326 = SURFACE_OF_REVOLUTION('',#6327,#6331);
#6327 = LINE('',#6328,#6329);
#6328 = CARTESIAN_POINT('',(-0.25908339868,1.368248486566,
    -0.639935852848));
#6329 = VECTOR('',#6330,1.);
#6330 = DIRECTION('',(0.,1.,0.));
#6331 = AXIS1_PLACEMENT('',#6332,#6333);
#6332 = CARTESIAN_POINT('',(-0.255,1.37,-0.51));
#6333 = DIRECTION('',(0.,-1.,0.));
#6334 = SHELL_BASED_SURFACE_MODEL('',(#6335));
#6335 = OPEN_SHELL('',(#6336));
#6336 = ADVANCED_FACE('',(#6337),#6399,.T.);
#6337 = FACE_BOUND('',#6338,.T.);
#6338 = EDGE_LOOP('',(#6339,#6349,#6358,#6366,#6375,#6383,#6392));
#6339 = ORIENTED_EDGE('',*,*,#6340,.T.);
#6340 = EDGE_CURVE('',#6341,#6343,#6345,.T.);
#6341 = VERTEX_POINT('',#6342);
#6342 = CARTESIAN_POINT('',(-0.748331477355,1.4,-0.63));
#6343 = VERTEX_POINT('',#6344);
#6344 = CARTESIAN_POINT('',(-0.255,1.4,-0.63));
#6345 = LINE('',#6346,#6347);
#6346 = CARTESIAN_POINT('',(-0.748331477355,1.4,-0.63));
#6347 = VECTOR('',#6348,1.);
#6348 = DIRECTION('',(1.,0.,0.));
#6349 = ORIENTED_EDGE('',*,*,#6350,.T.);
#6350 = EDGE_CURVE('',#6343,#6351,#6353,.T.);
#6351 = VERTEX_POINT('',#6352);
#6352 = CARTESIAN_POINT('',(-0.125,1.4,-0.5));
#6353 = CIRCLE('',#6354,0.13);
#6354 = AXIS2_PLACEMENT_3D('',#6355,#6356,#6357);
#6355 = CARTESIAN_POINT('',(-0.255,1.4,-0.5));
#6356 = DIRECTION('',(0.,-1.,0.));
#6357 = DIRECTION('',(0.,0.,-1.));
#6358 = ORIENTED_EDGE('',*,*,#6359,.T.);
#6359 = EDGE_CURVE('',#6351,#6360,#6362,.T.);
#6360 = VERTEX_POINT('',#6361);
#6361 = CARTESIAN_POINT('',(-0.125,1.4,-0.51));
#6362 = LINE('',#6363,#6364);
#6363 = CARTESIAN_POINT('',(-0.125,1.4,-0.5));
#6364 = VECTOR('',#6365,1.);
#6365 = DIRECTION('',(0.,0.,-1.));
#6366 = ORIENTED_EDGE('',*,*,#6367,.T.);
#6367 = EDGE_CURVE('',#6360,#6368,#6370,.T.);
#6368 = VERTEX_POINT('',#6369);
#6369 = CARTESIAN_POINT('',(-0.255,1.4,-0.64));
#6370 = CIRCLE('',#6371,0.13);
#6371 = AXIS2_PLACEMENT_3D('',#6372,#6373,#6374);
#6372 = CARTESIAN_POINT('',(-0.255,1.4,-0.51));
#6373 = DIRECTION('',(-0.,1.,0.));
#6374 = DIRECTION('',(1.,0.,0.));
#6375 = ORIENTED_EDGE('',*,*,#6376,.T.);
#6376 = EDGE_CURVE('',#6368,#6377,#6379,.T.);
#6377 = VERTEX_POINT('',#6378);
#6378 = CARTESIAN_POINT('',(-0.729383301153,1.4,-0.64));
#6379 = LINE('',#6380,#6381);
#6380 = CARTESIAN_POINT('',(-0.255,1.4,-0.64));
#6381 = VECTOR('',#6382,1.);
#6382 = DIRECTION('',(-1.,0.,0.));
#6383 = ORIENTED_EDGE('',*,*,#6384,.T.);
#6384 = EDGE_CURVE('',#6377,#6385,#6387,.T.);
#6385 = VERTEX_POINT('',#6386);
#6386 = CARTESIAN_POINT('',(-0.79932762539,1.4,-0.619580068931));
#6387 = CIRCLE('',#6388,0.13);
#6388 = AXIS2_PLACEMENT_3D('',#6389,#6390,#6391);
#6389 = CARTESIAN_POINT('',(-0.729383301153,1.4,-0.51));
#6390 = DIRECTION('',(0.,1.,0.));
#6391 = DIRECTION('',(0.,0.,-1.));
#6392 = ORIENTED_EDGE('',*,*,#6393,.T.);
#6393 = EDGE_CURVE('',#6385,#6341,#6394,.T.);
#6394 = CIRCLE('',#6395,0.13);
#6395 = AXIS2_PLACEMENT_3D('',#6396,#6397,#6398);
#6396 = CARTESIAN_POINT('',(-0.748331477355,1.4,-0.5));
#6397 = DIRECTION('',(0.,-1.,0.));
#6398 = DIRECTION('',(-0.392278061809,-0.,-0.919846684086));
#6399 = B_SPLINE_SURFACE_WITH_KNOTS('',1,1,(
    (#6400,#6401)
    ,(#6402,#6403
    )),.UNSPECIFIED.,.F.,.F.,.F.,(2,2),(2,2),(-3.200055818495E-02,
    -4.390293208354E-03),(1.957480314961E-02,2.530708661417E-02),
  .PIECEWISE_BEZIER_KNOTS.);
#6400 = CARTESIAN_POINT('',(-0.812814177898,1.4,-0.4972));
#6401 = CARTESIAN_POINT('',(-0.812814177898,1.4,-0.6428));
#6402 = CARTESIAN_POINT('',(-0.111513447492,1.4,-0.4972));
#6403 = CARTESIAN_POINT('',(-0.111513447492,1.4,-0.6428));
#6404 = SHELL_BASED_SURFACE_MODEL('',(#6405));
#6405 = OPEN_SHELL('',(#6406));
#6406 = ADVANCED_FACE('',(#6407),#6443,.T.);
#6407 = FACE_BOUND('',#6408,.T.);
#6408 = EDGE_LOOP('',(#6409,#6420,#6428,#6437));
#6409 = ORIENTED_EDGE('',*,*,#6410,.T.);
#6410 = EDGE_CURVE('',#6411,#6413,#6415,.T.);
#6411 = VERTEX_POINT('',#6412);
#6412 = CARTESIAN_POINT('',(-0.255,1.4,-0.63));
#6413 = VERTEX_POINT('',#6414);
#6414 = CARTESIAN_POINT('',(-0.125,1.4,-0.5));
#6415 = CIRCLE('',#6416,0.13);
#6416 = AXIS2_PLACEMENT_3D('',#6417,#6418,#6419);
#6417 = CARTESIAN_POINT('',(-0.255,1.4,-0.5));
#6418 = DIRECTION('',(0.,-1.,0.));
#6419 = DIRECTION('',(0.,0.,-1.));
#6420 = ORIENTED_EDGE('',*,*,#6421,.T.);
#6421 = EDGE_CURVE('',#6413,#6422,#6424,.T.);
#6422 = VERTEX_POINT('',#6423);
#6423 = CARTESIAN_POINT('',(-0.125,1.4284,-0.5));
#6424 = LINE('',#6425,#6426);
#6425 = CARTESIAN_POINT('',(-0.125,1.4,-0.5));
#6426 = VECTOR('',#6427,1.);
#6427 = DIRECTION('',(0.,1.,0.));
#6428 = ORIENTED_EDGE('',*,*,#6429,.T.);
#6429 = EDGE_CURVE('',#6422,#6430,#6432,.T.);
#6430 = VERTEX_POINT('',#6431);
#6431 = CARTESIAN_POINT('',(-0.255,1.4284,-0.63));
#6432 = CIRCLE('',#6433,0.13);
#6433 = AXIS2_PLACEMENT_3D('',#6434,#6435,#6436);
#6434 = CARTESIAN_POINT('',(-0.255,1.4284,-0.5));
#6435 = DIRECTION('',(-0.,1.,0.));
#6436 = DIRECTION('',(1.,0.,0.));
#6437 = ORIENTED_EDGE('',*,*,#6438,.T.);
#6438 = EDGE_CURVE('',#6430,#6411,#6439,.T.);
#6439 = LINE('',#6440,#6441);
#6440 = CARTESIAN_POINT('',(-0.255,1.4284,-0.63));
#6441 = VECTOR('',#6442,1.);
#6442 = DIRECTION('',(0.,-1.,0.));
#6443 = SURFACE_OF_REVOLUTION('',#6444,#6448);
#6444 = LINE('',#6445,#6446);
#6445 = CARTESIAN_POINT('',(-0.25908339868,1.398248486567,
    -0.629935852848));
#6446 = VECTOR('',#6447,1.);
#6447 = DIRECTION('',(0.,1.,0.));
#6448 = AXIS1_PLACEMENT('',#6449,#6450);
#6449 = CARTESIAN_POINT('',(-0.255,1.4,-0.5));
#6450 = DIRECTION('',(0.,-1.,0.));
#6451 = SHELL_BASED_SURFACE_MODEL('',(#6452));
#6452 = OPEN_SHELL('',(#6453));
#6453 = ADVANCED_FACE('',(#6454),#6514,.T.);
#6454 = FACE_BOUND('',#6455,.T.);
#6455 = EDGE_LOOP('',(#6456,#6467,#6498,#6507));
#6456 = ORIENTED_EDGE('',*,*,#6457,.T.);
#6457 = EDGE_CURVE('',#6458,#6460,#6462,.T.);
#6458 = VERTEX_POINT('',#6459);
#6459 = CARTESIAN_POINT('',(-0.255,1.4284,-0.63));
#6460 = VERTEX_POINT('',#6461);
#6461 = CARTESIAN_POINT('',(-0.3282,1.5016,-0.63));
#6462 = B_SPLINE_CURVE_WITH_KNOTS('',3,(#6463,#6464,#6465,#6466),
  .UNSPECIFIED.,.F.,.F.,(4,4),(0.,1.),.PIECEWISE_BEZIER_KNOTS.);
#6463 = CARTESIAN_POINT('',(-0.255,1.4284,-0.63));
#6464 = CARTESIAN_POINT('',(-0.255,1.463261515589,-0.63));
#6465 = CARTESIAN_POINT('',(-0.293352301342,1.500618589063,-0.63));
#6466 = CARTESIAN_POINT('',(-0.3282,1.5016,-0.63));
#6467 = ORIENTED_EDGE('',*,*,#6468,.T.);
#6468 = EDGE_CURVE('',#6460,#6469,#6471,.T.);
#6469 = VERTEX_POINT('',#6470);
#6470 = CARTESIAN_POINT('',(-0.125,1.5016,-0.4268));
#6471 = B_SPLINE_CURVE_WITH_KNOTS('',3,(#6472,#6473,#6474,#6475,#6476,
    #6477,#6478,#6479,#6480,#6481,#6482,#6483,#6484,#6485,#6486,#6487,
    #6488,#6489,#6490,#6491,#6492,#6493,#6494,#6495,#6496,#6497),
  .UNSPECIFIED.,.F.,.F.,(4,1,1,1,1,1,1,1,1,1,1,1,1,1,1,1,1,1,1,1,1,1,1,4
    ),(0.,4.347826086957E-02,8.695652173913E-02,0.130434782609,
    0.173913043478,0.217391304348,0.260869565217,0.304347826087,
    0.347826086957,0.391304347826,0.434782608696,0.478260869565,
    0.521739130435,0.565217391304,0.608695652174,0.652173913044,
    0.695652173913,0.739130434783,0.782608695652,0.826086956522,
    0.869565217391,0.913043478261,0.95652173913,1.),.UNSPECIFIED.);
#6472 = CARTESIAN_POINT('',(-0.3282,1.5016,-0.63));
#6473 = CARTESIAN_POINT('',(-0.328023793415,1.50785670016,-0.63));
#6474 = CARTESIAN_POINT('',(-0.327263825998,1.520570097173,
    -0.62943727945));
#6475 = CARTESIAN_POINT('',(-0.324093487891,1.540674075436,
    -0.626523454354));
#6476 = CARTESIAN_POINT('',(-0.318799172068,1.559551424625,
    -0.621655891494));
#6477 = CARTESIAN_POINT('',(-0.312358273734,1.576177243857,
    -0.615469706704));
#6478 = CARTESIAN_POINT('',(-0.305151411173,1.592122433209,
    -0.607598406206));
#6479 = CARTESIAN_POINT('',(-0.293825464994,1.605005684993,-0.5986752792
    ));
#6480 = CARTESIAN_POINT('',(-0.285189446577,1.618459881317,
    -0.587755447891));
#6481 = CARTESIAN_POINT('',(-0.272044531751,1.627226203957,
    -0.576728136065));
#6482 = CARTESIAN_POINT('',(-0.260154768044,1.635644201385,
    -0.563987330985));
#6483 = CARTESIAN_POINT('',(-0.246490314523,1.640950504946,
    -0.550596793272));
#6484 = CARTESIAN_POINT('',(-0.232664563004,1.643593938567,
    -0.536931348828));
#6485 = CARTESIAN_POINT('',(-0.218734954439,1.643656032535,
    -0.523012880389));
#6486 = CARTESIAN_POINT('',(-0.20497272932,1.641115900739,
    -0.509092801715));
#6487 = CARTESIAN_POINT('',(-0.191513116356,1.635905044882,
    -0.495352055828));
#6488 = CARTESIAN_POINT('',(-0.178572632347,1.627501631937,
    -0.483183488016));
#6489 = CARTESIAN_POINT('',(-0.167224589522,1.618389972753,
    -0.469983002675));
#6490 = CARTESIAN_POINT('',(-0.156167601709,1.604826166781,
    -0.460977609412));
#6491 = CARTESIAN_POINT('',(-0.147196901227,1.591786958566,
    -0.449570669105));
#6492 = CARTESIAN_POINT('',(-0.139383557273,1.575821535011,
    -0.442501777698));
#6493 = CARTESIAN_POINT('',(-0.133252499046,1.559271405008,
    -0.436093128764));
#6494 = CARTESIAN_POINT('',(-0.128337575309,1.540051847394,
    -0.430791623273));
#6495 = CARTESIAN_POINT('',(-0.125486935546,1.519678107087,
    -0.427603461448));
#6496 = CARTESIAN_POINT('',(-0.125,1.50748132978,-0.426880038627));
#6497 = CARTESIAN_POINT('',(-0.125,1.5016,-0.4268));
#6498 = ORIENTED_EDGE('',*,*,#6499,.T.);
#6499 = EDGE_CURVE('',#6469,#6500,#6502,.T.);
#6500 = VERTEX_POINT('',#6501);
#6501 = CARTESIAN_POINT('',(-0.125,1.4284,-0.5));
#6502 = B_SPLINE_CURVE_WITH_KNOTS('',3,(#6503,#6504,#6505,#6506),
  .UNSPECIFIED.,.F.,.F.,(4,4),(0.,1.),.PIECEWISE_BEZIER_KNOTS.);
#6503 = CARTESIAN_POINT('',(-0.125,1.5016,-0.4268));
#6504 = CARTESIAN_POINT('',(-0.125,1.501125615872,-0.461658287807));
#6505 = CARTESIAN_POINT('',(-0.125,1.463261515589,-0.5));
#6506 = CARTESIAN_POINT('',(-0.125,1.4284,-0.5));
#6507 = ORIENTED_EDGE('',*,*,#6508,.T.);
#6508 = EDGE_CURVE('',#6500,#6458,#6509,.T.);
#6509 = CIRCLE('',#6510,0.13);
#6510 = AXIS2_PLACEMENT_3D('',#6511,#6512,#6513);
#6511 = CARTESIAN_POINT('',(-0.255,1.4284,-0.5));
#6512 = DIRECTION('',(-0.,1.,0.));
#6513 = DIRECTION('',(1.,0.,0.));
#6514 = B_SPLINE_SURFACE_WITH_KNOTS('',3,3,(
    (#6515,#6516,#6517,#6518)
    ,(#6519,#6520,#6521,#6522)
    ,(#6523,#6524,#6525,#6526)
    ,(#6527,#6528,#6529,#6530)
    ,(#6531,#6532,#6533,#6534)
    ,(#6535,#6536,#6537,#6538)
    ,(#6539,#6540,#6541,#6542)
    ,(#6543,#6544,#6545,#6546)
    ,(#6547,#6548,#6549,#6550)
    ,(#6551,#6552,#6553,#6554)
    ,(#6555,#6556,#6557,#6558)
    ,(#6559,#6560,#6561,#6562)
    ,(#6563,#6564,#6565,#6566
    )),.UNSPECIFIED.,.F.,.F.,.F.,(4,1,1,1,1,1,1,1,1,1,4),(4,4),(
    -9.935963900519E-03,6.25E-02,0.125,0.25,0.375,0.5,0.625,0.75,0.875,
    0.9375,1.009957200864),(-1.539371356204E-02,1.009663909472),
  .UNSPECIFIED.);
#6515 = CARTESIAN_POINT('',(-0.329872665935,1.497073093014,
    -0.629949788764));
#6516 = CARTESIAN_POINT('',(-0.294829491699,1.498746622423,
    -0.629977225843));
#6517 = CARTESIAN_POINT('',(-0.255387475336,1.461585404071,
    -0.629999152561));
#6518 = CARTESIAN_POINT('',(-0.257065408707,1.427433308185,
    -0.629983719203));
#6519 = CARTESIAN_POINT('',(-0.329796248983,1.5081359214,-0.630193995012
    ));
#6520 = CARTESIAN_POINT('',(-0.293371372994,1.506111734307,
    -0.630087270296));
#6521 = CARTESIAN_POINT('',(-0.252632975244,1.465202721689,
    -0.630002655522));
#6522 = CARTESIAN_POINT('',(-0.252072380035,1.427328014841,
    -0.630062876192));
#6523 = CARTESIAN_POINT('',(-0.328540865905,1.528550077832,
    -0.628987212925));
#6524 = CARTESIAN_POINT('',(-0.289915787857,1.51960992096,
    -0.629558114185));
#6525 = CARTESIAN_POINT('',(-0.247287718701,1.471878098052,
    -0.629997938197));
#6526 = CARTESIAN_POINT('',(-0.242769199587,1.4271337325,-0.629672237835
    ));
#6527 = CARTESIAN_POINT('',(-0.319975199786,1.566346182079,
    -0.620880982438));
#6528 = CARTESIAN_POINT('',(-0.279231099044,1.544920170048,
    -0.625219773737));
#6529 = CARTESIAN_POINT('',(-0.23477895388,1.484236064265,
    -0.629292210803));
#6530 = CARTESIAN_POINT('',(-0.225101138317,1.426773974866,
    -0.627019976836));
#6531 = CARTESIAN_POINT('',(-0.300764700769,1.60619827324,
    -0.601990524675));
#6532 = CARTESIAN_POINT('',(-0.26041058897,1.572850748966,
    -0.614057487957));
#6533 = CARTESIAN_POINT('',(-0.215740217334,1.497261341407,
    -0.626001813976));
#6534 = CARTESIAN_POINT('',(-0.204606645906,1.426394450207,
    -0.620734329247));
#6535 = CARTESIAN_POINT('',(-0.266662172324,1.638031460402,
    -0.568150956152));
#6536 = CARTESIAN_POINT('',(-0.229959692969,1.596971433924,
    -0.590444868397));
#6537 = CARTESIAN_POINT('',(-0.188253078228,1.507658549895,
    -0.614278981089));
#6538 = CARTESIAN_POINT('',(-0.182127605987,1.426091004924,
    -0.608636010713));
#6539 = CARTESIAN_POINT('',(-0.226715658058,1.649177986377,
    -0.528285263887));
#6540 = CARTESIAN_POINT('',(-0.196014196864,1.605855667723,
    -0.558985502956));
#6541 = CARTESIAN_POINT('',(-0.16140973796,1.511297441693,
    -0.593590567115));
#6542 = CARTESIAN_POINT('',(-0.162505037846,1.425984682708,
    -0.592494953524));
#6543 = CARTESIAN_POINT('',(-0.186845931212,1.638028570421,
    -0.488335739957));
#6544 = CARTESIAN_POINT('',(-0.164617872596,1.597040100085,
    -0.525011845892));
#6545 = CARTESIAN_POINT('',(-0.140719744564,1.507657325483,
    -0.566746346299));
#6546 = CARTESIAN_POINT('',(-0.146364008626,1.426091021227,
    -0.572872418179));
#6547 = CARTESIAN_POINT('',(-0.153003747206,1.606188580169,
    -0.454248155042));
#6548 = CARTESIAN_POINT('',(-0.14106924341,1.573040876019,
    -0.494584872752));
#6549 = CARTESIAN_POINT('',(-0.128995796255,1.497257393763,-0.5392640381
    ));
#6550 = CARTESIAN_POINT('',(-0.134265704553,1.426394511264,
    -0.550393233814));
#6551 = CARTESIAN_POINT('',(-0.134113803561,1.566333557011,
    -0.434988463518));
#6552 = CARTESIAN_POINT('',(-0.129894071127,1.545260928659,
    -0.475749394177));
#6553 = CARTESIAN_POINT('',(-0.125705619903,1.48423055388,
    -0.520209146223));
#6554 = CARTESIAN_POINT('',(-0.12798005417,1.426774039612,
    -0.529899206783));
#6555 = CARTESIAN_POINT('',(-0.126008647653,1.528520675697,
    -0.426524475175));
#6556 = CARTESIAN_POINT('',(-0.125517619735,1.520064285423,
    -0.465137838746));
#6557 = CARTESIAN_POINT('',(-0.125000556814,1.471866607959,
    -0.507732811645));
#6558 = CARTESIAN_POINT('',(-0.125327566124,1.427133937122,
    -0.512228726686));
#6559 = CARTESIAN_POINT('',(-0.124806206949,1.508119654927,
    -0.425030859435));
#6560 = CARTESIAN_POINT('',(-0.124899833966,1.50663053721,
    -0.461524306449));
#6561 = CARTESIAN_POINT('',(-0.124997585146,1.465195306212,
    -0.50230889349));
#6562 = CARTESIAN_POINT('',(-0.124936997415,1.427328085602,
    -0.502926331528));
#6563 = CARTESIAN_POINT('',(-0.12505028144,1.497031956903,
    -0.425212310071));
#6564 = CARTESIAN_POINT('',(-0.125026039733,1.499273852165,
    -0.460237119704));
#6565 = CARTESIAN_POINT('',(-0.125000790243,1.46156975783,
    -0.499637864675));
#6566 = CARTESIAN_POINT('',(-0.125016351354,1.427433611684,
    -0.497929388477));
#6567 = SHELL_BASED_SURFACE_MODEL('',(#6568));
#6568 = OPEN_SHELL('',(#6569));
#6569 = ADVANCED_FACE('',(#6570),#6621,.T.);
#6570 = FACE_BOUND('',#6571,.T.);
#6571 = EDGE_LOOP('',(#6572,#6583,#6614));
#6572 = ORIENTED_EDGE('',*,*,#6573,.T.);
#6573 = EDGE_CURVE('',#6574,#6576,#6578,.T.);
#6574 = VERTEX_POINT('',#6575);
#6575 = CARTESIAN_POINT('',(-0.3282,1.7048,-0.4268));
#6576 = VERTEX_POINT('',#6577);
#6577 = CARTESIAN_POINT('',(-0.3282,1.5016,-0.63));
#6578 = CIRCLE('',#6579,0.2032);
#6579 = AXIS2_PLACEMENT_3D('',#6580,#6581,#6582);
#6580 = CARTESIAN_POINT('',(-0.3282,1.5016,-0.4268));
#6581 = DIRECTION('',(-1.,0.,0.));
#6582 = DIRECTION('',(0.,1.,0.));
#6583 = ORIENTED_EDGE('',*,*,#6584,.T.);
#6584 = EDGE_CURVE('',#6576,#6585,#6587,.T.);
#6585 = VERTEX_POINT('',#6586);
#6586 = CARTESIAN_POINT('',(-0.125,1.5016,-0.4268));
#6587 = B_SPLINE_CURVE_WITH_KNOTS('',3,(#6588,#6589,#6590,#6591,#6592,
    #6593,#6594,#6595,#6596,#6597,#6598,#6599,#6600,#6601,#6602,#6603,
    #6604,#6605,#6606,#6607,#6608,#6609,#6610,#6611,#6612,#6613),
  .UNSPECIFIED.,.F.,.F.,(4,1,1,1,1,1,1,1,1,1,1,1,1,1,1,1,1,1,1,1,1,1,1,4
    ),(0.,4.347826086957E-02,8.695652173913E-02,0.130434782609,
    0.173913043478,0.217391304348,0.260869565217,0.304347826087,
    0.347826086957,0.391304347826,0.434782608696,0.478260869565,
    0.521739130435,0.565217391304,0.608695652174,0.652173913044,
    0.695652173913,0.739130434783,0.782608695652,0.826086956522,
    0.869565217391,0.913043478261,0.95652173913,1.),.UNSPECIFIED.);
#6588 = CARTESIAN_POINT('',(-0.3282,1.5016,-0.63));
#6589 = CARTESIAN_POINT('',(-0.328023793415,1.50785670016,-0.63));
#6590 = CARTESIAN_POINT('',(-0.327263825998,1.520570097173,
    -0.62943727945));
#6591 = CARTESIAN_POINT('',(-0.324093487891,1.540674075436,
    -0.626523454354));
#6592 = CARTESIAN_POINT('',(-0.318799172068,1.559551424625,
    -0.621655891494));
#6593 = CARTESIAN_POINT('',(-0.312358273734,1.576177243857,
    -0.615469706704));
#6594 = CARTESIAN_POINT('',(-0.305151411173,1.592122433209,
    -0.607598406206));
#6595 = CARTESIAN_POINT('',(-0.293825464994,1.605005684993,-0.5986752792
    ));
#6596 = CARTESIAN_POINT('',(-0.285189446577,1.618459881317,
    -0.587755447891));
#6597 = CARTESIAN_POINT('',(-0.272044531751,1.627226203957,
    -0.576728136065));
#6598 = CARTESIAN_POINT('',(-0.260154768044,1.635644201385,
    -0.563987330985));
#6599 = CARTESIAN_POINT('',(-0.246490314523,1.640950504946,
    -0.550596793272));
#6600 = CARTESIAN_POINT('',(-0.232664563004,1.643593938567,
    -0.536931348828));
#6601 = CARTESIAN_POINT('',(-0.218734954439,1.643656032535,
    -0.523012880389));
#6602 = CARTESIAN_POINT('',(-0.20497272932,1.641115900739,
    -0.509092801715));
#6603 = CARTESIAN_POINT('',(-0.191513116356,1.635905044882,
    -0.495352055828));
#6604 = CARTESIAN_POINT('',(-0.178572632347,1.627501631937,
    -0.483183488016));
#6605 = CARTESIAN_POINT('',(-0.167224589522,1.618389972753,
    -0.469983002675));
#6606 = CARTESIAN_POINT('',(-0.156167601709,1.604826166781,
    -0.460977609412));
#6607 = CARTESIAN_POINT('',(-0.147196901227,1.591786958566,
    -0.449570669105));
#6608 = CARTESIAN_POINT('',(-0.139383557273,1.575821535011,
    -0.442501777698));
#6609 = CARTESIAN_POINT('',(-0.133252499046,1.559271405008,
    -0.436093128764));
#6610 = CARTESIAN_POINT('',(-0.128337575309,1.540051847394,
    -0.430791623273));
#6611 = CARTESIAN_POINT('',(-0.125486935546,1.519678107087,
    -0.427603461448));
#6612 = CARTESIAN_POINT('',(-0.125,1.50748132978,-0.426880038627));
#6613 = CARTESIAN_POINT('',(-0.125,1.5016,-0.4268));
#6614 = ORIENTED_EDGE('',*,*,#6615,.T.);
#6615 = EDGE_CURVE('',#6585,#6574,#6616,.T.);
#6616 = CIRCLE('',#6617,0.2032);
#6617 = AXIS2_PLACEMENT_3D('',#6618,#6619,#6620);
#6618 = CARTESIAN_POINT('',(-0.3282,1.5016,-0.4268));
#6619 = DIRECTION('',(0.,0.,1.));
#6620 = DIRECTION('',(1.,0.,-0.));
#6621 = SURFACE_OF_REVOLUTION('',#6622,#6627);
#6622 = CIRCLE('',#6623,0.2032);
#6623 = AXIS2_PLACEMENT_3D('',#6624,#6625,#6626);
#6624 = CARTESIAN_POINT('',(-0.3282,1.5016,-0.4268));
#6625 = DIRECTION('',(3.141075907833E-02,0.706757866675,-0.706757866675)
  );
#6626 = DIRECTION('',(0.684209323255,0.500254347732,0.530662971711));
#6627 = AXIS1_PLACEMENT('',#6628,#6629);
#6628 = CARTESIAN_POINT('',(-0.3282,1.5016,-0.4268));
#6629 = DIRECTION('',(0.,0.707106781187,0.707106781187));
#6630 = SHELL_BASED_SURFACE_MODEL('',(#6631));
#6631 = OPEN_SHELL('',(#6632));
#6632 = ADVANCED_FACE('',(#6633),#6669,.T.);
#6633 = FACE_BOUND('',#6634,.T.);
#6634 = EDGE_LOOP('',(#6635,#6646,#6654,#6663));
#6635 = ORIENTED_EDGE('',*,*,#6636,.T.);
#6636 = EDGE_CURVE('',#6637,#6639,#6641,.T.);
#6637 = VERTEX_POINT('',#6638);
#6638 = CARTESIAN_POINT('',(-0.708124069854,1.7048,-0.4268));
#6639 = VERTEX_POINT('',#6640);
#6640 = CARTESIAN_POINT('',(-0.708124282877,1.5016,-0.63));
#6641 = CIRCLE('',#6642,0.2032);
#6642 = AXIS2_PLACEMENT_3D('',#6643,#6644,#6645);
#6643 = CARTESIAN_POINT('',(-0.708124282877,1.5016,-0.4268));
#6644 = DIRECTION('',(-1.,0.,0.));
#6645 = DIRECTION('',(0.,1.,0.));
#6646 = ORIENTED_EDGE('',*,*,#6647,.T.);
#6647 = EDGE_CURVE('',#6639,#6648,#6650,.T.);
#6648 = VERTEX_POINT('',#6649);
#6649 = CARTESIAN_POINT('',(-0.3282,1.5016,-0.63));
#6650 = LINE('',#6651,#6652);
#6651 = CARTESIAN_POINT('',(-0.708124282877,1.5016,-0.63));
#6652 = VECTOR('',#6653,1.);
#6653 = DIRECTION('',(1.,0.,0.));
#6654 = ORIENTED_EDGE('',*,*,#6655,.T.);
#6655 = EDGE_CURVE('',#6648,#6656,#6658,.T.);
#6656 = VERTEX_POINT('',#6657);
#6657 = CARTESIAN_POINT('',(-0.3282,1.7048,-0.4268));
#6658 = CIRCLE('',#6659,0.2032);
#6659 = AXIS2_PLACEMENT_3D('',#6660,#6661,#6662);
#6660 = CARTESIAN_POINT('',(-0.3282,1.5016,-0.4268));
#6661 = DIRECTION('',(1.,0.,0.));
#6662 = DIRECTION('',(0.,0.,-1.));
#6663 = ORIENTED_EDGE('',*,*,#6664,.T.);
#6664 = EDGE_CURVE('',#6656,#6637,#6665,.T.);
#6665 = LINE('',#6666,#6667);
#6666 = CARTESIAN_POINT('',(-0.3282,1.7048,-0.4268));
#6667 = VECTOR('',#6668,1.);
#6668 = DIRECTION('',(-1.,0.,0.));
#6669 = SURFACE_OF_REVOLUTION('',#6670,#6674);
#6670 = LINE('',#6671,#6672);
#6671 = CARTESIAN_POINT('',(-0.320601514343,1.495217333755,
    -0.629899733066));
#6672 = VECTOR('',#6673,1.);
#6673 = DIRECTION('',(-1.,0.,-0.));
#6674 = AXIS1_PLACEMENT('',#6675,#6676);
#6675 = CARTESIAN_POINT('',(-0.122002495745,1.5016,-0.4268));
#6676 = DIRECTION('',(1.,0.,0.));
#6677 = SHELL_BASED_SURFACE_MODEL('',(#6678));
#6678 = OPEN_SHELL('',(#6679));
#6679 = ADVANCED_FACE('',(#6680),#6728,.T.);
#6680 = FACE_BOUND('',#6681,.T.);
#6681 = EDGE_LOOP('',(#6682,#6693,#6721));
#6682 = ORIENTED_EDGE('',*,*,#6683,.T.);
#6683 = EDGE_CURVE('',#6684,#6686,#6688,.T.);
#6684 = VERTEX_POINT('',#6685);
#6685 = CARTESIAN_POINT('',(-0.708124282877,1.7048,-0.4268));
#6686 = VERTEX_POINT('',#6687);
#6687 = CARTESIAN_POINT('',(-0.882157730241,1.5016,-0.531693275278));
#6688 = CIRCLE('',#6689,0.2032);
#6689 = AXIS2_PLACEMENT_3D('',#6690,#6691,#6692);
#6690 = CARTESIAN_POINT('',(-0.708124282877,1.5016,-0.4268));
#6691 = DIRECTION('',(-0.516207063377,0.,0.856463815768));
#6692 = DIRECTION('',(0.,1.,0.));
#6693 = ORIENTED_EDGE('',*,*,#6694,.T.);
#6694 = EDGE_CURVE('',#6686,#6695,#6697,.T.);
#6695 = VERTEX_POINT('',#6696);
#6696 = CARTESIAN_POINT('',(-0.708124282877,1.5016,-0.63));
#6697 = B_SPLINE_CURVE_WITH_KNOTS('',3,(#6698,#6699,#6700,#6701,#6702,
    #6703,#6704,#6705,#6706,#6707,#6708,#6709,#6710,#6711,#6712,#6713,
    #6714,#6715,#6716,#6717,#6718,#6719,#6720),.UNSPECIFIED.,.F.,.F.,(4,
    1,1,1,1,1,1,1,1,1,1,1,1,1,1,1,1,1,1,1,4),(0.,5.E-02,0.1,0.15,0.2,
    0.25,0.3,0.35,0.4,0.45,0.5,0.55,0.6,0.65,0.7,0.75,0.8,0.85,0.9,0.95,
    1.),.QUASI_UNIFORM_KNOTS.);
#6698 = CARTESIAN_POINT('',(-0.882157730241,1.5016,-0.531693275278));
#6699 = CARTESIAN_POINT('',(-0.881851351653,1.506225634067,
    -0.53220160264));
#6700 = CARTESIAN_POINT('',(-0.880745970867,1.515628791283,
    -0.533442724802));
#6701 = CARTESIAN_POINT('',(-0.876857055282,1.530761112107,
    -0.536594512269));
#6702 = CARTESIAN_POINT('',(-0.870934765264,1.544397137328,
    -0.540920701658));
#6703 = CARTESIAN_POINT('',(-0.864159975013,1.556053252767,
    -0.545305731083));
#6704 = CARTESIAN_POINT('',(-0.855739379496,1.566146699952,
    -0.550908904878));
#6705 = CARTESIAN_POINT('',(-0.846015657109,1.574965501732,
    -0.557048011443));
#6706 = CARTESIAN_POINT('',(-0.835253871993,1.582491194555,
    -0.563381208894));
#6707 = CARTESIAN_POINT('',(-0.823678098458,1.587354529947,
    -0.570517082478));
#6708 = CARTESIAN_POINT('',(-0.811120800086,1.59092615027,
    -0.577731715116));
#6709 = CARTESIAN_POINT('',(-0.797682725104,1.592082717533,
    -0.58543077312));
#6710 = CARTESIAN_POINT('',(-0.784119889705,1.591043110508,
    -0.592912503941));
#6711 = CARTESIAN_POINT('',(-0.771293589139,1.587241622992,
    -0.600122081896));
#6712 = CARTESIAN_POINT('',(-0.758869576876,1.582072491204,
    -0.606558746891));
#6713 = CARTESIAN_POINT('',(-0.747710969081,1.574278711738,
    -0.612576267391));
#6714 = CARTESIAN_POINT('',(-0.737456162443,1.565532640728,
    -0.617611755298));
#6715 = CARTESIAN_POINT('',(-0.72869817663,1.555509277657,
    -0.621795565962));
#6716 = CARTESIAN_POINT('',(-0.721622708119,1.544030078762,
    -0.625240030822));
#6717 = CARTESIAN_POINT('',(-0.714953489161,1.530372784641,
    -0.628051134552));
#6718 = CARTESIAN_POINT('',(-0.71020804947,1.515244397515,
    -0.629717999452));
#6719 = CARTESIAN_POINT('',(-0.708645713496,1.50607117306,-0.63));
#6720 = CARTESIAN_POINT('',(-0.708124282877,1.5016,-0.63));
#6721 = ORIENTED_EDGE('',*,*,#6722,.T.);
#6722 = EDGE_CURVE('',#6695,#6684,#6723,.T.);
#6723 = CIRCLE('',#6724,0.2032);
#6724 = AXIS2_PLACEMENT_3D('',#6725,#6726,#6727);
#6725 = CARTESIAN_POINT('',(-0.708124282877,1.5016,-0.4268));
#6726 = DIRECTION('',(1.,0.,0.));
#6727 = DIRECTION('',(0.,0.,-1.));
#6728 = SURFACE_OF_REVOLUTION('',#6729,#6734);
#6729 = CIRCLE('',#6730,0.2032);
#6730 = AXIS2_PLACEMENT_3D('',#6731,#6732,#6733);
#6731 = CARTESIAN_POINT('',(-0.708124282877,1.5016,-0.4268));
#6732 = DIRECTION('',(-0.753758491221,0.656791673387,-2.174476217914E-02
    ));
#6733 = DIRECTION('',(0.616109039786,0.694784783508,-0.371057617762));
#6734 = AXIS1_PLACEMENT('',#6735,#6736);
#6735 = CARTESIAN_POINT('',(-0.708124282877,1.5016,-0.4268));
#6736 = DIRECTION('',(0.60561137197,0.707106781187,0.36501351501));
#6737 = SHELL_BASED_SURFACE_MODEL('',(#6738));
#6738 = OPEN_SHELL('',(#6739));
#6739 = ADVANCED_FACE('',(#6740),#6776,.T.);
#6740 = FACE_BOUND('',#6741,.T.);
#6741 = EDGE_LOOP('',(#6742,#6753,#6761,#6770));
#6742 = ORIENTED_EDGE('',*,*,#6743,.T.);
#6743 = EDGE_CURVE('',#6744,#6746,#6748,.T.);
#6744 = VERTEX_POINT('',#6745);
#6745 = CARTESIAN_POINT('',(-1.010395961987,1.5016,0.2));
#6746 = VERTEX_POINT('',#6747);
#6747 = CARTESIAN_POINT('',(-0.469604038013,1.5016,0.200000000002));
#6748 = CIRCLE('',#6749,0.270395961987);
#6749 = AXIS2_PLACEMENT_3D('',#6750,#6751,#6752);
#6750 = CARTESIAN_POINT('',(-0.74,1.5016,0.2));
#6751 = DIRECTION('',(0.,1.,0.));
#6752 = DIRECTION('',(-1.,0.,0.));
#6753 = ORIENTED_EDGE('',*,*,#6754,.T.);
#6754 = EDGE_CURVE('',#6746,#6755,#6757,.T.);
#6755 = VERTEX_POINT('',#6756);
#6756 = CARTESIAN_POINT('',(-0.469604038013,1.4,0.2));
#6757 = LINE('',#6758,#6759);
#6758 = CARTESIAN_POINT('',(-0.469604038013,1.5016,0.200000000003));
#6759 = VECTOR('',#6760,1.);
#6760 = DIRECTION('',(0.,-1.,-3.049990815462E-11));
#6761 = ORIENTED_EDGE('',*,*,#6762,.T.);
#6762 = EDGE_CURVE('',#6755,#6763,#6765,.T.);
#6763 = VERTEX_POINT('',#6764);
#6764 = CARTESIAN_POINT('',(-1.010395961987,1.4,0.2));
#6765 = CIRCLE('',#6766,0.270395961987);
#6766 = AXIS2_PLACEMENT_3D('',#6767,#6768,#6769);
#6767 = CARTESIAN_POINT('',(-0.74,1.4,0.2));
#6768 = DIRECTION('',(0.,-1.,0.));
#6769 = DIRECTION('',(1.,0.,-5.181922228862E-14));
#6770 = ORIENTED_EDGE('',*,*,#6771,.T.);
#6771 = EDGE_CURVE('',#6763,#6744,#6772,.T.);
#6772 = LINE('',#6773,#6774);
#6773 = CARTESIAN_POINT('',(-1.010395961987,1.4,0.2));
#6774 = VECTOR('',#6775,1.);
#6775 = DIRECTION('',(0.,1.,0.));
#6776 = SURFACE_OF_REVOLUTION('',#6777,#6781);
#6777 = LINE('',#6778,#6779);
#6778 = CARTESIAN_POINT('',(-0.470137602678,1.397968,0.183021697068));
#6779 = VECTOR('',#6780,1.);
#6780 = DIRECTION('',(0.,1.,0.));
#6781 = AXIS1_PLACEMENT('',#6782,#6783);
#6782 = CARTESIAN_POINT('',(-0.74,1.4,0.2));
#6783 = DIRECTION('',(0.,-1.,0.));
#6784 = SHELL_BASED_SURFACE_MODEL('',(#6785));
#6785 = OPEN_SHELL('',(#6786));
#6786 = ADVANCED_FACE('',(#6787),#6823,.T.);
#6787 = FACE_BOUND('',#6788,.T.);
#6788 = EDGE_LOOP('',(#6789,#6800,#6808,#6817));
#6789 = ORIENTED_EDGE('',*,*,#6790,.T.);
#6790 = EDGE_CURVE('',#6791,#6793,#6795,.T.);
#6791 = VERTEX_POINT('',#6792);
#6792 = CARTESIAN_POINT('',(-0.199713514422,1.46274170406,-0.22502054618
    ));
#6793 = VERTEX_POINT('',#6794);
#6794 = CARTESIAN_POINT('',(-0.125,1.46274170406,-0.342678544261));
#6795 = CIRCLE('',#6796,0.13);
#6796 = AXIS2_PLACEMENT_3D('',#6797,#6798,#6799);
#6797 = CARTESIAN_POINT('',(-0.255,1.46274170406,-0.342678544261));
#6798 = DIRECTION('',(0.,1.,0.));
#6799 = DIRECTION('',(0.425280658291,-0.,0.905061523701));
#6800 = ORIENTED_EDGE('',*,*,#6801,.T.);
#6801 = EDGE_CURVE('',#6793,#6802,#6804,.T.);
#6802 = VERTEX_POINT('',#6803);
#6803 = CARTESIAN_POINT('',(-0.125,1.4,-0.342678544261));
#6804 = LINE('',#6805,#6806);
#6805 = CARTESIAN_POINT('',(-0.125,1.46274170406,-0.342678544261));
#6806 = VECTOR('',#6807,1.);
#6807 = DIRECTION('',(0.,-1.,0.));
#6808 = ORIENTED_EDGE('',*,*,#6809,.T.);
#6809 = EDGE_CURVE('',#6802,#6810,#6812,.T.);
#6810 = VERTEX_POINT('',#6811);
#6811 = CARTESIAN_POINT('',(-0.199713514422,1.4,-0.22502054618));
#6812 = CIRCLE('',#6813,0.13);
#6813 = AXIS2_PLACEMENT_3D('',#6814,#6815,#6816);
#6814 = CARTESIAN_POINT('',(-0.255,1.4,-0.342678544261));
#6815 = DIRECTION('',(0.,-1.,0.));
#6816 = DIRECTION('',(1.,0.,0.));
#6817 = ORIENTED_EDGE('',*,*,#6818,.T.);
#6818 = EDGE_CURVE('',#6810,#6791,#6819,.T.);
#6819 = LINE('',#6820,#6821);
#6820 = CARTESIAN_POINT('',(-0.199713514422,1.4,-0.22502054618));
#6821 = VECTOR('',#6822,1.);
#6822 = DIRECTION('',(0.,1.,0.));
#6823 = SURFACE_OF_REVOLUTION('',#6824,#6828);
#6824 = LINE('',#6825,#6826);
#6825 = CARTESIAN_POINT('',(-0.125033287611,1.398248486567,
    -0.345620256501));
#6826 = VECTOR('',#6827,1.);
#6827 = DIRECTION('',(0.,1.,0.));
#6828 = AXIS1_PLACEMENT('',#6829,#6830);
#6829 = CARTESIAN_POINT('',(-0.255,1.4,-0.342678544261));
#6830 = DIRECTION('',(0.,-1.,0.));
#6831 = SHELL_BASED_SURFACE_MODEL('',(#6832));
#6832 = OPEN_SHELL('',(#6833));
#6833 = ADVANCED_FACE('',(#6834),#6868,.T.);
#6834 = FACE_BOUND('',#6835,.T.);
#6835 = EDGE_LOOP('',(#6836,#6846,#6854,#6862));
#6836 = ORIENTED_EDGE('',*,*,#6837,.T.);
#6837 = EDGE_CURVE('',#6838,#6840,#6842,.T.);
#6838 = VERTEX_POINT('',#6839);
#6839 = CARTESIAN_POINT('',(-0.4318,1.32842,-0.889));
#6840 = VERTEX_POINT('',#6841);
#6841 = CARTESIAN_POINT('',(-0.4318,1.40462,-0.889));
#6842 = LINE('',#6843,#6844);
#6843 = CARTESIAN_POINT('',(-0.4318,1.32842,-0.889));
#6844 = VECTOR('',#6845,1.);
#6845 = DIRECTION('',(0.,1.,0.));
#6846 = ORIENTED_EDGE('',*,*,#6847,.T.);
#6847 = EDGE_CURVE('',#6840,#6848,#6850,.T.);
#6848 = VERTEX_POINT('',#6849);
#6849 = CARTESIAN_POINT('',(-0.8128,1.40462,-0.889));
#6850 = LINE('',#6851,#6852);
#6851 = CARTESIAN_POINT('',(-0.4318,1.40462,-0.889));
#6852 = VECTOR('',#6853,1.);
#6853 = DIRECTION('',(-1.,0.,0.));
#6854 = ORIENTED_EDGE('',*,*,#6855,.T.);
#6855 = EDGE_CURVE('',#6848,#6856,#6858,.T.);
#6856 = VERTEX_POINT('',#6857);
#6857 = CARTESIAN_POINT('',(-0.8128,1.32842,-0.889));
#6858 = LINE('',#6859,#6860);
#6859 = CARTESIAN_POINT('',(-0.8128,1.40462,-0.889));
#6860 = VECTOR('',#6861,1.);
#6861 = DIRECTION('',(0.,-1.,0.));
#6862 = ORIENTED_EDGE('',*,*,#6863,.T.);
#6863 = EDGE_CURVE('',#6856,#6838,#6864,.T.);
#6864 = LINE('',#6865,#6866);
#6865 = CARTESIAN_POINT('',(-0.8128,1.32842,-0.889));
#6866 = VECTOR('',#6867,1.);
#6867 = DIRECTION('',(1.,0.,0.));
#6868 = B_SPLINE_SURFACE_WITH_KNOTS('',1,1,(
    (#6869,#6870)
    ,(#6871,#6872
    )),.UNSPECIFIED.,.F.,.F.,.F.,(2,2),(2,2),(-6.895722179475E-05,
    3.068957221795E-03),(-3.E-04,1.53E-02),.PIECEWISE_BEZIER_KNOTS.);
#6869 = CARTESIAN_POINT('',(-0.42418,1.326668486567,-0.889));
#6870 = CARTESIAN_POINT('',(-0.82042,1.326668486567,-0.889));
#6871 = CARTESIAN_POINT('',(-0.42418,1.406371513433,-0.889));
#6872 = CARTESIAN_POINT('',(-0.82042,1.406371513433,-0.889));
#6873 = ( GEOMETRIC_REPRESENTATION_CONTEXT(3) 
GLOBAL_UNCERTAINTY_ASSIGNED_CONTEXT((#6877)) 
GLOBAL_UNIT_ASSIGNED_CONTEXT((#6874,#6875,#6876)) REPRESENTATION_CONTEXT
('Context #1','3D Context with UNIT and UNCERTAINTY') );
#6874 = ( LENGTH_UNIT() NAMED_UNIT(*) SI_UNIT(.MILLI.,.METRE.) );
#6875 = ( NAMED_UNIT(*) PLANE_ANGLE_UNIT() SI_UNIT($,.RADIAN.) );
#6876 = ( NAMED_UNIT(*) SI_UNIT($,.STERADIAN.) SOLID_ANGLE_UNIT() );
#6877 = UNCERTAINTY_MEASURE_WITH_UNIT(LENGTH_MEASURE(5.E-04),#6874,
  'distance_accuracy_value','confusion accuracy');
#6878 = PRODUCT_RELATED_PRODUCT_CATEGORY('part',$,(#7));
#6879 = MECHANICAL_DESIGN_GEOMETRIC_PRESENTATION_REPRESENTATION('',(
    #6880,#6891,#6900,#6909,#6918,#6927,#6936,#6945,#6954,#6963,#6972,
    #6981,#6990,#6999,#7008,#7017,#7026,#7035,#7044,#7053,#7062,#7071,
    #7080,#7089,#7098,#7107,#7116,#7125,#7134,#7143,#7152,#7161,#7170,
    #7179,#7188,#7197,#7206,#7215,#7224,#7233,#7242,#7251,#7260,#7269,
    #7278,#7287,#7296,#7305,#7314,#7323,#7332,#7341,#7350,#7359,#7368,
    #7377,#7386,#7395,#7404,#7413,#7422,#7431,#7440,#7449,#7458,#7467,
    #7476,#7485,#7494,#7503,#7512,#7521,#7530,#7539,#7548,#7557,#7566,
    #7575,#7584,#7593,#7602,#7611,#7620,#7629,#7638,#7647,#7656,#7665,
    #7674,#7683,#7692,#7701,#7710,#7719,#7728,#7737,#7746,#7755,#7764,
    #7773,#7782,#7791,#7800,#7809,#7818,#7827,#7836,#7845),#6873);
#6880 = STYLED_ITEM('color',(#6881),#17);
#6881 = PRESENTATION_STYLE_ASSIGNMENT((#6882,#6888));
#6882 = SURFACE_STYLE_USAGE(.BOTH.,#6883);
#6883 = SURFACE_SIDE_STYLE('',(#6884));
#6884 = SURFACE_STYLE_FILL_AREA(#6885);
#6885 = FILL_AREA_STYLE('',(#6886));
#6886 = FILL_AREA_STYLE_COLOUR('',#6887);
#6887 = COLOUR_RGB('',0.678430976034,0.709803998361,0.741176010593);
#6888 = CURVE_STYLE('',#6889,POSITIVE_LENGTH_MEASURE(0.1),#6890);
#6889 = DRAUGHTING_PRE_DEFINED_CURVE_FONT('continuous');
#6890 = COLOUR_RGB('',9.803921802644E-02,9.803921802644E-02,
  9.803921802644E-02);
#6891 = STYLED_ITEM('color',(#6892),#45);
#6892 = PRESENTATION_STYLE_ASSIGNMENT((#6893,#6898));
#6893 = SURFACE_STYLE_USAGE(.BOTH.,#6894);
#6894 = SURFACE_SIDE_STYLE('',(#6895));
#6895 = SURFACE_STYLE_FILL_AREA(#6896);
#6896 = FILL_AREA_STYLE('',(#6897));
#6897 = FILL_AREA_STYLE_COLOUR('',#6887);
#6898 = CURVE_STYLE('',#6899,POSITIVE_LENGTH_MEASURE(0.1),#6890);
#6899 = DRAUGHTING_PRE_DEFINED_CURVE_FONT('continuous');
#6900 = STYLED_ITEM('color',(#6901),#95);
#6901 = PRESENTATION_STYLE_ASSIGNMENT((#6902,#6907));
#6902 = SURFACE_STYLE_USAGE(.BOTH.,#6903);
#6903 = SURFACE_SIDE_STYLE('',(#6904));
#6904 = SURFACE_STYLE_FILL_AREA(#6905);
#6905 = FILL_AREA_STYLE('',(#6906));
#6906 = FILL_AREA_STYLE_COLOUR('',#6887);
#6907 = CURVE_STYLE('',#6908,POSITIVE_LENGTH_MEASURE(0.1),#6890);
#6908 = DRAUGHTING_PRE_DEFINED_CURVE_FONT('continuous');
#6909 = STYLED_ITEM('color',(#6910),#145);
#6910 = PRESENTATION_STYLE_ASSIGNMENT((#6911,#6916));
#6911 = SURFACE_STYLE_USAGE(.BOTH.,#6912);
#6912 = SURFACE_SIDE_STYLE('',(#6913));
#6913 = SURFACE_STYLE_FILL_AREA(#6914);
#6914 = FILL_AREA_STYLE('',(#6915));
#6915 = FILL_AREA_STYLE_COLOUR('',#6887);
#6916 = CURVE_STYLE('',#6917,POSITIVE_LENGTH_MEASURE(0.1),#6890);
#6917 = DRAUGHTING_PRE_DEFINED_CURVE_FONT('continuous');
#6918 = STYLED_ITEM('color',(#6919),#192);
#6919 = PRESENTATION_STYLE_ASSIGNMENT((#6920,#6925));
#6920 = SURFACE_STYLE_USAGE(.BOTH.,#6921);
#6921 = SURFACE_SIDE_STYLE('',(#6922));
#6922 = SURFACE_STYLE_FILL_AREA(#6923);
#6923 = FILL_AREA_STYLE('',(#6924));
#6924 = FILL_AREA_STYLE_COLOUR('',#6887);
#6925 = CURVE_STYLE('',#6926,POSITIVE_LENGTH_MEASURE(0.1),#6890);
#6926 = DRAUGHTING_PRE_DEFINED_CURVE_FONT('continuous');
#6927 = STYLED_ITEM('color',(#6928),#239);
#6928 = PRESENTATION_STYLE_ASSIGNMENT((#6929,#6934));
#6929 = SURFACE_STYLE_USAGE(.BOTH.,#6930);
#6930 = SURFACE_SIDE_STYLE('',(#6931));
#6931 = SURFACE_STYLE_FILL_AREA(#6932);
#6932 = FILL_AREA_STYLE('',(#6933));
#6933 = FILL_AREA_STYLE_COLOUR('',#6887);
#6934 = CURVE_STYLE('',#6935,POSITIVE_LENGTH_MEASURE(0.1),#6890);
#6935 = DRAUGHTING_PRE_DEFINED_CURVE_FONT('continuous');
#6936 = STYLED_ITEM('color',(#6937),#289);
#6937 = PRESENTATION_STYLE_ASSIGNMENT((#6938,#6943));
#6938 = SURFACE_STYLE_USAGE(.BOTH.,#6939);
#6939 = SURFACE_SIDE_STYLE('',(#6940));
#6940 = SURFACE_STYLE_FILL_AREA(#6941);
#6941 = FILL_AREA_STYLE('',(#6942));
#6942 = FILL_AREA_STYLE_COLOUR('',#6887);
#6943 = CURVE_STYLE('',#6944,POSITIVE_LENGTH_MEASURE(0.1),#6890);
#6944 = DRAUGHTING_PRE_DEFINED_CURVE_FONT('continuous');
#6945 = STYLED_ITEM('color',(#6946),#369);
#6946 = PRESENTATION_STYLE_ASSIGNMENT((#6947,#6952));
#6947 = SURFACE_STYLE_USAGE(.BOTH.,#6948);
#6948 = SURFACE_SIDE_STYLE('',(#6949));
#6949 = SURFACE_STYLE_FILL_AREA(#6950);
#6950 = FILL_AREA_STYLE('',(#6951));
#6951 = FILL_AREA_STYLE_COLOUR('',#6887);
#6952 = CURVE_STYLE('',#6953,POSITIVE_LENGTH_MEASURE(0.1),#6890);
#6953 = DRAUGHTING_PRE_DEFINED_CURVE_FONT('continuous');
#6954 = STYLED_ITEM('color',(#6955),#437);
#6955 = PRESENTATION_STYLE_ASSIGNMENT((#6956,#6961));
#6956 = SURFACE_STYLE_USAGE(.BOTH.,#6957);
#6957 = SURFACE_SIDE_STYLE('',(#6958));
#6958 = SURFACE_STYLE_FILL_AREA(#6959);
#6959 = FILL_AREA_STYLE('',(#6960));
#6960 = FILL_AREA_STYLE_COLOUR('',#6887);
#6961 = CURVE_STYLE('',#6962,POSITIVE_LENGTH_MEASURE(0.1),#6890);
#6962 = DRAUGHTING_PRE_DEFINED_CURVE_FONT('continuous');
#6963 = STYLED_ITEM('color',(#6964),#464);
#6964 = PRESENTATION_STYLE_ASSIGNMENT((#6965,#6970));
#6965 = SURFACE_STYLE_USAGE(.BOTH.,#6966);
#6966 = SURFACE_SIDE_STYLE('',(#6967));
#6967 = SURFACE_STYLE_FILL_AREA(#6968);
#6968 = FILL_AREA_STYLE('',(#6969));
#6969 = FILL_AREA_STYLE_COLOUR('',#6887);
#6970 = CURVE_STYLE('',#6971,POSITIVE_LENGTH_MEASURE(0.1),#6890);
#6971 = DRAUGHTING_PRE_DEFINED_CURVE_FONT('continuous');
#6972 = STYLED_ITEM('color',(#6973),#554);
#6973 = PRESENTATION_STYLE_ASSIGNMENT((#6974,#6979));
#6974 = SURFACE_STYLE_USAGE(.BOTH.,#6975);
#6975 = SURFACE_SIDE_STYLE('',(#6976));
#6976 = SURFACE_STYLE_FILL_AREA(#6977);
#6977 = FILL_AREA_STYLE('',(#6978));
#6978 = FILL_AREA_STYLE_COLOUR('',#6887);
#6979 = CURVE_STYLE('',#6980,POSITIVE_LENGTH_MEASURE(0.1),#6890);
#6980 = DRAUGHTING_PRE_DEFINED_CURVE_FONT('continuous');
#6981 = STYLED_ITEM('color',(#6982),#601);
#6982 = PRESENTATION_STYLE_ASSIGNMENT((#6983,#6988));
#6983 = SURFACE_STYLE_USAGE(.BOTH.,#6984);
#6984 = SURFACE_SIDE_STYLE('',(#6985));
#6985 = SURFACE_STYLE_FILL_AREA(#6986);
#6986 = FILL_AREA_STYLE('',(#6987));
#6987 = FILL_AREA_STYLE_COLOUR('',#6887);
#6988 = CURVE_STYLE('',#6989,POSITIVE_LENGTH_MEASURE(0.1),#6890);
#6989 = DRAUGHTING_PRE_DEFINED_CURVE_FONT('continuous');
#6990 = STYLED_ITEM('color',(#6991),#648);
#6991 = PRESENTATION_STYLE_ASSIGNMENT((#6992,#6997));
#6992 = SURFACE_STYLE_USAGE(.BOTH.,#6993);
#6993 = SURFACE_SIDE_STYLE('',(#6994));
#6994 = SURFACE_STYLE_FILL_AREA(#6995);
#6995 = FILL_AREA_STYLE('',(#6996));
#6996 = FILL_AREA_STYLE_COLOUR('',#6887);
#6997 = CURVE_STYLE('',#6998,POSITIVE_LENGTH_MEASURE(0.1),#6890);
#6998 = DRAUGHTING_PRE_DEFINED_CURVE_FONT('continuous');
#6999 = STYLED_ITEM('color',(#7000),#749);
#7000 = PRESENTATION_STYLE_ASSIGNMENT((#7001,#7006));
#7001 = SURFACE_STYLE_USAGE(.BOTH.,#7002);
#7002 = SURFACE_SIDE_STYLE('',(#7003));
#7003 = SURFACE_STYLE_FILL_AREA(#7004);
#7004 = FILL_AREA_STYLE('',(#7005));
#7005 = FILL_AREA_STYLE_COLOUR('',#6887);
#7006 = CURVE_STYLE('',#7007,POSITIVE_LENGTH_MEASURE(0.1),#6890);
#7007 = DRAUGHTING_PRE_DEFINED_CURVE_FONT('continuous');
#7008 = STYLED_ITEM('color',(#7009),#784);
#7009 = PRESENTATION_STYLE_ASSIGNMENT((#7010,#7015));
#7010 = SURFACE_STYLE_USAGE(.BOTH.,#7011);
#7011 = SURFACE_SIDE_STYLE('',(#7012));
#7012 = SURFACE_STYLE_FILL_AREA(#7013);
#7013 = FILL_AREA_STYLE('',(#7014));
#7014 = FILL_AREA_STYLE_COLOUR('',#6887);
#7015 = CURVE_STYLE('',#7016,POSITIVE_LENGTH_MEASURE(0.1),#6890);
#7016 = DRAUGHTING_PRE_DEFINED_CURVE_FONT('continuous');
#7017 = STYLED_ITEM('color',(#7018),#826);
#7018 = PRESENTATION_STYLE_ASSIGNMENT((#7019,#7024));
#7019 = SURFACE_STYLE_USAGE(.BOTH.,#7020);
#7020 = SURFACE_SIDE_STYLE('',(#7021));
#7021 = SURFACE_STYLE_FILL_AREA(#7022);
#7022 = FILL_AREA_STYLE('',(#7023));
#7023 = FILL_AREA_STYLE_COLOUR('',#6887);
#7024 = CURVE_STYLE('',#7025,POSITIVE_LENGTH_MEASURE(0.1),#6890);
#7025 = DRAUGHTING_PRE_DEFINED_CURVE_FONT('continuous');
#7026 = STYLED_ITEM('color',(#7027),#861);
#7027 = PRESENTATION_STYLE_ASSIGNMENT((#7028,#7033));
#7028 = SURFACE_STYLE_USAGE(.BOTH.,#7029);
#7029 = SURFACE_SIDE_STYLE('',(#7030));
#7030 = SURFACE_STYLE_FILL_AREA(#7031);
#7031 = FILL_AREA_STYLE('',(#7032));
#7032 = FILL_AREA_STYLE_COLOUR('',#6887);
#7033 = CURVE_STYLE('',#7034,POSITIVE_LENGTH_MEASURE(0.1),#6890);
#7034 = DRAUGHTING_PRE_DEFINED_CURVE_FONT('continuous');
#7035 = STYLED_ITEM('color',(#7036),#926);
#7036 = PRESENTATION_STYLE_ASSIGNMENT((#7037,#7042));
#7037 = SURFACE_STYLE_USAGE(.BOTH.,#7038);
#7038 = SURFACE_SIDE_STYLE('',(#7039));
#7039 = SURFACE_STYLE_FILL_AREA(#7040);
#7040 = FILL_AREA_STYLE('',(#7041));
#7041 = FILL_AREA_STYLE_COLOUR('',#6887);
#7042 = CURVE_STYLE('',#7043,POSITIVE_LENGTH_MEASURE(0.1),#6890);
#7043 = DRAUGHTING_PRE_DEFINED_CURVE_FONT('continuous');
#7044 = STYLED_ITEM('color',(#7045),#970);
#7045 = PRESENTATION_STYLE_ASSIGNMENT((#7046,#7051));
#7046 = SURFACE_STYLE_USAGE(.BOTH.,#7047);
#7047 = SURFACE_SIDE_STYLE('',(#7048));
#7048 = SURFACE_STYLE_FILL_AREA(#7049);
#7049 = FILL_AREA_STYLE('',(#7050));
#7050 = FILL_AREA_STYLE_COLOUR('',#6887);
#7051 = CURVE_STYLE('',#7052,POSITIVE_LENGTH_MEASURE(0.1),#6890);
#7052 = DRAUGHTING_PRE_DEFINED_CURVE_FONT('continuous');
#7053 = STYLED_ITEM('color',(#7054),#1035);
#7054 = PRESENTATION_STYLE_ASSIGNMENT((#7055,#7060));
#7055 = SURFACE_STYLE_USAGE(.BOTH.,#7056);
#7056 = SURFACE_SIDE_STYLE('',(#7057));
#7057 = SURFACE_STYLE_FILL_AREA(#7058);
#7058 = FILL_AREA_STYLE('',(#7059));
#7059 = FILL_AREA_STYLE_COLOUR('',#6887);
#7060 = CURVE_STYLE('',#7061,POSITIVE_LENGTH_MEASURE(0.1),#6890);
#7061 = DRAUGHTING_PRE_DEFINED_CURVE_FONT('continuous');
#7062 = STYLED_ITEM('color',(#7063),#1079);
#7063 = PRESENTATION_STYLE_ASSIGNMENT((#7064,#7069));
#7064 = SURFACE_STYLE_USAGE(.BOTH.,#7065);
#7065 = SURFACE_SIDE_STYLE('',(#7066));
#7066 = SURFACE_STYLE_FILL_AREA(#7067);
#7067 = FILL_AREA_STYLE('',(#7068));
#7068 = FILL_AREA_STYLE_COLOUR('',#6887);
#7069 = CURVE_STYLE('',#7070,POSITIVE_LENGTH_MEASURE(0.1),#6890);
#7070 = DRAUGHTING_PRE_DEFINED_CURVE_FONT('continuous');
#7071 = STYLED_ITEM('color',(#7072),#1121);
#7072 = PRESENTATION_STYLE_ASSIGNMENT((#7073,#7078));
#7073 = SURFACE_STYLE_USAGE(.BOTH.,#7074);
#7074 = SURFACE_SIDE_STYLE('',(#7075));
#7075 = SURFACE_STYLE_FILL_AREA(#7076);
#7076 = FILL_AREA_STYLE('',(#7077));
#7077 = FILL_AREA_STYLE_COLOUR('',#6887);
#7078 = CURVE_STYLE('',#7079,POSITIVE_LENGTH_MEASURE(0.1),#6890);
#7079 = DRAUGHTING_PRE_DEFINED_CURVE_FONT('continuous');
#7080 = STYLED_ITEM('color',(#7081),#1163);
#7081 = PRESENTATION_STYLE_ASSIGNMENT((#7082,#7087));
#7082 = SURFACE_STYLE_USAGE(.BOTH.,#7083);
#7083 = SURFACE_SIDE_STYLE('',(#7084));
#7084 = SURFACE_STYLE_FILL_AREA(#7085);
#7085 = FILL_AREA_STYLE('',(#7086));
#7086 = FILL_AREA_STYLE_COLOUR('',#6887);
#7087 = CURVE_STYLE('',#7088,POSITIVE_LENGTH_MEASURE(0.1),#6890);
#7088 = DRAUGHTING_PRE_DEFINED_CURVE_FONT('continuous');
#7089 = STYLED_ITEM('color',(#7090),#1205);
#7090 = PRESENTATION_STYLE_ASSIGNMENT((#7091,#7096));
#7091 = SURFACE_STYLE_USAGE(.BOTH.,#7092);
#7092 = SURFACE_SIDE_STYLE('',(#7093));
#7093 = SURFACE_STYLE_FILL_AREA(#7094);
#7094 = FILL_AREA_STYLE('',(#7095));
#7095 = FILL_AREA_STYLE_COLOUR('',#6887);
#7096 = CURVE_STYLE('',#7097,POSITIVE_LENGTH_MEASURE(0.1),#6890);
#7097 = DRAUGHTING_PRE_DEFINED_CURVE_FONT('continuous');
#7098 = STYLED_ITEM('color',(#7099),#1249);
#7099 = PRESENTATION_STYLE_ASSIGNMENT((#7100,#7105));
#7100 = SURFACE_STYLE_USAGE(.BOTH.,#7101);
#7101 = SURFACE_SIDE_STYLE('',(#7102));
#7102 = SURFACE_STYLE_FILL_AREA(#7103);
#7103 = FILL_AREA_STYLE('',(#7104));
#7104 = FILL_AREA_STYLE_COLOUR('',#6887);
#7105 = CURVE_STYLE('',#7106,POSITIVE_LENGTH_MEASURE(0.1),#6890);
#7106 = DRAUGHTING_PRE_DEFINED_CURVE_FONT('continuous');
#7107 = STYLED_ITEM('color',(#7108),#1296);
#7108 = PRESENTATION_STYLE_ASSIGNMENT((#7109,#7114));
#7109 = SURFACE_STYLE_USAGE(.BOTH.,#7110);
#7110 = SURFACE_SIDE_STYLE('',(#7111));
#7111 = SURFACE_STYLE_FILL_AREA(#7112);
#7112 = FILL_AREA_STYLE('',(#7113));
#7113 = FILL_AREA_STYLE_COLOUR('',#6887);
#7114 = CURVE_STYLE('',#7115,POSITIVE_LENGTH_MEASURE(0.1),#6890);
#7115 = DRAUGHTING_PRE_DEFINED_CURVE_FONT('continuous');
#7116 = STYLED_ITEM('color',(#7117),#1340);
#7117 = PRESENTATION_STYLE_ASSIGNMENT((#7118,#7123));
#7118 = SURFACE_STYLE_USAGE(.BOTH.,#7119);
#7119 = SURFACE_SIDE_STYLE('',(#7120));
#7120 = SURFACE_STYLE_FILL_AREA(#7121);
#7121 = FILL_AREA_STYLE('',(#7122));
#7122 = FILL_AREA_STYLE_COLOUR('',#6887);
#7123 = CURVE_STYLE('',#7124,POSITIVE_LENGTH_MEASURE(0.1),#6890);
#7124 = DRAUGHTING_PRE_DEFINED_CURVE_FONT('continuous');
#7125 = STYLED_ITEM('color',(#7126),#1387);
#7126 = PRESENTATION_STYLE_ASSIGNMENT((#7127,#7132));
#7127 = SURFACE_STYLE_USAGE(.BOTH.,#7128);
#7128 = SURFACE_SIDE_STYLE('',(#7129));
#7129 = SURFACE_STYLE_FILL_AREA(#7130);
#7130 = FILL_AREA_STYLE('',(#7131));
#7131 = FILL_AREA_STYLE_COLOUR('',#6887);
#7132 = CURVE_STYLE('',#7133,POSITIVE_LENGTH_MEASURE(0.1),#6890);
#7133 = DRAUGHTING_PRE_DEFINED_CURVE_FONT('continuous');
#7134 = STYLED_ITEM('color',(#7135),#1438);
#7135 = PRESENTATION_STYLE_ASSIGNMENT((#7136,#7141));
#7136 = SURFACE_STYLE_USAGE(.BOTH.,#7137);
#7137 = SURFACE_SIDE_STYLE('',(#7138));
#7138 = SURFACE_STYLE_FILL_AREA(#7139);
#7139 = FILL_AREA_STYLE('',(#7140));
#7140 = FILL_AREA_STYLE_COLOUR('',#6887);
#7141 = CURVE_STYLE('',#7142,POSITIVE_LENGTH_MEASURE(0.1),#6890);
#7142 = DRAUGHTING_PRE_DEFINED_CURVE_FONT('continuous');
#7143 = STYLED_ITEM('color',(#7144),#1530);
#7144 = PRESENTATION_STYLE_ASSIGNMENT((#7145,#7150));
#7145 = SURFACE_STYLE_USAGE(.BOTH.,#7146);
#7146 = SURFACE_SIDE_STYLE('',(#7147));
#7147 = SURFACE_STYLE_FILL_AREA(#7148);
#7148 = FILL_AREA_STYLE('',(#7149));
#7149 = FILL_AREA_STYLE_COLOUR('',#6887);
#7150 = CURVE_STYLE('',#7151,POSITIVE_LENGTH_MEASURE(0.1),#6890);
#7151 = DRAUGHTING_PRE_DEFINED_CURVE_FONT('continuous');
#7152 = STYLED_ITEM('color',(#7153),#1581);
#7153 = PRESENTATION_STYLE_ASSIGNMENT((#7154,#7159));
#7154 = SURFACE_STYLE_USAGE(.BOTH.,#7155);
#7155 = SURFACE_SIDE_STYLE('',(#7156));
#7156 = SURFACE_STYLE_FILL_AREA(#7157);
#7157 = FILL_AREA_STYLE('',(#7158));
#7158 = FILL_AREA_STYLE_COLOUR('',#6887);
#7159 = CURVE_STYLE('',#7160,POSITIVE_LENGTH_MEASURE(0.1),#6890);
#7160 = DRAUGHTING_PRE_DEFINED_CURVE_FONT('continuous');
#7161 = STYLED_ITEM('color',(#7162),#1623);
#7162 = PRESENTATION_STYLE_ASSIGNMENT((#7163,#7168));
#7163 = SURFACE_STYLE_USAGE(.BOTH.,#7164);
#7164 = SURFACE_SIDE_STYLE('',(#7165));
#7165 = SURFACE_STYLE_FILL_AREA(#7166);
#7166 = FILL_AREA_STYLE('',(#7167));
#7167 = FILL_AREA_STYLE_COLOUR('',#6887);
#7168 = CURVE_STYLE('',#7169,POSITIVE_LENGTH_MEASURE(0.1),#6890);
#7169 = DRAUGHTING_PRE_DEFINED_CURVE_FONT('continuous');
#7170 = STYLED_ITEM('color',(#7171),#1665);
#7171 = PRESENTATION_STYLE_ASSIGNMENT((#7172,#7177));
#7172 = SURFACE_STYLE_USAGE(.BOTH.,#7173);
#7173 = SURFACE_SIDE_STYLE('',(#7174));
#7174 = SURFACE_STYLE_FILL_AREA(#7175);
#7175 = FILL_AREA_STYLE('',(#7176));
#7176 = FILL_AREA_STYLE_COLOUR('',#6887);
#7177 = CURVE_STYLE('',#7178,POSITIVE_LENGTH_MEASURE(0.1),#6890);
#7178 = DRAUGHTING_PRE_DEFINED_CURVE_FONT('continuous');
#7179 = STYLED_ITEM('color',(#7180),#1755);
#7180 = PRESENTATION_STYLE_ASSIGNMENT((#7181,#7186));
#7181 = SURFACE_STYLE_USAGE(.BOTH.,#7182);
#7182 = SURFACE_SIDE_STYLE('',(#7183));
#7183 = SURFACE_STYLE_FILL_AREA(#7184);
#7184 = FILL_AREA_STYLE('',(#7185));
#7185 = FILL_AREA_STYLE_COLOUR('',#6887);
#7186 = CURVE_STYLE('',#7187,POSITIVE_LENGTH_MEASURE(0.1),#6890);
#7187 = DRAUGHTING_PRE_DEFINED_CURVE_FONT('continuous');
#7188 = STYLED_ITEM('color',(#7189),#1872);
#7189 = PRESENTATION_STYLE_ASSIGNMENT((#7190,#7195));
#7190 = SURFACE_STYLE_USAGE(.BOTH.,#7191);
#7191 = SURFACE_SIDE_STYLE('',(#7192));
#7192 = SURFACE_STYLE_FILL_AREA(#7193);
#7193 = FILL_AREA_STYLE('',(#7194));
#7194 = FILL_AREA_STYLE_COLOUR('',#6887);
#7195 = CURVE_STYLE('',#7196,POSITIVE_LENGTH_MEASURE(0.1),#6890);
#7196 = DRAUGHTING_PRE_DEFINED_CURVE_FONT('continuous');
#7197 = STYLED_ITEM('color',(#7198),#1936);
#7198 = PRESENTATION_STYLE_ASSIGNMENT((#7199,#7204));
#7199 = SURFACE_STYLE_USAGE(.BOTH.,#7200);
#7200 = SURFACE_SIDE_STYLE('',(#7201));
#7201 = SURFACE_STYLE_FILL_AREA(#7202);
#7202 = FILL_AREA_STYLE('',(#7203));
#7203 = FILL_AREA_STYLE_COLOUR('',#6887);
#7204 = CURVE_STYLE('',#7205,POSITIVE_LENGTH_MEASURE(0.1),#6890);
#7205 = DRAUGHTING_PRE_DEFINED_CURVE_FONT('continuous');
#7206 = STYLED_ITEM('color',(#7207),#1998);
#7207 = PRESENTATION_STYLE_ASSIGNMENT((#7208,#7213));
#7208 = SURFACE_STYLE_USAGE(.BOTH.,#7209);
#7209 = SURFACE_SIDE_STYLE('',(#7210));
#7210 = SURFACE_STYLE_FILL_AREA(#7211);
#7211 = FILL_AREA_STYLE('',(#7212));
#7212 = FILL_AREA_STYLE_COLOUR('',#6887);
#7213 = CURVE_STYLE('',#7214,POSITIVE_LENGTH_MEASURE(0.1),#6890);
#7214 = DRAUGHTING_PRE_DEFINED_CURVE_FONT('continuous');
#7215 = STYLED_ITEM('color',(#7216),#2060);
#7216 = PRESENTATION_STYLE_ASSIGNMENT((#7217,#7222));
#7217 = SURFACE_STYLE_USAGE(.BOTH.,#7218);
#7218 = SURFACE_SIDE_STYLE('',(#7219));
#7219 = SURFACE_STYLE_FILL_AREA(#7220);
#7220 = FILL_AREA_STYLE('',(#7221));
#7221 = FILL_AREA_STYLE_COLOUR('',#6887);
#7222 = CURVE_STYLE('',#7223,POSITIVE_LENGTH_MEASURE(0.1),#6890);
#7223 = DRAUGHTING_PRE_DEFINED_CURVE_FONT('continuous');
#7224 = STYLED_ITEM('color',(#7225),#2113);
#7225 = PRESENTATION_STYLE_ASSIGNMENT((#7226,#7231));
#7226 = SURFACE_STYLE_USAGE(.BOTH.,#7227);
#7227 = SURFACE_SIDE_STYLE('',(#7228));
#7228 = SURFACE_STYLE_FILL_AREA(#7229);
#7229 = FILL_AREA_STYLE('',(#7230));
#7230 = FILL_AREA_STYLE_COLOUR('',#6887);
#7231 = CURVE_STYLE('',#7232,POSITIVE_LENGTH_MEASURE(0.1),#6890);
#7232 = DRAUGHTING_PRE_DEFINED_CURVE_FONT('continuous');
#7233 = STYLED_ITEM('color',(#7234),#2160);
#7234 = PRESENTATION_STYLE_ASSIGNMENT((#7235,#7240));
#7235 = SURFACE_STYLE_USAGE(.BOTH.,#7236);
#7236 = SURFACE_SIDE_STYLE('',(#7237));
#7237 = SURFACE_STYLE_FILL_AREA(#7238);
#7238 = FILL_AREA_STYLE('',(#7239));
#7239 = FILL_AREA_STYLE_COLOUR('',#6887);
#7240 = CURVE_STYLE('',#7241,POSITIVE_LENGTH_MEASURE(0.1),#6890);
#7241 = DRAUGHTING_PRE_DEFINED_CURVE_FONT('continuous');
#7242 = STYLED_ITEM('color',(#7243),#2221);
#7243 = PRESENTATION_STYLE_ASSIGNMENT((#7244,#7249));
#7244 = SURFACE_STYLE_USAGE(.BOTH.,#7245);
#7245 = SURFACE_SIDE_STYLE('',(#7246));
#7246 = SURFACE_STYLE_FILL_AREA(#7247);
#7247 = FILL_AREA_STYLE('',(#7248));
#7248 = FILL_AREA_STYLE_COLOUR('',#6887);
#7249 = CURVE_STYLE('',#7250,POSITIVE_LENGTH_MEASURE(0.1),#6890);
#7250 = DRAUGHTING_PRE_DEFINED_CURVE_FONT('continuous');
#7251 = STYLED_ITEM('color',(#7252),#2271);
#7252 = PRESENTATION_STYLE_ASSIGNMENT((#7253,#7258));
#7253 = SURFACE_STYLE_USAGE(.BOTH.,#7254);
#7254 = SURFACE_SIDE_STYLE('',(#7255));
#7255 = SURFACE_STYLE_FILL_AREA(#7256);
#7256 = FILL_AREA_STYLE('',(#7257));
#7257 = FILL_AREA_STYLE_COLOUR('',#6887);
#7258 = CURVE_STYLE('',#7259,POSITIVE_LENGTH_MEASURE(0.1),#6890);
#7259 = DRAUGHTING_PRE_DEFINED_CURVE_FONT('continuous');
#7260 = STYLED_ITEM('color',(#7261),#2334);
#7261 = PRESENTATION_STYLE_ASSIGNMENT((#7262,#7267));
#7262 = SURFACE_STYLE_USAGE(.BOTH.,#7263);
#7263 = SURFACE_SIDE_STYLE('',(#7264));
#7264 = SURFACE_STYLE_FILL_AREA(#7265);
#7265 = FILL_AREA_STYLE('',(#7266));
#7266 = FILL_AREA_STYLE_COLOUR('',#6887);
#7267 = CURVE_STYLE('',#7268,POSITIVE_LENGTH_MEASURE(0.1),#6890);
#7268 = DRAUGHTING_PRE_DEFINED_CURVE_FONT('continuous');
#7269 = STYLED_ITEM('color',(#7270),#2464);
#7270 = PRESENTATION_STYLE_ASSIGNMENT((#7271,#7276));
#7271 = SURFACE_STYLE_USAGE(.BOTH.,#7272);
#7272 = SURFACE_SIDE_STYLE('',(#7273));
#7273 = SURFACE_STYLE_FILL_AREA(#7274);
#7274 = FILL_AREA_STYLE('',(#7275));
#7275 = FILL_AREA_STYLE_COLOUR('',#6887);
#7276 = CURVE_STYLE('',#7277,POSITIVE_LENGTH_MEASURE(0.1),#6890);
#7277 = DRAUGHTING_PRE_DEFINED_CURVE_FONT('continuous');
#7278 = STYLED_ITEM('color',(#7279),#2557);
#7279 = PRESENTATION_STYLE_ASSIGNMENT((#7280,#7285));
#7280 = SURFACE_STYLE_USAGE(.BOTH.,#7281);
#7281 = SURFACE_SIDE_STYLE('',(#7282));
#7282 = SURFACE_STYLE_FILL_AREA(#7283);
#7283 = FILL_AREA_STYLE('',(#7284));
#7284 = FILL_AREA_STYLE_COLOUR('',#6887);
#7285 = CURVE_STYLE('',#7286,POSITIVE_LENGTH_MEASURE(0.1),#6890);
#7286 = DRAUGHTING_PRE_DEFINED_CURVE_FONT('continuous');
#7287 = STYLED_ITEM('color',(#7288),#2604);
#7288 = PRESENTATION_STYLE_ASSIGNMENT((#7289,#7294));
#7289 = SURFACE_STYLE_USAGE(.BOTH.,#7290);
#7290 = SURFACE_SIDE_STYLE('',(#7291));
#7291 = SURFACE_STYLE_FILL_AREA(#7292);
#7292 = FILL_AREA_STYLE('',(#7293));
#7293 = FILL_AREA_STYLE_COLOUR('',#6887);
#7294 = CURVE_STYLE('',#7295,POSITIVE_LENGTH_MEASURE(0.1),#6890);
#7295 = DRAUGHTING_PRE_DEFINED_CURVE_FONT('continuous');
#7296 = STYLED_ITEM('color',(#7297),#2712);
#7297 = PRESENTATION_STYLE_ASSIGNMENT((#7298,#7303));
#7298 = SURFACE_STYLE_USAGE(.BOTH.,#7299);
#7299 = SURFACE_SIDE_STYLE('',(#7300));
#7300 = SURFACE_STYLE_FILL_AREA(#7301);
#7301 = FILL_AREA_STYLE('',(#7302));
#7302 = FILL_AREA_STYLE_COLOUR('',#6887);
#7303 = CURVE_STYLE('',#7304,POSITIVE_LENGTH_MEASURE(0.1),#6890);
#7304 = DRAUGHTING_PRE_DEFINED_CURVE_FONT('continuous');
#7305 = STYLED_ITEM('color',(#7306),#2768);
#7306 = PRESENTATION_STYLE_ASSIGNMENT((#7307,#7312));
#7307 = SURFACE_STYLE_USAGE(.BOTH.,#7308);
#7308 = SURFACE_SIDE_STYLE('',(#7309));
#7309 = SURFACE_STYLE_FILL_AREA(#7310);
#7310 = FILL_AREA_STYLE('',(#7311));
#7311 = FILL_AREA_STYLE_COLOUR('',#6887);
#7312 = CURVE_STYLE('',#7313,POSITIVE_LENGTH_MEASURE(0.1),#6890);
#7313 = DRAUGHTING_PRE_DEFINED_CURVE_FONT('continuous');
#7314 = STYLED_ITEM('color',(#7315),#2815);
#7315 = PRESENTATION_STYLE_ASSIGNMENT((#7316,#7321));
#7316 = SURFACE_STYLE_USAGE(.BOTH.,#7317);
#7317 = SURFACE_SIDE_STYLE('',(#7318));
#7318 = SURFACE_STYLE_FILL_AREA(#7319);
#7319 = FILL_AREA_STYLE('',(#7320));
#7320 = FILL_AREA_STYLE_COLOUR('',#6887);
#7321 = CURVE_STYLE('',#7322,POSITIVE_LENGTH_MEASURE(0.1),#6890);
#7322 = DRAUGHTING_PRE_DEFINED_CURVE_FONT('continuous');
#7323 = STYLED_ITEM('color',(#7324),#2862);
#7324 = PRESENTATION_STYLE_ASSIGNMENT((#7325,#7330));
#7325 = SURFACE_STYLE_USAGE(.BOTH.,#7326);
#7326 = SURFACE_SIDE_STYLE('',(#7327));
#7327 = SURFACE_STYLE_FILL_AREA(#7328);
#7328 = FILL_AREA_STYLE('',(#7329));
#7329 = FILL_AREA_STYLE_COLOUR('',#6887);
#7330 = CURVE_STYLE('',#7331,POSITIVE_LENGTH_MEASURE(0.1),#6890);
#7331 = DRAUGHTING_PRE_DEFINED_CURVE_FONT('continuous');
#7332 = STYLED_ITEM('color',(#7333),#2909);
#7333 = PRESENTATION_STYLE_ASSIGNMENT((#7334,#7339));
#7334 = SURFACE_STYLE_USAGE(.BOTH.,#7335);
#7335 = SURFACE_SIDE_STYLE('',(#7336));
#7336 = SURFACE_STYLE_FILL_AREA(#7337);
#7337 = FILL_AREA_STYLE('',(#7338));
#7338 = FILL_AREA_STYLE_COLOUR('',#6887);
#7339 = CURVE_STYLE('',#7340,POSITIVE_LENGTH_MEASURE(0.1),#6890);
#7340 = DRAUGHTING_PRE_DEFINED_CURVE_FONT('continuous');
#7341 = STYLED_ITEM('color',(#7342),#3154);
#7342 = PRESENTATION_STYLE_ASSIGNMENT((#7343,#7348));
#7343 = SURFACE_STYLE_USAGE(.BOTH.,#7344);
#7344 = SURFACE_SIDE_STYLE('',(#7345));
#7345 = SURFACE_STYLE_FILL_AREA(#7346);
#7346 = FILL_AREA_STYLE('',(#7347));
#7347 = FILL_AREA_STYLE_COLOUR('',#6887);
#7348 = CURVE_STYLE('',#7349,POSITIVE_LENGTH_MEASURE(0.1),#6890);
#7349 = DRAUGHTING_PRE_DEFINED_CURVE_FONT('continuous');
#7350 = STYLED_ITEM('color',(#7351),#3247);
#7351 = PRESENTATION_STYLE_ASSIGNMENT((#7352,#7357));
#7352 = SURFACE_STYLE_USAGE(.BOTH.,#7353);
#7353 = SURFACE_SIDE_STYLE('',(#7354));
#7354 = SURFACE_STYLE_FILL_AREA(#7355);
#7355 = FILL_AREA_STYLE('',(#7356));
#7356 = FILL_AREA_STYLE_COLOUR('',#6887);
#7357 = CURVE_STYLE('',#7358,POSITIVE_LENGTH_MEASURE(0.1),#6890);
#7358 = DRAUGHTING_PRE_DEFINED_CURVE_FONT('continuous');
#7359 = STYLED_ITEM('color',(#7360),#3317);
#7360 = PRESENTATION_STYLE_ASSIGNMENT((#7361,#7366));
#7361 = SURFACE_STYLE_USAGE(.BOTH.,#7362);
#7362 = SURFACE_SIDE_STYLE('',(#7363));
#7363 = SURFACE_STYLE_FILL_AREA(#7364);
#7364 = FILL_AREA_STYLE('',(#7365));
#7365 = FILL_AREA_STYLE_COLOUR('',#6887);
#7366 = CURVE_STYLE('',#7367,POSITIVE_LENGTH_MEASURE(0.1),#6890);
#7367 = DRAUGHTING_PRE_DEFINED_CURVE_FONT('continuous');
#7368 = STYLED_ITEM('color',(#7369),#3378);
#7369 = PRESENTATION_STYLE_ASSIGNMENT((#7370,#7375));
#7370 = SURFACE_STYLE_USAGE(.BOTH.,#7371);
#7371 = SURFACE_SIDE_STYLE('',(#7372));
#7372 = SURFACE_STYLE_FILL_AREA(#7373);
#7373 = FILL_AREA_STYLE('',(#7374));
#7374 = FILL_AREA_STYLE_COLOUR('',#6887);
#7375 = CURVE_STYLE('',#7376,POSITIVE_LENGTH_MEASURE(0.1),#6890);
#7376 = DRAUGHTING_PRE_DEFINED_CURVE_FONT('continuous');
#7377 = STYLED_ITEM('color',(#7378),#3434);
#7378 = PRESENTATION_STYLE_ASSIGNMENT((#7379,#7384));
#7379 = SURFACE_STYLE_USAGE(.BOTH.,#7380);
#7380 = SURFACE_SIDE_STYLE('',(#7381));
#7381 = SURFACE_STYLE_FILL_AREA(#7382);
#7382 = FILL_AREA_STYLE('',(#7383));
#7383 = FILL_AREA_STYLE_COLOUR('',#6887);
#7384 = CURVE_STYLE('',#7385,POSITIVE_LENGTH_MEASURE(0.1),#6890);
#7385 = DRAUGHTING_PRE_DEFINED_CURVE_FONT('continuous');
#7386 = STYLED_ITEM('color',(#7387),#3542);
#7387 = PRESENTATION_STYLE_ASSIGNMENT((#7388,#7393));
#7388 = SURFACE_STYLE_USAGE(.BOTH.,#7389);
#7389 = SURFACE_SIDE_STYLE('',(#7390));
#7390 = SURFACE_STYLE_FILL_AREA(#7391);
#7391 = FILL_AREA_STYLE('',(#7392));
#7392 = FILL_AREA_STYLE_COLOUR('',#6887);
#7393 = CURVE_STYLE('',#7394,POSITIVE_LENGTH_MEASURE(0.1),#6890);
#7394 = DRAUGHTING_PRE_DEFINED_CURVE_FONT('continuous');
#7395 = STYLED_ITEM('color',(#7396),#3589);
#7396 = PRESENTATION_STYLE_ASSIGNMENT((#7397,#7402));
#7397 = SURFACE_STYLE_USAGE(.BOTH.,#7398);
#7398 = SURFACE_SIDE_STYLE('',(#7399));
#7399 = SURFACE_STYLE_FILL_AREA(#7400);
#7400 = FILL_AREA_STYLE('',(#7401));
#7401 = FILL_AREA_STYLE_COLOUR('',#6887);
#7402 = CURVE_STYLE('',#7403,POSITIVE_LENGTH_MEASURE(0.1),#6890);
#7403 = DRAUGHTING_PRE_DEFINED_CURVE_FONT('continuous');
#7404 = STYLED_ITEM('color',(#7405),#3636);
#7405 = PRESENTATION_STYLE_ASSIGNMENT((#7406,#7411));
#7406 = SURFACE_STYLE_USAGE(.BOTH.,#7407);
#7407 = SURFACE_SIDE_STYLE('',(#7408));
#7408 = SURFACE_STYLE_FILL_AREA(#7409);
#7409 = FILL_AREA_STYLE('',(#7410));
#7410 = FILL_AREA_STYLE_COLOUR('',#6887);
#7411 = CURVE_STYLE('',#7412,POSITIVE_LENGTH_MEASURE(0.1),#6890);
#7412 = DRAUGHTING_PRE_DEFINED_CURVE_FONT('continuous');
#7413 = STYLED_ITEM('color',(#7414),#3683);
#7414 = PRESENTATION_STYLE_ASSIGNMENT((#7415,#7420));
#7415 = SURFACE_STYLE_USAGE(.BOTH.,#7416);
#7416 = SURFACE_SIDE_STYLE('',(#7417));
#7417 = SURFACE_STYLE_FILL_AREA(#7418);
#7418 = FILL_AREA_STYLE('',(#7419));
#7419 = FILL_AREA_STYLE_COLOUR('',#6887);
#7420 = CURVE_STYLE('',#7421,POSITIVE_LENGTH_MEASURE(0.1),#6890);
#7421 = DRAUGHTING_PRE_DEFINED_CURVE_FONT('continuous');
#7422 = STYLED_ITEM('color',(#7423),#3739);
#7423 = PRESENTATION_STYLE_ASSIGNMENT((#7424,#7429));
#7424 = SURFACE_STYLE_USAGE(.BOTH.,#7425);
#7425 = SURFACE_SIDE_STYLE('',(#7426));
#7426 = SURFACE_STYLE_FILL_AREA(#7427);
#7427 = FILL_AREA_STYLE('',(#7428));
#7428 = FILL_AREA_STYLE_COLOUR('',#6887);
#7429 = CURVE_STYLE('',#7430,POSITIVE_LENGTH_MEASURE(0.1),#6890);
#7430 = DRAUGHTING_PRE_DEFINED_CURVE_FONT('continuous');
#7431 = STYLED_ITEM('color',(#7432),#3781);
#7432 = PRESENTATION_STYLE_ASSIGNMENT((#7433,#7438));
#7433 = SURFACE_STYLE_USAGE(.BOTH.,#7434);
#7434 = SURFACE_SIDE_STYLE('',(#7435));
#7435 = SURFACE_STYLE_FILL_AREA(#7436);
#7436 = FILL_AREA_STYLE('',(#7437));
#7437 = FILL_AREA_STYLE_COLOUR('',#6887);
#7438 = CURVE_STYLE('',#7439,POSITIVE_LENGTH_MEASURE(0.1),#6890);
#7439 = DRAUGHTING_PRE_DEFINED_CURVE_FONT('continuous');
#7440 = STYLED_ITEM('color',(#7441),#3828);
#7441 = PRESENTATION_STYLE_ASSIGNMENT((#7442,#7447));
#7442 = SURFACE_STYLE_USAGE(.BOTH.,#7443);
#7443 = SURFACE_SIDE_STYLE('',(#7444));
#7444 = SURFACE_STYLE_FILL_AREA(#7445);
#7445 = FILL_AREA_STYLE('',(#7446));
#7446 = FILL_AREA_STYLE_COLOUR('',#6887);
#7447 = CURVE_STYLE('',#7448,POSITIVE_LENGTH_MEASURE(0.1),#6890);
#7448 = DRAUGHTING_PRE_DEFINED_CURVE_FONT('continuous');
#7449 = STYLED_ITEM('color',(#7450),#3875);
#7450 = PRESENTATION_STYLE_ASSIGNMENT((#7451,#7456));
#7451 = SURFACE_STYLE_USAGE(.BOTH.,#7452);
#7452 = SURFACE_SIDE_STYLE('',(#7453));
#7453 = SURFACE_STYLE_FILL_AREA(#7454);
#7454 = FILL_AREA_STYLE('',(#7455));
#7455 = FILL_AREA_STYLE_COLOUR('',#6887);
#7456 = CURVE_STYLE('',#7457,POSITIVE_LENGTH_MEASURE(0.1),#6890);
#7457 = DRAUGHTING_PRE_DEFINED_CURVE_FONT('continuous');
#7458 = STYLED_ITEM('color',(#7459),#3922);
#7459 = PRESENTATION_STYLE_ASSIGNMENT((#7460,#7465));
#7460 = SURFACE_STYLE_USAGE(.BOTH.,#7461);
#7461 = SURFACE_SIDE_STYLE('',(#7462));
#7462 = SURFACE_STYLE_FILL_AREA(#7463);
#7463 = FILL_AREA_STYLE('',(#7464));
#7464 = FILL_AREA_STYLE_COLOUR('',#6887);
#7465 = CURVE_STYLE('',#7466,POSITIVE_LENGTH_MEASURE(0.1),#6890);
#7466 = DRAUGHTING_PRE_DEFINED_CURVE_FONT('continuous');
#7467 = STYLED_ITEM('color',(#7468),#4052);
#7468 = PRESENTATION_STYLE_ASSIGNMENT((#7469,#7474));
#7469 = SURFACE_STYLE_USAGE(.BOTH.,#7470);
#7470 = SURFACE_SIDE_STYLE('',(#7471));
#7471 = SURFACE_STYLE_FILL_AREA(#7472);
#7472 = FILL_AREA_STYLE('',(#7473));
#7473 = FILL_AREA_STYLE_COLOUR('',#6887);
#7474 = CURVE_STYLE('',#7475,POSITIVE_LENGTH_MEASURE(0.1),#6890);
#7475 = DRAUGHTING_PRE_DEFINED_CURVE_FONT('continuous');
#7476 = STYLED_ITEM('color',(#7477),#4115);
#7477 = PRESENTATION_STYLE_ASSIGNMENT((#7478,#7483));
#7478 = SURFACE_STYLE_USAGE(.BOTH.,#7479);
#7479 = SURFACE_SIDE_STYLE('',(#7480));
#7480 = SURFACE_STYLE_FILL_AREA(#7481);
#7481 = FILL_AREA_STYLE('',(#7482));
#7482 = FILL_AREA_STYLE_COLOUR('',#6887);
#7483 = CURVE_STYLE('',#7484,POSITIVE_LENGTH_MEASURE(0.1),#6890);
#7484 = DRAUGHTING_PRE_DEFINED_CURVE_FONT('continuous');
#7485 = STYLED_ITEM('color',(#7486),#4165);
#7486 = PRESENTATION_STYLE_ASSIGNMENT((#7487,#7492));
#7487 = SURFACE_STYLE_USAGE(.BOTH.,#7488);
#7488 = SURFACE_SIDE_STYLE('',(#7489));
#7489 = SURFACE_STYLE_FILL_AREA(#7490);
#7490 = FILL_AREA_STYLE('',(#7491));
#7491 = FILL_AREA_STYLE_COLOUR('',#6887);
#7492 = CURVE_STYLE('',#7493,POSITIVE_LENGTH_MEASURE(0.1),#6890);
#7493 = DRAUGHTING_PRE_DEFINED_CURVE_FONT('continuous');
#7494 = STYLED_ITEM('color',(#7495),#4226);
#7495 = PRESENTATION_STYLE_ASSIGNMENT((#7496,#7501));
#7496 = SURFACE_STYLE_USAGE(.BOTH.,#7497);
#7497 = SURFACE_SIDE_STYLE('',(#7498));
#7498 = SURFACE_STYLE_FILL_AREA(#7499);
#7499 = FILL_AREA_STYLE('',(#7500));
#7500 = FILL_AREA_STYLE_COLOUR('',#6887);
#7501 = CURVE_STYLE('',#7502,POSITIVE_LENGTH_MEASURE(0.1),#6890);
#7502 = DRAUGHTING_PRE_DEFINED_CURVE_FONT('continuous');
#7503 = STYLED_ITEM('color',(#7504),#4273);
#7504 = PRESENTATION_STYLE_ASSIGNMENT((#7505,#7510));
#7505 = SURFACE_STYLE_USAGE(.BOTH.,#7506);
#7506 = SURFACE_SIDE_STYLE('',(#7507));
#7507 = SURFACE_STYLE_FILL_AREA(#7508);
#7508 = FILL_AREA_STYLE('',(#7509));
#7509 = FILL_AREA_STYLE_COLOUR('',#6887);
#7510 = CURVE_STYLE('',#7511,POSITIVE_LENGTH_MEASURE(0.1),#6890);
#7511 = DRAUGHTING_PRE_DEFINED_CURVE_FONT('continuous');
#7512 = STYLED_ITEM('color',(#7513),#4336);
#7513 = PRESENTATION_STYLE_ASSIGNMENT((#7514,#7519));
#7514 = SURFACE_STYLE_USAGE(.BOTH.,#7515);
#7515 = SURFACE_SIDE_STYLE('',(#7516));
#7516 = SURFACE_STYLE_FILL_AREA(#7517);
#7517 = FILL_AREA_STYLE('',(#7518));
#7518 = FILL_AREA_STYLE_COLOUR('',#6887);
#7519 = CURVE_STYLE('',#7520,POSITIVE_LENGTH_MEASURE(0.1),#6890);
#7520 = DRAUGHTING_PRE_DEFINED_CURVE_FONT('continuous');
#7521 = STYLED_ITEM('color',(#7522),#4452);
#7522 = PRESENTATION_STYLE_ASSIGNMENT((#7523,#7528));
#7523 = SURFACE_STYLE_USAGE(.BOTH.,#7524);
#7524 = SURFACE_SIDE_STYLE('',(#7525));
#7525 = SURFACE_STYLE_FILL_AREA(#7526);
#7526 = FILL_AREA_STYLE('',(#7527));
#7527 = FILL_AREA_STYLE_COLOUR('',#6887);
#7528 = CURVE_STYLE('',#7529,POSITIVE_LENGTH_MEASURE(0.1),#6890);
#7529 = DRAUGHTING_PRE_DEFINED_CURVE_FONT('continuous');
#7530 = STYLED_ITEM('color',(#7531),#4499);
#7531 = PRESENTATION_STYLE_ASSIGNMENT((#7532,#7537));
#7532 = SURFACE_STYLE_USAGE(.BOTH.,#7533);
#7533 = SURFACE_SIDE_STYLE('',(#7534));
#7534 = SURFACE_STYLE_FILL_AREA(#7535);
#7535 = FILL_AREA_STYLE('',(#7536));
#7536 = FILL_AREA_STYLE_COLOUR('',#6887);
#7537 = CURVE_STYLE('',#7538,POSITIVE_LENGTH_MEASURE(0.1),#6890);
#7538 = DRAUGHTING_PRE_DEFINED_CURVE_FONT('continuous');
#7539 = STYLED_ITEM('color',(#7540),#4546);
#7540 = PRESENTATION_STYLE_ASSIGNMENT((#7541,#7546));
#7541 = SURFACE_STYLE_USAGE(.BOTH.,#7542);
#7542 = SURFACE_SIDE_STYLE('',(#7543));
#7543 = SURFACE_STYLE_FILL_AREA(#7544);
#7544 = FILL_AREA_STYLE('',(#7545));
#7545 = FILL_AREA_STYLE_COLOUR('',#6887);
#7546 = CURVE_STYLE('',#7547,POSITIVE_LENGTH_MEASURE(0.1),#6890);
#7547 = DRAUGHTING_PRE_DEFINED_CURVE_FONT('continuous');
#7548 = STYLED_ITEM('color',(#7549),#4606);
#7549 = PRESENTATION_STYLE_ASSIGNMENT((#7550,#7555));
#7550 = SURFACE_STYLE_USAGE(.BOTH.,#7551);
#7551 = SURFACE_SIDE_STYLE('',(#7552));
#7552 = SURFACE_STYLE_FILL_AREA(#7553);
#7553 = FILL_AREA_STYLE('',(#7554));
#7554 = FILL_AREA_STYLE_COLOUR('',#6887);
#7555 = CURVE_STYLE('',#7556,POSITIVE_LENGTH_MEASURE(0.1),#6890);
#7556 = DRAUGHTING_PRE_DEFINED_CURVE_FONT('continuous');
#7557 = STYLED_ITEM('color',(#7558),#4668);
#7558 = PRESENTATION_STYLE_ASSIGNMENT((#7559,#7564));
#7559 = SURFACE_STYLE_USAGE(.BOTH.,#7560);
#7560 = SURFACE_SIDE_STYLE('',(#7561));
#7561 = SURFACE_STYLE_FILL_AREA(#7562);
#7562 = FILL_AREA_STYLE('',(#7563));
#7563 = FILL_AREA_STYLE_COLOUR('',#6887);
#7564 = CURVE_STYLE('',#7565,POSITIVE_LENGTH_MEASURE(0.1),#6890);
#7565 = DRAUGHTING_PRE_DEFINED_CURVE_FONT('continuous');
#7566 = STYLED_ITEM('color',(#7567),#4732);
#7567 = PRESENTATION_STYLE_ASSIGNMENT((#7568,#7573));
#7568 = SURFACE_STYLE_USAGE(.BOTH.,#7569);
#7569 = SURFACE_SIDE_STYLE('',(#7570));
#7570 = SURFACE_STYLE_FILL_AREA(#7571);
#7571 = FILL_AREA_STYLE('',(#7572));
#7572 = FILL_AREA_STYLE_COLOUR('',#6887);
#7573 = CURVE_STYLE('',#7574,POSITIVE_LENGTH_MEASURE(0.1),#6890);
#7574 = DRAUGHTING_PRE_DEFINED_CURVE_FONT('continuous');
#7575 = STYLED_ITEM('color',(#7576),#4862);
#7576 = PRESENTATION_STYLE_ASSIGNMENT((#7577,#7582));
#7577 = SURFACE_STYLE_USAGE(.BOTH.,#7578);
#7578 = SURFACE_SIDE_STYLE('',(#7579));
#7579 = SURFACE_STYLE_FILL_AREA(#7580);
#7580 = FILL_AREA_STYLE('',(#7581));
#7581 = FILL_AREA_STYLE_COLOUR('',#6887);
#7582 = CURVE_STYLE('',#7583,POSITIVE_LENGTH_MEASURE(0.1),#6890);
#7583 = DRAUGHTING_PRE_DEFINED_CURVE_FONT('continuous');
#7584 = STYLED_ITEM('color',(#7585),#4909);
#7585 = PRESENTATION_STYLE_ASSIGNMENT((#7586,#7591));
#7586 = SURFACE_STYLE_USAGE(.BOTH.,#7587);
#7587 = SURFACE_SIDE_STYLE('',(#7588));
#7588 = SURFACE_STYLE_FILL_AREA(#7589);
#7589 = FILL_AREA_STYLE('',(#7590));
#7590 = FILL_AREA_STYLE_COLOUR('',#6887);
#7591 = CURVE_STYLE('',#7592,POSITIVE_LENGTH_MEASURE(0.1),#6890);
#7592 = DRAUGHTING_PRE_DEFINED_CURVE_FONT('continuous');
#7593 = STYLED_ITEM('color',(#7594),#4971);
#7594 = PRESENTATION_STYLE_ASSIGNMENT((#7595,#7600));
#7595 = SURFACE_STYLE_USAGE(.BOTH.,#7596);
#7596 = SURFACE_SIDE_STYLE('',(#7597));
#7597 = SURFACE_STYLE_FILL_AREA(#7598);
#7598 = FILL_AREA_STYLE('',(#7599));
#7599 = FILL_AREA_STYLE_COLOUR('',#6887);
#7600 = CURVE_STYLE('',#7601,POSITIVE_LENGTH_MEASURE(0.1),#6890);
#7601 = DRAUGHTING_PRE_DEFINED_CURVE_FONT('continuous');
#7602 = STYLED_ITEM('color',(#7603),#5024);
#7603 = PRESENTATION_STYLE_ASSIGNMENT((#7604,#7609));
#7604 = SURFACE_STYLE_USAGE(.BOTH.,#7605);
#7605 = SURFACE_SIDE_STYLE('',(#7606));
#7606 = SURFACE_STYLE_FILL_AREA(#7607);
#7607 = FILL_AREA_STYLE('',(#7608));
#7608 = FILL_AREA_STYLE_COLOUR('',#6887);
#7609 = CURVE_STYLE('',#7610,POSITIVE_LENGTH_MEASURE(0.1),#6890);
#7610 = DRAUGHTING_PRE_DEFINED_CURVE_FONT('continuous');
#7611 = STYLED_ITEM('color',(#7612),#5071);
#7612 = PRESENTATION_STYLE_ASSIGNMENT((#7613,#7618));
#7613 = SURFACE_STYLE_USAGE(.BOTH.,#7614);
#7614 = SURFACE_SIDE_STYLE('',(#7615));
#7615 = SURFACE_STYLE_FILL_AREA(#7616);
#7616 = FILL_AREA_STYLE('',(#7617));
#7617 = FILL_AREA_STYLE_COLOUR('',#6887);
#7618 = CURVE_STYLE('',#7619,POSITIVE_LENGTH_MEASURE(0.1),#6890);
#7619 = DRAUGHTING_PRE_DEFINED_CURVE_FONT('continuous');
#7620 = STYLED_ITEM('color',(#7621),#5146);
#7621 = PRESENTATION_STYLE_ASSIGNMENT((#7622,#7627));
#7622 = SURFACE_STYLE_USAGE(.BOTH.,#7623);
#7623 = SURFACE_SIDE_STYLE('',(#7624));
#7624 = SURFACE_STYLE_FILL_AREA(#7625);
#7625 = FILL_AREA_STYLE('',(#7626));
#7626 = FILL_AREA_STYLE_COLOUR('',#6887);
#7627 = CURVE_STYLE('',#7628,POSITIVE_LENGTH_MEASURE(0.1),#6890);
#7628 = DRAUGHTING_PRE_DEFINED_CURVE_FONT('continuous');
#7629 = STYLED_ITEM('color',(#7630),#5193);
#7630 = PRESENTATION_STYLE_ASSIGNMENT((#7631,#7636));
#7631 = SURFACE_STYLE_USAGE(.BOTH.,#7632);
#7632 = SURFACE_SIDE_STYLE('',(#7633));
#7633 = SURFACE_STYLE_FILL_AREA(#7634);
#7634 = FILL_AREA_STYLE('',(#7635));
#7635 = FILL_AREA_STYLE_COLOUR('',#6887);
#7636 = CURVE_STYLE('',#7637,POSITIVE_LENGTH_MEASURE(0.1),#6890);
#7637 = DRAUGHTING_PRE_DEFINED_CURVE_FONT('continuous');
#7638 = STYLED_ITEM('color',(#7639),#5293);
#7639 = PRESENTATION_STYLE_ASSIGNMENT((#7640,#7645));
#7640 = SURFACE_STYLE_USAGE(.BOTH.,#7641);
#7641 = SURFACE_SIDE_STYLE('',(#7642));
#7642 = SURFACE_STYLE_FILL_AREA(#7643);
#7643 = FILL_AREA_STYLE('',(#7644));
#7644 = FILL_AREA_STYLE_COLOUR('',#6887);
#7645 = CURVE_STYLE('',#7646,POSITIVE_LENGTH_MEASURE(0.1),#6890);
#7646 = DRAUGHTING_PRE_DEFINED_CURVE_FONT('continuous');
#7647 = STYLED_ITEM('color',(#7648),#5340);
#7648 = PRESENTATION_STYLE_ASSIGNMENT((#7649,#7654));
#7649 = SURFACE_STYLE_USAGE(.BOTH.,#7650);
#7650 = SURFACE_SIDE_STYLE('',(#7651));
#7651 = SURFACE_STYLE_FILL_AREA(#7652);
#7652 = FILL_AREA_STYLE('',(#7653));
#7653 = FILL_AREA_STYLE_COLOUR('',#6887);
#7654 = CURVE_STYLE('',#7655,POSITIVE_LENGTH_MEASURE(0.1),#6890);
#7655 = DRAUGHTING_PRE_DEFINED_CURVE_FONT('continuous');
#7656 = STYLED_ITEM('color',(#7657),#5387);
#7657 = PRESENTATION_STYLE_ASSIGNMENT((#7658,#7663));
#7658 = SURFACE_STYLE_USAGE(.BOTH.,#7659);
#7659 = SURFACE_SIDE_STYLE('',(#7660));
#7660 = SURFACE_STYLE_FILL_AREA(#7661);
#7661 = FILL_AREA_STYLE('',(#7662));
#7662 = FILL_AREA_STYLE_COLOUR('',#6887);
#7663 = CURVE_STYLE('',#7664,POSITIVE_LENGTH_MEASURE(0.1),#6890);
#7664 = DRAUGHTING_PRE_DEFINED_CURVE_FONT('continuous');
#7665 = STYLED_ITEM('color',(#7666),#5462);
#7666 = PRESENTATION_STYLE_ASSIGNMENT((#7667,#7672));
#7667 = SURFACE_STYLE_USAGE(.BOTH.,#7668);
#7668 = SURFACE_SIDE_STYLE('',(#7669));
#7669 = SURFACE_STYLE_FILL_AREA(#7670);
#7670 = FILL_AREA_STYLE('',(#7671));
#7671 = FILL_AREA_STYLE_COLOUR('',#6887);
#7672 = CURVE_STYLE('',#7673,POSITIVE_LENGTH_MEASURE(0.1),#6890);
#7673 = DRAUGHTING_PRE_DEFINED_CURVE_FONT('continuous');
#7674 = STYLED_ITEM('color',(#7675),#5512);
#7675 = PRESENTATION_STYLE_ASSIGNMENT((#7676,#7681));
#7676 = SURFACE_STYLE_USAGE(.BOTH.,#7677);
#7677 = SURFACE_SIDE_STYLE('',(#7678));
#7678 = SURFACE_STYLE_FILL_AREA(#7679);
#7679 = FILL_AREA_STYLE('',(#7680));
#7680 = FILL_AREA_STYLE_COLOUR('',#6887);
#7681 = CURVE_STYLE('',#7682,POSITIVE_LENGTH_MEASURE(0.1),#6890);
#7682 = DRAUGHTING_PRE_DEFINED_CURVE_FONT('continuous');
#7683 = STYLED_ITEM('color',(#7684),#5576);
#7684 = PRESENTATION_STYLE_ASSIGNMENT((#7685,#7690));
#7685 = SURFACE_STYLE_USAGE(.BOTH.,#7686);
#7686 = SURFACE_SIDE_STYLE('',(#7687));
#7687 = SURFACE_STYLE_FILL_AREA(#7688);
#7688 = FILL_AREA_STYLE('',(#7689));
#7689 = FILL_AREA_STYLE_COLOUR('',#6887);
#7690 = CURVE_STYLE('',#7691,POSITIVE_LENGTH_MEASURE(0.1),#6890);
#7691 = DRAUGHTING_PRE_DEFINED_CURVE_FONT('continuous');
#7692 = STYLED_ITEM('color',(#7693),#5626);
#7693 = PRESENTATION_STYLE_ASSIGNMENT((#7694,#7699));
#7694 = SURFACE_STYLE_USAGE(.BOTH.,#7695);
#7695 = SURFACE_SIDE_STYLE('',(#7696));
#7696 = SURFACE_STYLE_FILL_AREA(#7697);
#7697 = FILL_AREA_STYLE('',(#7698));
#7698 = FILL_AREA_STYLE_COLOUR('',#6887);
#7699 = CURVE_STYLE('',#7700,POSITIVE_LENGTH_MEASURE(0.1),#6890);
#7700 = DRAUGHTING_PRE_DEFINED_CURVE_FONT('continuous');
#7701 = STYLED_ITEM('color',(#7702),#5690);
#7702 = PRESENTATION_STYLE_ASSIGNMENT((#7703,#7708));
#7703 = SURFACE_STYLE_USAGE(.BOTH.,#7704);
#7704 = SURFACE_SIDE_STYLE('',(#7705));
#7705 = SURFACE_STYLE_FILL_AREA(#7706);
#7706 = FILL_AREA_STYLE('',(#7707));
#7707 = FILL_AREA_STYLE_COLOUR('',#6887);
#7708 = CURVE_STYLE('',#7709,POSITIVE_LENGTH_MEASURE(0.1),#6890);
#7709 = DRAUGHTING_PRE_DEFINED_CURVE_FONT('continuous');
#7710 = STYLED_ITEM('color',(#7711),#5740);
#7711 = PRESENTATION_STYLE_ASSIGNMENT((#7712,#7717));
#7712 = SURFACE_STYLE_USAGE(.BOTH.,#7713);
#7713 = SURFACE_SIDE_STYLE('',(#7714));
#7714 = SURFACE_STYLE_FILL_AREA(#7715);
#7715 = FILL_AREA_STYLE('',(#7716));
#7716 = FILL_AREA_STYLE_COLOUR('',#6887);
#7717 = CURVE_STYLE('',#7718,POSITIVE_LENGTH_MEASURE(0.1),#6890);
#7718 = DRAUGHTING_PRE_DEFINED_CURVE_FONT('continuous');
#7719 = STYLED_ITEM('color',(#7720),#5786);
#7720 = PRESENTATION_STYLE_ASSIGNMENT((#7721,#7726));
#7721 = SURFACE_STYLE_USAGE(.BOTH.,#7722);
#7722 = SURFACE_SIDE_STYLE('',(#7723));
#7723 = SURFACE_STYLE_FILL_AREA(#7724);
#7724 = FILL_AREA_STYLE('',(#7725));
#7725 = FILL_AREA_STYLE_COLOUR('',#6887);
#7726 = CURVE_STYLE('',#7727,POSITIVE_LENGTH_MEASURE(0.1),#6890);
#7727 = DRAUGHTING_PRE_DEFINED_CURVE_FONT('continuous');
#7728 = STYLED_ITEM('color',(#7729),#5836);
#7729 = PRESENTATION_STYLE_ASSIGNMENT((#7730,#7735));
#7730 = SURFACE_STYLE_USAGE(.BOTH.,#7731);
#7731 = SURFACE_SIDE_STYLE('',(#7732));
#7732 = SURFACE_STYLE_FILL_AREA(#7733);
#7733 = FILL_AREA_STYLE('',(#7734));
#7734 = FILL_AREA_STYLE_COLOUR('',#6887);
#7735 = CURVE_STYLE('',#7736,POSITIVE_LENGTH_MEASURE(0.1),#6890);
#7736 = DRAUGHTING_PRE_DEFINED_CURVE_FONT('continuous');
#7737 = STYLED_ITEM('color',(#7738),#6014);
#7738 = PRESENTATION_STYLE_ASSIGNMENT((#7739,#7744));
#7739 = SURFACE_STYLE_USAGE(.BOTH.,#7740);
#7740 = SURFACE_SIDE_STYLE('',(#7741));
#7741 = SURFACE_STYLE_FILL_AREA(#7742);
#7742 = FILL_AREA_STYLE('',(#7743));
#7743 = FILL_AREA_STYLE_COLOUR('',#6887);
#7744 = CURVE_STYLE('',#7745,POSITIVE_LENGTH_MEASURE(0.1),#6890);
#7745 = DRAUGHTING_PRE_DEFINED_CURVE_FONT('continuous');
#7746 = STYLED_ITEM('color',(#7747),#6069);
#7747 = PRESENTATION_STYLE_ASSIGNMENT((#7748,#7753));
#7748 = SURFACE_STYLE_USAGE(.BOTH.,#7749);
#7749 = SURFACE_SIDE_STYLE('',(#7750));
#7750 = SURFACE_STYLE_FILL_AREA(#7751);
#7751 = FILL_AREA_STYLE('',(#7752));
#7752 = FILL_AREA_STYLE_COLOUR('',#6887);
#7753 = CURVE_STYLE('',#7754,POSITIVE_LENGTH_MEASURE(0.1),#6890);
#7754 = DRAUGHTING_PRE_DEFINED_CURVE_FONT('continuous');
#7755 = STYLED_ITEM('color',(#7756),#6247);
#7756 = PRESENTATION_STYLE_ASSIGNMENT((#7757,#7762));
#7757 = SURFACE_STYLE_USAGE(.BOTH.,#7758);
#7758 = SURFACE_SIDE_STYLE('',(#7759));
#7759 = SURFACE_STYLE_FILL_AREA(#7760);
#7760 = FILL_AREA_STYLE('',(#7761));
#7761 = FILL_AREA_STYLE_COLOUR('',#6887);
#7762 = CURVE_STYLE('',#7763,POSITIVE_LENGTH_MEASURE(0.1),#6890);
#7763 = DRAUGHTING_PRE_DEFINED_CURVE_FONT('continuous');
#7764 = STYLED_ITEM('color',(#7765),#6289);
#7765 = PRESENTATION_STYLE_ASSIGNMENT((#7766,#7771));
#7766 = SURFACE_STYLE_USAGE(.BOTH.,#7767);
#7767 = SURFACE_SIDE_STYLE('',(#7768));
#7768 = SURFACE_STYLE_FILL_AREA(#7769);
#7769 = FILL_AREA_STYLE('',(#7770));
#7770 = FILL_AREA_STYLE_COLOUR('',#6887);
#7771 = CURVE_STYLE('',#7772,POSITIVE_LENGTH_MEASURE(0.1),#6890);
#7772 = DRAUGHTING_PRE_DEFINED_CURVE_FONT('continuous');
#7773 = STYLED_ITEM('color',(#7774),#6336);
#7774 = PRESENTATION_STYLE_ASSIGNMENT((#7775,#7780));
#7775 = SURFACE_STYLE_USAGE(.BOTH.,#7776);
#7776 = SURFACE_SIDE_STYLE('',(#7777));
#7777 = SURFACE_STYLE_FILL_AREA(#7778);
#7778 = FILL_AREA_STYLE('',(#7779));
#7779 = FILL_AREA_STYLE_COLOUR('',#6887);
#7780 = CURVE_STYLE('',#7781,POSITIVE_LENGTH_MEASURE(0.1),#6890);
#7781 = DRAUGHTING_PRE_DEFINED_CURVE_FONT('continuous');
#7782 = STYLED_ITEM('color',(#7783),#6406);
#7783 = PRESENTATION_STYLE_ASSIGNMENT((#7784,#7789));
#7784 = SURFACE_STYLE_USAGE(.BOTH.,#7785);
#7785 = SURFACE_SIDE_STYLE('',(#7786));
#7786 = SURFACE_STYLE_FILL_AREA(#7787);
#7787 = FILL_AREA_STYLE('',(#7788));
#7788 = FILL_AREA_STYLE_COLOUR('',#6887);
#7789 = CURVE_STYLE('',#7790,POSITIVE_LENGTH_MEASURE(0.1),#6890);
#7790 = DRAUGHTING_PRE_DEFINED_CURVE_FONT('continuous');
#7791 = STYLED_ITEM('color',(#7792),#6453);
#7792 = PRESENTATION_STYLE_ASSIGNMENT((#7793,#7798));
#7793 = SURFACE_STYLE_USAGE(.BOTH.,#7794);
#7794 = SURFACE_SIDE_STYLE('',(#7795));
#7795 = SURFACE_STYLE_FILL_AREA(#7796);
#7796 = FILL_AREA_STYLE('',(#7797));
#7797 = FILL_AREA_STYLE_COLOUR('',#6887);
#7798 = CURVE_STYLE('',#7799,POSITIVE_LENGTH_MEASURE(0.1),#6890);
#7799 = DRAUGHTING_PRE_DEFINED_CURVE_FONT('continuous');
#7800 = STYLED_ITEM('color',(#7801),#6569);
#7801 = PRESENTATION_STYLE_ASSIGNMENT((#7802,#7807));
#7802 = SURFACE_STYLE_USAGE(.BOTH.,#7803);
#7803 = SURFACE_SIDE_STYLE('',(#7804));
#7804 = SURFACE_STYLE_FILL_AREA(#7805);
#7805 = FILL_AREA_STYLE('',(#7806));
#7806 = FILL_AREA_STYLE_COLOUR('',#6887);
#7807 = CURVE_STYLE('',#7808,POSITIVE_LENGTH_MEASURE(0.1),#6890);
#7808 = DRAUGHTING_PRE_DEFINED_CURVE_FONT('continuous');
#7809 = STYLED_ITEM('color',(#7810),#6632);
#7810 = PRESENTATION_STYLE_ASSIGNMENT((#7811,#7816));
#7811 = SURFACE_STYLE_USAGE(.BOTH.,#7812);
#7812 = SURFACE_SIDE_STYLE('',(#7813));
#7813 = SURFACE_STYLE_FILL_AREA(#7814);
#7814 = FILL_AREA_STYLE('',(#7815));
#7815 = FILL_AREA_STYLE_COLOUR('',#6887);
#7816 = CURVE_STYLE('',#7817,POSITIVE_LENGTH_MEASURE(0.1),#6890);
#7817 = DRAUGHTING_PRE_DEFINED_CURVE_FONT('continuous');
#7818 = STYLED_ITEM('color',(#7819),#6679);
#7819 = PRESENTATION_STYLE_ASSIGNMENT((#7820,#7825));
#7820 = SURFACE_STYLE_USAGE(.BOTH.,#7821);
#7821 = SURFACE_SIDE_STYLE('',(#7822));
#7822 = SURFACE_STYLE_FILL_AREA(#7823);
#7823 = FILL_AREA_STYLE('',(#7824));
#7824 = FILL_AREA_STYLE_COLOUR('',#6887);
#7825 = CURVE_STYLE('',#7826,POSITIVE_LENGTH_MEASURE(0.1),#6890);
#7826 = DRAUGHTING_PRE_DEFINED_CURVE_FONT('continuous');
#7827 = STYLED_ITEM('color',(#7828),#6739);
#7828 = PRESENTATION_STYLE_ASSIGNMENT((#7829,#7834));
#7829 = SURFACE_STYLE_USAGE(.BOTH.,#7830);
#7830 = SURFACE_SIDE_STYLE('',(#7831));
#7831 = SURFACE_STYLE_FILL_AREA(#7832);
#7832 = FILL_AREA_STYLE('',(#7833));
#7833 = FILL_AREA_STYLE_COLOUR('',#6887);
#7834 = CURVE_STYLE('',#7835,POSITIVE_LENGTH_MEASURE(0.1),#6890);
#7835 = DRAUGHTING_PRE_DEFINED_CURVE_FONT('continuous');
#7836 = STYLED_ITEM('color',(#7837),#6786);
#7837 = PRESENTATION_STYLE_ASSIGNMENT((#7838,#7843));
#7838 = SURFACE_STYLE_USAGE(.BOTH.,#7839);
#7839 = SURFACE_SIDE_STYLE('',(#7840));
#7840 = SURFACE_STYLE_FILL_AREA(#7841);
#7841 = FILL_AREA_STYLE('',(#7842));
#7842 = FILL_AREA_STYLE_COLOUR('',#6887);
#7843 = CURVE_STYLE('',#7844,POSITIVE_LENGTH_MEASURE(0.1),#6890);
#7844 = DRAUGHTING_PRE_DEFINED_CURVE_FONT('continuous');
#7845 = STYLED_ITEM('color',(#7846),#6833);
#7846 = PRESENTATION_STYLE_ASSIGNMENT((#7847,#7852));
#7847 = SURFACE_STYLE_USAGE(.BOTH.,#7848);
#7848 = SURFACE_SIDE_STYLE('',(#7849));
#7849 = SURFACE_STYLE_FILL_AREA(#7850);
#7850 = FILL_AREA_STYLE('',(#7851));
#7851 = FILL_AREA_STYLE_COLOUR('',#6887);
#7852 = CURVE_STYLE('',#7853,POSITIVE_LENGTH_MEASURE(0.1),#6890);
#7853 = DRAUGHTING_PRE_DEFINED_CURVE_FONT('continuous');
ENDSEC;
END-ISO-10303-21;
