ISO-10303-21;
HEADER;
FILE_DESCRIPTION (( 'STEP AP214' ),
    '1' );
FILE_NAME ('92690D80-4E04-4185-8830-B78D61E8077D.STEP',
    '2026-01-30T10:18:27',
    ( '' ),
    ( '' ),
    'SwSTEP 2.0',
    'SolidWorks 2022',
    '' );
FILE_SCHEMA (( 'AUTOMOTIVE_DESIGN' ));
ENDSEC;

DATA;
#1 = EDGE_CURVE ( 'NONE', #3676, #3599, #5132, .T. ) ;
#2 = VECTOR ( 'NONE', #3233, 999.9999999999998863 ) ;
#3 = PLANE ( 'NONE',  #1332 ) ;
#4 = DIRECTION ( 'NONE',  ( 0.0000000000000000000, 0.0000000000000000000, 1.000000000000000000 ) ) ;
#5 = SURFACE_STYLE_FILL_AREA ( #5685 ) ;
#6 = ORIENTED_EDGE ( 'NONE', *, *, #2781, .T. ) ;
#7 = DIRECTION ( 'NONE',  ( 1.370412358063294448E-16, -0.0000000000000000000, 1.000000000000000000 ) ) ;
#8 = CARTESIAN_POINT ( 'NONE',  ( -2.450000000000000178, -0.1250000000000000000, 0.0000000000000000000 ) ) ;
#9 = CARTESIAN_POINT ( 'NONE',  ( -1.500000000000000444, -0.8749999999999998890, 0.6500000000000000222 ) ) ;
#10 = AXIS2_PLACEMENT_3D ( 'NONE', #591, #2170, #2237 ) ;
#11 = DIRECTION ( 'NONE',  ( -0.0000000000000000000, -1.000000000000000000, 0.0000000000000000000 ) ) ;
#12 = EDGE_CURVE ( 'NONE', #4636, #7148, #2307, .T. ) ;
#13 = DIRECTION ( 'NONE',  ( -0.0000000000000000000, -1.000000000000000000, -0.0000000000000000000 ) ) ;
#14 = EDGE_LOOP ( 'NONE', ( #2054, #2518, #1835, #4160 ) ) ;
#15 =( NAMED_UNIT ( * ) PLANE_ANGLE_UNIT ( ) SI_UNIT ( $, .RADIAN. ) );
#16 = SURFACE_STYLE_FILL_AREA ( #1839 ) ;
#17 = ORIENTED_EDGE ( 'NONE', *, *, #6418, .F. ) ;
#18 = ADVANCED_FACE ( 'NONE', ( #3491 ), #5679, .T. ) ;
#19 =( LENGTH_UNIT ( ) NAMED_UNIT ( * ) SI_UNIT ( .MILLI., .METRE. ) );
#20 = PLANE ( 'NONE',  #922 ) ;
#21 = CYLINDRICAL_SURFACE ( 'NONE', #6489, 0.2800000000000000822 ) ;
#22 = SURFACE_STYLE_FILL_AREA ( #6135 ) ;
#23 = SURFACE_SIDE_STYLE ('',( #4590 ) ) ;
#24 = SURFACE_STYLE_USAGE ( .BOTH. , #7128 ) ;
#25 = PRESENTATION_STYLE_ASSIGNMENT (( #2842 ) ) ;
#26 = ORIENTED_EDGE ( 'NONE', *, *, #2298, .T. ) ;
#27 = ORIENTED_EDGE ( 'NONE', *, *, #6603, .F. ) ;
#28 = FACE_OUTER_BOUND ( 'NONE', #2089, .T. ) ;
#29 = VECTOR ( 'NONE', #5768, 1000.000000000000114 ) ;
#30 = CARTESIAN_POINT ( 'NONE',  ( -2.054424841141345048, 0.8750000000000000000, 0.2799999999999999711 ) ) ;
#31 = VECTOR ( 'NONE', #4564, 1000.000000000000000 ) ;
#32 = VERTEX_POINT ( 'NONE', #4329 ) ;
#33 = DIRECTION ( 'NONE',  ( 0.0000000000000000000, 0.0000000000000000000, -1.000000000000000000 ) ) ;
#34 = VERTEX_POINT ( 'NONE', #3802 ) ;
#35 = VERTEX_POINT ( 'NONE', #4859 ) ;
#36 = UNCERTAINTY_MEASURE_WITH_UNIT (LENGTH_MEASURE( 1.000000000000000082E-05 ), #1206, 'distance_accuracy_value', 'NONE');
#37 = LINE ( 'NONE', #6110, #5453 ) ;
#38 = STYLED_ITEM ( 'NONE', ( #2077 ), #2516 ) ;
#39 = DIRECTION ( 'NONE',  ( 0.0000000000000000000, 0.0000000000000000000, 1.000000000000000000 ) ) ;
#40 = EDGE_CURVE ( 'NONE', #712, #1286, #1550, .T. ) ;
#41 = LINE ( 'NONE', #2920, #622 ) ;
#42 = FILL_AREA_STYLE_COLOUR ( '', #6120 ) ;
#43 = AXIS2_PLACEMENT_3D ( 'NONE', #2856, #5647, #598 ) ;
#44 = EDGE_CURVE ( 'NONE', #3231, #5750, #3139, .T. ) ;
#45 = ORIENTED_EDGE ( 'NONE', *, *, #4987, .T. ) ;
#46 = STYLED_ITEM ( 'NONE', ( #2599 ), #4707 ) ;
#47 = AXIS2_PLACEMENT_3D ( 'NONE', #4969, #5557, #2646 ) ;
#48 = DIRECTION ( 'NONE',  ( 0.0000000000000000000, 0.0000000000000000000, 1.000000000000000000 ) ) ;
#49 = CARTESIAN_POINT ( 'NONE',  ( 1.955379661434764715, -1.125000000000000222, 0.2662140514692911686 ) ) ;
#50 = DIRECTION ( 'NONE',  ( 0.1378594853070949089, -0.0000000000000000000, 0.9904517970657951142 ) ) ;
#51 = VECTOR ( 'NONE', #176, 1000.000000000000000 ) ;
#52 = VECTOR ( 'NONE', #7249, 1000.000000000000000 ) ;
#53 =( GEOMETRIC_REPRESENTATION_CONTEXT ( 3 ) GLOBAL_UNCERTAINTY_ASSIGNED_CONTEXT ( ( #5080 ) ) GLOBAL_UNIT_ASSIGNED_CONTEXT ( ( #5291, #6915, #2490 ) ) REPRESENTATION_CONTEXT ( 'NONE', 'WORKASPACE' ) );
#54 = EDGE_CURVE ( 'NONE', #6830, #4868, #7158, .T. ) ;
#55 = SURFACE_STYLE_USAGE ( .BOTH. , #1201 ) ;
#56 = VERTEX_POINT ( 'NONE', #500 ) ;
#57 = CARTESIAN_POINT ( 'NONE',  ( 2.450000000000000178, 0.8750000000000000000, 0.0000000000000000000 ) ) ;
#58 = FILL_AREA_STYLE ('',( #4515 ) ) ;
#59 = COLOUR_RGB ( '',0.7529411764705882248, 0.7529411764705882248, 0.7529411764705882248 ) ;
#60 =( NAMED_UNIT ( * ) PLANE_ANGLE_UNIT ( ) SI_UNIT ( $, .RADIAN. ) );
#61 = UNCERTAINTY_MEASURE_WITH_UNIT (LENGTH_MEASURE( 1.000000000000000082E-05 ), #2000, 'distance_accuracy_value', 'NONE');
#62 =( GEOMETRIC_REPRESENTATION_CONTEXT ( 3 ) GLOBAL_UNCERTAINTY_ASSIGNED_CONTEXT ( ( #3443 ) ) GLOBAL_UNIT_ASSIGNED_CONTEXT ( ( #5606, #2911, #2880 ) ) REPRESENTATION_CONTEXT ( 'NONE', 'WORKASPACE' ) );
#63 = VECTOR ( 'NONE', #5110, 1000.000000000000000 ) ;
#64 = EDGE_CURVE ( 'NONE', #2740, #2491, #4129, .T. ) ;
#65 = SURFACE_STYLE_USAGE ( .BOTH. , #23 ) ;
#66 = DIRECTION ( 'NONE',  ( -1.000000000000000000, 0.0000000000000000000, 2.041316732240672236E-15 ) ) ;
#67 = EDGE_LOOP ( 'NONE', ( #1541, #1357, #6884, #3243 ) ) ;
#68 = ORIENTED_EDGE ( 'NONE', *, *, #3309, .T. ) ;
#69 = SURFACE_SIDE_STYLE ('',( #2199 ) ) ;
#70 = COLOUR_RGB ( '',0.7529411764705882248, 0.7529411764705882248, 0.7529411764705882248 ) ;
#71 = ORIENTED_EDGE ( 'NONE', *, *, #3882, .T. ) ;
#72 = SURFACE_STYLE_USAGE ( .BOTH. , #1153 ) ;
#73 = ORIENTED_EDGE ( 'NONE', *, *, #6504, .T. ) ;
#74 = ORIENTED_EDGE ( 'NONE', *, *, #1182, .T. ) ;
#75 = AXIS2_PLACEMENT_3D ( 'NONE', #386, #4301, #6756 ) ;
#76 = SURFACE_STYLE_USAGE ( .BOTH. , #3897 ) ;
#77 = DIRECTION ( 'NONE',  ( 0.0000000000000000000, 0.0000000000000000000, 1.000000000000000000 ) ) ;
#78 =( GEOMETRIC_REPRESENTATION_CONTEXT ( 3 ) GLOBAL_UNCERTAINTY_ASSIGNED_CONTEXT ( ( #5445 ) ) GLOBAL_UNIT_ASSIGNED_CONTEXT ( ( #4173, #7073, #976 ) ) REPRESENTATION_CONTEXT ( 'NONE', 'WORKASPACE' ) );
#79 = ORIENTED_EDGE ( 'NONE', *, *, #2229, .T. ) ;
#80 = SURFACE_STYLE_FILL_AREA ( #5068 ) ;
#81 = MECHANICAL_DESIGN_GEOMETRIC_PRESENTATION_REPRESENTATION (  '', ( #2037 ), #1158 ) ;
#82 = LINE ( 'NONE', #5550, #6314 ) ;
#83 = DIRECTION ( 'NONE',  ( 0.9904517970657956694, 0.0000000000000000000, -0.1378594853070907733 ) ) ;
#84 = SURFACE_STYLE_FILL_AREA ( #2823 ) ;
#85 = LINE ( 'NONE', #2291, #2252 ) ;
#86 = CARTESIAN_POINT ( 'NONE',  ( 1.955379661434764715, -0.1250000000000000000, 0.2662140514692911686 ) ) ;
#87 = STYLED_ITEM ( 'NONE', ( #1134 ), #114 ) ;
#88 = AXIS2_PLACEMENT_3D ( 'NONE', #3431, #5687, #709 ) ;
#89 = EDGE_LOOP ( 'NONE', ( #250, #3760, #2380, #4090 ) ) ;
#90 = DIRECTION ( 'NONE',  ( 1.000000000000000000, -0.0000000000000000000, -1.370412358063294448E-16 ) ) ;
#91 = VECTOR ( 'NONE', #578, 1000.000000000000000 ) ;
#92 = EDGE_CURVE ( 'NONE', #2952, #32, #381, .T. ) ;
#93 =( NAMED_UNIT ( * ) SI_UNIT ( $, .STERADIAN. ) SOLID_ANGLE_UNIT ( ) );
#94 = ADVANCED_FACE ( 'NONE', ( #1915 ), #2067, .F. ) ;
#95 =( NAMED_UNIT ( * ) PLANE_ANGLE_UNIT ( ) SI_UNIT ( $, .RADIAN. ) );
#96 = AXIS2_PLACEMENT_3D ( 'NONE', #1763, #166, #3949 ) ;
#97 = CIRCLE ( 'NONE', #2292, 0.1000000000000000472 ) ;
#98 =( LENGTH_UNIT ( ) NAMED_UNIT ( * ) SI_UNIT ( .MILLI., .METRE. ) );
#99 =( NAMED_UNIT ( * ) SI_UNIT ( $, .STERADIAN. ) SOLID_ANGLE_UNIT ( ) );
#100 = CARTESIAN_POINT ( 'NONE',  ( -1.640975210307352938, -0.6250000000000000000, 0.4940000000000004943 ) ) ;
#101 = VERTEX_POINT ( 'NONE', #7079 ) ;
#102 = ORIENTED_EDGE ( 'NONE', *, *, #3876, .T. ) ;
#103 = EDGE_CURVE ( 'NONE', #5475, #985, #4261, .T. ) ;
#104 = FACE_OUTER_BOUND ( 'NONE', #1388, .T. ) ;
#105 = CARTESIAN_POINT ( 'NONE',  ( 2.054424841141345048, 0.3750000000000000000, 0.1799999999999997158 ) ) ;
#106 = ORIENTED_EDGE ( 'NONE', *, *, #1278, .T. ) ;
#107 = CARTESIAN_POINT ( 'NONE',  ( -2.450000000000000178, 0.1250000000000001110, 0.0000000000000000000 ) ) ;
#108 = ORIENTED_EDGE ( 'NONE', *, *, #2320, .T. ) ;
#109 = VERTEX_POINT ( 'NONE', #6012 ) ;
#110 = UNCERTAINTY_MEASURE_WITH_UNIT (LENGTH_MEASURE( 1.000000000000000082E-05 ), #5819, 'distance_accuracy_value', 'NONE');
#111 = EDGE_CURVE ( 'NONE', #6310, #2883, #2617, .T. ) ;
#112 = DIRECTION ( 'NONE',  ( 0.0000000000000000000, -1.000000000000000000, 0.0000000000000000000 ) ) ;
#113 = DIRECTION ( 'NONE',  ( 0.0000000000000000000, 1.000000000000000000, 0.0000000000000000000 ) ) ;
#114 = ADVANCED_BREP_SHAPE_REPRESENTATION ( '92690D80-4E04-4185-8830-B78D61E8077D', ( #6905, #4492 ), #2616 ) ;
#115 = VERTEX_POINT ( 'NONE', #1022 ) ;
#116 = CARTESIAN_POINT ( 'NONE',  ( -1.375410794124024338, -1.125000000000000222, 0.7731980538652447610 ) ) ;
#117 = SURFACE_SIDE_STYLE ('',( #189 ) ) ;
#118 = UNCERTAINTY_MEASURE_WITH_UNIT (LENGTH_MEASURE( 1.000000000000000082E-05 ), #1807, 'distance_accuracy_value', 'NONE');
#119 = CARTESIAN_POINT ( 'NONE',  ( -1.350000000000000533, 1.350000000000000089, 1.149999999999999911 ) ) ;
#120 = PRESENTATION_LAYER_ASSIGNMENT (  '', '', ( #1746 ) ) ;
#121 = FILL_AREA_STYLE_COLOUR ( '', #431 ) ;
#122 = ORIENTED_EDGE ( 'NONE', *, *, #3494, .F. ) ;
#123 = DIRECTION ( 'NONE',  ( 0.1378594853070949089, -0.0000000000000000000, 0.9904517970657951142 ) ) ;
#124 = FACE_OUTER_BOUND ( 'NONE', #3520, .T. ) ;
#125 = UNCERTAINTY_MEASURE_WITH_UNIT (LENGTH_MEASURE( 1.000000000000000082E-05 ), #6581, 'distance_accuracy_value', 'NONE');
#126 = LINE ( 'NONE', #5848, #2131 ) ;
#127 = FILL_AREA_STYLE_COLOUR ( '', #2149 ) ;
#128 = FACE_OUTER_BOUND ( 'NONE', #5222, .T. ) ;
#129 = DIRECTION ( 'NONE',  ( 0.0000000000000000000, 1.000000000000000000, 0.0000000000000000000 ) ) ;
#131 = AXIS2_PLACEMENT_3D ( 'NONE', #4684, #5816, #6352 ) ;
#130 = CARTESIAN_POINT ( 'NONE',  ( 2.054424841141346825, 0.1250000000000001110, 5.747759680298863667E-19 ) ) ;
#132 = CARTESIAN_POINT ( 'NONE',  ( -2.054424841141345048, 0.1250000000000001110, 0.2799999999999999711 ) ) ;
#133 = ORIENTED_EDGE ( 'NONE', *, *, #6760, .T. ) ;
#134 = DIRECTION ( 'NONE',  ( 0.0000000000000000000, 1.000000000000000000, 0.0000000000000000000 ) ) ;
#135 = COLOUR_RGB ( '',0.7529411764705882248, 0.7529411764705882248, 0.7529411764705882248 ) ;
#136 = CARTESIAN_POINT ( 'NONE',  ( -1.500000000000000444, -0.1250000000000000000, 0.6500000000000000222 ) ) ;
#137 = DIRECTION ( 'NONE',  ( -0.0000000000000000000, -0.2588190451025212946, -0.9659258262890680902 ) ) ;
#138 = SURFACE_STYLE_USAGE ( .BOTH. , #4598 ) ;
#139 = EDGE_LOOP ( 'NONE', ( #4575, #2773, #335, #182 ) ) ;
#140 = ORIENTED_EDGE ( 'NONE', *, *, #5167, .F. ) ;
#141 = ORIENTED_EDGE ( 'NONE', *, *, #2655, .T. ) ;
#142 =( GEOMETRIC_REPRESENTATION_CONTEXT ( 3 ) GLOBAL_UNCERTAINTY_ASSIGNED_CONTEXT ( ( #5054 ) ) GLOBAL_UNIT_ASSIGNED_CONTEXT ( ( #5369, #6895, #2604 ) ) REPRESENTATION_CONTEXT ( 'NONE', 'WORKASPACE' ) );
#143 = PLANE ( 'NONE',  #6931 ) ;
#144 = DIRECTION ( 'NONE',  ( 0.0000000000000000000, 1.000000000000000000, 0.0000000000000000000 ) ) ;
#145 = DIRECTION ( 'NONE',  ( 0.0000000000000000000, 1.000000000000000000, 0.0000000000000000000 ) ) ;
#146 = EDGE_CURVE ( 'NONE', #2295, #5017, #3191, .T. ) ;
#147 = VERTEX_POINT ( 'NONE', #6754 ) ;
#148 = SURFACE_STYLE_FILL_AREA ( #1727 ) ;
#149 = MECHANICAL_DESIGN_GEOMETRIC_PRESENTATION_REPRESENTATION (  '', ( #4550 ), #7030 ) ;
#150 = VERTEX_POINT ( 'NONE', #6721 ) ;
#151 = VECTOR ( 'NONE', #3585, 1000.000000000000114 ) ;
#152 = COLOUR_RGB ( '',0.7529411764705882248, 0.7529411764705882248, 0.7529411764705882248 ) ;
#153 = SURFACE_STYLE_FILL_AREA ( #4722 ) ;
#154 = VECTOR ( 'NONE', #2462, 1000.000000000000114 ) ;
#155 = MECHANICAL_DESIGN_GEOMETRIC_PRESENTATION_REPRESENTATION (  '', ( #3260 ), #5276 ) ;
#156 = LINE ( 'NONE', #1834, #4794 ) ;
#157 = AXIS2_PLACEMENT_3D ( 'NONE', #762, #1875, #2944 ) ;
#158 = ADVANCED_FACE ( 'NONE', ( #124 ), #2794, .F. ) ;
#159 = EDGE_LOOP ( 'NONE', ( #5563, #4062, #2522, #7236 ) ) ;
#160 =( NAMED_UNIT ( * ) SI_UNIT ( $, .STERADIAN. ) SOLID_ANGLE_UNIT ( ) );
#161 = PLANE ( 'NONE',  #5084 ) ;
#162 = PRESENTATION_LAYER_ASSIGNMENT (  '', '', ( #5409 ) ) ;
#163 = DIRECTION ( 'NONE',  ( 0.0000000000000000000, -0.1736481776669307198, 0.9848077530122080203 ) ) ;
#164 = VECTOR ( 'NONE', #3210, 1000.000000000000000 ) ;
#165 = CIRCLE ( 'NONE', #5169, 0.2799999999999998601 ) ;
#166 = DIRECTION ( 'NONE',  ( -0.9904517970657956694, 0.0000000000000000000, -0.1378594853070907733 ) ) ;
#167 = DIRECTION ( 'NONE',  ( 0.0000000000000000000, 0.0000000000000000000, 1.000000000000000000 ) ) ;
#168 = DIRECTION ( 'NONE',  ( 0.0000000000000000000, 1.000000000000000000, 0.0000000000000000000 ) ) ;
#169 = VECTOR ( 'NONE', #2861, 1000.000000000000114 ) ;
#170 = CARTESIAN_POINT ( 'NONE',  ( -1.740020390013932605, -0.6250000000000000000, 0.5077859485307089082 ) ) ;
#171 = VERTEX_POINT ( 'NONE', #3290 ) ;
#172 = UNCERTAINTY_MEASURE_WITH_UNIT (LENGTH_MEASURE( 1.000000000000000082E-05 ), #959, 'distance_accuracy_value', 'NONE');
#173 = ORIENTED_EDGE ( 'NONE', *, *, #4348, .F. ) ;
#174 = CARTESIAN_POINT ( 'NONE',  ( 1.375410794124024338, -0.3749999999999998890, 0.5939999999999999725 ) ) ;
#175 = AXIS2_PLACEMENT_3D ( 'NONE', #3471, #5729, #5265 ) ;
#176 = DIRECTION ( 'NONE',  ( 0.0000000000000000000, 1.000000000000000000, 0.0000000000000000000 ) ) ;
#177 = LINE ( 'NONE', #3889, #2008 ) ;
#178 = CARTESIAN_POINT ( 'NONE',  ( 1.500000000000000222, 0.1250000000000005551, 0.6500000000000000222 ) ) ;
#179 =( LENGTH_UNIT ( ) NAMED_UNIT ( * ) SI_UNIT ( .MILLI., .METRE. ) );
#180 = VECTOR ( 'NONE', #1738, 1000.000000000000000 ) ;
#181 = ORIENTED_EDGE ( 'NONE', *, *, #12, .F. ) ;
#182 = ORIENTED_EDGE ( 'NONE', *, *, #5621, .F. ) ;
#183 = EDGE_CURVE ( 'NONE', #6175, #6139, #2870, .T. ) ;
#184 =( LENGTH_UNIT ( ) NAMED_UNIT ( * ) SI_UNIT ( .MILLI., .METRE. ) );
#185 = ORIENTED_EDGE ( 'NONE', *, *, #6793, .T. ) ;
#186 = DIRECTION ( 'NONE',  ( -1.000000000000000000, -0.0000000000000000000, -2.041316732240672236E-15 ) ) ;
#187 = CIRCLE ( 'NONE', #2025, 0.1499999999999999667 ) ;
#188 = DIRECTION ( 'NONE',  ( 0.1378594853070949089, -0.0000000000000000000, 0.9904517970657951142 ) ) ;
#189 = SURFACE_STYLE_FILL_AREA ( #5109 ) ;
#190 = ORIENTED_EDGE ( 'NONE', *, *, #456, .F. ) ;
#191 = VECTOR ( 'NONE', #5937, 1000.000000000000114 ) ;
#192 = FILL_AREA_STYLE ('',( #3537 ) ) ;
#193 = EDGE_CURVE ( 'NONE', #101, #1682, #1697, .T. ) ;
#194 = DIRECTION ( 'NONE',  ( 0.0000000000000000000, 0.0000000000000000000, 1.000000000000000000 ) ) ;
#195 = SURFACE_SIDE_STYLE ('',( #3538 ) ) ;
#196 = ORIENTED_EDGE ( 'NONE', *, *, #5698, .F. ) ;
#197 = DIRECTION ( 'NONE',  ( 1.000000000000000000, -0.0000000000000000000, -4.080918178602890545E-16 ) ) ;
#198 = CARTESIAN_POINT ( 'NONE',  ( 1.955379661434764715, -0.1250000000000000000, 0.2662140514692911686 ) ) ;
#199 = DIRECTION ( 'NONE',  ( -0.0000000000000000000, -1.000000000000000000, -0.0000000000000000000 ) ) ;
#200 = AXIS2_PLACEMENT_3D ( 'NONE', #748, #1860, #4050 ) ;
#201 = VECTOR ( 'NONE', #5561, 1000.000000000000000 ) ;
#202 = ADVANCED_FACE ( 'NONE', ( #2765 ), #6234, .T. ) ;
#203 = SURFACE_STYLE_USAGE ( .BOTH. , #5849 ) ;
#204 = CARTESIAN_POINT ( 'NONE',  ( -1.777098337962921937, -0.3749999999999998890, 0.2413993441140163121 ) ) ;
#205 = AXIS2_PLACEMENT_3D ( 'NONE', #5994, #1425, #5918 ) ;
#206 = CARTESIAN_POINT ( 'NONE',  ( 1.740020390013932605, -0.1250000000000000000, 0.5077859485307089082 ) ) ;
#207 = CIRCLE ( 'NONE', #1038, 0.2799999999999998601 ) ;
#208 = FILL_AREA_STYLE ('',( #3067 ) ) ;
#209 = DIRECTION ( 'NONE',  ( 0.0000000000000000000, 1.000000000000000000, 0.0000000000000000000 ) ) ;
#210 = VERTEX_POINT ( 'NONE', #1280 ) ;
#211 = ORIENTED_EDGE ( 'NONE', *, *, #5041, .T. ) ;
#212 = COLOUR_RGB ( '',0.7529411764705882248, 0.7529411764705882248, 0.7529411764705882248 ) ;
#213 = SURFACE_STYLE_USAGE ( .BOTH. , #1814 ) ;
#214 = FILL_AREA_STYLE ('',( #5859 ) ) ;
#215 = PLANE ( 'NONE',  #4957 ) ;
#216 = ORIENTED_EDGE ( 'NONE', *, *, #5610, .T. ) ;
#217 =( GEOMETRIC_REPRESENTATION_CONTEXT ( 3 ) GLOBAL_UNCERTAINTY_ASSIGNED_CONTEXT ( ( #7161 ) ) GLOBAL_UNIT_ASSIGNED_CONTEXT ( ( #3724, #2641, #1624 ) ) REPRESENTATION_CONTEXT ( 'NONE', 'WORKASPACE' ) );
#218 = CARTESIAN_POINT ( 'NONE',  ( -1.640975210307352938, 0.1250000000000001110, 0.4940000000000004943 ) ) ;
#219 = ORIENTED_EDGE ( 'NONE', *, *, #2392, .F. ) ;
#220 = ORIENTED_EDGE ( 'NONE', *, *, #6793, .F. ) ;
#221 = SURFACE_STYLE_FILL_AREA ( #6909 ) ;
#222 = SURFACE_STYLE_USAGE ( .BOTH. , #2886 ) ;
#223 = CYLINDRICAL_SURFACE ( 'NONE', #3910, 0.1000000000000002554 ) ;
#224 = ORIENTED_EDGE ( 'NONE', *, *, #6868, .F. ) ;
#225 = ADVANCED_FACE ( 'NONE', ( #3441 ), #5691, .T. ) ;
#226 = SURFACE_STYLE_USAGE ( .BOTH. , #1926 ) ;
#227 = ORIENTED_EDGE ( 'NONE', *, *, #1954, .F. ) ;
#228 = CARTESIAN_POINT ( 'NONE',  ( 2.450000000000000178, -0.6250000000000000000, 0.0000000000000000000 ) ) ;
#229 =( LENGTH_UNIT ( ) NAMED_UNIT ( * ) SI_UNIT ( .MILLI., .METRE. ) );
#230 = LINE ( 'NONE', #5340, #6610 ) ;
#231 = ORIENTED_EDGE ( 'NONE', *, *, #2428, .F. ) ;
#232 = SURFACE_SIDE_STYLE ('',( #5772 ) ) ;
#233 =( NAMED_UNIT ( * ) PLANE_ANGLE_UNIT ( ) SI_UNIT ( $, .RADIAN. ) );
#234 = SURFACE_SIDE_STYLE ('',( #5233 ) ) ;
#235 = SURFACE_STYLE_USAGE ( .BOTH. , #5234 ) ;
#236 = EDGE_CURVE ( 'NONE', #2854, #6633, #4170, .T. ) ;
#237 = CARTESIAN_POINT ( 'NONE',  ( -2.054424841141344604, -1.125000000000000222, 0.2799999999999999711 ) ) ;
#238 = CARTESIAN_POINT ( 'NONE',  ( 1.641086831975067550, 0.6250000000000001110, 0.4931980538652447343 ) ) ;
#239 = SURFACE_STYLE_FILL_AREA ( #6360 ) ;
#240 = EDGE_CURVE ( 'NONE', #3014, #3019, #3515, .T. ) ;
#241 = CARTESIAN_POINT ( 'NONE',  ( 2.450000000000000178, 0.3750000000000000000, 0.0000000000000000000 ) ) ;
#242 = ORIENTED_EDGE ( 'NONE', *, *, #4844, .T. ) ;
#243 = AXIS2_PLACEMENT_3D ( 'NONE', #3419, #5677, #4951 ) ;
#244 = UNCERTAINTY_MEASURE_WITH_UNIT (LENGTH_MEASURE( 1.000000000000000082E-05 ), #2480, 'distance_accuracy_value', 'NONE');
#245 = DIRECTION ( 'NONE',  ( -1.000000000000000000, 0.0000000000000000000, -2.041316732240672236E-15 ) ) ;
#246 = DIRECTION ( 'NONE',  ( 1.000000000000000000, -0.0000000000000000000, -1.370412358063294448E-16 ) ) ;
#247 = DIRECTION ( 'NONE',  ( 0.1378594853070949089, 0.0000000000000000000, -0.9904517970657951142 ) ) ;
#248 = ORIENTED_EDGE ( 'NONE', *, *, #6215, .F. ) ;
#249 = VERTEX_POINT ( 'NONE', #263 ) ;
#250 = ORIENTED_EDGE ( 'NONE', *, *, #3279, .T. ) ;
#251 = STYLED_ITEM ( 'NONE', ( #4921 ), #1191 ) ;
#252 = ORIENTED_EDGE ( 'NONE', *, *, #2074, .F. ) ;
#253 = CARTESIAN_POINT ( 'NONE',  ( 1.641086831975065774, 0.3750000000000000000, 0.7731980538652448720 ) ) ;
#254 = FILL_AREA_STYLE ('',( #4719 ) ) ;
#255 = UNCERTAINTY_MEASURE_WITH_UNIT (LENGTH_MEASURE( 1.000000000000000082E-05 ), #4686, 'distance_accuracy_value', 'NONE');
#256 = VERTEX_POINT ( 'NONE', #4685 ) ;
#257 = UNCERTAINTY_MEASURE_WITH_UNIT (LENGTH_MEASURE( 1.000000000000000082E-05 ), #5972, 'distance_accuracy_value', 'NONE');
#258 = DIRECTION ( 'NONE',  ( 0.0000000000000000000, 0.0000000000000000000, -1.000000000000000000 ) ) ;
#259 = VECTOR ( 'NONE', #144, 1000.000000000000000 ) ;
#260 = ORIENTED_EDGE ( 'NONE', *, *, #768, .T. ) ;
#261 =( NAMED_UNIT ( * ) SI_UNIT ( $, .STERADIAN. ) SOLID_ANGLE_UNIT ( ) );
#262 = LINE ( 'NONE', #5923, #1079 ) ;
#263 = CARTESIAN_POINT ( 'NONE',  ( -1.411836509645767679, -1.350000000000000089, 0.1499999999999999667 ) ) ;
#265 = STYLED_ITEM ( 'NONE', ( #3740 ), #1618 ) ;
#264 = CARTESIAN_POINT ( 'NONE',  ( 2.450000000000000178, 1.125000000000000222, 0.0000000000000000000 ) ) ;
#266 = CARTESIAN_POINT ( 'NONE',  ( -1.777098337962921937, -0.6250000000000000000, 0.2413993441140163121 ) ) ;
#267 = VECTOR ( 'NONE', #2528, 1000.000000000000000 ) ;
#268 = AXIS2_PLACEMENT_3D ( 'NONE', #837, #1851, #4657 ) ;
#269 = EDGE_CURVE ( 'NONE', #4543, #5649, #2466, .T. ) ;
#270 = EDGE_CURVE ( 'NONE', #985, #6674, #5196, .T. ) ;
#271 = FACE_OUTER_BOUND ( 'NONE', #2888, .T. ) ;
#272 = CIRCLE ( 'NONE', #5745, 0.2800000000000000822 ) ;
#273 =( LENGTH_UNIT ( ) NAMED_UNIT ( * ) SI_UNIT ( .MILLI., .METRE. ) );
#274 = AXIS2_PLACEMENT_3D ( 'NONE', #6282, #129, #3991 ) ;
#275 = FILL_AREA_STYLE_COLOUR ( '', #6713 ) ;
#276 = PRESENTATION_LAYER_ASSIGNMENT (  '', '', ( #1230 ) ) ;
#277 = ORIENTED_EDGE ( 'NONE', *, *, #1745, .F. ) ;
#278 = STYLED_ITEM ( 'NONE', ( #318 ), #5820 ) ;
#280 = EDGE_CURVE ( 'NONE', #7058, #647, #1434, .T. ) ;
#279 = DIRECTION ( 'NONE',  ( 0.0000000000000000000, 0.0000000000000000000, 1.000000000000000000 ) ) ;
#282 = STYLED_ITEM ( 'NONE', ( #2201 ), #3301 ) ;
#281 = DIRECTION ( 'NONE',  ( 1.000000000000000000, 0.0000000000000000000, 4.080918178602890545E-16 ) ) ;
#283 = COLOUR_RGB ( '',0.7529411764705882248, 0.7529411764705882248, 0.7529411764705882248 ) ;
#284 = DIRECTION ( 'NONE',  ( 0.0000000000000000000, -0.0000000000000000000, 1.000000000000000000 ) ) ;
#285 = VERTEX_POINT ( 'NONE', #1375 ) ;
#286 =( GEOMETRIC_REPRESENTATION_CONTEXT ( 3 ) GLOBAL_UNCERTAINTY_ASSIGNED_CONTEXT ( ( #6016 ) ) GLOBAL_UNIT_ASSIGNED_CONTEXT ( ( #5344, #2537, #6539 ) ) REPRESENTATION_CONTEXT ( 'NONE', 'WORKASPACE' ) );
#287 = ORIENTED_EDGE ( 'NONE', *, *, #6973, .T. ) ;
#288 = STYLED_ITEM ( 'NONE', ( #5428 ), #3530 ) ;
#289 = FACE_OUTER_BOUND ( 'NONE', #3818, .T. ) ;
#291 = EDGE_CURVE ( 'NONE', #1219, #1882, #97, .T. ) ;
#290 = DIRECTION ( 'NONE',  ( 0.0000000000000000000, 1.000000000000000000, 0.0000000000000000000 ) ) ;
#292 = CARTESIAN_POINT ( 'NONE',  ( 1.641086831975067550, -0.1250000000000000000, 0.4931980538652447343 ) ) ;
#293 = ORIENTED_EDGE ( 'NONE', *, *, #1665, .T. ) ;
#294 = CARTESIAN_POINT ( 'NONE',  ( 2.054424841141345048, -0.3749999999999998890, 0.2799999999999999711 ) ) ;
#295 = ORIENTED_EDGE ( 'NONE', *, *, #5010, .F. ) ;
#296 = DIRECTION ( 'NONE',  ( 0.0000000000000000000, 0.0000000000000000000, 1.000000000000000000 ) ) ;
#297 = LINE ( 'NONE', #5769, #2121 ) ;
#298 = AXIS2_PLACEMENT_3D ( 'NONE', #3840, #5118, #3947 ) ;
#299 = ORIENTED_EDGE ( 'NONE', *, *, #4256, .F. ) ;
#300 = CARTESIAN_POINT ( 'NONE',  ( -1.375410794124024338, 0.3750000000000000000, 0.7731980538652447610 ) ) ;
#301 = CARTESIAN_POINT ( 'NONE',  ( 1.955379661434764715, 0.3750000000000000000, 0.2662140514692911686 ) ) ;
#302 = CARTESIAN_POINT ( 'NONE',  ( -1.466989180957722017, 0.1250000000000001110, 0.7731980538652448720 ) ) ;
#303 = FACE_OUTER_BOUND ( 'NONE', #1155, .T. ) ;
#304 = PRESENTATION_STYLE_ASSIGNMENT (( #3472 ) ) ;
#305 = PRESENTATION_LAYER_ASSIGNMENT (  '', '', ( #3294 ) ) ;
#306 =( NAMED_UNIT ( * ) PLANE_ANGLE_UNIT ( ) SI_UNIT ( $, .RADIAN. ) );
#307 = VECTOR ( 'NONE', #3580, 1000.000000000000000 ) ;
#308 = SURFACE_SIDE_STYLE ('',( #4767 ) ) ;
#309 = STYLED_ITEM ( 'NONE', ( #4679 ), #6767 ) ;
#310 = EDGE_CURVE ( 'NONE', #3589, #256, #3780, .T. ) ;
#311 = CARTESIAN_POINT ( 'NONE',  ( -1.500000000000000444, -0.8749999999999998890, 0.6500000000000000222 ) ) ;
#312 = MECHANICAL_DESIGN_GEOMETRIC_PRESENTATION_REPRESENTATION (  '', ( #1719 ), #5324 ) ;
#313 = ORIENTED_EDGE ( 'NONE', *, *, #4195, .F. ) ;
#314 = ADVANCED_FACE ( 'NONE', ( #5773 ), #3612, .T. ) ;
#315 = FACE_OUTER_BOUND ( 'NONE', #2915, .T. ) ;
#316 = MECHANICAL_DESIGN_GEOMETRIC_PRESENTATION_REPRESENTATION (  '', ( #87 ), #4122 ) ;
#317 = AXIS2_PLACEMENT_3D ( 'NONE', #4464, #7223, #4396 ) ;
#318 = PRESENTATION_STYLE_ASSIGNMENT (( #3106 ) ) ;
#319 = STYLED_ITEM ( 'NONE', ( #5070 ), #4486 ) ;
#320 = FACE_OUTER_BOUND ( 'NONE', #6538, .T. ) ;
#321 = DIRECTION ( 'NONE',  ( 0.0000000000000000000, 1.000000000000000000, -0.0000000000000000000 ) ) ;
#322 = PRESENTATION_STYLE_ASSIGNMENT (( #879 ) ) ;
#323 = FACE_OUTER_BOUND ( 'NONE', #483, .T. ) ;
#324 = ORIENTED_EDGE ( 'NONE', *, *, #6887, .F. ) ;
#325 = ADVANCED_FACE ( 'NONE', ( #6084 ), #2177, .F. ) ;
#326 = VECTOR ( 'NONE', #5423, 1000.000000000000000 ) ;
#327 = ORIENTED_EDGE ( 'NONE', *, *, #4257, .T. ) ;
#328 = DIRECTION ( 'NONE',  ( 1.000000000000000000, 0.0000000000000000000, 4.080918178602890545E-16 ) ) ;
#329 = CARTESIAN_POINT ( 'NONE',  ( -1.641086831975067550, -1.125000000000000222, 0.4931980538652447343 ) ) ;
#330 = CARTESIAN_POINT ( 'NONE',  ( 2.054424841141345048, 1.125000000000000222, 0.2799999999999999711 ) ) ;
#331 = ORIENTED_EDGE ( 'NONE', *, *, #3835, .F. ) ;
#332 = SURFACE_STYLE_FILL_AREA ( #5876 ) ;
#333 = EDGE_CURVE ( 'NONE', #5671, #3959, #3893, .T. ) ;
#334 = FACE_OUTER_BOUND ( 'NONE', #1621, .T. ) ;
#335 = ORIENTED_EDGE ( 'NONE', *, *, #4587, .T. ) ;
#336 = CARTESIAN_POINT ( 'NONE',  ( 1.955379661434764715, 1.125000000000000222, 0.2662140514692911686 ) ) ;
#337 = DIRECTION ( 'NONE',  ( 0.0000000000000000000, 1.000000000000000000, 0.0000000000000000000 ) ) ;
#338 = ORIENTED_EDGE ( 'NONE', *, *, #6663, .F. ) ;
#339 = DIRECTION ( 'NONE',  ( 0.0000000000000000000, 0.0000000000000000000, 1.000000000000000000 ) ) ;
#340 = DIRECTION ( 'NONE',  ( 1.000000000000000000, -0.0000000000000000000, -4.080918178602890545E-16 ) ) ;
#341 = DIRECTION ( 'NONE',  ( 1.000000000000000000, 0.0000000000000000000, 0.0000000000000000000 ) ) ;
#342 = CARTESIAN_POINT ( 'NONE',  ( 2.450000000000000178, -0.6250000000000000000, 0.0000000000000000000 ) ) ;
#343 =( LENGTH_UNIT ( ) NAMED_UNIT ( * ) SI_UNIT ( .MILLI., .METRE. ) );
#344 = DIRECTION ( 'NONE',  ( 1.453013302676229291E-18, 0.0000000000000000000, -1.000000000000000000 ) ) ;
#345 =( LENGTH_UNIT ( ) NAMED_UNIT ( * ) SI_UNIT ( .MILLI., .METRE. ) );
#346 = LINE ( 'NONE', #7027, #3878 ) ;
#347 = ORIENTED_EDGE ( 'NONE', *, *, #4847, .F. ) ;
#348 = LINE ( 'NONE', #7164, #5776 ) ;
#349 = MECHANICAL_DESIGN_GEOMETRIC_PRESENTATION_REPRESENTATION (  '', ( #6675 ), #2196 ) ;
#350 = FILL_AREA_STYLE_COLOUR ( '', #7051 ) ;
#351 =( LENGTH_UNIT ( ) NAMED_UNIT ( * ) SI_UNIT ( .MILLI., .METRE. ) );
#353 = COLOUR_RGB ( '',0.7529411764705882248, 0.7529411764705882248, 0.7529411764705882248 ) ;
#352 = LINE ( 'NONE', #5245, #785 ) ;
#354 = CARTESIAN_POINT ( 'NONE',  ( 1.641086831975067550, -1.125000000000000222, 0.4931980538652447343 ) ) ;
#355 = ORIENTED_EDGE ( 'NONE', *, *, #2878, .F. ) ;
#356 = ORIENTED_EDGE ( 'NONE', *, *, #6130, .T. ) ;
#357 = CARTESIAN_POINT ( 'NONE',  ( -2.450000000000000178, -1.125000000000000222, 0.1799999999999999933 ) ) ;
#358 = ADVANCED_FACE ( 'NONE', ( #374 ), #2062, .T. ) ;
#359 = EDGE_CURVE ( 'NONE', #921, #3354, #7066, .T. ) ;
#360 = SURFACE_SIDE_STYLE ('',( #4192 ) ) ;
#361 = ORIENTED_EDGE ( 'NONE', *, *, #768, .F. ) ;
#362 = DIRECTION ( 'NONE',  ( 0.0000000000000000000, 1.000000000000000000, 0.0000000000000000000 ) ) ;
#363 = FILL_AREA_STYLE_COLOUR ( '', #6813 ) ;
#364 = CIRCLE ( 'NONE', #6790, 0.09999999999999993616 ) ;
#365 = DIRECTION ( 'NONE',  ( -0.0000000000000000000, -1.000000000000000000, 0.0000000000000000000 ) ) ;
#366 = ORIENTED_EDGE ( 'NONE', *, *, #1311, .F. ) ;
#367 = CARTESIAN_POINT ( 'NONE',  ( 2.450000000000000178, 0.3750000000000000000, 0.1799999999999999933 ) ) ;
#368 = FILL_AREA_STYLE ('',( #895 ) ) ;
#369 = LINE ( 'NONE', #4059, #2118 ) ;
#370 = LINE ( 'NONE', #5479, #164 ) ;
#371 = VERTEX_POINT ( 'NONE', #2029 ) ;
#372 = LINE ( 'NONE', #4247, #7076 ) ;
#373 = CARTESIAN_POINT ( 'NONE',  ( 1.500000000000000000, -1.125000000000000222, 0.6500000000000000222 ) ) ;
#374 = FACE_OUTER_BOUND ( 'NONE', #2334, .T. ) ;
#375 = PRESENTATION_STYLE_ASSIGNMENT (( #975 ) ) ;
#376 =( LENGTH_UNIT ( ) NAMED_UNIT ( * ) SI_UNIT ( .MILLI., .METRE. ) );
#377 = VECTOR ( 'NONE', #3637, 1000.000000000000000 ) ;
#378 = PRESENTATION_LAYER_ASSIGNMENT (  '', '', ( #4915 ) ) ;
#379 =( NAMED_UNIT ( * ) SI_UNIT ( $, .STERADIAN. ) SOLID_ANGLE_UNIT ( ) );
#380 = FACE_OUTER_BOUND ( 'NONE', #3712, .T. ) ;
#381 = LINE ( 'NONE', #3730, #326 ) ;
#382 =( NAMED_UNIT ( * ) PLANE_ANGLE_UNIT ( ) SI_UNIT ( $, .RADIAN. ) );
#383 = DIRECTION ( 'NONE',  ( -1.000000000000000000, -0.0000000000000000000, -1.453013302676229099E-18 ) ) ;
#384 = ORIENTED_EDGE ( 'NONE', *, *, #6178, .T. ) ;
#385 = VECTOR ( 'NONE', #6338, 1000.000000000000000 ) ;
#386 = CARTESIAN_POINT ( 'NONE',  ( -1.740020390013932605, -0.6250000000000000000, 0.5077859485307089082 ) ) ;
#387 = VECTOR ( 'NONE', #5901, 1000.000000000000114 ) ;
#388 = MECHANICAL_DESIGN_GEOMETRIC_PRESENTATION_REPRESENTATION (  '', ( #3499 ), #4803 ) ;
#389 = DIRECTION ( 'NONE',  ( -1.000000000000000000, 0.0000000000000000000, 0.0000000000000000000 ) ) ;
#390 =( GEOMETRIC_REPRESENTATION_CONTEXT ( 3 ) GLOBAL_UNCERTAINTY_ASSIGNED_CONTEXT ( ( #2333 ) ) GLOBAL_UNIT_ASSIGNED_CONTEXT ( ( #3790, #2244, #4466 ) ) REPRESENTATION_CONTEXT ( 'NONE', 'WORKASPACE' ) );
#391 = LINE ( 'NONE', #3228, #652 ) ;
#392 = VECTOR ( 'NONE', #1334, 1000.000000000000000 ) ;
#393 = PRESENTATION_LAYER_ASSIGNMENT (  '', '', ( #3499 ) ) ;
#394 = FILL_AREA_STYLE_COLOUR ( '', #1921 ) ;
#395 = VERTEX_POINT ( 'NONE', #1543 ) ;
#396 = UNCERTAINTY_MEASURE_WITH_UNIT (LENGTH_MEASURE( 1.000000000000000082E-05 ), #528, 'distance_accuracy_value', 'NONE');
#397 = ORIENTED_EDGE ( 'NONE', *, *, #7116, .F. ) ;
#398 = STYLED_ITEM ( 'NONE', ( #4496 ), #5711 ) ;
#399 = FILL_AREA_STYLE ('',( #6029 ) ) ;
#400 =( NAMED_UNIT ( * ) PLANE_ANGLE_UNIT ( ) SI_UNIT ( $, .RADIAN. ) );
#401 = FILL_AREA_STYLE_COLOUR ( '', #1637 ) ;
#402 = PRESENTATION_LAYER_ASSIGNMENT (  '', '', ( #5753 ) ) ;
#403 = EDGE_LOOP ( 'NONE', ( #6669, #6945, #2018, #5823 ) ) ;
#404 = CARTESIAN_POINT ( 'NONE',  ( -2.450000000000000178, -1.125000000000000222, 0.0000000000000000000 ) ) ;
#405 = STYLED_ITEM ( 'NONE', ( #322 ), #3398 ) ;
#406 = DIRECTION ( 'NONE',  ( -0.9904517970657956694, 0.0000000000000000000, -0.1378594853070907733 ) ) ;
#407 = CARTESIAN_POINT ( 'NONE',  ( -1.777098337962921937, 1.125000000000000222, 0.2413993441140163121 ) ) ;
#408 = ORIENTED_EDGE ( 'NONE', *, *, #5095, .F. ) ;
#409 = CARTESIAN_POINT ( 'NONE',  ( 1.500000000000000222, 0.6250000000000003331, 0.6500000000000000222 ) ) ;
#410 = MECHANICAL_DESIGN_GEOMETRIC_PRESENTATION_REPRESENTATION (  '', ( #3282 ), #1350 ) ;
#411 = EDGE_CURVE ( 'NONE', #4378, #3258, #4208, .T. ) ;
#412 = DIRECTION ( 'NONE',  ( -0.0000000000000000000, -0.0000000000000000000, -1.000000000000000000 ) ) ;
#413 = ORIENTED_EDGE ( 'NONE', *, *, #4517, .F. ) ;
#414 = DIRECTION ( 'NONE',  ( 0.0000000000000000000, 1.000000000000000000, 0.0000000000000000000 ) ) ;
#415 = LINE ( 'NONE', #7110, #2786 ) ;
#416 = FILL_AREA_STYLE_COLOUR ( '', #1499 ) ;
#417 = AXIS2_PLACEMENT_3D ( 'NONE', #119, #4666, #4117 ) ;
#418 = CARTESIAN_POINT ( 'NONE',  ( -2.450000000000000178, -0.6250000000000000000, 0.0000000000000000000 ) ) ;
#419 =( GEOMETRIC_REPRESENTATION_CONTEXT ( 3 ) GLOBAL_UNCERTAINTY_ASSIGNED_CONTEXT ( ( #6510 ) ) GLOBAL_UNIT_ASSIGNED_CONTEXT ( ( #2218, #6817, #6779 ) ) REPRESENTATION_CONTEXT ( 'NONE', 'WORKASPACE' ) );
#420 = LINE ( 'NONE', #3134, #1242 ) ;
#421 = ADVANCED_FACE ( 'NONE', ( #6507 ), #6617, .T. ) ;
#422 =( LENGTH_UNIT ( ) NAMED_UNIT ( * ) SI_UNIT ( .MILLI., .METRE. ) );
#423 = VECTOR ( 'NONE', #6064, 1000.000000000000000 ) ;
#424 = DIRECTION ( 'NONE',  ( -0.2588190451025213501, -0.0000000000000000000, 0.9659258262890680902 ) ) ;
#425 = CARTESIAN_POINT ( 'NONE',  ( -2.450000000000000178, 0.3750000000000000000, 0.0000000000000000000 ) ) ;
#426 = LINE ( 'NONE', #7160, #1898 ) ;
#427 = ORIENTED_EDGE ( 'NONE', *, *, #2444, .T. ) ;
#428 = COLOUR_RGB ( '',0.7529411764705882248, 0.7529411764705882248, 0.7529411764705882248 ) ;
#429 = EDGE_CURVE ( 'NONE', #4342, #1977, #3246, .T. ) ;
#430 = PRESENTATION_LAYER_ASSIGNMENT (  '', '', ( #5778 ) ) ;
#431 = COLOUR_RGB ( '',0.7960784313725489669, 0.8235294117647058432, 0.9372549019607843146 ) ;
#432 = DIRECTION ( 'NONE',  ( 0.0000000000000000000, 0.0000000000000000000, -1.000000000000000000 ) ) ;
#433 = CARTESIAN_POINT ( 'NONE',  ( -2.450000000000000178, 0.3750000000000000000, 0.1799999999999999933 ) ) ;
#434 =( NAMED_UNIT ( * ) PLANE_ANGLE_UNIT ( ) SI_UNIT ( $, .RADIAN. ) );
#435 = VECTOR ( 'NONE', #5459, 1000.000000000000000 ) ;
#436 = LINE ( 'NONE', #2626, #5549 ) ;
#437 = SURFACE_STYLE_USAGE ( .BOTH. , #5751 ) ;
#438 = ORIENTED_EDGE ( 'NONE', *, *, #3164, .T. ) ;
#439 = ORIENTED_EDGE ( 'NONE', *, *, #2402, .F. ) ;
#440 = DIRECTION ( 'NONE',  ( 0.0000000000000000000, -0.0000000000000000000, -1.000000000000000000 ) ) ;
#441 = STYLED_ITEM ( 'NONE', ( #4138 ), #7212 ) ;
#442 =( NAMED_UNIT ( * ) PLANE_ANGLE_UNIT ( ) SI_UNIT ( $, .RADIAN. ) );
#443 = LINE ( 'NONE', #2087, #2808 ) ;
#444 = DIRECTION ( 'NONE',  ( 0.0000000000000000000, 0.0000000000000000000, 1.000000000000000000 ) ) ;
#445 = CARTESIAN_POINT ( 'NONE',  ( -2.450000000000000178, 0.6250000000000001110, 0.0000000000000000000 ) ) ;
#446 = VERTEX_POINT ( 'NONE', #1728 ) ;
#447 = CARTESIAN_POINT ( 'NONE',  ( -1.740020390013932605, -1.125000000000000222, 0.5077859485307089082 ) ) ;
#448 = PRESENTATION_LAYER_ASSIGNMENT (  '', '', ( #1378 ) ) ;
#449 = SURFACE_STYLE_USAGE ( .BOTH. , #1533 ) ;
#450 = LINE ( 'NONE', #1005, #531 ) ;
#451 = VERTEX_POINT ( 'NONE', #1788 ) ;
#452 = DIRECTION ( 'NONE',  ( 0.0000000000000000000, 0.0000000000000000000, -1.000000000000000000 ) ) ;
#453 = AXIS2_PLACEMENT_3D ( 'NONE', #2398, #1337, #6960 ) ;
#454 = FACE_OUTER_BOUND ( 'NONE', #733, .T. ) ;
#455 = CARTESIAN_POINT ( 'NONE',  ( 1.500000000000000444, -1.124999999999999334, 0.6500000000000000222 ) ) ;
#456 = EDGE_CURVE ( 'NONE', #1372, #34, #2527, .T. ) ;
#457 = EDGE_LOOP ( 'NONE', ( #1292, #1221, #2410, #5915 ) ) ;
#458 = FILL_AREA_STYLE ('',( #5958 ) ) ;
#459 = DIRECTION ( 'NONE',  ( 0.0000000000000000000, 1.000000000000000000, 0.0000000000000000000 ) ) ;
#460 =( NAMED_UNIT ( * ) SI_UNIT ( $, .STERADIAN. ) SOLID_ANGLE_UNIT ( ) );
#461 = DIRECTION ( 'NONE',  ( 0.0000000000000000000, 1.000000000000000000, 0.0000000000000000000 ) ) ;
#462 = LINE ( 'NONE', #4764, #6967 ) ;
#463 =( NAMED_UNIT ( * ) PLANE_ANGLE_UNIT ( ) SI_UNIT ( $, .RADIAN. ) );
#464 = CARTESIAN_POINT ( 'NONE',  ( -1.955379661434764715, 0.8750000000000000000, 0.2662140514692911686 ) ) ;
#465 = EDGE_CURVE ( 'NONE', #3466, #3449, #3285, .T. ) ;
#466 = DIRECTION ( 'NONE',  ( 0.0000000000000000000, 1.000000000000000000, 0.0000000000000000000 ) ) ;
#467 = DIRECTION ( 'NONE',  ( -0.0000000000000000000, -1.000000000000000000, -0.0000000000000000000 ) ) ;
#468 = LINE ( 'NONE', #6628, #3060 ) ;
#469 = EDGE_LOOP ( 'NONE', ( #3906, #2882, #3837, #6725 ) ) ;
#470 = DIRECTION ( 'NONE',  ( 0.0000000000000000000, 0.0000000000000000000, 1.000000000000000000 ) ) ;
#471 = CARTESIAN_POINT ( 'NONE',  ( -2.054424841141345048, -0.1250000000000000000, 0.1799999999999999101 ) ) ;
#472 = SURFACE_STYLE_FILL_AREA ( #7207 ) ;
#473 =( LENGTH_UNIT ( ) NAMED_UNIT ( * ) SI_UNIT ( .MILLI., .METRE. ) );
#474 = EDGE_LOOP ( 'NONE', ( #5494, #6107, #1365, #1769 ) ) ;
#475 = MECHANICAL_DESIGN_GEOMETRIC_PRESENTATION_REPRESENTATION (  '', ( #6775 ), #6077 ) ;
#476 = VERTEX_POINT ( 'NONE', #6156 ) ;
#477 = FACE_OUTER_BOUND ( 'NONE', #4049, .T. ) ;
#478 =( NAMED_UNIT ( * ) SI_UNIT ( $, .STERADIAN. ) SOLID_ANGLE_UNIT ( ) );
#479 = SURFACE_SIDE_STYLE ('',( #3201 ) ) ;
#480 = EDGE_CURVE ( 'NONE', #6738, #5186, #82, .T. ) ;
#481 = CARTESIAN_POINT ( 'NONE',  ( -2.450000000000000178, 0.3750000000000000000, 0.0000000000000000000 ) ) ;
#482 = LINE ( 'NONE', #445, #4520 ) ;
#483 = EDGE_LOOP ( 'NONE', ( #1922, #2511, #231, #3414 ) ) ;
#484 = DIRECTION ( 'NONE',  ( 1.000000000000000000, 0.0000000000000000000, 0.0000000000000000000 ) ) ;
#485 = SURFACE_STYLE_USAGE ( .BOTH. , #5477 ) ;
#486 = ORIENTED_EDGE ( 'NONE', *, *, #429, .T. ) ;
#487 = MECHANICAL_DESIGN_GEOMETRIC_PRESENTATION_REPRESENTATION (  '', ( #2319 ), #3229 ) ;
#488 =( NAMED_UNIT ( * ) SI_UNIT ( $, .STERADIAN. ) SOLID_ANGLE_UNIT ( ) );
#489 = LINE ( 'NONE', #3090, #267 ) ;
#490 =( LENGTH_UNIT ( ) NAMED_UNIT ( * ) SI_UNIT ( .MILLI., .METRE. ) );
#491 = LINE ( 'NONE', #6080, #3266 ) ;
#492 = VECTOR ( 'NONE', #1836, 1000.000000000000000 ) ;
#493 = ORIENTED_EDGE ( 'NONE', *, *, #2746, .F. ) ;
#494 = CARTESIAN_POINT ( 'NONE',  ( -1.641086831975067550, -0.6250000000000000000, 0.4931980538652447343 ) ) ;
#495 = DIRECTION ( 'NONE',  ( -0.0000000000000000000, -1.000000000000000000, -0.0000000000000000000 ) ) ;
#496 = PRESENTATION_STYLE_ASSIGNMENT (( #5034 ) ) ;
#497 = MECHANICAL_DESIGN_GEOMETRIC_PRESENTATION_REPRESENTATION (  '', ( #6335 ), #1534 ) ;
#498 = LINE ( 'NONE', #3219, #4557 ) ;
#499 =( LENGTH_UNIT ( ) NAMED_UNIT ( * ) SI_UNIT ( .MILLI., .METRE. ) );
#500 = CARTESIAN_POINT ( 'NONE',  ( -1.955379661434764715, -0.6250000000000000000, 0.2662140514692911686 ) ) ;
#502 = MECHANICAL_DESIGN_GEOMETRIC_PRESENTATION_REPRESENTATION (  '', ( #7159 ), #967 ) ;
#501 = CARTESIAN_POINT ( 'NONE',  ( -1.411836509645767679, 1.350000000000000089, 0.1499999999999999667 ) ) ;
#503 = FACE_OUTER_BOUND ( 'NONE', #2668, .T. ) ;
#504 = UNCERTAINTY_MEASURE_WITH_UNIT (LENGTH_MEASURE( 1.000000000000000082E-05 ), #1957, 'distance_accuracy_value', 'NONE');
#505 = EDGE_LOOP ( 'NONE', ( #4281, #6399, #140, #6533 ) ) ;
#506 = EDGE_CURVE ( 'NONE', #3230, #3922, #705, .T. ) ;
#507 = CYLINDRICAL_SURFACE ( 'NONE', #2828, 0.1000000000000000472 ) ;
#508 = EDGE_CURVE ( 'NONE', #587, #3874, #4508, .T. ) ;
#509 = DIRECTION ( 'NONE',  ( 1.370412358063294448E-16, -0.0000000000000000000, 1.000000000000000000 ) ) ;
#510 = DIRECTION ( 'NONE',  ( 0.2588190451025213501, -0.0000000000000000000, 0.9659258262890680902 ) ) ;
#511 = AXIS2_PLACEMENT_3D ( 'NONE', #3122, #4280, #5386 ) ;
#512 = ORIENTED_EDGE ( 'NONE', *, *, #2904, .T. ) ;
#513 = AXIS2_PLACEMENT_3D ( 'NONE', #1187, #2751, #3343 ) ;
#514 = ORIENTED_EDGE ( 'NONE', *, *, #5529, .T. ) ;
#515 = EDGE_CURVE ( 'NONE', #3384, #4015, #569, .T. ) ;
#516 = AXIS2_PLACEMENT_3D ( 'NONE', #4128, #821, #194 ) ;
#517 = LINE ( 'NONE', #1213, #1339 ) ;
#518 = MECHANICAL_DESIGN_GEOMETRIC_PRESENTATION_REPRESENTATION (  '', ( #1108 ), #1333 ) ;
#519 = AXIS2_PLACEMENT_3D ( 'NONE', #1664, #6665, #1633 ) ;
#520 =( NAMED_UNIT ( * ) SI_UNIT ( $, .STERADIAN. ) SOLID_ANGLE_UNIT ( ) );
#521 = FILL_AREA_STYLE ('',( #961 ) ) ;
#522 = ORIENTED_EDGE ( 'NONE', *, *, #411, .F. ) ;
#523 = ORIENTED_EDGE ( 'NONE', *, *, #5911, .T. ) ;
#524 =( NAMED_UNIT ( * ) PLANE_ANGLE_UNIT ( ) SI_UNIT ( $, .RADIAN. ) );
#525 = ORIENTED_EDGE ( 'NONE', *, *, #5986, .F. ) ;
#526 = AXIS2_PLACEMENT_3D ( 'NONE', #5969, #5425, #6584 ) ;
#527 = EDGE_CURVE ( 'NONE', #2932, #1608, #2758, .T. ) ;
#528 =( LENGTH_UNIT ( ) NAMED_UNIT ( * ) SI_UNIT ( .MILLI., .METRE. ) );
#529 =( GEOMETRIC_REPRESENTATION_CONTEXT ( 3 ) GLOBAL_UNCERTAINTY_ASSIGNED_CONTEXT ( ( #5007 ) ) GLOBAL_UNIT_ASSIGNED_CONTEXT ( ( #5584, #673, #632 ) ) REPRESENTATION_CONTEXT ( 'NONE', 'WORKASPACE' ) );
#530 = CARTESIAN_POINT ( 'NONE',  ( 1.500000000000000000, 0.8750000000000000000, 0.6500000000000000222 ) ) ;
#531 = VECTOR ( 'NONE', #2092, 1000.000000000000000 ) ;
#532 = ORIENTED_EDGE ( 'NONE', *, *, #1353, .F. ) ;
#533 = DIRECTION ( 'NONE',  ( -0.0000000000000000000, -1.000000000000000000, 0.0000000000000000000 ) ) ;
#534 = FILL_AREA_STYLE_COLOUR ( '', #7226 ) ;
#535 = DIRECTION ( 'NONE',  ( 1.000000000000000000, 0.0000000000000000000, 0.0000000000000000000 ) ) ;
#536 = STYLED_ITEM ( 'NONE', ( #496 ), #6050 ) ;
#537 =( GEOMETRIC_REPRESENTATION_CONTEXT ( 3 ) GLOBAL_UNCERTAINTY_ASSIGNED_CONTEXT ( ( #4480 ) ) GLOBAL_UNIT_ASSIGNED_CONTEXT ( ( #6143, #2777, #5058 ) ) REPRESENTATION_CONTEXT ( 'NONE', 'WORKASPACE' ) );
#538 = VECTOR ( 'NONE', #3337, 999.9999999999998863 ) ;
#539 = VERTEX_POINT ( 'NONE', #6220 ) ;
#540 = SURFACE_STYLE_USAGE ( .BOTH. , #5966 ) ;
#541 = PRESENTATION_LAYER_ASSIGNMENT (  '', '', ( #3282 ) ) ;
#542 = DIRECTION ( 'NONE',  ( -1.606225440719265874E-16, 1.000000000000000000, -0.0000000000000000000 ) ) ;
#543 = SURFACE_STYLE_USAGE ( .BOTH. , #2152 ) ;
#544 = ORIENTED_EDGE ( 'NONE', *, *, #5543, .F. ) ;
#545 = LINE ( 'NONE', #5083, #3524 ) ;
#546 = STYLED_ITEM ( 'NONE', ( #5298 ), #3698 ) ;
#547 = FACE_OUTER_BOUND ( 'NONE', #5957, .T. ) ;
#548 = ADVANCED_FACE ( 'NONE', ( #5108 ), #2456, .T. ) ;
#549 = CARTESIAN_POINT ( 'NONE',  ( -1.640975210307352938, -0.1250000000000000000, 0.4940000000000004943 ) ) ;
#550 = STYLED_ITEM ( 'NONE', ( #5904 ), #3918 ) ;
#551 = ORIENTED_EDGE ( 'NONE', *, *, #1, .F. ) ;
#552 = EDGE_LOOP ( 'NONE', ( #4501, #2752, #5784, #4032 ) ) ;
#553 =( NAMED_UNIT ( * ) PLANE_ANGLE_UNIT ( ) SI_UNIT ( $, .RADIAN. ) );
#554 = ADVANCED_FACE ( 'NONE', ( #2419 ), #223, .F. ) ;
#555 = VECTOR ( 'NONE', #5455, 1000.000000000000000 ) ;
#556 = AXIS2_PLACEMENT_3D ( 'NONE', #2841, #6866, #1846 ) ;
#557 = CARTESIAN_POINT ( 'NONE',  ( 2.054424841141346825, 0.8750000000000000000, 5.747759680298863667E-19 ) ) ;
#558 =( NAMED_UNIT ( * ) PLANE_ANGLE_UNIT ( ) SI_UNIT ( $, .RADIAN. ) );
#559 = EDGE_CURVE ( 'NONE', #2269, #1058, #1295, .T. ) ;
#560 = ORIENTED_EDGE ( 'NONE', *, *, #2745, .T. ) ;
#561 = MECHANICAL_DESIGN_GEOMETRIC_PRESENTATION_REPRESENTATION (  '', ( #2732 ), #3297 ) ;
#562 = ORIENTED_EDGE ( 'NONE', *, *, #5543, .T. ) ;
#563 = ORIENTED_EDGE ( 'NONE', *, *, #3395, .T. ) ;
#564 = SURFACE_SIDE_STYLE ('',( #4530 ) ) ;
#565 = EDGE_CURVE ( 'NONE', #2556, #764, #827, .T. ) ;
#566 = ORIENTED_EDGE ( 'NONE', *, *, #6406, .T. ) ;
#567 = SURFACE_STYLE_FILL_AREA ( #5548 ) ;
#568 =( NAMED_UNIT ( * ) PLANE_ANGLE_UNIT ( ) SI_UNIT ( $, .RADIAN. ) );
#569 = LINE ( 'NONE', #1754, #1060 ) ;
#570 = AXIS2_PLACEMENT_3D ( 'NONE', #7095, #5323, #2593 ) ;
#571 = STYLED_ITEM ( 'NONE', ( #6056 ), #94 ) ;
#572 = CARTESIAN_POINT ( 'NONE',  ( -2.450000000000000178, -0.1250000000000000000, 0.0000000000000000000 ) ) ;
#573 = CARTESIAN_POINT ( 'NONE',  ( -1.500000000000000444, 0.6250000000000001110, 0.6500000000000000222 ) ) ;
#574 = ORIENTED_EDGE ( 'NONE', *, *, #5275, .T. ) ;
#576 = PRESENTATION_LAYER_ASSIGNMENT (  '', '', ( #2048 ) ) ;
#575 = FILL_AREA_STYLE ('',( #6232 ) ) ;
#577 = LINE ( 'NONE', #4932, #602 ) ;
#578 = DIRECTION ( 'NONE',  ( -1.000000000000000000, 0.0000000000000000000, 2.041316732240672236E-15 ) ) ;
#579 = CARTESIAN_POINT ( 'NONE',  ( 2.450000000000000178, -0.6250000000000000000, 0.0000000000000000000 ) ) ;
#580 = UNCERTAINTY_MEASURE_WITH_UNIT (LENGTH_MEASURE( 1.000000000000000082E-05 ), #3129, 'distance_accuracy_value', 'NONE');
#581 = VERTEX_POINT ( 'NONE', #5327 ) ;
#582 = CARTESIAN_POINT ( 'NONE',  ( -2.054424841141346825, -0.3749999999999998890, 5.747759680298863667E-19 ) ) ;
#583 = CARTESIAN_POINT ( 'NONE',  ( -2.054424841141346825, 0.8750000000000000000, 5.747759680298863667E-19 ) ) ;
#584 =( NAMED_UNIT ( * ) PLANE_ANGLE_UNIT ( ) SI_UNIT ( $, .RADIAN. ) );
#585 = DIRECTION ( 'NONE',  ( 0.0000000000000000000, 1.000000000000000000, 0.0000000000000000000 ) ) ;
#586 = VERTEX_POINT ( 'NONE', #4605 ) ;
#587 = VERTEX_POINT ( 'NONE', #5873 ) ;
#588 = CARTESIAN_POINT ( 'NONE',  ( 1.490125689080326277, -0.8749999999999998890, 0.5940000000000000835 ) ) ;
#589 = EDGE_CURVE ( 'NONE', #2659, #2883, #6188, .T. ) ;
#590 = CARTESIAN_POINT ( 'NONE',  ( 1.955379661434764715, 0.1250000000000001110, 0.2662140514692911686 ) ) ;
#591 = CARTESIAN_POINT ( 'NONE',  ( 1.641086831975067550, 0.1250000000000001110, 0.4931980538652447343 ) ) ;
#592 = VECTOR ( 'NONE', #4963, 1000.000000000000000 ) ;
#593 = ORIENTED_EDGE ( 'NONE', *, *, #5894, .T. ) ;
#594 = ORIENTED_EDGE ( 'NONE', *, *, #3338, .T. ) ;
#595 = ADVANCED_FACE ( 'NONE', ( #6844 ), #4045, .F. ) ;
#596 = SURFACE_SIDE_STYLE ('',( #6213 ) ) ;
#597 = EDGE_CURVE ( 'NONE', #683, #5500, #7050, .T. ) ;
#598 = DIRECTION ( 'NONE',  ( 0.0000000000000000000, 0.0000000000000000000, 1.000000000000000000 ) ) ;
#599 = CARTESIAN_POINT ( 'NONE',  ( 2.450000000000000178, -1.125000000000000222, 0.1799999999999999933 ) ) ;
#600 = VERTEX_POINT ( 'NONE', #1001 ) ;
#601 = CARTESIAN_POINT ( 'NONE',  ( -1.375410794124024338, -1.125000000000000222, 0.7731980538652447610 ) ) ;
#602 = VECTOR ( 'NONE', #4972, 1000.000000000000114 ) ;
#603 = SURFACE_STYLE_USAGE ( .BOTH. , #2759 ) ;
#604 = ADVANCED_FACE ( 'NONE', ( #4906 ), #5439, .T. ) ;
#605 = DIRECTION ( 'NONE',  ( -1.000000000000000000, 0.0000000000000000000, 2.041316732240672236E-15 ) ) ;
#606 = STYLED_ITEM ( 'NONE', ( #5593 ), #913 ) ;
#607 = LINE ( 'NONE', #2294, #636 ) ;
#608 = ORIENTED_EDGE ( 'NONE', *, *, #635, .F. ) ;
#609 = SURFACE_STYLE_USAGE ( .BOTH. , #5662 ) ;
#610 = CARTESIAN_POINT ( 'NONE',  ( -1.350000000000000533, 1.500000000000000000, 0.6500000000000000222 ) ) ;
#611 = VERTEX_POINT ( 'NONE', #2664 ) ;
#612 =( GEOMETRIC_REPRESENTATION_CONTEXT ( 3 ) GLOBAL_UNCERTAINTY_ASSIGNED_CONTEXT ( ( #5462 ) ) GLOBAL_UNIT_ASSIGNED_CONTEXT ( ( #1014, #4248, #1509 ) ) REPRESENTATION_CONTEXT ( 'NONE', 'WORKASPACE' ) );
#613 = DIRECTION ( 'NONE',  ( -1.000000000000000000, -0.0000000000000000000, -2.041316732240672236E-15 ) ) ;
#614 = EDGE_CURVE ( 'NONE', #3057, #6073, #482, .T. ) ;
#615 = LINE ( 'NONE', #1804, #1838 ) ;
#616 = COLOUR_RGB ( '',0.1176470588235294101, 0.1176470588235294101, 0.1176470588235294101 ) ;
#617 = FACE_OUTER_BOUND ( 'NONE', #2408, .T. ) ;
#618 = DIRECTION ( 'NONE',  ( -1.000000000000000000, 0.0000000000000000000, 2.041316732240672236E-15 ) ) ;
#619 = ORIENTED_EDGE ( 'NONE', *, *, #5698, .T. ) ;
#620 = UNCERTAINTY_MEASURE_WITH_UNIT (LENGTH_MEASURE( 1.000000000000000082E-05 ), #4414, 'distance_accuracy_value', 'NONE');
#621 = VECTOR ( 'NONE', #4874, 1000.000000000000000 ) ;
#622 = VECTOR ( 'NONE', #4604, 1000.000000000000000 ) ;
#623 = VECTOR ( 'NONE', #4228, 1000.000000000000000 ) ;
#624 = ORIENTED_EDGE ( 'NONE', *, *, #5218, .F. ) ;
#625 = LINE ( 'NONE', #5101, #6225 ) ;
#626 = ORIENTED_EDGE ( 'NONE', *, *, #4952, .T. ) ;
#627 = DIRECTION ( 'NONE',  ( 0.0000000000000000000, 1.000000000000000000, 0.0000000000000000000 ) ) ;
#628 = COLOUR_RGB ( '',0.7529411764705882248, 0.7529411764705882248, 0.7529411764705882248 ) ;
#629 = AXIS2_PLACEMENT_3D ( 'NONE', #1635, #6730, #6244 ) ;
#630 = LINE ( 'NONE', #2176, #2228 ) ;
#631 = CARTESIAN_POINT ( 'NONE',  ( 2.450000000000000178, -0.1250000000000000000, 0.0000000000000000000 ) ) ;
#632 =( NAMED_UNIT ( * ) SI_UNIT ( $, .STERADIAN. ) SOLID_ANGLE_UNIT ( ) );
#633 = ORIENTED_EDGE ( 'NONE', *, *, #6551, .F. ) ;
#634 = VECTOR ( 'NONE', #5600, 1000.000000000000114 ) ;
#635 = EDGE_CURVE ( 'NONE', #2430, #3582, #4155, .T. ) ;
#636 = VECTOR ( 'NONE', #6751, 1000.000000000000000 ) ;
#637 = SURFACE_STYLE_FILL_AREA ( #5551 ) ;
#638 = EDGE_CURVE ( 'NONE', #3293, #4015, #2053, .T. ) ;
#639 = CARTESIAN_POINT ( 'NONE',  ( 2.450000000000000178, 1.125000000000000222, 0.0000000000000000000 ) ) ;
#640 = CARTESIAN_POINT ( 'NONE',  ( 2.450000000000000178, -0.1250000000000000000, 0.0000000000000000000 ) ) ;
#642 = DIRECTION ( 'NONE',  ( 0.1736481776669307198, 0.0000000000000000000, -0.9848077530122080203 ) ) ;
#641 = APPLICATION_CONTEXT ( 'automotive_design' ) ;
#643 = EDGE_CURVE ( 'NONE', #3883, #708, #6319, .T. ) ;
#644 = AXIS2_PLACEMENT_3D ( 'NONE', #4097, #6860, #1842 ) ;
#645 =( NAMED_UNIT ( * ) PLANE_ANGLE_UNIT ( ) SI_UNIT ( $, .RADIAN. ) );
#646 = MECHANICAL_DESIGN_GEOMETRIC_PRESENTATION_REPRESENTATION (  '', ( #1904 ), #5176 ) ;
#647 = VERTEX_POINT ( 'NONE', #3159 ) ;
#648 = LINE ( 'NONE', #6312, #1643 ) ;
#649 = VECTOR ( 'NONE', #2675, 1000.000000000000114 ) ;
#650 = LINE ( 'NONE', #4516, #6160 ) ;
#651 = EDGE_CURVE ( 'NONE', #4959, #5398, #1464, .T. ) ;
#652 = VECTOR ( 'NONE', #1666, 1000.000000000000000 ) ;
#653 = DIRECTION ( 'NONE',  ( -1.000000000000000000, 0.0000000000000000000, 2.041316732240672236E-15 ) ) ;
#654 = PRESENTATION_STYLE_ASSIGNMENT (( #3909 ) ) ;
#655 = PRESENTATION_LAYER_ASSIGNMENT (  '', '', ( #6378 ) ) ;
#656 = LINE ( 'NONE', #6321, #5204 ) ;
#657 = ADVANCED_FACE ( 'NONE', ( #6070 ), #6527, .F. ) ;
#658 = CARTESIAN_POINT ( 'NONE',  ( 1.490125689080325833, 1.350000000000000089, 0.5940000000000001945 ) ) ;
#659 = ORIENTED_EDGE ( 'NONE', *, *, #103, .T. ) ;
#660 = VECTOR ( 'NONE', #1672, 1000.000000000000114 ) ;
#661 = CARTESIAN_POINT ( 'NONE',  ( 1.640975210307352050, 0.8750000000000000000, 0.5940000000000004166 ) ) ;
#662 =( NAMED_UNIT ( * ) PLANE_ANGLE_UNIT ( ) SI_UNIT ( $, .RADIAN. ) );
#663 =( GEOMETRIC_REPRESENTATION_CONTEXT ( 3 ) GLOBAL_UNCERTAINTY_ASSIGNED_CONTEXT ( ( #1929 ) ) GLOBAL_UNIT_ASSIGNED_CONTEXT ( ( #7205, #4379, #1487 ) ) REPRESENTATION_CONTEXT ( 'NONE', 'WORKASPACE' ) );
#664 = FACE_OUTER_BOUND ( 'NONE', #1603, .T. ) ;
#665 = CARTESIAN_POINT ( 'NONE',  ( -1.350000000000000533, 1.350000000000000089, 0.1499999999999999667 ) ) ;
#666 = EDGE_LOOP ( 'NONE', ( #6875, #2174, #5008, #1416 ) ) ;
#667 = SURFACE_SIDE_STYLE ('',( #4500 ) ) ;
#668 = ORIENTED_EDGE ( 'NONE', *, *, #1099, .T. ) ;
#669 = ORIENTED_EDGE ( 'NONE', *, *, #6551, .T. ) ;
#670 = VECTOR ( 'NONE', #2122, 1000.000000000000000 ) ;
#671 = CARTESIAN_POINT ( 'NONE',  ( 1.500000000000000222, -0.1249999999999996808, 0.6500000000000000222 ) ) ;
#672 = AXIS2_PLACEMENT_3D ( 'NONE', #238, #2437, #3618 ) ;
#673 =( NAMED_UNIT ( * ) PLANE_ANGLE_UNIT ( ) SI_UNIT ( $, .RADIAN. ) );
#674 = COLOUR_RGB ( '',0.1176470588235294101, 0.1176470588235294101, 0.1176470588235294101 ) ;
#675 = ORIENTED_EDGE ( 'NONE', *, *, #64, .F. ) ;
#676 = VECTOR ( 'NONE', #2187, 1000.000000000000114 ) ;
#677 = SURFACE_SIDE_STYLE ('',( #4470 ) ) ;
#678 = DIRECTION ( 'NONE',  ( -0.1378594853070907733, 0.0000000000000000000, -0.9904517970657956694 ) ) ;
#679 = CARTESIAN_POINT ( 'NONE',  ( -1.500000000000000444, 1.350000000000000089, 0.6500000000000000222 ) ) ;
#680 = DIRECTION ( 'NONE',  ( 0.0000000000000000000, -0.2588190451025213501, -0.9659258262890680902 ) ) ;
#681 = VECTOR ( 'NONE', #188, 999.9999999999998863 ) ;
#682 = EDGE_CURVE ( 'NONE', #2580, #5636, #3854, .T. ) ;
#683 = VERTEX_POINT ( 'NONE', #105 ) ;
#684 = DIRECTION ( 'NONE',  ( -1.000000000000000000, 0.0000000000000000000, 1.453013302676229291E-18 ) ) ;
#685 = DIRECTION ( 'NONE',  ( 1.000000000000000000, 0.0000000000000000000, 0.0000000000000000000 ) ) ;
#686 = CARTESIAN_POINT ( 'NONE',  ( -1.918413335153490440, -0.8749999999999998890, 0.5317987097512296701 ) ) ;
#687 = FILL_AREA_STYLE_COLOUR ( '', #4258 ) ;
#688 = COLOUR_RGB ( '',0.7529411764705882248, 0.7529411764705882248, 0.7529411764705882248 ) ;
#689 = EDGE_CURVE ( 'NONE', #6529, #5579, #7143, .T. ) ;
#690 = PRESENTATION_STYLE_ASSIGNMENT (( #2370 ) ) ;
#691 = LINE ( 'NONE', #4982, #1216 ) ;
#692 = ORIENTED_EDGE ( 'NONE', *, *, #2492, .T. ) ;
#693 = ORIENTED_EDGE ( 'NONE', *, *, #743, .F. ) ;
#694 = DIRECTION ( 'NONE',  ( -1.000000000000000000, -0.0000000000000000000, -1.453013302676229099E-18 ) ) ;
#696 = ADVANCED_FACE ( 'NONE', ( #3275 ), #2849, .T. ) ;
#695 = CARTESIAN_POINT ( 'NONE',  ( -1.918413335153490440, 1.125000000000000222, 0.5317987097512296701 ) ) ;
#697 = DIRECTION ( 'NONE',  ( -0.1378594853070907456, -0.0000000000000000000, 0.9904517970657956694 ) ) ;
#698 = ORIENTED_EDGE ( 'NONE', *, *, #5124, .F. ) ;
#699 = CARTESIAN_POINT ( 'NONE',  ( -1.366025403784438597, 1.350000000000000089, 1.149999999999999911 ) ) ;
#700 = UNCERTAINTY_MEASURE_WITH_UNIT (LENGTH_MEASURE( 1.000000000000000082E-05 ), #4276, 'distance_accuracy_value', 'NONE');
#701 = VERTEX_POINT ( 'NONE', #7215 ) ;
#702 = ORIENTED_EDGE ( 'NONE', *, *, #5467, .F. ) ;
#703 = UNCERTAINTY_MEASURE_WITH_UNIT (LENGTH_MEASURE( 1.000000000000000082E-05 ), #1275, 'distance_accuracy_value', 'NONE');
#704 = SURFACE_STYLE_FILL_AREA ( #5286 ) ;
#705 = CIRCLE ( 'NONE', #6071, 0.2799999999999998601 ) ;
#706 = SURFACE_STYLE_USAGE ( .BOTH. , #1266 ) ;
#707 =( NAMED_UNIT ( * ) PLANE_ANGLE_UNIT ( ) SI_UNIT ( $, .RADIAN. ) );
#708 = VERTEX_POINT ( 'NONE', #3454 ) ;
#709 = DIRECTION ( 'NONE',  ( 0.1378594853070949366, 0.0000000000000000000, -0.9904517970657951142 ) ) ;
#710 = FILL_AREA_STYLE_COLOUR ( '', #1885 ) ;
#711 = FILL_AREA_STYLE ('',( #3403 ) ) ;
#712 = VERTEX_POINT ( 'NONE', #4215 ) ;
#713 = SURFACE_STYLE_FILL_AREA ( #575 ) ;
#714 = FILL_AREA_STYLE_COLOUR ( '', #5571 ) ;
#715 = UNCERTAINTY_MEASURE_WITH_UNIT (LENGTH_MEASURE( 1.000000000000000082E-05 ), #4738, 'distance_accuracy_value', 'NONE');
#716 = SURFACE_STYLE_USAGE ( .BOTH. , #6279 ) ;
#717 =( NAMED_UNIT ( * ) SI_UNIT ( $, .STERADIAN. ) SOLID_ANGLE_UNIT ( ) );
#718 = CYLINDRICAL_SURFACE ( 'NONE', #2560, 0.09999999999999993616 ) ;
#719 = CARTESIAN_POINT ( 'NONE',  ( -1.955379661434764715, 0.6250000000000001110, 0.2662140514692911686 ) ) ;
#720 = VECTOR ( 'NONE', #5263, 1000.000000000000000 ) ;
#721 = EDGE_CURVE ( 'NONE', #4938, #6449, #2079, .T. ) ;
#722 = EDGE_CURVE ( 'NONE', #3382, #6851, #5897, .T. ) ;
#723 = ORIENTED_EDGE ( 'NONE', *, *, #2072, .F. ) ;
#724 = FILL_AREA_STYLE_COLOUR ( '', #70 ) ;
#725 = VECTOR ( 'NONE', #6952, 1000.000000000000000 ) ;
#726 = CARTESIAN_POINT ( 'NONE',  ( 2.054424841141345048, -1.125000000000000222, 0.2799999999999999711 ) ) ;
#727 = CARTESIAN_POINT ( 'NONE',  ( -1.350000000000000533, -1.500000000000000000, 0.6500000000000000222 ) ) ;
#728 = CARTESIAN_POINT ( 'NONE',  ( 1.955379661434764715, -1.125000000000000222, 0.2662140514692911686 ) ) ;
#729 = SURFACE_SIDE_STYLE ('',( #567 ) ) ;
#730 = EDGE_LOOP ( 'NONE', ( #3773, #2637, #347, #4615, #6609, #181, #6907, #2961 ) ) ;
#731 = ORIENTED_EDGE ( 'NONE', *, *, #6513, .T. ) ;
#732 = AXIS2_PLACEMENT_3D ( 'NONE', #116, #5141, #4535 ) ;
#733 = EDGE_LOOP ( 'NONE', ( #5215, #3013, #544, #1899 ) ) ;
#734 =( NAMED_UNIT ( * ) SI_UNIT ( $, .STERADIAN. ) SOLID_ANGLE_UNIT ( ) );
#735 = FACE_OUTER_BOUND ( 'NONE', #3054, .T. ) ;
#736 = COLOUR_RGB ( '',0.1176470588235294101, 0.1176470588235294101, 0.1176470588235294101 ) ;
#737 =( NAMED_UNIT ( * ) SI_UNIT ( $, .STERADIAN. ) SOLID_ANGLE_UNIT ( ) );
#738 = DIRECTION ( 'NONE',  ( 0.0000000000000000000, 1.000000000000000000, 0.0000000000000000000 ) ) ;
#739 = ORIENTED_EDGE ( 'NONE', *, *, #1188, .F. ) ;
#740 = CARTESIAN_POINT ( 'NONE',  ( 1.466989180957721572, 1.125000000000000222, 0.7731980538652447610 ) ) ;
#741 = VECTOR ( 'NONE', #1930, 1000.000000000000000 ) ;
#742 = DIRECTION ( 'NONE',  ( -0.0000000000000000000, -1.000000000000000000, -0.0000000000000000000 ) ) ;
#743 = EDGE_CURVE ( 'NONE', #5771, #7227, #3621, .T. ) ;
#744 = SURFACE_SIDE_STYLE ('',( #84 ) ) ;
#745 = VERTEX_POINT ( 'NONE', #728 ) ;
#746 = AXIS2_PLACEMENT_3D ( 'NONE', #4701, #4108, #389 ) ;
#747 = VECTOR ( 'NONE', #6202, 1000.000000000000000 ) ;
#748 = CARTESIAN_POINT ( 'NONE',  ( -1.640975210307352938, -1.125000000000000222, 0.4940000000000004943 ) ) ;
#749 =( NAMED_UNIT ( * ) PLANE_ANGLE_UNIT ( ) SI_UNIT ( $, .RADIAN. ) );
#750 = MECHANICAL_DESIGN_GEOMETRIC_PRESENTATION_REPRESENTATION (  '', ( #3838 ), #390 ) ;
#751 = CIRCLE ( 'NONE', #4668, 0.06183650964576722225 ) ;
#752 = MECHANICAL_DESIGN_GEOMETRIC_PRESENTATION_REPRESENTATION (  '', ( #5864 ), #2348 ) ;
#753 = DIRECTION ( 'NONE',  ( 0.0000000000000000000, 0.0000000000000000000, 1.000000000000000000 ) ) ;
#754 = SURFACE_STYLE_FILL_AREA ( #2296 ) ;
#755 = DIRECTION ( 'NONE',  ( 0.0000000000000000000, 0.1736481776669307198, 0.9848077530122080203 ) ) ;
#756 = FACE_OUTER_BOUND ( 'NONE', #5450, .T. ) ;
#757 =( NAMED_UNIT ( * ) PLANE_ANGLE_UNIT ( ) SI_UNIT ( $, .RADIAN. ) );
#758 = CARTESIAN_POINT ( 'NONE',  ( 2.054424841141345048, -1.125000000000000222, 0.2799999999999999711 ) ) ;
#759 = FACE_OUTER_BOUND ( 'NONE', #3720, .T. ) ;
#760 =( GEOMETRIC_REPRESENTATION_CONTEXT ( 3 ) GLOBAL_UNCERTAINTY_ASSIGNED_CONTEXT ( ( #1973 ) ) GLOBAL_UNIT_ASSIGNED_CONTEXT ( ( #4067, #4002, #1351 ) ) REPRESENTATION_CONTEXT ( 'NONE', 'WORKASPACE' ) );
#761 = VECTOR ( 'NONE', #2160, 1000.000000000000114 ) ;
#762 = CARTESIAN_POINT ( 'NONE',  ( -1.740020390013932605, -0.1250000000000000000, 0.5077859485307089082 ) ) ;
#763 = ORIENTED_EDGE ( 'NONE', *, *, #3220, .F. ) ;
#764 = VERTEX_POINT ( 'NONE', #2912 ) ;
#765 =( NAMED_UNIT ( * ) SI_UNIT ( $, .STERADIAN. ) SOLID_ANGLE_UNIT ( ) );
#766 = MECHANICAL_DESIGN_GEOMETRIC_PRESENTATION_REPRESENTATION (  '', ( #3974 ), #6132 ) ;
#767 = EDGE_CURVE ( 'NONE', #5404, #2268, #6469, .T. ) ;
#768 = EDGE_CURVE ( 'NONE', #4115, #1495, #2575, .T. ) ;
#769 = MECHANICAL_DESIGN_GEOMETRIC_PRESENTATION_REPRESENTATION (  '', ( #6732 ), #2710 ) ;
#770 = CARTESIAN_POINT ( 'NONE',  ( -1.375410794124024338, 0.8750000000000000000, 0.7731980538652447610 ) ) ;
#771 = ORIENTED_EDGE ( 'NONE', *, *, #6272, .F. ) ;
#772 = MECHANICAL_DESIGN_GEOMETRIC_PRESENTATION_REPRESENTATION (  '', ( #546 ), #6955 ) ;
#773 = ORIENTED_EDGE ( 'NONE', *, *, #359, .T. ) ;
#774 = VERTEX_POINT ( 'NONE', #178 ) ;
#775 = FACE_OUTER_BOUND ( 'NONE', #1893, .T. ) ;
#776 = SURFACE_STYLE_FILL_AREA ( #5756 ) ;
#777 = ADVANCED_FACE ( 'NONE', ( #380 ), #1441, .T. ) ;
#778 = SURFACE_STYLE_FILL_AREA ( #2315 ) ;
#779 = DIRECTION ( 'NONE',  ( -0.0000000000000000000, -1.000000000000000000, 0.0000000000000000000 ) ) ;
#780 = ORIENTED_EDGE ( 'NONE', *, *, #5838, .F. ) ;
#781 = DIRECTION ( 'NONE',  ( -0.0000000000000000000, -0.0000000000000000000, -1.000000000000000000 ) ) ;
#782 = VECTOR ( 'NONE', #163, 1000.000000000000000 ) ;
#783 = CARTESIAN_POINT ( 'NONE',  ( -1.350000000000000533, -1.411836509645767235, 0.1499999999999999667 ) ) ;
#784 = ORIENTED_EDGE ( 'NONE', *, *, #6172, .T. ) ;
#785 = VECTOR ( 'NONE', #247, 999.9999999999998863 ) ;
#786 = SURFACE_STYLE_FILL_AREA ( #192 ) ;
#787 = DIRECTION ( 'NONE',  ( 0.0000000000000000000, 0.0000000000000000000, 1.000000000000000000 ) ) ;
#788 = AXIS2_PLACEMENT_3D ( 'NONE', #5484, #5035, #2825 ) ;
#789 = ADVANCED_FACE ( 'NONE', ( #3039 ), #5309, .T. ) ;
#790 = DIRECTION ( 'NONE',  ( 0.0000000000000000000, 1.000000000000000000, 0.0000000000000000000 ) ) ;
#791 = ORIENTED_EDGE ( 'NONE', *, *, #4066, .T. ) ;
#792 = FILL_AREA_STYLE ('',( #2465 ) ) ;
#793 = FILL_AREA_STYLE_COLOUR ( '', #4727 ) ;
#794 = CARTESIAN_POINT ( 'NONE',  ( 1.918413335153490440, 1.125000000000000222, 0.5317987097512297812 ) ) ;
#795 =( NAMED_UNIT ( * ) SI_UNIT ( $, .STERADIAN. ) SOLID_ANGLE_UNIT ( ) );
#796 = VECTOR ( 'NONE', #4752, 1000.000000000000000 ) ;
#797 = DIRECTION ( 'NONE',  ( -1.606225440719265874E-16, 1.000000000000000000, -0.0000000000000000000 ) ) ;
#798 = PRESENTATION_LAYER_ASSIGNMENT (  '', '', ( #2037 ) ) ;
#799 = MECHANICAL_DESIGN_GEOMETRIC_PRESENTATION_REPRESENTATION (  '', ( #4721 ), #5674 ) ;
#800 =( NAMED_UNIT ( * ) SI_UNIT ( $, .STERADIAN. ) SOLID_ANGLE_UNIT ( ) );
#801 = STYLED_ITEM ( 'NONE', ( #4238 ), #4671 ) ;
#802 = PLANE ( 'NONE',  #3176 ) ;
#803 = DIRECTION ( 'NONE',  ( 0.0000000000000000000, 0.0000000000000000000, 1.000000000000000000 ) ) ;
#804 = ORIENTED_EDGE ( 'NONE', *, *, #2254, .T. ) ;
#805 = VERTEX_POINT ( 'NONE', #4443 ) ;
#806 = PLANE ( 'NONE',  #893 ) ;
#807 = VECTOR ( 'NONE', #1567, 1000.000000000000000 ) ;
#808 = MECHANICAL_DESIGN_GEOMETRIC_PRESENTATION_REPRESENTATION (  '', ( #6296 ), #1169 ) ;
#809 = DIRECTION ( 'NONE',  ( -4.080918178602890545E-16, 0.0000000000000000000, 1.000000000000000000 ) ) ;
#810 = CARTESIAN_POINT ( 'NONE',  ( -2.054424841141344604, 0.3750000000000000000, 0.2799999999999999711 ) ) ;
#811 = ORIENTED_EDGE ( 'NONE', *, *, #4086, .T. ) ;
#812 = ORIENTED_EDGE ( 'NONE', *, *, #1142, .T. ) ;
#813 = DIRECTION ( 'NONE',  ( 0.0000000000000000000, 0.0000000000000000000, 1.000000000000000000 ) ) ;
#814 = CARTESIAN_POINT ( 'NONE',  ( -1.375410794124024338, -0.6250000000000000000, 0.7731980538652447610 ) ) ;
#815 = SURFACE_SIDE_STYLE ('',( #5801 ) ) ;
#816 = ORIENTED_EDGE ( 'NONE', *, *, #6947, .F. ) ;
#817 = LINE ( 'NONE', #5254, #4181 ) ;
#818 = DIRECTION ( 'NONE',  ( 0.0000000000000000000, 1.000000000000000000, 0.0000000000000000000 ) ) ;
#819 = EDGE_CURVE ( 'NONE', #6139, #6984, #3458, .T. ) ;
#820 = ORIENTED_EDGE ( 'NONE', *, *, #3696, .T. ) ;
#821 = DIRECTION ( 'NONE',  ( 0.0000000000000000000, 1.000000000000000000, 0.0000000000000000000 ) ) ;
#822 = PRESENTATION_STYLE_ASSIGNMENT (( #5813 ) ) ;
#823 = ORIENTED_EDGE ( 'NONE', *, *, #1091, .T. ) ;
#824 =( LENGTH_UNIT ( ) NAMED_UNIT ( * ) SI_UNIT ( .MILLI., .METRE. ) );
#825 = CARTESIAN_POINT ( 'NONE',  ( -1.490125689080326277, -0.6500000000000000222, 0.5940000000000001945 ) ) ;
#826 = DIRECTION ( 'NONE',  ( 0.9904517970657956694, 0.0000000000000000000, -0.1378594853070907733 ) ) ;
#827 = CIRCLE ( 'NONE', #1185, 0.09999999999999993616 ) ;
#828 = DIRECTION ( 'NONE',  ( -1.000000000000000000, 0.0000000000000000000, 2.041316732240672236E-15 ) ) ;
#829 = EDGE_CURVE ( 'NONE', #1881, #4410, #577, .T. ) ;
#830 =( NAMED_UNIT ( * ) SI_UNIT ( $, .STERADIAN. ) SOLID_ANGLE_UNIT ( ) );
#831 = MECHANICAL_DESIGN_GEOMETRIC_PRESENTATION_REPRESENTATION (  '', ( #4037 ), #5125 ) ;
#832 = LINE ( 'NONE', #6359, #2114 ) ;
#833 = SURFACE_SIDE_STYLE ('',( #3548 ) ) ;
#834 =( NAMED_UNIT ( * ) PLANE_ANGLE_UNIT ( ) SI_UNIT ( $, .RADIAN. ) );
#835 = ORIENTED_EDGE ( 'NONE', *, *, #5523, .F. ) ;
#836 = EDGE_CURVE ( 'NONE', #249, #4636, #3920, .T. ) ;
#837 = CARTESIAN_POINT ( 'NONE',  ( -1.350000000000000533, 1.350000000000000089, 0.1499999999999999667 ) ) ;
#838 = DIRECTION ( 'NONE',  ( -0.0000000000000000000, -1.000000000000000000, -0.0000000000000000000 ) ) ;
#839 = SURFACE_STYLE_FILL_AREA ( #4660 ) ;
#840 =( NAMED_UNIT ( * ) SI_UNIT ( $, .STERADIAN. ) SOLID_ANGLE_UNIT ( ) );
#841 = VERTEX_POINT ( 'NONE', #6660 ) ;
#842 = VERTEX_POINT ( 'NONE', #6720 ) ;
#843 = CARTESIAN_POINT ( 'NONE',  ( -2.450000000000000178, 0.6250000000000001110, 0.1799999999999999933 ) ) ;
#844 = FILL_AREA_STYLE_COLOUR ( '', #6920 ) ;
#845 =( NAMED_UNIT ( * ) PLANE_ANGLE_UNIT ( ) SI_UNIT ( $, .RADIAN. ) );
#846 = VERTEX_POINT ( 'NONE', #1549 ) ;
#847 = FACE_OUTER_BOUND ( 'NONE', #2819, .T. ) ;
#848 = DIRECTION ( 'NONE',  ( 2.041316732240672236E-15, 0.0000000000000000000, -1.000000000000000000 ) ) ;
#849 = VERTEX_POINT ( 'NONE', #2764 ) ;
#850 = CARTESIAN_POINT ( 'NONE',  ( 2.450000000000000178, -0.1250000000000000000, 0.0000000000000000000 ) ) ;
#851 = EDGE_CURVE ( 'NONE', #6137, #5404, #3340, .T. ) ;
#852 = DIRECTION ( 'NONE',  ( -0.0000000000000000000, -0.0000000000000000000, -1.000000000000000000 ) ) ;
#853 = AXIS2_PLACEMENT_3D ( 'NONE', #292, #7049, #3083 ) ;
#854 = ORIENTED_EDGE ( 'NONE', *, *, #4066, .F. ) ;
#855 = DIRECTION ( 'NONE',  ( 1.000000000000000000, 0.0000000000000000000, 0.0000000000000000000 ) ) ;
#856 = VECTOR ( 'NONE', #2636, 1000.000000000000000 ) ;
#858 = PRESENTATION_LAYER_ASSIGNMENT (  '', '', ( #265 ) ) ;
#857 = CARTESIAN_POINT ( 'NONE',  ( 1.918413335153490440, 0.3750000000000000000, 0.5317987097512297812 ) ) ;
#859 = CARTESIAN_POINT ( 'NONE',  ( 1.500000000000000000, 0.1250000000000001110, 0.6500000000000000222 ) ) ;
#860 = SURFACE_SIDE_STYLE ('',( #1377 ) ) ;
#861 = VECTOR ( 'NONE', #6611, 1000.000000000000000 ) ;
#862 = VECTOR ( 'NONE', #3263, 1000.000000000000000 ) ;
#863 =( GEOMETRIC_REPRESENTATION_CONTEXT ( 3 ) GLOBAL_UNCERTAINTY_ASSIGNED_CONTEXT ( ( #1799 ) ) GLOBAL_UNIT_ASSIGNED_CONTEXT ( ( #1285, #4556, #1942 ) ) REPRESENTATION_CONTEXT ( 'NONE', 'WORKASPACE' ) );
#864 = FILL_AREA_STYLE_COLOUR ( '', #628 ) ;
#865 = SURFACE_STYLE_USAGE ( .BOTH. , #833 ) ;
#866 = DIRECTION ( 'NONE',  ( -1.000000000000000000, 0.0000000000000000000, 1.453013302676229291E-18 ) ) ;
#867 = AXIS2_PLACEMENT_3D ( 'NONE', #5639, #3339, #4347 ) ;
#868 = FACE_OUTER_BOUND ( 'NONE', #1173, .T. ) ;
#869 = FACE_OUTER_BOUND ( 'NONE', #159, .T. ) ;
#870 = UNCERTAINTY_MEASURE_WITH_UNIT (LENGTH_MEASURE( 1.000000000000000082E-05 ), #3328, 'distance_accuracy_value', 'NONE');
#871 = VECTOR ( 'NONE', #5296, 1000.000000000000000 ) ;
#872 = ORIENTED_EDGE ( 'NONE', *, *, #1317, .T. ) ;
#873 =( LENGTH_UNIT ( ) NAMED_UNIT ( * ) SI_UNIT ( .MILLI., .METRE. ) );
#874 =( NAMED_UNIT ( * ) SI_UNIT ( $, .STERADIAN. ) SOLID_ANGLE_UNIT ( ) );
#875 = SURFACE_SIDE_STYLE ('',( #5243 ) ) ;
#876 = CARTESIAN_POINT ( 'NONE',  ( 2.054424841141345048, 0.1250000000000001110, 0.2799999999999999711 ) ) ;
#877 =( GEOMETRIC_REPRESENTATION_CONTEXT ( 3 ) GLOBAL_UNCERTAINTY_ASSIGNED_CONTEXT ( ( #3946 ) ) GLOBAL_UNIT_ASSIGNED_CONTEXT ( ( #3056, #4749, #3640 ) ) REPRESENTATION_CONTEXT ( 'NONE', 'WORKASPACE' ) );
#878 = ADVANCED_FACE ( 'NONE', ( #981 ), #5129, .T. ) ;
#879 = SURFACE_STYLE_USAGE ( .BOTH. , #1880 ) ;
#880 = DIRECTION ( 'NONE',  ( -0.1378594853070907456, -0.0000000000000000000, 0.9904517970657956694 ) ) ;
#881 = ORIENTED_EDGE ( 'NONE', *, *, #5866, .F. ) ;
#882 = ORIENTED_EDGE ( 'NONE', *, *, #2619, .T. ) ;
#883 = FILL_AREA_STYLE ('',( #5869 ) ) ;
#884 = VECTOR ( 'NONE', #2236, 1000.000000000000000 ) ;
#885 = SURFACE_STYLE_USAGE ( .BOTH. , #1530 ) ;
#886 = PRESENTATION_LAYER_ASSIGNMENT (  '', '', ( #3043 ) ) ;
#887 = LINE ( 'NONE', #5946, #4434 ) ;
#888 =( GEOMETRIC_REPRESENTATION_CONTEXT ( 3 ) GLOBAL_UNCERTAINTY_ASSIGNED_CONTEXT ( ( #6859 ) ) GLOBAL_UNIT_ASSIGNED_CONTEXT ( ( #3846, #434, #4864 ) ) REPRESENTATION_CONTEXT ( 'NONE', 'WORKASPACE' ) );
#889 = ORIENTED_EDGE ( 'NONE', *, *, #1142, .F. ) ;
#890 = PRESENTATION_STYLE_ASSIGNMENT (( #6381 ) ) ;
#891 = FILL_AREA_STYLE_COLOUR ( '', #3888 ) ;
#892 = VERTEX_POINT ( 'NONE', #6091 ) ;
#893 = AXIS2_PLACEMENT_3D ( 'NONE', #3072, #3009, #5857 ) ;
#894 = LINE ( 'NONE', #6150, #3653 ) ;
#895 = FILL_AREA_STYLE_COLOUR ( '', #5508 ) ;
#896 = DIRECTION ( 'NONE',  ( 0.0000000000000000000, 0.0000000000000000000, 1.000000000000000000 ) ) ;
#897 = CARTESIAN_POINT ( 'NONE',  ( 1.777098337962921937, 0.1250000000000001110, 0.2413993441140163398 ) ) ;
#898 = ORIENTED_EDGE ( 'NONE', *, *, #6868, .T. ) ;
#899 =( LENGTH_UNIT ( ) NAMED_UNIT ( * ) SI_UNIT ( .MILLI., .METRE. ) );
#900 = VECTOR ( 'NONE', #880, 1000.000000000000114 ) ;
#901 = CARTESIAN_POINT ( 'NONE',  ( 1.375410794124024338, -0.1250000000000000000, 0.7731980538652447610 ) ) ;
#902 =( LENGTH_UNIT ( ) NAMED_UNIT ( * ) SI_UNIT ( .MILLI., .METRE. ) );
#903 = CARTESIAN_POINT ( 'NONE',  ( 2.054424841141345048, 0.8750000000000000000, 0.2799999999999999711 ) ) ;
#904 = ADVANCED_FACE ( 'NONE', ( #6689 ), #1090, .T. ) ;
#905 = EDGE_CURVE ( 'NONE', #1293, #6290, #648, .T. ) ;
#906 = FILL_AREA_STYLE_COLOUR ( '', #3743 ) ;
#907 = CARTESIAN_POINT ( 'NONE',  ( -1.500000000000000444, -1.350000000000000089, 0.6500000000000000222 ) ) ;
#908 = AXIS2_PLACEMENT_3D ( 'NONE', #3798, #13, #5073 ) ;
#909 = DIRECTION ( 'NONE',  ( -0.0000000000000000000, -1.000000000000000000, 0.0000000000000000000 ) ) ;
#910 = ORIENTED_EDGE ( 'NONE', *, *, #7124, .F. ) ;
#911 = EDGE_CURVE ( 'NONE', #6692, #5702, #3327, .T. ) ;
#912 =( NAMED_UNIT ( * ) PLANE_ANGLE_UNIT ( ) SI_UNIT ( $, .RADIAN. ) );
#913 = ADVANCED_FACE ( 'NONE', ( #1306 ), #1733, .T. ) ;
#914 = COLOUR_RGB ( '',0.7529411764705882248, 0.7529411764705882248, 0.7529411764705882248 ) ;
#915 = FACE_OUTER_BOUND ( 'NONE', #67, .T. ) ;
#916 = PRESENTATION_LAYER_ASSIGNMENT (  '', '', ( #2969 ) ) ;
#917 =( NAMED_UNIT ( * ) SI_UNIT ( $, .STERADIAN. ) SOLID_ANGLE_UNIT ( ) );
#918 = DIRECTION ( 'NONE',  ( 0.0000000000000000000, 0.0000000000000000000, 1.000000000000000000 ) ) ;
#919 =( NAMED_UNIT ( * ) SI_UNIT ( $, .STERADIAN. ) SOLID_ANGLE_UNIT ( ) );
#920 =( NAMED_UNIT ( * ) PLANE_ANGLE_UNIT ( ) SI_UNIT ( $, .RADIAN. ) );
#921 = VERTEX_POINT ( 'NONE', #3987 ) ;
#922 = AXIS2_PLACEMENT_3D ( 'NONE', #2769, #3369, #5631 ) ;
#923 = PRESENTATION_LAYER_ASSIGNMENT (  '', '', ( #4012 ) ) ;
#924 = EDGE_LOOP ( 'NONE', ( #1105, #3404, #4639, #5708 ) ) ;
#925 = PRESENTATION_STYLE_ASSIGNMENT (( #1952 ) ) ;
#926 = CARTESIAN_POINT ( 'NONE',  ( 1.740020390013932605, -0.3749999999999998890, 0.5077859485307089082 ) ) ;
#927 = MECHANICAL_DESIGN_GEOMETRIC_PRESENTATION_REPRESENTATION (  '', ( #2048 ), #2630 ) ;
#928 = EDGE_LOOP ( 'NONE', ( #3024, #3800, #173, #4677 ) ) ;
#929 = CARTESIAN_POINT ( 'NONE',  ( 1.641086831975065774, -0.8749999999999998890, 0.7731980538652448720 ) ) ;
#930 = ORIENTED_EDGE ( 'NONE', *, *, #3452, .T. ) ;
#931 = UNCERTAINTY_MEASURE_WITH_UNIT (LENGTH_MEASURE( 1.000000000000000082E-05 ), #4588, 'distance_accuracy_value', 'NONE');
#932 = EDGE_CURVE ( 'NONE', #3959, #5495, #6818, .T. ) ;
#933 = DIRECTION ( 'NONE',  ( 0.0000000000000000000, 1.000000000000000000, 0.0000000000000000000 ) ) ;
#934 = DIRECTION ( 'NONE',  ( 0.1378594853070949089, -0.0000000000000000000, 0.9904517970657951142 ) ) ;
#935 = DIRECTION ( 'NONE',  ( -1.606225440719265874E-16, 1.000000000000000000, -0.0000000000000000000 ) ) ;
#936 = LINE ( 'NONE', #2024, #2579 ) ;
#937 = ORIENTED_EDGE ( 'NONE', *, *, #5659, .T. ) ;
#938 = DIRECTION ( 'NONE',  ( 0.1736481776669307198, 0.0000000000000000000, 0.9848077530122080203 ) ) ;
#939 = CARTESIAN_POINT ( 'NONE',  ( 2.450000000000000178, -1.125000000000000222, 0.0000000000000000000 ) ) ;
#940 = CARTESIAN_POINT ( 'NONE',  ( -1.350000000000000533, 1.500000000000000000, 0.6500000000000000222 ) ) ;
#941 = FILL_AREA_STYLE_COLOUR ( '', #1479 ) ;
#942 = CARTESIAN_POINT ( 'NONE',  ( 1.640975210307352050, 0.6250000000000001110, 0.5940000000000004166 ) ) ;
#943 = CARTESIAN_POINT ( 'NONE',  ( -2.450000000000000178, -0.3749999999999998890, 0.1799999999999999933 ) ) ;
#944 = CARTESIAN_POINT ( 'NONE',  ( 2.450000000000000178, -0.1250000000000000000, 0.0000000000000000000 ) ) ;
#945 =( LENGTH_UNIT ( ) NAMED_UNIT ( * ) SI_UNIT ( .MILLI., .METRE. ) );
#946 = CARTESIAN_POINT ( 'NONE',  ( -1.350000000000000533, -1.500000000000000000, 0.6500000000000000222 ) ) ;
#947 = UNCERTAINTY_MEASURE_WITH_UNIT (LENGTH_MEASURE( 1.000000000000000082E-05 ), #499, 'distance_accuracy_value', 'NONE');
#948 = VERTEX_POINT ( 'NONE', #3907 ) ;
#949 = SURFACE_SIDE_STYLE ('',( #5935 ) ) ;
#950 = DIRECTION ( 'NONE',  ( 0.0000000000000000000, 1.000000000000000000, -0.0000000000000000000 ) ) ;
#951 = DIRECTION ( 'NONE',  ( 0.0000000000000000000, 1.000000000000000000, 0.0000000000000000000 ) ) ;
#952 = EDGE_CURVE ( 'NONE', #3113, #2276, #2362, .T. ) ;
#953 = DIRECTION ( 'NONE',  ( -0.1736481776669307198, 0.0000000000000000000, 0.9848077530122080203 ) ) ;
#954 = EDGE_CURVE ( 'NONE', #2631, #1881, #4514, .T. ) ;
#955 = ORIENTED_EDGE ( 'NONE', *, *, #2409, .T. ) ;
#956 = ORIENTED_EDGE ( 'NONE', *, *, #6081, .T. ) ;
#957 = FILL_AREA_STYLE ('',( #2051 ) ) ;
#958 =( GEOMETRIC_REPRESENTATION_CONTEXT ( 3 ) GLOBAL_UNCERTAINTY_ASSIGNED_CONTEXT ( ( #1025 ) ) GLOBAL_UNIT_ASSIGNED_CONTEXT ( ( #899, #233, #3062 ) ) REPRESENTATION_CONTEXT ( 'NONE', 'WORKASPACE' ) );
#959 =( LENGTH_UNIT ( ) NAMED_UNIT ( * ) SI_UNIT ( .MILLI., .METRE. ) );
#960 =( NAMED_UNIT ( * ) SI_UNIT ( $, .STERADIAN. ) SOLID_ANGLE_UNIT ( ) );
#961 = FILL_AREA_STYLE_COLOUR ( '', #2313 ) ;
#962 = ADVANCED_FACE ( 'NONE', ( #6233 ), #3002, .T. ) ;
#963 = EDGE_LOOP ( 'NONE', ( #6129, #937, #693, #1774, #2258, #1354, #6167, #1943, #3196, #1709, #133, #6072, #6425, #1447, #3211, #2947, #3539, #1305, #6906, #4534, #4240, #486, #5804, #523 ) ) ;
#964 = VERTEX_POINT ( 'NONE', #3514 ) ;
#965 = CARTESIAN_POINT ( 'NONE',  ( 2.054424841141345048, -0.1250000000000000000, 0.1799999999999997158 ) ) ;
#966 = CARTESIAN_POINT ( 'NONE',  ( 1.955379661434764715, -0.6250000000000000000, 0.2662140514692911686 ) ) ;
#967 =( GEOMETRIC_REPRESENTATION_CONTEXT ( 3 ) GLOBAL_UNCERTAINTY_ASSIGNED_CONTEXT ( ( #504 ) ) GLOBAL_UNIT_ASSIGNED_CONTEXT ( ( #1957, #6342, #3596 ) ) REPRESENTATION_CONTEXT ( 'NONE', 'WORKASPACE' ) );
#968 = CARTESIAN_POINT ( 'NONE',  ( -1.641086831975067550, 0.3750000000000000000, 0.4931980538652447343 ) ) ;
#969 = PRESENTATION_STYLE_ASSIGNMENT (( #3681 ) ) ;
#970 = ADVANCED_FACE ( 'NONE', ( #1865 ), #4169, .F. ) ;
#971 = VERTEX_POINT ( 'NONE', #6390 ) ;
#972 =( NAMED_UNIT ( * ) PLANE_ANGLE_UNIT ( ) SI_UNIT ( $, .RADIAN. ) );
#973 = FACE_OUTER_BOUND ( 'NONE', #6629, .T. ) ;
#974 = CARTESIAN_POINT ( 'NONE',  ( 2.054424841141345048, -0.3749999999999998890, 0.2799999999999999711 ) ) ;
#975 = SURFACE_STYLE_USAGE ( .BOTH. , #7197 ) ;
#976 =( NAMED_UNIT ( * ) SI_UNIT ( $, .STERADIAN. ) SOLID_ANGLE_UNIT ( ) );
#977 = FILL_AREA_STYLE_COLOUR ( '', #2495 ) ;
#978 = PRESENTATION_LAYER_ASSIGNMENT (  '', '', ( #4783 ) ) ;
#979 = MECHANICAL_DESIGN_GEOMETRIC_PRESENTATION_REPRESENTATION (  '', ( #4915 ), #5980 ) ;
#980 = PLANE ( 'NONE',  #2712 ) ;
#981 = FACE_OUTER_BOUND ( 'NONE', #4748, .T. ) ;
#982 = DIRECTION ( 'NONE',  ( -0.9904517970657951142, 0.0000000000000000000, 0.1378594853070949366 ) ) ;
#983 = SURFACE_STYLE_FILL_AREA ( #5968 ) ;
#984 = DIRECTION ( 'NONE',  ( 0.0000000000000000000, 0.0000000000000000000, 1.000000000000000000 ) ) ;
#985 = VERTEX_POINT ( 'NONE', #1336 ) ;
#986 = VECTOR ( 'NONE', #951, 1000.000000000000000 ) ;
#987 = MECHANICAL_DESIGN_GEOMETRIC_PRESENTATION_REPRESENTATION (  '', ( #3601 ), #4322 ) ;
#988 = FACE_OUTER_BOUND ( 'NONE', #2451, .T. ) ;
#989 =( NAMED_UNIT ( * ) SI_UNIT ( $, .STERADIAN. ) SOLID_ANGLE_UNIT ( ) );
#990 = PRESENTATION_LAYER_ASSIGNMENT (  '', '', ( #4076 ) ) ;
#991 = DIRECTION ( 'NONE',  ( 1.000000000000000000, 0.0000000000000000000, 6.852061790316472241E-17 ) ) ;
#992 = VERTEX_POINT ( 'NONE', #1432 ) ;
#993 = UNCERTAINTY_MEASURE_WITH_UNIT (LENGTH_MEASURE( 1.000000000000000082E-05 ), #5825, 'distance_accuracy_value', 'NONE');
#994 = ORIENTED_EDGE ( 'NONE', *, *, #2913, .F. ) ;
#995 = EDGE_CURVE ( 'NONE', #5398, #2952, #4174, .T. ) ;
#996 =( LENGTH_UNIT ( ) NAMED_UNIT ( * ) SI_UNIT ( .MILLI., .METRE. ) );
#997 =( GEOMETRIC_REPRESENTATION_CONTEXT ( 3 ) GLOBAL_UNCERTAINTY_ASSIGNED_CONTEXT ( ( #580 ) ) GLOBAL_UNIT_ASSIGNED_CONTEXT ( ( #3129, #5999, #4880 ) ) REPRESENTATION_CONTEXT ( 'NONE', 'WORKASPACE' ) );
#998 = VECTOR ( 'NONE', #4577, 1000.000000000000114 ) ;
#999 = EDGE_CURVE ( 'NONE', #5905, #1963, #262, .T. ) ;
#1000 = LINE ( 'NONE', #1039, #6496 ) ;
#1001 = CARTESIAN_POINT ( 'NONE',  ( -1.740020390013932605, -0.3749999999999998890, 0.5077859485307089082 ) ) ;
#1002 = ORIENTED_EDGE ( 'NONE', *, *, #64, .T. ) ;
#1003 = LINE ( 'NONE', #3785, #621 ) ;
#1004 = PRESENTATION_LAYER_ASSIGNMENT (  '', '', ( #7054 ) ) ;
#1005 = CARTESIAN_POINT ( 'NONE',  ( 2.450000000000000178, -1.125000000000000222, 0.1799999999999999933 ) ) ;
#1006 = ORIENTED_EDGE ( 'NONE', *, *, #1947, .F. ) ;
#1007 = DIRECTION ( 'NONE',  ( 0.0000000000000000000, -1.000000000000000000, 0.0000000000000000000 ) ) ;
#1008 = VECTOR ( 'NONE', #6068, 1000.000000000000000 ) ;
#1009 = DIRECTION ( 'NONE',  ( 1.000000000000000000, 0.0000000000000000000, 6.852061790316472241E-17 ) ) ;
#1010 = COLOUR_RGB ( '',0.7529411764705882248, 0.7529411764705882248, 0.7529411764705882248 ) ;
#1011 = CARTESIAN_POINT ( 'NONE',  ( 1.641086831975065774, 1.125000000000000222, 0.7731980538652448720 ) ) ;
#1012 = ORIENTED_EDGE ( 'NONE', *, *, #359, .F. ) ;
#1013 = DIRECTION ( 'NONE',  ( 0.0000000000000000000, 1.000000000000000000, 0.0000000000000000000 ) ) ;
#1014 =( LENGTH_UNIT ( ) NAMED_UNIT ( * ) SI_UNIT ( .MILLI., .METRE. ) );
#1015 = SURFACE_STYLE_USAGE ( .BOTH. , #1051 ) ;
#1016 = MECHANICAL_DESIGN_GEOMETRIC_PRESENTATION_REPRESENTATION (  '', ( #3043 ), #6833 ) ;
#1017 = SURFACE_STYLE_USAGE ( .BOTH. , #4250 ) ;
#1018 = CARTESIAN_POINT ( 'NONE',  ( 1.375410794124024338, -0.8749999999999998890, 0.7731980538652447610 ) ) ;
#1019 = CIRCLE ( 'NONE', #2949, 0.1080450184411358566 ) ;
#1020 = SURFACE_SIDE_STYLE ('',( #1652 ) ) ;
#1021 =( NAMED_UNIT ( * ) SI_UNIT ( $, .STERADIAN. ) SOLID_ANGLE_UNIT ( ) );
#1022 = CARTESIAN_POINT ( 'NONE',  ( 2.450000000000000178, -1.125000000000000222, 0.1799999999999999933 ) ) ;
#1023 = CARTESIAN_POINT ( 'NONE',  ( -2.054424841141344604, 0.1250000000000001110, 0.2799999999999999711 ) ) ;
#1024 = FILL_AREA_STYLE_COLOUR ( '', #2574 ) ;
#1025 = UNCERTAINTY_MEASURE_WITH_UNIT (LENGTH_MEASURE( 1.000000000000000082E-05 ), #899, 'distance_accuracy_value', 'NONE');
#1026 = VERTEX_POINT ( 'NONE', #301 ) ;
#1027 = CARTESIAN_POINT ( 'NONE',  ( -1.777098337962921937, 0.3750000000000000000, 0.2413993441140163121 ) ) ;
#1028 =( NAMED_UNIT ( * ) SI_UNIT ( $, .STERADIAN. ) SOLID_ANGLE_UNIT ( ) );
#1029 = CARTESIAN_POINT ( 'NONE',  ( -1.500000000000000444, -0.6250000000000000000, 0.6500000000000000222 ) ) ;
#1030 = DIRECTION ( 'NONE',  ( -0.9904517970657951142, 0.0000000000000000000, 0.1378594853070949366 ) ) ;
#1031 = PRESENTATION_LAYER_ASSIGNMENT (  '', '', ( #7096 ) ) ;
#1032 = DIRECTION ( 'NONE',  ( 0.0000000000000000000, 1.000000000000000000, 0.0000000000000000000 ) ) ;
#1033 = VERTEX_POINT ( 'NONE', #3573 ) ;
#1034 = ORIENTED_EDGE ( 'NONE', *, *, #4206, .T. ) ;
#1035 = CARTESIAN_POINT ( 'NONE',  ( 1.375410794124024338, -0.6250000000000000000, 0.5939999999999999725 ) ) ;
#1036 = VECTOR ( 'NONE', #933, 1000.000000000000000 ) ;
#1037 = FILL_AREA_STYLE ('',( #687 ) ) ;
#1038 = AXIS2_PLACEMENT_3D ( 'NONE', #294, #6423, #3563 ) ;
#1039 = CARTESIAN_POINT ( 'NONE',  ( 1.500000000000000000, -0.8749999999999998890, 0.6500000000000000222 ) ) ;
#1040 = STYLED_ITEM ( 'NONE', ( #2526 ), #6905 ) ;
#1041 = ORIENTED_EDGE ( 'NONE', *, *, #829, .F. ) ;
#1042 = DIRECTION ( 'NONE',  ( 0.9848077530122080203, 1.581823267105783761E-16, -0.1736481776669307198 ) ) ;
#1043 = DIRECTION ( 'NONE',  ( 0.0000000000000000000, 0.0000000000000000000, 1.000000000000000000 ) ) ;
#1044 = ORIENTED_EDGE ( 'NONE', *, *, #4798, .T. ) ;
#1045 = DIRECTION ( 'NONE',  ( 0.0000000000000000000, 1.000000000000000000, 0.0000000000000000000 ) ) ;
#1046 = COLOUR_RGB ( '',0.7529411764705882248, 0.7529411764705882248, 0.7529411764705882248 ) ;
#1047 = FACE_OUTER_BOUND ( 'NONE', #6888, .T. ) ;
#1048 = EDGE_CURVE ( 'NONE', #3329, #4040, #3540, .T. ) ;
#1049 =( NAMED_UNIT ( * ) SI_UNIT ( $, .STERADIAN. ) SOLID_ANGLE_UNIT ( ) );
#1050 = FILL_AREA_STYLE_COLOUR ( '', #7012 ) ;
#1051 = SURFACE_SIDE_STYLE ('',( #7196 ) ) ;
#1052 = DIRECTION ( 'NONE',  ( 0.0000000000000000000, 0.0000000000000000000, 1.000000000000000000 ) ) ;
#1053 = DIRECTION ( 'NONE',  ( 1.000000000000000000, 0.0000000000000000000, -4.080918178602890545E-16 ) ) ;
#1054 =( NAMED_UNIT ( * ) SI_UNIT ( $, .STERADIAN. ) SOLID_ANGLE_UNIT ( ) );
#1055 = SURFACE_SIDE_STYLE ('',( #1092 ) ) ;
#1056 = DIRECTION ( 'NONE',  ( 1.000000000000000000, 0.0000000000000000000, -0.0000000000000000000 ) ) ;
#1057 = EDGE_CURVE ( 'NONE', #2989, #3466, #2999, .T. ) ;
#1058 = VERTEX_POINT ( 'NONE', #2501 ) ;
#1059 = CARTESIAN_POINT ( 'NONE',  ( -2.054424841141344604, -0.6250000000000000000, 0.2799999999999999711 ) ) ;
#1060 = VECTOR ( 'NONE', #2250, 1000.000000000000000 ) ;
#1061 =( LENGTH_UNIT ( ) NAMED_UNIT ( * ) SI_UNIT ( .MILLI., .METRE. ) );
#1062 = LINE ( 'NONE', #1521, #5155 ) ;
#1063 = DIRECTION ( 'NONE',  ( -0.0000000000000000000, -1.000000000000000000, 0.0000000000000000000 ) ) ;
#1064 = CARTESIAN_POINT ( 'NONE',  ( 2.054424841141345048, -0.3749999999999998890, 0.1799999999999997158 ) ) ;
#1065 =( NAMED_UNIT ( * ) PLANE_ANGLE_UNIT ( ) SI_UNIT ( $, .RADIAN. ) );
#1066 = ORIENTED_EDGE ( 'NONE', *, *, #1099, .F. ) ;
#1067 = ORIENTED_EDGE ( 'NONE', *, *, #6519, .T. ) ;
#1068 = DIRECTION ( 'NONE',  ( 0.0000000000000000000, 0.0000000000000000000, -1.000000000000000000 ) ) ;
#1069 = SURFACE_STYLE_FILL_AREA ( #1531 ) ;
#1070 = SURFACE_SIDE_STYLE ('',( #3202 ) ) ;
#1071 = VERTEX_POINT ( 'NONE', #4724 ) ;
#1072 =( NAMED_UNIT ( * ) PLANE_ANGLE_UNIT ( ) SI_UNIT ( $, .RADIAN. ) );
#1073 = DIRECTION ( 'NONE',  ( 0.0000000000000000000, 1.000000000000000000, 0.0000000000000000000 ) ) ;
#1074 = ORIENTED_EDGE ( 'NONE', *, *, #3052, .T. ) ;
#1075 = UNCERTAINTY_MEASURE_WITH_UNIT (LENGTH_MEASURE( 1.000000000000000082E-05 ), #5657, 'distance_accuracy_value', 'NONE');
#1076 = CARTESIAN_POINT ( 'NONE',  ( 2.450000000000000178, -1.125000000000000222, 0.1799999999999999933 ) ) ;
#1077 = SURFACE_STYLE_USAGE ( .BOTH. , #4315 ) ;
#1078 = LINE ( 'NONE', #4245, #5168 ) ;
#1079 = VECTOR ( 'NONE', #1374, 1000.000000000000000 ) ;
#1080 = ORIENTED_EDGE ( 'NONE', *, *, #5124, .T. ) ;
#1081 =( LENGTH_UNIT ( ) NAMED_UNIT ( * ) SI_UNIT ( .MILLI., .METRE. ) );
#1082 = DIRECTION ( 'NONE',  ( -0.1736481776669307198, 0.0000000000000000000, -0.9848077530122080203 ) ) ;
#1083 =( NAMED_UNIT ( * ) SI_UNIT ( $, .STERADIAN. ) SOLID_ANGLE_UNIT ( ) );
#1084 =( NAMED_UNIT ( * ) SI_UNIT ( $, .STERADIAN. ) SOLID_ANGLE_UNIT ( ) );
#1085 = EDGE_CURVE ( 'NONE', #4996, #3019, #4133, .T. ) ;
#1086 = EDGE_CURVE ( 'NONE', #1507, #1356, #2534, .T. ) ;
#1087 =( LENGTH_UNIT ( ) NAMED_UNIT ( * ) SI_UNIT ( .MILLI., .METRE. ) );
#1088 = VERTEX_POINT ( 'NONE', #4759 ) ;
#1089 = CARTESIAN_POINT ( 'NONE',  ( -2.054424841141345048, 0.3750000000000000000, 0.2799999999999999711 ) ) ;
#1090 = PLANE ( 'NONE',  #6687 ) ;
#1091 = EDGE_CURVE ( 'NONE', #5495, #4432, #6506, .T. ) ;
#1092 = SURFACE_STYLE_FILL_AREA ( #5828 ) ;
#1094 = VECTOR ( 'NONE', #186, 1000.000000000000000 ) ;
#1093 = DIRECTION ( 'NONE',  ( 1.000000000000000000, -0.0000000000000000000, -1.370412358063294448E-16 ) ) ;
#1095 = ORIENTED_EDGE ( 'NONE', *, *, #506, .T. ) ;
#1096 = DIRECTION ( 'NONE',  ( 0.0000000000000000000, 0.0000000000000000000, -1.000000000000000000 ) ) ;
#1097 = VECTOR ( 'NONE', #3757, 999.9999999999998863 ) ;
#1098 = CIRCLE ( 'NONE', #5152, 0.09999999999999993616 ) ;
#1099 = EDGE_CURVE ( 'NONE', #4565, #4578, #1474, .T. ) ;
#1100 = CARTESIAN_POINT ( 'NONE',  ( 1.490125689080325833, -0.6500000000000000222, 0.5940000000000001945 ) ) ;
#1101 = SURFACE_SIDE_STYLE ('',( #22 ) ) ;
#1102 = CARTESIAN_POINT ( 'NONE',  ( -2.054424841141346825, 0.6250000000000001110, 5.747759680298863667E-19 ) ) ;
#1103 = FACE_OUTER_BOUND ( 'NONE', #4307, .T. ) ;
#1104 = VECTOR ( 'NONE', #3777, 1000.000000000000114 ) ;
#1105 = ORIENTED_EDGE ( 'NONE', *, *, #3117, .T. ) ;
#1106 = CIRCLE ( 'NONE', #513, 0.2799999999999998601 ) ;
#1107 = ORIENTED_EDGE ( 'NONE', *, *, #146, .F. ) ;
#1108 = STYLED_ITEM ( 'NONE', ( #2481 ), #4745 ) ;
#1109 = COLOUR_RGB ( '',0.7529411764705882248, 0.7529411764705882248, 0.7529411764705882248 ) ;
#1110 = CARTESIAN_POINT ( 'NONE',  ( 1.466989180957721572, 0.3500000000000000333, 0.7731980538652448720 ) ) ;
#1111 = DIRECTION ( 'NONE',  ( -1.000000000000000000, 0.0000000000000000000, 0.0000000000000000000 ) ) ;
#1112 = VERTEX_POINT ( 'NONE', #3094 ) ;
#1113 = CARTESIAN_POINT ( 'NONE',  ( 1.350000000000000089, 1.350000000000000089, 0.6500000000000000222 ) ) ;
#1114 = ORIENTED_EDGE ( 'NONE', *, *, #1651, .T. ) ;
#1115 = AXIS2_PLACEMENT_3D ( 'NONE', #2519, #1420, #5394 ) ;
#1116 = MECHANICAL_DESIGN_GEOMETRIC_PRESENTATION_REPRESENTATION (  '', ( #4200 ), #142 ) ;
#1117 = EDGE_LOOP ( 'NONE', ( #4284, #6917, #3386, #6688 ) ) ;
#1118 = VECTOR ( 'NONE', #2669, 999.9999999999998863 ) ;
#1119 = AXIS2_PLACEMENT_3D ( 'NONE', #4610, #4048, #5143 ) ;
#1120 = PRESENTATION_STYLE_ASSIGNMENT (( #3238 ) ) ;
#1121 = FACE_OUTER_BOUND ( 'NONE', #2343, .T. ) ;
#1122 =( NAMED_UNIT ( * ) SI_UNIT ( $, .STERADIAN. ) SOLID_ANGLE_UNIT ( ) );
#1123 = MECHANICAL_DESIGN_GEOMETRIC_PRESENTATION_REPRESENTATION (  '', ( #3141 ), #4082 ) ;
#1124 = SURFACE_STYLE_USAGE ( .BOTH. , #6743 ) ;
#1125 = STYLED_ITEM ( 'NONE', ( #6883 ), #2168 ) ;
#1126 = ORIENTED_EDGE ( 'NONE', *, *, #3842, .F. ) ;
#1127 = FILL_AREA_STYLE_COLOUR ( '', #6024 ) ;
#1128 =( LENGTH_UNIT ( ) NAMED_UNIT ( * ) SI_UNIT ( .MILLI., .METRE. ) );
#1129 = DIRECTION ( 'NONE',  ( 1.000000000000000000, 0.0000000000000000000, 0.0000000000000000000 ) ) ;
#1130 = CARTESIAN_POINT ( 'NONE',  ( -1.640975210307352938, 0.3750000000000000000, 0.4940000000000004943 ) ) ;
#1131 =( LENGTH_UNIT ( ) NAMED_UNIT ( * ) SI_UNIT ( .MILLI., .METRE. ) );
#1132 = COLOUR_RGB ( '',0.7529411764705882248, 0.7529411764705882248, 0.7529411764705882248 ) ;
#1133 = DIRECTION ( 'NONE',  ( 0.0000000000000000000, -0.9659258262890680902, 0.2588190451025213501 ) ) ;
#1134 = PRESENTATION_STYLE_ASSIGNMENT (( #6716 ) ) ;
#1135 = AXIS2_PLACEMENT_3D ( 'NONE', #4986, #5470, #3271 ) ;
#1136 = ORIENTED_EDGE ( 'NONE', *, *, #6277, .F. ) ;
#1137 = SURFACE_STYLE_FILL_AREA ( #2725 ) ;
#1138 = COLOUR_RGB ( '',0.7529411764705882248, 0.7529411764705882248, 0.7529411764705882248 ) ;
#1139 = CARTESIAN_POINT ( 'NONE',  ( -1.640975210307352938, 0.8750000000000000000, 0.4940000000000004943 ) ) ;
#1140 = CARTESIAN_POINT ( 'NONE',  ( -2.450000000000000178, -1.125000000000000222, 0.0000000000000000000 ) ) ;
#1141 = ORIENTED_EDGE ( 'NONE', *, *, #651, .F. ) ;
#1142 = EDGE_CURVE ( 'NONE', #4378, #3922, #5375, .T. ) ;
#1143 =( GEOMETRIC_REPRESENTATION_CONTEXT ( 3 ) GLOBAL_UNCERTAINTY_ASSIGNED_CONTEXT ( ( #4999 ) ) GLOBAL_UNIT_ASSIGNED_CONTEXT ( ( #4882, #972, #1049 ) ) REPRESENTATION_CONTEXT ( 'NONE', 'WORKASPACE' ) );
#1144 = FILL_AREA_STYLE ('',( #1248 ) ) ;
#1145 = EDGE_CURVE ( 'NONE', #4235, #1507, #4319, .T. ) ;
#1146 = DIRECTION ( 'NONE',  ( 0.0000000000000000000, 0.0000000000000000000, 1.000000000000000000 ) ) ;
#1147 = CIRCLE ( 'NONE', #6151, 0.2800000000000000266 ) ;
#1148 = VERTEX_POINT ( 'NONE', #6002 ) ;
#1149 = EDGE_CURVE ( 'NONE', #5547, #581, #415, .T. ) ;
#1150 = ORIENTED_EDGE ( 'NONE', *, *, #6896, .F. ) ;
#1151 = SURFACE_STYLE_FILL_AREA ( #5604 ) ;
#1152 = ORIENTED_EDGE ( 'NONE', *, *, #2554, .T. ) ;
#1153 = SURFACE_SIDE_STYLE ('',( #6836 ) ) ;
#1154 = PRESENTATION_LAYER_ASSIGNMENT (  '', '', ( #2957 ) ) ;
#1155 = EDGE_LOOP ( 'NONE', ( #1982, #2195, #1680, #5270 ) ) ;
#1156 = EDGE_CURVE ( 'NONE', #5636, #3832, #364, .T. ) ;
#1157 = ORIENTED_EDGE ( 'NONE', *, *, #4165, .T. ) ;
#1158 =( GEOMETRIC_REPRESENTATION_CONTEXT ( 3 ) GLOBAL_UNCERTAINTY_ASSIGNED_CONTEXT ( ( #4837 ) ) GLOBAL_UNIT_ASSIGNED_CONTEXT ( ( #2898, #3944, #1171 ) ) REPRESENTATION_CONTEXT ( 'NONE', 'WORKASPACE' ) );
#1159 = CARTESIAN_POINT ( 'NONE',  ( 2.054424841141345048, -1.125000000000000222, 0.2799999999999999711 ) ) ;
#1160 =( NAMED_UNIT ( * ) SI_UNIT ( $, .STERADIAN. ) SOLID_ANGLE_UNIT ( ) );
#1161 = VERTEX_POINT ( 'NONE', #5415 ) ;
#1162 = FILL_AREA_STYLE_COLOUR ( '', #7017 ) ;
#1163 = SURFACE_STYLE_FILL_AREA ( #6157 ) ;
#1164 = PRESENTATION_LAYER_ASSIGNMENT (  '', '', ( #3197 ) ) ;
#1165 = MECHANICAL_DESIGN_GEOMETRIC_PRESENTATION_REPRESENTATION (  '', ( #4259 ), #3544 ) ;
#1166 = SURFACE_STYLE_FILL_AREA ( #3826 ) ;
#1167 = SHAPE_DEFINITION_REPRESENTATION ( #7023, #114 ) ;
#1168 = ORIENTED_EDGE ( 'NONE', *, *, #4571, .T. ) ;
#1169 =( GEOMETRIC_REPRESENTATION_CONTEXT ( 3 ) GLOBAL_UNCERTAINTY_ASSIGNED_CONTEXT ( ( #2070 ) ) GLOBAL_UNIT_ASSIGNED_CONTEXT ( ( #4321, #2145, #4366 ) ) REPRESENTATION_CONTEXT ( 'NONE', 'WORKASPACE' ) );
#1170 = SURFACE_STYLE_FILL_AREA ( #2934 ) ;
#1171 =( NAMED_UNIT ( * ) SI_UNIT ( $, .STERADIAN. ) SOLID_ANGLE_UNIT ( ) );
#1172 = UNCERTAINTY_MEASURE_WITH_UNIT (LENGTH_MEASURE( 1.000000000000000082E-05 ), #6173, 'distance_accuracy_value', 'NONE');
#1173 = EDGE_LOOP ( 'NONE', ( #1320, #6334, #6651, #2985 ) ) ;
#1174 = DIRECTION ( 'NONE',  ( -0.9904517970657951142, 0.0000000000000000000, 0.1378594853070949366 ) ) ;
#1175 = FILL_AREA_STYLE_COLOUR ( '', #6214 ) ;
#1176 = CARTESIAN_POINT ( 'NONE',  ( 2.054424841141346825, -0.8749999999999998890, 5.747759680298863667E-19 ) ) ;
#1177 = FILL_AREA_STYLE ('',( #3268 ) ) ;
#1178 = ORIENTED_EDGE ( 'NONE', *, *, #819, .F. ) ;
#1179 = EDGE_LOOP ( 'NONE', ( #2806, #3008, #2143, #260, #956, #6174, #1080, #6413 ) ) ;
#1180 =( LENGTH_UNIT ( ) NAMED_UNIT ( * ) SI_UNIT ( .MILLI., .METRE. ) );
#1181 = EDGE_CURVE ( 'NONE', #3672, #3671, #6578, .T. ) ;
#1182 = EDGE_CURVE ( 'NONE', #2622, #4040, #1623, .T. ) ;
#1183 = CARTESIAN_POINT ( 'NONE',  ( 2.450000000000000178, -0.1250000000000000000, 0.1799999999999999933 ) ) ;
#1184 = FILL_AREA_STYLE_COLOUR ( '', #7004 ) ;
#1185 = AXIS2_PLACEMENT_3D ( 'NONE', #3594, #779, #5181 ) ;
#1186 = ORIENTED_EDGE ( 'NONE', *, *, #1390, .F. ) ;
#1187 = CARTESIAN_POINT ( 'NONE',  ( 2.054424841141345048, -0.6250000000000000000, 0.2799999999999999711 ) ) ;
#1188 = EDGE_CURVE ( 'NONE', #6295, #6642, #2640, .T. ) ;
#1189 = EDGE_LOOP ( 'NONE', ( #5359, #1202, #224, #2155 ) ) ;
#1190 = FILL_AREA_STYLE_COLOUR ( '', #914 ) ;
#1191 = ADVANCED_FACE ( 'NONE', ( #7228 ), #7149, .T. ) ;
#1192 = CARTESIAN_POINT ( 'NONE',  ( -1.918413335153490440, -0.1250000000000000000, 0.5317987097512296701 ) ) ;
#1193 = ORIENTED_EDGE ( 'NONE', *, *, #4618, .T. ) ;
#1194 = PRESENTATION_STYLE_ASSIGNMENT (( #6185 ) ) ;
#1195 = FACE_OUTER_BOUND ( 'NONE', #928, .T. ) ;
#1196 = AXIS2_PLACEMENT_3D ( 'NONE', #6125, #2108, #7157 ) ;
#1197 = CARTESIAN_POINT ( 'NONE',  ( 2.054424841141345048, -0.1250000000000000000, 0.2799999999999999711 ) ) ;
#1198 = PLANE ( 'NONE',  #3416 ) ;
#1199 = SURFACE_STYLE_FILL_AREA ( #3402 ) ;
#1200 = ADVANCED_FACE ( 'NONE', ( #973 ), #6046, .T. ) ;
#1201 = SURFACE_SIDE_STYLE ('',( #2322 ) ) ;
#1202 = ORIENTED_EDGE ( 'NONE', *, *, #3036, .F. ) ;
#1203 = CARTESIAN_POINT ( 'NONE',  ( -1.350000000000000533, 1.366025403784438375, 1.149999999999999911 ) ) ;
#1204 = FILL_AREA_STYLE_COLOUR ( '', #5216 ) ;
#1205 = PLANE ( 'NONE',  #4483 ) ;
#1206 =( LENGTH_UNIT ( ) NAMED_UNIT ( * ) SI_UNIT ( .MILLI., .METRE. ) );
#1207 = VECTOR ( 'NONE', #3020, 1000.000000000000114 ) ;
#1208 = SURFACE_STYLE_USAGE ( .BOTH. , #6199 ) ;
#1209 = LINE ( 'NONE', #658, #6708 ) ;
#1210 = UNCERTAINTY_MEASURE_WITH_UNIT (LENGTH_MEASURE( 1.000000000000000082E-05 ), #1751, 'distance_accuracy_value', 'NONE');
#1211 = ORIENTED_EDGE ( 'NONE', *, *, #3605, .T. ) ;
#1212 = DIRECTION ( 'NONE',  ( 0.0000000000000000000, 0.0000000000000000000, 1.000000000000000000 ) ) ;
#1213 = CARTESIAN_POINT ( 'NONE',  ( -1.740020390013932605, 0.1250000000000001110, 0.5077859485307089082 ) ) ;
#1214 = FILL_AREA_STYLE ('',( #6177 ) ) ;
#1215 = SURFACE_STYLE_USAGE ( .BOTH. , #5059 ) ;
#1216 = VECTOR ( 'NONE', #618, 1000.000000000000000 ) ;
#1217 = EDGE_LOOP ( 'NONE', ( #2877, #3061, #5793, #563 ) ) ;
#1218 = CARTESIAN_POINT ( 'NONE',  ( 2.450000000000000178, 0.3750000000000000000, 0.0000000000000000000 ) ) ;
#1219 = VERTEX_POINT ( 'NONE', #6771 ) ;
#1220 = ADVANCED_FACE ( 'NONE', ( #2212 ), #6846, .T. ) ;
#1221 = ORIENTED_EDGE ( 'NONE', *, *, #6363, .F. ) ;
#1222 = ADVANCED_FACE ( 'NONE', ( #3396 ), #3355, .T. ) ;
#1223 = VECTOR ( 'NONE', #6020, 1000.000000000000000 ) ;
#1224 = STYLED_ITEM ( 'NONE', ( #6934 ), #1824 ) ;
#1225 =( NAMED_UNIT ( * ) PLANE_ANGLE_UNIT ( ) SI_UNIT ( $, .RADIAN. ) );
#1226 = CARTESIAN_POINT ( 'NONE',  ( 1.640975210307352050, -0.6250000000000000000, 0.5940000000000004166 ) ) ;
#1227 = COLOUR_RGB ( '',0.1176470588235294101, 0.1176470588235294101, 0.1176470588235294101 ) ;
#1228 = ORIENTED_EDGE ( 'NONE', *, *, #5180, .F. ) ;
#1229 = STYLED_ITEM ( 'NONE', ( #6170 ), #4912 ) ;
#1230 = STYLED_ITEM ( 'NONE', ( #3830 ), #2600 ) ;
#1232 = VECTOR ( 'NONE', #5461, 1000.000000000000000 ) ;
#1231 =( NAMED_UNIT ( * ) SI_UNIT ( $, .STERADIAN. ) SOLID_ANGLE_UNIT ( ) );
#1233 = UNCERTAINTY_MEASURE_WITH_UNIT (LENGTH_MEASURE( 1.000000000000000082E-05 ), #4363, 'distance_accuracy_value', 'NONE');
#1234 = SURFACE_STYLE_FILL_AREA ( #5832 ) ;
#1235 = EDGE_CURVE ( 'NONE', #4015, #2750, #4643, .T. ) ;
#1236 = SURFACE_SIDE_STYLE ('',( #1166 ) ) ;
#1237 = MECHANICAL_DESIGN_GEOMETRIC_PRESENTATION_REPRESENTATION (  '', ( #278 ), #4456 ) ;
#1238 = AXIS2_PLACEMENT_3D ( 'NONE', #6218, #3928, #77 ) ;
#1239 = ORIENTED_EDGE ( 'NONE', *, *, #6427, .T. ) ;
#1240 =( LENGTH_UNIT ( ) NAMED_UNIT ( * ) SI_UNIT ( .MILLI., .METRE. ) );
#1241 = FILL_AREA_STYLE_COLOUR ( '', #3347 ) ;
#1242 = VECTOR ( 'NONE', #4886, 1000.000000000000000 ) ;
#1243 = PRESENTATION_STYLE_ASSIGNMENT (( #2189 ) ) ;
#1244 = SURFACE_STYLE_USAGE ( .BOTH. , #6597 ) ;
#1245 = STYLED_ITEM ( 'NONE', ( #1418 ), #6103 ) ;
#1247 = PRESENTATION_LAYER_ASSIGNMENT (  '', '', ( #5536 ) ) ;
#1246 = CARTESIAN_POINT ( 'NONE',  ( 2.054424841141345048, 1.125000000000000222, 0.2799999999999999711 ) ) ;
#1248 = FILL_AREA_STYLE_COLOUR ( '', #1010 ) ;
#1249 = SURFACE_STYLE_FILL_AREA ( #1766 ) ;
#1250 = FACE_OUTER_BOUND ( 'NONE', #4828, .T. ) ;
#1251 = ORIENTED_EDGE ( 'NONE', *, *, #1516, .T. ) ;
#1252 = ORIENTED_EDGE ( 'NONE', *, *, #5591, .F. ) ;
#1253 = AXIS2_PLACEMENT_3D ( 'NONE', #1403, #753, #4053 ) ;
#1254 = DIRECTION ( 'NONE',  ( 0.0000000000000000000, 0.0000000000000000000, 1.000000000000000000 ) ) ;
#1255 = STYLED_ITEM ( 'NONE', ( #4146 ), #3828 ) ;
#1256 =( NAMED_UNIT ( * ) SI_UNIT ( $, .STERADIAN. ) SOLID_ANGLE_UNIT ( ) );
#1257 = ORIENTED_EDGE ( 'NONE', *, *, #465, .T. ) ;
#1258 = CARTESIAN_POINT ( 'NONE',  ( -1.640975210307352050, 1.125000000000000222, 0.5940000000000004166 ) ) ;
#1259 = APPLICATION_CONTEXT ( 'automotive_design' ) ;
#1260 = ORIENTED_EDGE ( 'NONE', *, *, #1392, .F. ) ;
#1261 = ORIENTED_EDGE ( 'NONE', *, *, #2359, .T. ) ;
#1262 = VECTOR ( 'NONE', #6995, 1000.000000000000000 ) ;
#1263 = SURFACE_SIDE_STYLE ('',( #221 ) ) ;
#1264 = AXIS2_PLACEMENT_3D ( 'NONE', #5898, #5348, #3103 ) ;
#1265 = CARTESIAN_POINT ( 'NONE',  ( -1.777098337962921937, -0.1250000000000000000, 0.2413993441140163121 ) ) ;
#1266 = SURFACE_SIDE_STYLE ('',( #3500 ) ) ;
#1267 = DIRECTION ( 'NONE',  ( 0.0000000000000000000, 1.000000000000000000, 0.0000000000000000000 ) ) ;
#1268 = STYLED_ITEM ( 'NONE', ( #2181 ), #6695 ) ;
#1269 = ORIENTED_EDGE ( 'NONE', *, *, #5010, .T. ) ;
#1270 = DIRECTION ( 'NONE',  ( 1.000000000000000000, 0.0000000000000000000, -1.370412358063294448E-16 ) ) ;
#1271 = LINE ( 'NONE', #639, #6121 ) ;
#1272 = LINE ( 'NONE', #3434, #3981 ) ;
#1273 = DIRECTION ( 'NONE',  ( -1.453013302676229291E-18, 0.0000000000000000000, -1.000000000000000000 ) ) ;
#1274 = STYLED_ITEM ( 'NONE', ( #1120 ), #6974 ) ;
#1275 =( LENGTH_UNIT ( ) NAMED_UNIT ( * ) SI_UNIT ( .MILLI., .METRE. ) );
#1276 = MECHANICAL_DESIGN_GEOMETRIC_PRESENTATION_REPRESENTATION (  '', ( #319 ), #2503 ) ;
#1277 = CARTESIAN_POINT ( 'NONE',  ( 1.350000000000000089, 1.366025403784438375, 1.149999999999999911 ) ) ;
#1278 = EDGE_CURVE ( 'NONE', #4818, #3315, #4576, .T. ) ;
#1279 = ORIENTED_EDGE ( 'NONE', *, *, #999, .T. ) ;
#1280 = CARTESIAN_POINT ( 'NONE',  ( -1.777098337962921937, -0.6250000000000000000, 0.2413993441140163121 ) ) ;
#1281 = CARTESIAN_POINT ( 'NONE',  ( -1.500000000000000444, 0.3750000000000000000, 0.6500000000000000222 ) ) ;
#1282 = SURFACE_STYLE_FILL_AREA ( #1704 ) ;
#1283 = EDGE_CURVE ( 'NONE', #2706, #6290, #1299, .T. ) ;
#1284 = PRESENTATION_STYLE_ASSIGNMENT (( #1208 ) ) ;
#1285 =( LENGTH_UNIT ( ) NAMED_UNIT ( * ) SI_UNIT ( .MILLI., .METRE. ) );
#1286 = VERTEX_POINT ( 'NONE', #740 ) ;
#1287 = PRESENTATION_STYLE_ASSIGNMENT (( #3885 ) ) ;
#1288 = CYLINDRICAL_SURFACE ( 'NONE', #4330, 0.1000000000000002554 ) ;
#1289 = EDGE_CURVE ( 'NONE', #539, #4578, #6913, .T. ) ;
#1290 = FACE_OUTER_BOUND ( 'NONE', #474, .T. ) ;
#1291 = SURFACE_STYLE_USAGE ( .BOTH. , #1772 ) ;
#1292 = ORIENTED_EDGE ( 'NONE', *, *, #4482, .T. ) ;
#1293 = VERTEX_POINT ( 'NONE', #4716 ) ;
#1294 = CYLINDRICAL_SURFACE ( 'NONE', #2921, 0.09999999999999993616 ) ;
#1295 = CIRCLE ( 'NONE', #5358, 0.09999999999999993616 ) ;
#1296 = LINE ( 'NONE', #4013, #5617 ) ;
#1297 =( LENGTH_UNIT ( ) NAMED_UNIT ( * ) SI_UNIT ( .MILLI., .METRE. ) );
#1298 = VERTEX_POINT ( 'NONE', #5288 ) ;
#1299 = LINE ( 'NONE', #3462, #6211 ) ;
#1300 = LINE ( 'NONE', #4083, #5449 ) ;
#1301 = CARTESIAN_POINT ( 'NONE',  ( 1.641086831975067550, -0.3749999999999998890, 0.4931980538652447343 ) ) ;
#1302 = ORIENTED_EDGE ( 'NONE', *, *, #1, .T. ) ;
#1303 = CARTESIAN_POINT ( 'NONE',  ( -1.918413335153490440, 0.6250000000000001110, 0.5317987097512296701 ) ) ;
#1304 = MECHANICAL_DESIGN_GEOMETRIC_PRESENTATION_REPRESENTATION (  '', ( #5703 ), #2776 ) ;
#1305 = ORIENTED_EDGE ( 'NONE', *, *, #1925, .T. ) ;
#1306 = FACE_OUTER_BOUND ( 'NONE', #6380, .T. ) ;
#1307 = UNCERTAINTY_MEASURE_WITH_UNIT (LENGTH_MEASURE( 1.000000000000000082E-05 ), #473, 'distance_accuracy_value', 'NONE');
#1308 = FILL_AREA_STYLE_COLOUR ( '', #3145 ) ;
#1309 = ADVANCED_FACE ( 'NONE', ( #5761 ), #2330, .T. ) ;
#1310 = SURFACE_SIDE_STYLE ('',( #6316 ) ) ;
#1311 = EDGE_CURVE ( 'NONE', #4804, #805, #817, .T. ) ;
#1312 = SURFACE_STYLE_FILL_AREA ( #6320 ) ;
#1313 = MECHANICAL_DESIGN_GEOMETRIC_PRESENTATION_REPRESENTATION (  '', ( #251 ), #612 ) ;
#1314 = FILL_AREA_STYLE ('',( #2876 ) ) ;
#1315 = ORIENTED_EDGE ( 'NONE', *, *, #952, .T. ) ;
#1316 = ORIENTED_EDGE ( 'NONE', *, *, #5573, .F. ) ;
#1317 = EDGE_CURVE ( 'NONE', #3354, #2360, #5497, .T. ) ;
#1318 = EDGE_LOOP ( 'NONE', ( #427, #1279, #5971, #5814 ) ) ;
#1319 = PRESENTATION_LAYER_ASSIGNMENT (  '', '', ( #4426 ) ) ;
#1320 = ORIENTED_EDGE ( 'NONE', *, *, #1777, .T. ) ;
#1321 = AXIS2_PLACEMENT_3D ( 'NONE', #3791, #4995, #4 ) ;
#1322 = FILL_AREA_STYLE_COLOUR ( '', #1227 ) ;
#1323 = CIRCLE ( 'NONE', #4313, 0.2799999999999998601 ) ;
#1324 = FACE_OUTER_BOUND ( 'NONE', #2708, .T. ) ;
#1325 = VERTEX_POINT ( 'NONE', #7011 ) ;
#1326 = CARTESIAN_POINT ( 'NONE',  ( -1.350000000000000533, 1.350000000000000089, 0.6500000000000000222 ) ) ;
#1327 = CARTESIAN_POINT ( 'NONE',  ( 1.500000000000000222, -1.350000000000000311, 0.6500000000000000222 ) ) ;
#1328 = EDGE_LOOP ( 'NONE', ( #3468, #1917, #3682, #5206, #3977, #872, #2020, #2395, #6569, #1584, #2082, #811, #5297 ) ) ;
#1329 =( GEOMETRIC_REPRESENTATION_CONTEXT ( 3 ) GLOBAL_UNCERTAINTY_ASSIGNED_CONTEXT ( ( #2937 ) ) GLOBAL_UNIT_ASSIGNED_CONTEXT ( ( #1559, #4941, #989 ) ) REPRESENTATION_CONTEXT ( 'NONE', 'WORKASPACE' ) );
#1330 = LINE ( 'NONE', #3508, #3300 ) ;
#1331 =( NAMED_UNIT ( * ) SI_UNIT ( $, .STERADIAN. ) SOLID_ANGLE_UNIT ( ) );
#1332 = AXIS2_PLACEMENT_3D ( 'NONE', #3351, #5613, #4397 ) ;
#1333 =( GEOMETRIC_REPRESENTATION_CONTEXT ( 3 ) GLOBAL_UNCERTAINTY_ASSIGNED_CONTEXT ( ( #4902 ) ) GLOBAL_UNIT_ASSIGNED_CONTEXT ( ( #351, #4183, #917 ) ) REPRESENTATION_CONTEXT ( 'NONE', 'WORKASPACE' ) );
#1334 = DIRECTION ( 'NONE',  ( -1.606225440719265627E-16, 1.000000000000000000, -6.554874599965691086E-32 ) ) ;
#1335 = ORIENTED_EDGE ( 'NONE', *, *, #3476, .T. ) ;
#1336 = CARTESIAN_POINT ( 'NONE',  ( 1.466989180957721794, -0.1250000000000003331, 0.7731980538652448720 ) ) ;
#1337 = DIRECTION ( 'NONE',  ( 0.0000000000000000000, 1.000000000000000000, -0.0000000000000000000 ) ) ;
#1338 = FILL_AREA_STYLE_COLOUR ( '', #2497 ) ;
#1339 = VECTOR ( 'NONE', #3311, 1000.000000000000114 ) ;
#1340 = MECHANICAL_DESIGN_GEOMETRIC_PRESENTATION_REPRESENTATION (  '', ( #3848 ), #2128 ) ;
#1341 = LINE ( 'NONE', #4729, #4096 ) ;
#1342 = AXIS2_PLACEMENT_3D ( 'NONE', #5387, #1063, #1561 ) ;
#1343 = EDGE_CURVE ( 'NONE', #6593, #6323, #5223, .T. ) ;
#1344 = CARTESIAN_POINT ( 'NONE',  ( -2.450000000000000178, 0.1250000000000001110, 0.1799999999999999933 ) ) ;
#1345 = SURFACE_STYLE_USAGE ( .BOTH. , #6322 ) ;
#1346 = EDGE_LOOP ( 'NONE', ( #3966, #2670, #6486, #4246, #3457, #4663, #1630, #2240, #1817, #659, #2684, #1671, #3481, #2420, #1640, #4723, #5991, #7052, #2984, #4733, #4781, #295, #5434, #5686 ) ) ;
#1347 = ORIENTED_EDGE ( 'NONE', *, *, #4411, .F. ) ;
#1348 = SURFACE_STYLE_USAGE ( .BOTH. , #2373 ) ;
#1349 = AXIS2_PLACEMENT_3D ( 'NONE', #640, #535, #2824 ) ;
#1350 =( GEOMETRIC_REPRESENTATION_CONTEXT ( 3 ) GLOBAL_UNCERTAINTY_ASSIGNED_CONTEXT ( ( #5728 ) ) GLOBAL_UNIT_ASSIGNED_CONTEXT ( ( #2266, #2369, #4488 ) ) REPRESENTATION_CONTEXT ( 'NONE', 'WORKASPACE' ) );
#1351 =( NAMED_UNIT ( * ) SI_UNIT ( $, .STERADIAN. ) SOLID_ANGLE_UNIT ( ) );
#1352 =( LENGTH_UNIT ( ) NAMED_UNIT ( * ) SI_UNIT ( .MILLI., .METRE. ) );
#1353 = EDGE_CURVE ( 'NONE', #4876, #1654, #2387, .T. ) ;
#1354 = ORIENTED_EDGE ( 'NONE', *, *, #6812, .T. ) ;
#1355 = PRESENTATION_LAYER_ASSIGNMENT (  '', '', ( #546 ) ) ;
#1356 = VERTEX_POINT ( 'NONE', #6495 ) ;
#1357 = ORIENTED_EDGE ( 'NONE', *, *, #310, .F. ) ;
#1358 = STYLED_ITEM ( 'NONE', ( #4207 ), #3794 ) ;
#1359 = DIRECTION ( 'NONE',  ( -0.1378594853070907456, 0.0000000000000000000, -0.9904517970657956694 ) ) ;
#1360 = SURFACE_SIDE_STYLE ('',( #6379 ) ) ;
#1361 = ORIENTED_EDGE ( 'NONE', *, *, #3835, .T. ) ;
#1362 = PRESENTATION_STYLE_ASSIGNMENT (( #4081 ) ) ;
#1363 = LINE ( 'NONE', #3535, #2042 ) ;
#1364 = FACE_OUTER_BOUND ( 'NONE', #6438, .T. ) ;
#1365 = ORIENTED_EDGE ( 'NONE', *, *, #4795, .F. ) ;
#1366 = COLOUR_RGB ( '',0.7529411764705882248, 0.7529411764705882248, 0.7529411764705882248 ) ;
#1367 = CARTESIAN_POINT ( 'NONE',  ( -1.500000000000000444, 0.6250000000000001110, 0.6500000000000000222 ) ) ;
#1368 = SURFACE_STYLE_USAGE ( .BOTH. , #6919 ) ;
#1369 =( GEOMETRIC_REPRESENTATION_CONTEXT ( 3 ) GLOBAL_UNCERTAINTY_ASSIGNED_CONTEXT ( ( #110 ) ) GLOBAL_UNIT_ASSIGNED_CONTEXT ( ( #5819, #5694, #830 ) ) REPRESENTATION_CONTEXT ( 'NONE', 'WORKASPACE' ) );
#1370 = DIRECTION ( 'NONE',  ( -1.000000000000000000, -0.0000000000000000000, -1.453013302676229099E-18 ) ) ;
#1371 = ADVANCED_FACE ( 'NONE', ( #847 ), #2421, .T. ) ;
#1372 = VERTEX_POINT ( 'NONE', #4353 ) ;
#1373 = CARTESIAN_POINT ( 'NONE',  ( -1.490125689080326277, -0.1499999999999999667, 0.5940000000000001945 ) ) ;
#1374 = DIRECTION ( 'NONE',  ( -1.606225440719266367E-16, 1.000000000000000000, -3.278814867890886907E-31 ) ) ;
#1375 = CARTESIAN_POINT ( 'NONE',  ( 1.740020390013932605, 0.6250000000000001110, 0.5077859485307089082 ) ) ;
#1376 = CARTESIAN_POINT ( 'NONE',  ( -2.054424841141345048, -0.6250000000000000000, 0.1799999999999999101 ) ) ;
#1377 = SURFACE_STYLE_FILL_AREA ( #6393 ) ;
#1378 = STYLED_ITEM ( 'NONE', ( #7230 ), #4484 ) ;
#1379 = FILL_AREA_STYLE_COLOUR ( '', #4967 ) ;
#1380 = COLOUR_RGB ( '',0.1176470588235294101, 0.1176470588235294101, 0.1176470588235294101 ) ;
#1381 = VERTEX_POINT ( 'NONE', #929 ) ;
#1382 = MECHANICAL_DESIGN_GEOMETRIC_PRESENTATION_REPRESENTATION (  '', ( #5800 ), #6053 ) ;
#1383 = FILL_AREA_STYLE ('',( #5746 ) ) ;
#1384 = FACE_OUTER_BOUND ( 'NONE', #1810, .T. ) ;
#1385 = CARTESIAN_POINT ( 'NONE',  ( 1.500000000000000000, -0.6250000000000000000, 0.6500000000000000222 ) ) ;
#1386 = FACE_OUTER_BOUND ( 'NONE', #552, .T. ) ;
#1387 = ORIENTED_EDGE ( 'NONE', *, *, #999, .F. ) ;
#1388 = EDGE_LOOP ( 'NONE', ( #2172, #820, #6341, #2331 ) ) ;
#1389 = LINE ( 'NONE', #3556, #1694 ) ;
#1390 = EDGE_CURVE ( 'NONE', #6740, #2971, #5949, .T. ) ;
#1391 = LINE ( 'NONE', #4272, #4011 ) ;
#1392 = EDGE_CURVE ( 'NONE', #5707, #4168, #3709, .T. ) ;
#1393 =( NAMED_UNIT ( * ) SI_UNIT ( $, .STERADIAN. ) SOLID_ANGLE_UNIT ( ) );
#1394 = ORIENTED_EDGE ( 'NONE', *, *, #6947, .T. ) ;
#1395 = FILL_AREA_STYLE ('',( #6422 ) ) ;
#1396 = FILL_AREA_STYLE ('',( #6424 ) ) ;
#1397 = ORIENTED_EDGE ( 'NONE', *, *, #2084, .F. ) ;
#1398 = CARTESIAN_POINT ( 'NONE',  ( -1.490125689080326277, -0.1250000000000000000, 0.5940000000000001945 ) ) ;
#1399 = EDGE_CURVE ( 'NONE', #4040, #5885, #6567, .T. ) ;
#1400 = DIRECTION ( 'NONE',  ( 0.0000000000000000000, 1.000000000000000000, 0.0000000000000000000 ) ) ;
#1401 = CARTESIAN_POINT ( 'NONE',  ( 2.450000000000000178, -1.125000000000000222, 0.0000000000000000000 ) ) ;
#1402 = ORIENTED_EDGE ( 'NONE', *, *, #3445, .F. ) ;
#1403 = CARTESIAN_POINT ( 'NONE',  ( -1.350000000000000533, -1.350000000000000089, 0.6500000000000000222 ) ) ;
#1404 = CARTESIAN_POINT ( 'NONE',  ( -1.375410794124024338, 1.125000000000000222, 0.7731980538652447610 ) ) ;
#1405 = DIRECTION ( 'NONE',  ( -2.041316732240672236E-15, 0.0000000000000000000, -1.000000000000000000 ) ) ;
#1406 = DIRECTION ( 'NONE',  ( 0.0000000000000000000, 1.000000000000000000, 0.0000000000000000000 ) ) ;
#1407 = AXIS2_PLACEMENT_3D ( 'NONE', #1981, #5947, #3706 ) ;
#1408 = DIRECTION ( 'NONE',  ( -0.2588190451025212946, -0.0000000000000000000, -0.9659258262890680902 ) ) ;
#1409 = CARTESIAN_POINT ( 'NONE',  ( -2.054424841141345048, -1.125000000000000222, 0.1799999999999999101 ) ) ;
#1410 = EDGE_LOOP ( 'NONE', ( #4743, #3503, #1347, #3856 ) ) ;
#1411 = UNCERTAINTY_MEASURE_WITH_UNIT (LENGTH_MEASURE( 1.000000000000000082E-05 ), #1965, 'distance_accuracy_value', 'NONE');
#1412 = PRESENTATION_STYLE_ASSIGNMENT (( #4654 ) ) ;
#1413 = LINE ( 'NONE', #4774, #5996 ) ;
#1414 = LINE ( 'NONE', #1975, #986 ) ;
#1415 = CARTESIAN_POINT ( 'NONE',  ( 1.500000000000000222, -0.6249999999999992228, 0.6500000000000000222 ) ) ;
#1416 = ORIENTED_EDGE ( 'NONE', *, *, #146, .T. ) ;
#1417 = VERTEX_POINT ( 'NONE', #4788 ) ;
#1418 = PRESENTATION_STYLE_ASSIGNMENT (( #5321 ) ) ;
#1419 = PLANE ( 'NONE',  #4380 ) ;
#1420 = DIRECTION ( 'NONE',  ( -0.0000000000000000000, -1.000000000000000000, -0.0000000000000000000 ) ) ;
#1421 = DIRECTION ( 'NONE',  ( 0.0000000000000000000, 0.0000000000000000000, 1.000000000000000000 ) ) ;
#1422 = ORIENTED_EDGE ( 'NONE', *, *, #1149, .F. ) ;
#1423 = PRESENTATION_STYLE_ASSIGNMENT (( #6985 ) ) ;
#1424 = EDGE_LOOP ( 'NONE', ( #299, #190 ) ) ;
#1425 = DIRECTION ( 'NONE',  ( 0.0000000000000000000, 0.0000000000000000000, 1.000000000000000000 ) ) ;
#1426 = STYLED_ITEM ( 'NONE', ( #6640 ), #1498 ) ;
#1427 = CARTESIAN_POINT ( 'NONE',  ( -2.450000000000000178, 0.1250000000000001110, 0.0000000000000000000 ) ) ;
#1428 = LINE ( 'NONE', #3607, #392 ) ;
#1429 =( GEOMETRIC_REPRESENTATION_CONTEXT ( 3 ) GLOBAL_UNCERTAINTY_ASSIGNED_CONTEXT ( ( #4827 ) ) GLOBAL_UNIT_ASSIGNED_CONTEXT ( ( #5220, #6843, #737 ) ) REPRESENTATION_CONTEXT ( 'NONE', 'WORKASPACE' ) );
#1430 = ORIENTED_EDGE ( 'NONE', *, *, #559, .T. ) ;
#1431 = CYLINDRICAL_SURFACE ( 'NONE', #3632, 0.09999999999999993616 ) ;
#1432 = CARTESIAN_POINT ( 'NONE',  ( 1.490125689080325833, 0.8749999999999998890, 0.5940000000000001945 ) ) ;
#1433 = STYLED_ITEM ( 'NONE', ( #1423 ), #2215 ) ;
#1434 = LINE ( 'NONE', #5726, #6419 ) ;
#1435 = EDGE_CURVE ( 'NONE', #6697, #2232, #6033, .T. ) ;
#1436 = UNCERTAINTY_MEASURE_WITH_UNIT (LENGTH_MEASURE( 1.000000000000000082E-05 ), #3934, 'distance_accuracy_value', 'NONE');
#1437 = PRESENTATION_STYLE_ASSIGNMENT (( #6580 ) ) ;
#1438 = VECTOR ( 'NONE', #2995, 1000.000000000000000 ) ;
#1439 = COLOUR_RGB ( '',0.7529411764705882248, 0.7529411764705882248, 0.7529411764705882248 ) ;
#1440 = PRESENTATION_STYLE_ASSIGNMENT (( #865 ) ) ;
#1441 = PLANE ( 'NONE',  #3688 ) ;
#1442 = AXIS2_PLACEMENT_3D ( 'NONE', #3704, #3115, #6447 ) ;
#1443 = SURFACE_STYLE_USAGE ( .BOTH. , #4731 ) ;
#1444 = EDGE_CURVE ( 'NONE', #5932, #708, #1003, .T. ) ;
#1445 = UNCERTAINTY_MEASURE_WITH_UNIT (LENGTH_MEASURE( 1.000000000000000082E-05 ), #345, 'distance_accuracy_value', 'NONE');
#1446 = COLOUR_RGB ( '',0.7529411764705882248, 0.7529411764705882248, 0.7529411764705882248 ) ;
#1447 = ORIENTED_EDGE ( 'NONE', *, *, #1145, .T. ) ;
#1448 = CIRCLE ( 'NONE', #1119, 0.2800000000000000822 ) ;
#1449 = CARTESIAN_POINT ( 'NONE',  ( 1.641086831975067550, 0.3750000000000000000, 0.4931980538652447343 ) ) ;
#1450 =( NAMED_UNIT ( * ) PLANE_ANGLE_UNIT ( ) SI_UNIT ( $, .RADIAN. ) );
#1451 = AXIS2_PLACEMENT_3D ( 'NONE', #2351, #4574, #444 ) ;
#1452 = CARTESIAN_POINT ( 'NONE',  ( -2.054424841141346825, -0.8749999999999998890, 5.747759680298863667E-19 ) ) ;
#1453 = MECHANICAL_DESIGN_GEOMETRIC_PRESENTATION_REPRESENTATION (  '', ( #4335 ), #5858 ) ;
#1454 = LINE ( 'NONE', #3111, #2028 ) ;
#1455 = EDGE_CURVE ( 'NONE', #4352, #2659, #2704, .T. ) ;
#1456 =( NAMED_UNIT ( * ) PLANE_ANGLE_UNIT ( ) SI_UNIT ( $, .RADIAN. ) );
#1457 = EDGE_LOOP ( 'NONE', ( #626, #4157, #5134, #6953 ) ) ;
#1458 = ORIENTED_EDGE ( 'NONE', *, *, #5706, .F. ) ;
#1459 =( NAMED_UNIT ( * ) SI_UNIT ( $, .STERADIAN. ) SOLID_ANGLE_UNIT ( ) );
#1460 = LINE ( 'NONE', #5983, #6236 ) ;
#1461 = MECHANICAL_DESIGN_GEOMETRIC_PRESENTATION_REPRESENTATION (  '', ( #1245 ), #5060 ) ;
#1462 = PLANE ( 'NONE',  #3827 ) ;
#1463 = PRESENTATION_LAYER_ASSIGNMENT (  '', '', ( #4579 ) ) ;
#1464 = LINE ( 'NONE', #3783, #2 ) ;
#1465 = ORIENTED_EDGE ( 'NONE', *, *, #3309, .F. ) ;
#1466 = ORIENTED_EDGE ( 'NONE', *, *, #236, .T. ) ;
#1467 = LINE ( 'NONE', #7014, #6401 ) ;
#1468 = AXIS2_PLACEMENT_3D ( 'NONE', #5005, #6753, #4408 ) ;
#1469 = SURFACE_SIDE_STYLE ('',( #4314 ) ) ;
#1470 = LINE ( 'NONE', #4398, #2354 ) ;
#1471 = AXIS2_PLACEMENT_3D ( 'NONE', #6238, #1174, #5663 ) ;
#1472 = ORIENTED_EDGE ( 'NONE', *, *, #5667, .F. ) ;
#1473 = DIRECTION ( 'NONE',  ( 1.000000000000000000, 0.0000000000000000000, -1.370412358063294448E-16 ) ) ;
#1474 = LINE ( 'NONE', #3650, #5019 ) ;
#1475 = AXIS2_PLACEMENT_3D ( 'NONE', #2179, #6903, #2306 ) ;
#1476 = DIRECTION ( 'NONE',  ( 1.000000000000000000, 0.0000000000000000000, 0.0000000000000000000 ) ) ;
#1477 = CARTESIAN_POINT ( 'NONE',  ( 1.918413335153490440, -0.1250000000000000000, 0.5317987097512297812 ) ) ;
#1478 = FACE_OUTER_BOUND ( 'NONE', #1217, .T. ) ;
#1479 = COLOUR_RGB ( '',0.1176470588235294101, 0.1176470588235294101, 0.1176470588235294101 ) ;
#1480 = DIRECTION ( 'NONE',  ( 0.0000000000000000000, 1.000000000000000000, 0.0000000000000000000 ) ) ;
#1481 = EDGE_CURVE ( 'NONE', #4476, #5214, #5441, .T. ) ;
#1482 = AXIS2_PLACEMENT_3D ( 'NONE', #5568, #5013, #5430 ) ;
#1483 = SURFACE_STYLE_USAGE ( .BOTH. , #4694 ) ;
#1484 = PLANE ( 'NONE',  #5556 ) ;
#1485 = LINE ( 'NONE', #946, #6824 ) ;
#1486 = EDGE_LOOP ( 'NONE', ( #3512, #27, #5534, #5021 ) ) ;
#1487 =( NAMED_UNIT ( * ) SI_UNIT ( $, .STERADIAN. ) SOLID_ANGLE_UNIT ( ) );
#1488 =( GEOMETRIC_REPRESENTATION_CONTEXT ( 3 ) GLOBAL_UNCERTAINTY_ASSIGNED_CONTEXT ( ( #6769 ) ) GLOBAL_UNIT_ASSIGNED_CONTEXT ( ( #4503, #6706, #1615 ) ) REPRESENTATION_CONTEXT ( 'NONE', 'WORKASPACE' ) );
#1490 = EDGE_CURVE ( 'NONE', #948, #6904, #5267, .T. ) ;
#1489 =( LENGTH_UNIT ( ) NAMED_UNIT ( * ) SI_UNIT ( .MILLI., .METRE. ) );
#1491 = CARTESIAN_POINT ( 'NONE',  ( 1.641086831975067550, -0.8749999999999998890, 0.4931980538652447343 ) ) ;
#1492 =( NAMED_UNIT ( * ) SI_UNIT ( $, .STERADIAN. ) SOLID_ANGLE_UNIT ( ) );
#1493 = SURFACE_STYLE_USAGE ( .BOTH. , #4113 ) ;
#1494 =( NAMED_UNIT ( * ) SI_UNIT ( $, .STERADIAN. ) SOLID_ANGLE_UNIT ( ) );
#1495 = VERTEX_POINT ( 'NONE', #7217 ) ;
#1496 = UNCERTAINTY_MEASURE_WITH_UNIT (LENGTH_MEASURE( 1.000000000000000082E-05 ), #1601, 'distance_accuracy_value', 'NONE');
#1497 = EDGE_LOOP ( 'NONE', ( #5645, #252, #4838, #1857 ) ) ;
#1498 = ADVANCED_FACE ( 'NONE', ( #2666 ), #6673, .T. ) ;
#1499 = COLOUR_RGB ( '',0.7529411764705882248, 0.7529411764705882248, 0.7529411764705882248 ) ;
#1500 = ORIENTED_EDGE ( 'NONE', *, *, #6061, .F. ) ;
#1501 = CARTESIAN_POINT ( 'NONE',  ( -1.500000000000000444, 0.1250000000000001110, 0.6500000000000000222 ) ) ;
#1502 =( LENGTH_UNIT ( ) NAMED_UNIT ( * ) SI_UNIT ( .MILLI., .METRE. ) );
#1503 = CARTESIAN_POINT ( 'NONE',  ( 1.641086831975067550, -1.125000000000000222, 0.4931980538652447343 ) ) ;
#1504 = ORIENTED_EDGE ( 'NONE', *, *, #1967, .T. ) ;
#1505 = PRESENTATION_STYLE_ASSIGNMENT (( #6042 ) ) ;
#1506 = SURFACE_STYLE_FILL_AREA ( #3242 ) ;
#1507 = VERTEX_POINT ( 'NONE', #1501 ) ;
#1508 = SURFACE_STYLE_USAGE ( .BOTH. , #1622 ) ;
#1509 =( NAMED_UNIT ( * ) SI_UNIT ( $, .STERADIAN. ) SOLID_ANGLE_UNIT ( ) );
#1510 = DIRECTION ( 'NONE',  ( -0.0000000000000000000, -0.0000000000000000000, 1.000000000000000000 ) ) ;
#1511 = CARTESIAN_POINT ( 'NONE',  ( -1.375410794124024338, -0.3749999999999998890, 0.7731980538652447610 ) ) ;
#1512 = CARTESIAN_POINT ( 'NONE',  ( -1.641086831975067550, -1.125000000000000222, 0.4931980538652447343 ) ) ;
#1513 =( NAMED_UNIT ( * ) PLANE_ANGLE_UNIT ( ) SI_UNIT ( $, .RADIAN. ) );
#1514 = SURFACE_STYLE_FILL_AREA ( #6054 ) ;
#1515 = DIRECTION ( 'NONE',  ( -0.0000000000000000000, -1.000000000000000000, -0.0000000000000000000 ) ) ;
#1516 = EDGE_CURVE ( 'NONE', #3448, #5469, #4236, .T. ) ;
#1517 = DIRECTION ( 'NONE',  ( -0.1378594853070907456, -0.0000000000000000000, 0.9904517970657956694 ) ) ;
#1518 = UNCERTAINTY_MEASURE_WITH_UNIT (LENGTH_MEASURE( 1.000000000000000082E-05 ), #4401, 'distance_accuracy_value', 'NONE');
#1519 = EDGE_LOOP ( 'NONE', ( #5558, #4750, #5478, #1528 ) ) ;
#1520 = EDGE_CURVE ( 'NONE', #2268, #6371, #1098, .T. ) ;
#1521 = CARTESIAN_POINT ( 'NONE',  ( 1.375410794124024338, -0.1250000000000000000, 0.5939999999999999725 ) ) ;
#1522 = CARTESIAN_POINT ( 'NONE',  ( -1.640975210307352050, -0.6250000000000000000, 0.5940000000000004166 ) ) ;
#1524 = STYLED_ITEM ( 'NONE', ( #7078 ), #789 ) ;
#1523 = FILL_AREA_STYLE_COLOUR ( '', #6965 ) ;
#1525 = LINE ( 'NONE', #5978, #3831 ) ;
#1526 = ORIENTED_EDGE ( 'NONE', *, *, #3927, .T. ) ;
#1527 = ADVANCED_FACE ( 'NONE', ( #5680 ), #3126, .T. ) ;
#1528 = ORIENTED_EDGE ( 'NONE', *, *, #651, .T. ) ;
#1529 = SURFACE_SIDE_STYLE ('',( #7211 ) ) ;
#1530 = SURFACE_SIDE_STYLE ('',( #6563 ) ) ;
#1531 = FILL_AREA_STYLE ('',( #3853 ) ) ;
#1532 = ORIENTED_EDGE ( 'NONE', *, *, #6040, .T. ) ;
#1533 = SURFACE_SIDE_STYLE ('',( #3162 ) ) ;
#1534 =( GEOMETRIC_REPRESENTATION_CONTEXT ( 3 ) GLOBAL_UNCERTAINTY_ASSIGNED_CONTEXT ( ( #4332 ) ) GLOBAL_UNIT_ASSIGNED_CONTEXT ( ( #1128, #568, #2609 ) ) REPRESENTATION_CONTEXT ( 'NONE', 'WORKASPACE' ) );
#1535 = CARTESIAN_POINT ( 'NONE',  ( -1.740020390013932605, 0.8750000000000000000, 0.5077859485307089082 ) ) ;
#1536 = ORIENTED_EDGE ( 'NONE', *, *, #4613, .F. ) ;
#1537 = CARTESIAN_POINT ( 'NONE',  ( -1.641086831975065774, -1.125000000000000222, 0.7731980538652448720 ) ) ;
#1538 = LINE ( 'NONE', #3127, #4317 ) ;
#1539 = VECTOR ( 'NONE', #6304, 1000.000000000000000 ) ;
#1540 = CARTESIAN_POINT ( 'NONE',  ( -1.350000000000000533, 1.350000000000000089, 0.6500000000000000222 ) ) ;
#1541 = ORIENTED_EDGE ( 'NONE', *, *, #4348, .T. ) ;
#1542 = DIRECTION ( 'NONE',  ( 0.0000000000000000000, 1.000000000000000000, 0.0000000000000000000 ) ) ;
#1543 = CARTESIAN_POINT ( 'NONE',  ( 2.054424841141345048, -1.125000000000000222, 0.1799999999999997158 ) ) ;
#1544 =( NAMED_UNIT ( * ) PLANE_ANGLE_UNIT ( ) SI_UNIT ( $, .RADIAN. ) );
#1545 = EDGE_CURVE ( 'NONE', #2854, #6082, #1106, .T. ) ;
#1546 = PLANE ( 'NONE',  #5637 ) ;
#1547 = SURFACE_STYLE_USAGE ( .BOTH. , #5962 ) ;
#1548 = DIRECTION ( 'NONE',  ( 0.0000000000000000000, 0.0000000000000000000, 1.000000000000000000 ) ) ;
#1549 = CARTESIAN_POINT ( 'NONE',  ( -1.350000000000000533, -1.500000000000000000, 0.6500000000000000222 ) ) ;
#1550 = LINE ( 'NONE', #4114, #7232 ) ;
#1551 = CARTESIAN_POINT ( 'NONE',  ( 1.918413335153490440, 0.3750000000000000000, 0.5317987097512297812 ) ) ;
#1552 = LINE ( 'NONE', #6014, #7047 ) ;
#1553 = VERTEX_POINT ( 'NONE', #699 ) ;
#1554 = VECTOR ( 'NONE', #2023, 1000.000000000000000 ) ;
#1555 = CIRCLE ( 'NONE', #3373, 0.09999999999999993616 ) ;
#1556 = PRESENTATION_STYLE_ASSIGNMENT (( #6587 ) ) ;
#1557 = CIRCLE ( 'NONE', #1669, 0.1000000000000002554 ) ;
#1558 = PRESENTATION_STYLE_ASSIGNMENT (( #4820 ) ) ;
#1559 =( LENGTH_UNIT ( ) NAMED_UNIT ( * ) SI_UNIT ( .MILLI., .METRE. ) );
#1560 = CIRCLE ( 'NONE', #5629, 0.1000000000000002554 ) ;
#1561 = DIRECTION ( 'NONE',  ( 0.0000000000000000000, 0.0000000000000000000, -1.000000000000000000 ) ) ;
#1562 = SURFACE_SIDE_STYLE ('',( #4945 ) ) ;
#1563 = EDGE_LOOP ( 'NONE', ( #6787, #5363, #5572, #102 ) ) ;
#1564 = VERTEX_POINT ( 'NONE', #6210 ) ;
#1565 = LINE ( 'NONE', #1035, #5532 ) ;
#1566 = VECTOR ( 'NONE', #5818, 1000.000000000000000 ) ;
#1567 = DIRECTION ( 'NONE',  ( 1.000000000000000000, 0.0000000000000000000, 4.080918178602890545E-16 ) ) ;
#1568 = AXIS2_PLACEMENT_3D ( 'NONE', #1503, #5442, #6643 ) ;
#1569 = EDGE_CURVE ( 'NONE', #4543, #3153, #2851, .T. ) ;
#1570 = EDGE_CURVE ( 'NONE', #4868, #992, #625, .T. ) ;
#1571 = DIRECTION ( 'NONE',  ( -0.1378594853070907456, 0.0000000000000000000, -0.9904517970657956694 ) ) ;
#1572 = CARTESIAN_POINT ( 'NONE',  ( -1.640975210307352938, -0.1250000000000000000, 0.4940000000000004943 ) ) ;
#1573 = VECTOR ( 'NONE', #2502, 1000.000000000000114 ) ;
#1574 = ORIENTED_EDGE ( 'NONE', *, *, #3348, .T. ) ;
#1575 =( NAMED_UNIT ( * ) SI_UNIT ( $, .STERADIAN. ) SOLID_ANGLE_UNIT ( ) );
#1576 = AXIS2_PLACEMENT_3D ( 'NONE', #30, #3921, #3453 ) ;
#1577 = FILL_AREA_STYLE_COLOUR ( '', #4914 ) ;
#1578 = ORIENTED_EDGE ( 'NONE', *, *, #7235, .F. ) ;
#1579 =( NAMED_UNIT ( * ) SI_UNIT ( $, .STERADIAN. ) SOLID_ANGLE_UNIT ( ) );
#1580 = AXIS2_PLACEMENT_3D ( 'NONE', #1089, #5928, #4327 ) ;
#1581 = EDGE_CURVE ( 'NONE', #1882, #6498, #6702, .T. ) ;
#1582 = DIRECTION ( 'NONE',  ( 0.0000000000000000000, 1.000000000000000000, 0.0000000000000000000 ) ) ;
#1583 = CARTESIAN_POINT ( 'NONE',  ( -1.490125689080326277, 1.350000000000000089, 0.5940000000000001945 ) ) ;
#1584 = ORIENTED_EDGE ( 'NONE', *, *, #291, .T. ) ;
#1585 = SURFACE_STYLE_FILL_AREA ( #458 ) ;
#1586 = CARTESIAN_POINT ( 'NONE',  ( -1.050000000000000044, 0.9000000000000000222, 1.149999999999999911 ) ) ;
#1587 = COLOUR_RGB ( '',0.7529411764705882248, 0.7529411764705882248, 0.7529411764705882248 ) ;
#1588 = FACE_OUTER_BOUND ( 'NONE', #6778, .T. ) ;
#1589 = UNCERTAINTY_MEASURE_WITH_UNIT (LENGTH_MEASURE( 1.000000000000000082E-05 ), #1240, 'distance_accuracy_value', 'NONE');
#1590 = CARTESIAN_POINT ( 'NONE',  ( -2.450000000000000178, -0.6250000000000000000, 0.1799999999999999933 ) ) ;
#1591 = LINE ( 'NONE', #1511, #4361 ) ;
#1592 = PRESENTATION_LAYER_ASSIGNMENT (  '', '', ( #4698 ) ) ;
#1593 = EDGE_CURVE ( 'NONE', #4632, #6137, #6106, .T. ) ;
#1594 =( GEOMETRIC_REPRESENTATION_CONTEXT ( 3 ) GLOBAL_UNCERTAINTY_ASSIGNED_CONTEXT ( ( #1233 ) ) GLOBAL_UNIT_ASSIGNED_CONTEXT ( ( #4363, #4960, #4626 ) ) REPRESENTATION_CONTEXT ( 'NONE', 'WORKASPACE' ) );
#1595 = DIRECTION ( 'NONE',  ( -1.000000000000000000, 0.0000000000000000000, 0.0000000000000000000 ) ) ;
#1596 = CARTESIAN_POINT ( 'NONE',  ( -2.450000000000000178, -0.6250000000000000000, 0.1799999999999999933 ) ) ;
#1597 = SURFACE_STYLE_USAGE ( .BOTH. , #1055 ) ;
#1598 = CARTESIAN_POINT ( 'NONE',  ( 2.450000000000000178, -1.125000000000000222, 0.0000000000000000000 ) ) ;
#1599 = LINE ( 'NONE', #6548, #2925 ) ;
#1600 = ORIENTED_EDGE ( 'NONE', *, *, #5334, .F. ) ;
#1601 =( LENGTH_UNIT ( ) NAMED_UNIT ( * ) SI_UNIT ( .MILLI., .METRE. ) );
#1602 = PRESENTATION_LAYER_ASSIGNMENT (  '', '', ( #4119 ) ) ;
#1603 = EDGE_LOOP ( 'NONE', ( #5952, #4861, #7204, #3572 ) ) ;
#1604 = ORIENTED_EDGE ( 'NONE', *, *, #103, .F. ) ;
#1605 = COLOUR_RGB ( '',0.7529411764705882248, 0.7529411764705882248, 0.7529411764705882248 ) ;
#1606 = DIRECTION ( 'NONE',  ( 0.0000000000000000000, 0.0000000000000000000, 1.000000000000000000 ) ) ;
#1607 = PRESENTATION_STYLE_ASSIGNMENT (( #3118 ) ) ;
#1608 = VERTEX_POINT ( 'NONE', #107 ) ;
#1609 = DIRECTION ( 'NONE',  ( -0.1736481776669307198, 0.0000000000000000000, -0.9848077530122080203 ) ) ;
#1610 = ORIENTED_EDGE ( 'NONE', *, *, #1593, .T. ) ;
#1611 = CARTESIAN_POINT ( 'NONE',  ( -1.375410794124024338, -0.1250000000000000000, 0.7731980538652447610 ) ) ;
#1612 = EDGE_CURVE ( 'NONE', #6295, #2932, #3383, .T. ) ;
#1613 = VERTEX_POINT ( 'NONE', #1258 ) ;
#1614 = ADVANCED_FACE ( 'NONE', ( #5062 ), #5642, .T. ) ;
#1615 =( NAMED_UNIT ( * ) SI_UNIT ( $, .STERADIAN. ) SOLID_ANGLE_UNIT ( ) );
#1616 = SURFACE_STYLE_USAGE ( .BOTH. , #564 ) ;
#1617 = PRESENTATION_LAYER_ASSIGNMENT (  '', '', ( #4264 ) ) ;
#1618 = ADVANCED_FACE ( 'NONE', ( #2448 ), #2379, .T. ) ;
#1619 = SURFACE_STYLE_FILL_AREA ( #7189 ) ;
#1620 = CARTESIAN_POINT ( 'NONE',  ( -2.054424841141346825, -0.6250000000000000000, 5.747759680298863667E-19 ) ) ;
#1621 = EDGE_LOOP ( 'NONE', ( #1949, #2110, #6719, #1928 ) ) ;
#1622 = SURFACE_SIDE_STYLE ('',( #1585 ) ) ;
#1623 = LINE ( 'NONE', #2061, #4897 ) ;
#1624 =( NAMED_UNIT ( * ) SI_UNIT ( $, .STERADIAN. ) SOLID_ANGLE_UNIT ( ) );
#1625 = LINE ( 'NONE', #4368, #6832 ) ;
#1626 = ADVANCED_FACE ( 'NONE', ( #4824 ), #3077, .F. ) ;
#1627 = PRESENTATION_STYLE_ASSIGNMENT (( #6623 ) ) ;
#1628 =( NAMED_UNIT ( * ) PLANE_ANGLE_UNIT ( ) SI_UNIT ( $, .RADIAN. ) );
#1629 = DIRECTION ( 'NONE',  ( 0.0000000000000000000, 0.0000000000000000000, 1.000000000000000000 ) ) ;
#1630 = ORIENTED_EDGE ( 'NONE', *, *, #2746, .T. ) ;
#1631 =( GEOMETRIC_REPRESENTATION_CONTEXT ( 3 ) GLOBAL_UNCERTAINTY_ASSIGNED_CONTEXT ( ( #4179 ) ) GLOBAL_UNIT_ASSIGNED_CONTEXT ( ( #1297, #845, #4714 ) ) REPRESENTATION_CONTEXT ( 'NONE', 'WORKASPACE' ) );
#1632 = DIRECTION ( 'NONE',  ( 0.0000000000000000000, 1.000000000000000000, 0.0000000000000000000 ) ) ;
#1633 = DIRECTION ( 'NONE',  ( -0.1378594853070907733, 0.0000000000000000000, 0.9904517970657956694 ) ) ;
#1634 = DIRECTION ( 'NONE',  ( 0.0000000000000000000, 0.0000000000000000000, 1.000000000000000000 ) ) ;
#1635 = CARTESIAN_POINT ( 'NONE',  ( 1.641086831975067550, -0.3749999999999998890, 0.4931980538652447343 ) ) ;
#1636 = ORIENTED_EDGE ( 'NONE', *, *, #3068, .F. ) ;
#1637 = COLOUR_RGB ( '',0.7529411764705882248, 0.7529411764705882248, 0.7529411764705882248 ) ;
#1638 = SURFACE_STYLE_USAGE ( .BOTH. , #1529 ) ;
#1639 = MECHANICAL_DESIGN_GEOMETRIC_PRESENTATION_REPRESENTATION (  '', ( #6324 ), #6571 ) ;
#1640 = ORIENTED_EDGE ( 'NONE', *, *, #4646, .T. ) ;
#1641 = FILL_AREA_STYLE_COLOUR ( '', #6217 ) ;
#1642 = EDGE_LOOP ( 'NONE', ( #6389, #6764, #6958, #4629 ) ) ;
#1643 = VECTOR ( 'NONE', #2831, 1000.000000000000000 ) ;
#1644 = PLANE ( 'NONE',  #3597 ) ;
#1645 = VECTOR ( 'NONE', #340, 1000.000000000000000 ) ;
#1646 = ORIENTED_EDGE ( 'NONE', *, *, #3314, .F. ) ;
#1647 = CARTESIAN_POINT ( 'NONE',  ( -2.054424841141346825, -0.1250000000000000000, 5.747759680298863667E-19 ) ) ;
#1648 = DIRECTION ( 'NONE',  ( 0.0000000000000000000, -0.0000000000000000000, 1.000000000000000000 ) ) ;
#1649 = CARTESIAN_POINT ( 'NONE',  ( -1.350000000000000533, -1.500000000000000000, 0.6500000000000000222 ) ) ;
#1650 = CARTESIAN_POINT ( 'NONE',  ( 0.0000000000000000000, 0.0000000000000000000, 0.0000000000000000000 ) ) ;
#1651 = EDGE_CURVE ( 'NONE', #371, #1293, #3016, .T. ) ;
#1652 = SURFACE_STYLE_FILL_AREA ( #4855 ) ;
#1653 = EDGE_CURVE ( 'NONE', #3160, #5055, #6023, .T. ) ;
#1654 = VERTEX_POINT ( 'NONE', #6556 ) ;
#1655 = CARTESIAN_POINT ( 'NONE',  ( -1.955379661434764715, 0.1250000000000001110, 0.2662140514692911686 ) ) ;
#1656 = FILL_AREA_STYLE_COLOUR ( '', #4167 ) ;
#1657 =( NAMED_UNIT ( * ) PLANE_ANGLE_UNIT ( ) SI_UNIT ( $, .RADIAN. ) );
#1658 = DIRECTION ( 'NONE',  ( 0.0000000000000000000, 1.000000000000000000, 0.0000000000000000000 ) ) ;
#1659 = EDGE_LOOP ( 'NONE', ( #4354, #7171, #5182, #2278, #882, #5162, #141, #7099, #3142, #4126, #6038, #2665, #4085 ) ) ;
#1660 = FACE_OUTER_BOUND ( 'NONE', #1659, .T. ) ;
#1661 = MECHANICAL_DESIGN_GEOMETRIC_PRESENTATION_REPRESENTATION (  '', ( #7165 ), #3587 ) ;
#1662 = PRESENTATION_LAYER_ASSIGNMENT (  '', '', ( #4780 ) ) ;
#1663 = DIRECTION ( 'NONE',  ( -0.0000000000000000000, -1.000000000000000000, 0.0000000000000000000 ) ) ;
#1664 = CARTESIAN_POINT ( 'NONE',  ( 1.740020390013932605, -1.125000000000000222, 0.5077859485307089082 ) ) ;
#1665 = EDGE_CURVE ( 'NONE', #3153, #7083, #1525, .T. ) ;
#1666 = DIRECTION ( 'NONE',  ( 0.0000000000000000000, 1.000000000000000000, 0.0000000000000000000 ) ) ;
#1667 = VECTOR ( 'NONE', #5720, 1000.000000000000000 ) ;
#1668 = CARTESIAN_POINT ( 'NONE',  ( 1.500000000000000000, 0.1250000000000001110, 0.6500000000000000222 ) ) ;
#1669 = AXIS2_PLACEMENT_3D ( 'NONE', #876, #7036, #6405 ) ;
#1670 = ORIENTED_EDGE ( 'NONE', *, *, #6089, .F. ) ;
#1671 = ORIENTED_EDGE ( 'NONE', *, *, #5892, .F. ) ;
#1672 = DIRECTION ( 'NONE',  ( -0.1378594853070907456, -0.0000000000000000000, 0.9904517970657956694 ) ) ;
#1673 = COLOUR_RGB ( '',0.7529411764705882248, 0.7529411764705882248, 0.7529411764705882248 ) ;
#1674 = STYLED_ITEM ( 'NONE', ( #4143 ), #4737 ) ;
#1675 = VECTOR ( 'NONE', #2427, 1000.000000000000000 ) ;
#1676 = CIRCLE ( 'NONE', #5742, 0.2799999999999998601 ) ;
#1677 = EDGE_CURVE ( 'NONE', #6184, #5831, #1323, .T. ) ;
#1678 = CARTESIAN_POINT ( 'NONE',  ( -1.740020390013932605, -0.8749999999999998890, 0.5077859485307089082 ) ) ;
#1679 = ORIENTED_EDGE ( 'NONE', *, *, #6684, .F. ) ;
#1680 = ORIENTED_EDGE ( 'NONE', *, *, #3656, .F. ) ;
#1681 = COLOUR_RGB ( '',0.7529411764705882248, 0.7529411764705882248, 0.7529411764705882248 ) ;
#1682 = VERTEX_POINT ( 'NONE', #3374 ) ;
#1683 = VECTOR ( 'NONE', #4802, 1000.000000000000000 ) ;
#1684 = PRESENTATION_LAYER_ASSIGNMENT (  '', '', ( #3848 ) ) ;
#1685 = PRESENTATION_LAYER_ASSIGNMENT (  '', '', ( #3968 ) ) ;
#1686 = CYLINDRICAL_SURFACE ( 'NONE', #6102, 0.2799999999999998601 ) ;
#1687 = VECTOR ( 'NONE', #3110, 999.9999999999998863 ) ;
#1688 = DIRECTION ( 'NONE',  ( -0.0000000000000000000, -1.000000000000000000, -0.0000000000000000000 ) ) ;
#1689 = ORIENTED_EDGE ( 'NONE', *, *, #3702, .F. ) ;
#1690 = FILL_AREA_STYLE ('',( #2821 ) ) ;
#1691 = CARTESIAN_POINT ( 'NONE',  ( 2.054424841141345048, 0.8750000000000000000, 0.2799999999999999711 ) ) ;
#1692 =( LENGTH_UNIT ( ) NAMED_UNIT ( * ) SI_UNIT ( .MILLI., .METRE. ) );
#1693 = MECHANICAL_DESIGN_GEOMETRIC_PRESENTATION_REPRESENTATION (  '', ( #6620 ), #286 ) ;
#1694 = VECTOR ( 'NONE', #2551, 1000.000000000000000 ) ;
#1695 = ORIENTED_EDGE ( 'NONE', *, *, #6635, .F. ) ;
#1696 = CARTESIAN_POINT ( 'NONE',  ( 2.054424841141346825, -1.125000000000000222, 5.747759680298863667E-19 ) ) ;
#1697 = LINE ( 'NONE', #3364, #91 ) ;
#1698 = SURFACE_SIDE_STYLE ('',( #6820 ) ) ;
#1699 = EDGE_LOOP ( 'NONE', ( #4018, #1876, #4918, #5602 ) ) ;
#1700 = EDGE_CURVE ( 'NONE', #4230, #2269, #691, .T. ) ;
#1701 = DIRECTION ( 'NONE',  ( 0.0000000000000000000, 1.000000000000000000, 0.0000000000000000000 ) ) ;
#1702 = FACE_OUTER_BOUND ( 'NONE', #1563, .T. ) ;
#1703 = PRESENTATION_LAYER_ASSIGNMENT (  '', '', ( #1255 ) ) ;
#1704 = FILL_AREA_STYLE ('',( #2329 ) ) ;
#1705 = EDGE_CURVE ( 'NONE', #6113, #4356, #3914, .T. ) ;
#1706 = MECHANICAL_DESIGN_GEOMETRIC_PRESENTATION_REPRESENTATION (  '', ( #6742 ), #663 ) ;
#1707 = DIRECTION ( 'NONE',  ( -1.606225440719266367E-16, 1.000000000000000000, -3.278814867890886907E-31 ) ) ;
#1708 = MECHANICAL_DESIGN_GEOMETRIC_PRESENTATION_REPRESENTATION (  '', ( #3869 ), #3996 ) ;
#1709 = ORIENTED_EDGE ( 'NONE', *, *, #7008, .T. ) ;
#1710 = SURFACE_SIDE_STYLE ('',( #1151 ) ) ;
#1711 = EDGE_CURVE ( 'NONE', #3429, #1847, #6810, .T. ) ;
#1712 = SURFACE_STYLE_USAGE ( .BOTH. , #479 ) ;
#1713 = VECTOR ( 'NONE', #6968, 1000.000000000000114 ) ;
#1714 = DIRECTION ( 'NONE',  ( 0.0000000000000000000, 0.0000000000000000000, 1.000000000000000000 ) ) ;
#1715 = ORIENTED_EDGE ( 'NONE', *, *, #1739, .F. ) ;
#1716 =( LENGTH_UNIT ( ) NAMED_UNIT ( * ) SI_UNIT ( .MILLI., .METRE. ) );
#1717 = AXIS2_PLACEMENT_3D ( 'NONE', #4255, #7025, #4927 ) ;
#1718 = ORIENTED_EDGE ( 'NONE', *, *, #5322, .F. ) ;
#1719 = STYLED_ITEM ( 'NONE', ( #5888 ), #4372 ) ;
#1720 = EDGE_CURVE ( 'NONE', #147, #1613, #2162, .T. ) ;
#1721 = LINE ( 'NONE', #1076, #4493 ) ;
#1722 =( NAMED_UNIT ( * ) SI_UNIT ( $, .STERADIAN. ) SOLID_ANGLE_UNIT ( ) );
#1723 = VECTOR ( 'NONE', #424, 1000.000000000000114 ) ;
#1724 = CARTESIAN_POINT ( 'NONE',  ( 1.500000000000000000, 1.350000000000000089, 0.6500000000000000222 ) ) ;
#1725 = PRESENTATION_STYLE_ASSIGNMENT (( #1124 ) ) ;
#1726 = ORIENTED_EDGE ( 'NONE', *, *, #3170, .F. ) ;
#1727 = FILL_AREA_STYLE ('',( #5616 ) ) ;
#1728 = CARTESIAN_POINT ( 'NONE',  ( 1.777098337962921937, -0.3749999999999998890, 0.2413993441140163398 ) ) ;
#1729 = CARTESIAN_POINT ( 'NONE',  ( 1.466989180957721572, 0.1250000000000001110, 0.7731980538652447610 ) ) ;
#1730 = CIRCLE ( 'NONE', #6292, 0.2800000000000000266 ) ;
#1731 = ORIENTED_EDGE ( 'NONE', *, *, #4448, .F. ) ;
#1732 = SURFACE_STYLE_FILL_AREA ( #3288 ) ;
#1733 = PLANE ( 'NONE',  #5956 ) ;
#1734 = DIRECTION ( 'NONE',  ( 0.0000000000000000000, -0.0000000000000000000, 1.000000000000000000 ) ) ;
#1735 = SURFACE_STYLE_FILL_AREA ( #6196 ) ;
#1736 = SURFACE_SIDE_STYLE ('',( #6757 ) ) ;
#1737 = SURFACE_SIDE_STYLE ('',( #1282 ) ) ;
#1738 = DIRECTION ( 'NONE',  ( 0.1736481776669307198, 2.789181207031631093E-17, 0.9848077530122080203 ) ) ;
#1739 = EDGE_CURVE ( 'NONE', #4132, #2295, #2299, .T. ) ;
#1740 = LINE ( 'NONE', #7246, #2570 ) ;
#1741 = ORIENTED_EDGE ( 'NONE', *, *, #2872, .F. ) ;
#1742 = VERTEX_POINT ( 'NONE', #2804 ) ;
#1743 = CARTESIAN_POINT ( 'NONE',  ( 2.054424841141345048, -0.1250000000000000000, 0.2799999999999999711 ) ) ;
#1744 = DIRECTION ( 'NONE',  ( 0.0000000000000000000, 0.0000000000000000000, 1.000000000000000000 ) ) ;
#1745 = EDGE_CURVE ( 'NONE', #846, #2978, #5569, .T. ) ;
#1746 = STYLED_ITEM ( 'NONE', ( #6983 ), #554 ) ;
#1747 = ORIENTED_EDGE ( 'NONE', *, *, #4819, .T. ) ;
#1748 = ORIENTED_EDGE ( 'NONE', *, *, #5621, .T. ) ;
#1749 = VERTEX_POINT ( 'NONE', #2772 ) ;
#1750 = CARTESIAN_POINT ( 'NONE',  ( 1.918413335153490440, 0.3750000000000000000, 0.5317987097512297812 ) ) ;
#1751 =( LENGTH_UNIT ( ) NAMED_UNIT ( * ) SI_UNIT ( .MILLI., .METRE. ) );
#1752 = ORIENTED_EDGE ( 'NONE', *, *, #1612, .T. ) ;
#1753 =( LENGTH_UNIT ( ) NAMED_UNIT ( * ) SI_UNIT ( .MILLI., .METRE. ) );
#1754 = CARTESIAN_POINT ( 'NONE',  ( 2.450000000000000178, 0.1250000000000001110, 0.0000000000000000000 ) ) ;
#1755 = DIRECTION ( 'NONE',  ( 0.0000000000000000000, 0.0000000000000000000, -1.000000000000000000 ) ) ;
#1756 = DIRECTION ( 'NONE',  ( 0.0000000000000000000, 1.000000000000000000, -0.0000000000000000000 ) ) ;
#1757 =( NAMED_UNIT ( * ) SI_UNIT ( $, .STERADIAN. ) SOLID_ANGLE_UNIT ( ) );
#1758 = EDGE_CURVE ( 'NONE', #774, #1963, #4489, .T. ) ;
#1759 = EDGE_LOOP ( 'NONE', ( #6289, #74, #6505, #17, #2300, #4008, #3342, #3283, #2242, #3254, #3781, #4298, #2178, #71, #7129, #6181, #5148, #4891, #5517, #338, #5681, #6123, #7250, #4524 ) ) ;
#1760 = SURFACE_STYLE_USAGE ( .BOTH. , #2259 ) ;
#1761 =( NAMED_UNIT ( * ) SI_UNIT ( $, .STERADIAN. ) SOLID_ANGLE_UNIT ( ) );
#1762 = FILL_AREA_STYLE_COLOUR ( '', #6847 ) ;
#1763 = CARTESIAN_POINT ( 'NONE',  ( 1.740020390013932605, 0.8750000000000000000, 0.5077859485307089082 ) ) ;
#1764 =( NAMED_UNIT ( * ) SI_UNIT ( $, .STERADIAN. ) SOLID_ANGLE_UNIT ( ) );
#1765 = FILL_AREA_STYLE ('',( #2193 ) ) ;
#1766 = FILL_AREA_STYLE ('',( #6759 ) ) ;
#1767 = DIRECTION ( 'NONE',  ( 1.000000000000000000, 0.0000000000000000000, 0.0000000000000000000 ) ) ;
#1768 = ORIENTED_EDGE ( 'NONE', *, *, #1390, .T. ) ;
#1769 = ORIENTED_EDGE ( 'NONE', *, *, #4993, .T. ) ;
#1770 = CARTESIAN_POINT ( 'NONE',  ( -2.054424841141346825, -0.1250000000000000000, 5.747759680298863667E-19 ) ) ;
#1771 = FILL_AREA_STYLE ('',( #4523 ) ) ;
#1772 = SURFACE_SIDE_STYLE ('',( #6332 ) ) ;
#1773 =( LENGTH_UNIT ( ) NAMED_UNIT ( * ) SI_UNIT ( .MILLI., .METRE. ) );
#1774 = ORIENTED_EDGE ( 'NONE', *, *, #5240, .F. ) ;
#1775 = ORIENTED_EDGE ( 'NONE', *, *, #2433, .T. ) ;
#1776 = COLOUR_RGB ( '',0.7529411764705882248, 0.7529411764705882248, 0.7529411764705882248 ) ;
#1777 = EDGE_CURVE ( 'NONE', #5102, #2602, #4417, .T. ) ;
#1778 = FILL_AREA_STYLE_COLOUR ( '', #3886 ) ;
#1779 = VECTOR ( 'NONE', #510, 1000.000000000000114 ) ;
#1780 = PRESENTATION_LAYER_ASSIGNMENT (  '', '', ( #1224 ) ) ;
#1781 = EDGE_CURVE ( 'NONE', #6082, #446, #1740, .T. ) ;
#1782 = DIRECTION ( 'NONE',  ( 4.080918178602890545E-16, -0.0000000000000000000, 1.000000000000000000 ) ) ;
#1783 = SURFACE_STYLE_USAGE ( .BOTH. , #2283 ) ;
#1784 = STYLED_ITEM ( 'NONE', ( #4388 ), #5695 ) ;
#1785 = VERTEX_POINT ( 'NONE', #2739 ) ;
#1786 = VECTOR ( 'NONE', #4754, 1000.000000000000114 ) ;
#1787 = CIRCLE ( 'NONE', #5871, 0.09999999999999993616 ) ;
#1788 = CARTESIAN_POINT ( 'NONE',  ( 1.918413335153490440, -1.125000000000000222, 0.5317987097512297812 ) ) ;
#1789 = DIRECTION ( 'NONE',  ( 1.000000000000000000, -0.0000000000000000000, -1.370412358063294448E-16 ) ) ;
#1790 = DIRECTION ( 'NONE',  ( 0.0000000000000000000, 0.0000000000000000000, 1.000000000000000000 ) ) ;
#1791 = FACE_OUTER_BOUND ( 'NONE', #1179, .T. ) ;
#1792 = LINE ( 'NONE', #6271, #5787 ) ;
#1793 = COLOUR_RGB ( '',0.1176470588235294101, 0.1176470588235294101, 0.1176470588235294101 ) ;
#1794 = EDGE_CURVE ( 'NONE', #992, #6323, #1209, .T. ) ;
#1795 = PRESENTATION_LAYER_ASSIGNMENT (  '', '', ( #282 ) ) ;
#1796 = VECTOR ( 'NONE', #2601, 1000.000000000000114 ) ;
#1797 =( NAMED_UNIT ( * ) SI_UNIT ( $, .STERADIAN. ) SOLID_ANGLE_UNIT ( ) );
#1798 = ORIENTED_EDGE ( 'NONE', *, *, #527, .T. ) ;
#1799 = UNCERTAINTY_MEASURE_WITH_UNIT (LENGTH_MEASURE( 1.000000000000000082E-05 ), #1285, 'distance_accuracy_value', 'NONE');
#1800 = AXIS2_PLACEMENT_3D ( 'NONE', #4597, #5130, #1744 ) ;
#1801 = CARTESIAN_POINT ( 'NONE',  ( 1.777098337962921937, 0.6250000000000001110, 0.2413993441140163398 ) ) ;
#1802 = CARTESIAN_POINT ( 'NONE',  ( -1.740020390013932605, -0.6250000000000000000, 0.5077859485307089082 ) ) ;
#1803 = ADVANCED_FACE ( 'NONE', ( #1103 ), #4452, .F. ) ;
#1804 = CARTESIAN_POINT ( 'NONE',  ( 2.450000000000000178, -0.1250000000000000000, 0.0000000000000000000 ) ) ;
#1806 = VECTOR ( 'NONE', #1873, 1000.000000000000114 ) ;
#1805 = DIRECTION ( 'NONE',  ( -1.000000000000000000, 0.0000000000000000000, 2.041316732240672236E-15 ) ) ;
#1807 =( LENGTH_UNIT ( ) NAMED_UNIT ( * ) SI_UNIT ( .MILLI., .METRE. ) );
#1808 = SURFACE_SIDE_STYLE ('',( #1249 ) ) ;
#1809 = PLANE ( 'NONE',  #6483 ) ;
#1810 = EDGE_LOOP ( 'NONE', ( #3173, #1956, #1768, #2049 ) ) ;
#1811 = PRESENTATION_LAYER_ASSIGNMENT (  '', '', ( #4823 ) ) ;
#1812 = PLANE ( 'NONE',  #2716 ) ;
#1813 =( GEOMETRIC_REPRESENTATION_CONTEXT ( 3 ) GLOBAL_UNCERTAINTY_ASSIGNED_CONTEXT ( ( #3935 ) ) GLOBAL_UNIT_ASSIGNED_CONTEXT ( ( #3174, #3761, #4758 ) ) REPRESENTATION_CONTEXT ( 'NONE', 'WORKASPACE' ) );
#1814 = SURFACE_SIDE_STYLE ('',( #6791 ) ) ;
#1815 = ORIENTED_EDGE ( 'NONE', *, *, #5573, .T. ) ;
#1816 =( NAMED_UNIT ( * ) SI_UNIT ( $, .STERADIAN. ) SOLID_ANGLE_UNIT ( ) );
#1817 = ORIENTED_EDGE ( 'NONE', *, *, #4892, .T. ) ;
#1818 = ORIENTED_EDGE ( 'NONE', *, *, #5974, .F. ) ;
#1819 = MECHANICAL_DESIGN_GEOMETRIC_PRESENTATION_REPRESENTATION (  '', ( #3058 ), #5781 ) ;
#1820 =( NAMED_UNIT ( * ) SI_UNIT ( $, .STERADIAN. ) SOLID_ANGLE_UNIT ( ) );
#1821 = CARTESIAN_POINT ( 'NONE',  ( 2.450000000000000178, 0.8750000000000000000, 0.1799999999999999933 ) ) ;
#1822 = COLOUR_RGB ( '',0.7529411764705882248, 0.7529411764705882248, 0.7529411764705882248 ) ;
#1823 = ORIENTED_EDGE ( 'NONE', *, *, #2281, .T. ) ;
#1824 = ADVANCED_FACE ( 'NONE', ( #1250 ), #5670, .T. ) ;
#1825 =( NAMED_UNIT ( * ) SI_UNIT ( $, .STERADIAN. ) SOLID_ANGLE_UNIT ( ) );
#1826 = MECHANICAL_DESIGN_GEOMETRIC_PRESENTATION_REPRESENTATION (  '', ( #4119 ), #7222 ) ;
#1827 = DIRECTION ( 'NONE',  ( 0.2588190451025213501, -0.0000000000000000000, 0.9659258262890680902 ) ) ;
#1828 = EDGE_CURVE ( 'NONE', #3278, #6498, #4696, .T. ) ;
#1829 = ORIENTED_EDGE ( 'NONE', *, *, #2718, .F. ) ;
#1830 = CARTESIAN_POINT ( 'NONE',  ( -1.500000000000000444, -0.3749999999999998890, 0.6500000000000000222 ) ) ;
#1831 = AXIS2_PLACEMENT_3D ( 'NONE', #4570, #6260, #2452 ) ;
#1832 = DIRECTION ( 'NONE',  ( 1.000000000000000000, 0.0000000000000000000, 0.0000000000000000000 ) ) ;
#1833 = VECTOR ( 'NONE', #1789, 1000.000000000000000 ) ;
#1834 = CARTESIAN_POINT ( 'NONE',  ( 1.740020390013932605, -1.125000000000000222, 0.5077859485307089082 ) ) ;
#1835 = ORIENTED_EDGE ( 'NONE', *, *, #193, .T. ) ;
#1836 = DIRECTION ( 'NONE',  ( 0.0000000000000000000, 1.000000000000000000, 0.0000000000000000000 ) ) ;
#1837 = DIRECTION ( 'NONE',  ( 0.2588190451025213501, -0.0000000000000000000, 0.9659258262890680902 ) ) ;
#1838 = VECTOR ( 'NONE', #2800, 1000.000000000000000 ) ;
#1839 = FILL_AREA_STYLE ('',( #3872 ) ) ;
#1840 = ADVANCED_FACE ( 'NONE', ( #3995 ), #1809, .T. ) ;
#1841 = VECTOR ( 'NONE', #2850, 1000.000000000000000 ) ;
#1842 = DIRECTION ( 'NONE',  ( -1.000000000000000000, 0.0000000000000000000, 2.041316732240672236E-15 ) ) ;
#1843 = DIRECTION ( 'NONE',  ( 0.0000000000000000000, 0.0000000000000000000, 1.000000000000000000 ) ) ;
#1844 = FACE_OUTER_BOUND ( 'NONE', #4150, .T. ) ;
#1845 =( NAMED_UNIT ( * ) SI_UNIT ( $, .STERADIAN. ) SOLID_ANGLE_UNIT ( ) );
#1846 = DIRECTION ( 'NONE',  ( 1.000000000000000000, 0.0000000000000000000, 4.080918178602890545E-16 ) ) ;
#1847 = VERTEX_POINT ( 'NONE', #170 ) ;
#1848 = ORIENTED_EDGE ( 'NONE', *, *, #1435, .F. ) ;
#1849 = CARTESIAN_POINT ( 'NONE',  ( 1.641086831975065774, -0.1250000000000000000, 0.7731980538652448720 ) ) ;
#1850 = FACE_OUTER_BOUND ( 'NONE', #5660, .T. ) ;
#1851 = DIRECTION ( 'NONE',  ( -0.0000000000000000000, 0.0000000000000000000, -1.000000000000000000 ) ) ;
#1852 = CARTESIAN_POINT ( 'NONE',  ( -1.490125689080326277, -0.8749999999999998890, 0.5940000000000001945 ) ) ;
#1853 =( NAMED_UNIT ( * ) PLANE_ANGLE_UNIT ( ) SI_UNIT ( $, .RADIAN. ) );
#1854 = ORIENTED_EDGE ( 'NONE', *, *, #4395, .T. ) ;
#1855 = ORIENTED_EDGE ( 'NONE', *, *, #5894, .F. ) ;
#1856 = FACE_OUTER_BOUND ( 'NONE', #2741, .T. ) ;
#1857 = ORIENTED_EDGE ( 'NONE', *, *, #4894, .T. ) ;
#1858 =( NAMED_UNIT ( * ) SI_UNIT ( $, .STERADIAN. ) SOLID_ANGLE_UNIT ( ) );
#1859 = ORIENTED_EDGE ( 'NONE', *, *, #2931, .F. ) ;
#1860 = DIRECTION ( 'NONE',  ( 0.0000000000000000000, 1.000000000000000000, 0.0000000000000000000 ) ) ;
#1861 = CARTESIAN_POINT ( 'NONE',  ( 2.054424841141345048, -1.125000000000000222, 0.1799999999999997158 ) ) ;
#1862 = EDGE_CURVE ( 'NONE', #6137, #6184, #6437, .T. ) ;
#1863 = ORIENTED_EDGE ( 'NONE', *, *, #3919, .T. ) ;
#1864 = FILL_AREA_STYLE ('',( #6461 ) ) ;
#1865 = FACE_OUTER_BOUND ( 'NONE', #457, .T. ) ;
#1866 = DIRECTION ( 'NONE',  ( -1.000000000000000000, 0.0000000000000000000, 2.041316732240672236E-15 ) ) ;
#1867 = CARTESIAN_POINT ( 'NONE',  ( 1.740020390013932605, 0.3750000000000000000, 0.5077859485307089082 ) ) ;
#1868 = PRESENTATION_LAYER_ASSIGNMENT (  '', '', ( #2660 ) ) ;
#1869 = CYLINDRICAL_SURFACE ( 'NONE', #3779, 0.2799999999999998601 ) ;
#1870 = EDGE_CURVE ( 'NONE', #2295, #2269, #5780, .T. ) ;
#1871 = EDGE_CURVE ( 'NONE', #5709, #2171, #2231, .T. ) ;
#1872 = DIRECTION ( 'NONE',  ( 0.0000000000000000000, 0.0000000000000000000, 1.000000000000000000 ) ) ;
#1873 = DIRECTION ( 'NONE',  ( -0.1378594853070907456, -0.0000000000000000000, 0.9904517970657956694 ) ) ;
#1874 =( NAMED_UNIT ( * ) PLANE_ANGLE_UNIT ( ) SI_UNIT ( $, .RADIAN. ) );
#1875 = DIRECTION ( 'NONE',  ( 0.9904517970657956694, 0.0000000000000000000, -0.1378594853070907733 ) ) ;
#1876 = ORIENTED_EDGE ( 'NONE', *, *, #2904, .F. ) ;
#1878 = EDGE_CURVE ( 'NONE', #3048, #6642, #1676, .T. ) ;
#1877 = CARTESIAN_POINT ( 'NONE',  ( -1.740020390013932605, -0.6250000000000000000, 0.5077859485307089082 ) ) ;
#1879 = CARTESIAN_POINT ( 'NONE',  ( 1.375410794124024338, 0.8750000000000000000, 0.7731980538652447610 ) ) ;
#1880 = SURFACE_SIDE_STYLE ('',( #839 ) ) ;
#1881 = VERTEX_POINT ( 'NONE', #3581 ) ;
#1882 = VERTEX_POINT ( 'NONE', #5855 ) ;
#1883 = ORIENTED_EDGE ( 'NONE', *, *, #280, .F. ) ;
#1884 = PLANE ( 'NONE',  #4374 ) ;
#1885 = COLOUR_RGB ( '',0.7529411764705882248, 0.7529411764705882248, 0.7529411764705882248 ) ;
#1886 = AXIS2_PLACEMENT_3D ( 'NONE', #354, #4187, #3112 ) ;
#1887 = DIRECTION ( 'NONE',  ( -1.000000000000000000, 0.0000000000000000000, 0.0000000000000000000 ) ) ;
#1888 = SURFACE_STYLE_USAGE ( .BOTH. , #6911 ) ;
#1889 = ORIENTED_EDGE ( 'NONE', *, *, #3167, .F. ) ;
#1890 = DIRECTION ( 'NONE',  ( 0.0000000000000000000, 0.0000000000000000000, 1.000000000000000000 ) ) ;
#1891 = PRESENTATION_LAYER_ASSIGNMENT (  '', '', ( #3838 ) ) ;
#1892 = LINE ( 'NONE', #5224, #4254 ) ;
#1893 = EDGE_LOOP ( 'NONE', ( #2852, #1316, #5899, #2248 ) ) ;
#1894 =( GEOMETRIC_REPRESENTATION_CONTEXT ( 3 ) GLOBAL_UNCERTAINTY_ASSIGNED_CONTEXT ( ( #5596 ) ) GLOBAL_UNIT_ASSIGNED_CONTEXT ( ( #3148, #584, #4446 ) ) REPRESENTATION_CONTEXT ( 'NONE', 'WORKASPACE' ) );
#1895 = DIRECTION ( 'NONE',  ( -1.000000000000000000, 0.0000000000000000000, 1.453013302676229099E-18 ) ) ;
#1896 = AXIS2_PLACEMENT_3D ( 'NONE', #6336, #5436, #7135 ) ;
#1897 = AXIS2_PLACEMENT_3D ( 'NONE', #1491, #3667, #3192 ) ;
#1898 = VECTOR ( 'NONE', #3104, 1000.000000000000000 ) ;
#1899 = ORIENTED_EDGE ( 'NONE', *, *, #2084, .T. ) ;
#1900 = DIRECTION ( 'NONE',  ( -0.0000000000000000000, -1.000000000000000000, 0.0000000000000000000 ) ) ;
#1901 = FILL_AREA_STYLE ('',( #714 ) ) ;
#1902 = LINE ( 'NONE', #4642, #2846 ) ;
#1903 = MECHANICAL_DESIGN_GEOMETRIC_PRESENTATION_REPRESENTATION (  '', ( #5753 ), #2582 ) ;
#1904 = STYLED_ITEM ( 'NONE', ( #3274 ), #3227 ) ;
#1905 = CONICAL_SURFACE ( 'NONE', #6000, 0.1499999999999999667, 0.6981317007977333455 ) ;
#1906 = SURFACE_SIDE_STYLE ('',( #6928 ) ) ;
#1907 = PLANE ( 'NONE',  #2592 ) ;
#1908 = COLOUR_RGB ( '',0.7529411764705882248, 0.7529411764705882248, 0.7529411764705882248 ) ;
#1909 = ADVANCED_FACE ( 'NONE', ( #869 ), #7081, .T. ) ;
#1910 = ORIENTED_EDGE ( 'NONE', *, *, #6037, .F. ) ;
#1911 = EDGE_CURVE ( 'NONE', #4356, #5709, #426, .T. ) ;
#1912 = MECHANICAL_DESIGN_GEOMETRIC_PRESENTATION_REPRESENTATION (  '', ( #4816 ), #7071 ) ;
#1913 = SURFACE_SIDE_STYLE ('',( #4655 ) ) ;
#1914 = CARTESIAN_POINT ( 'NONE',  ( -1.740020390013932605, 0.6250000000000001110, 0.5077859485307089082 ) ) ;
#1915 = FACE_OUTER_BOUND ( 'NONE', #89, .T. ) ;
#1916 = PRESENTATION_LAYER_ASSIGNMENT (  '', '', ( #3158 ) ) ;
#1917 = ORIENTED_EDGE ( 'NONE', *, *, #6418, .T. ) ;
#1918 = ORIENTED_EDGE ( 'NONE', *, *, #4448, .T. ) ;
#1919 = FILL_AREA_STYLE_COLOUR ( '', #6010 ) ;
#1920 = DIRECTION ( 'NONE',  ( 0.0000000000000000000, 1.000000000000000000, 0.0000000000000000000 ) ) ;
#1921 = COLOUR_RGB ( '',0.7529411764705882248, 0.7529411764705882248, 0.7529411764705882248 ) ;
#1922 = ORIENTED_EDGE ( 'NONE', *, *, #4296, .T. ) ;
#1923 =( LENGTH_UNIT ( ) NAMED_UNIT ( * ) SI_UNIT ( .MILLI., .METRE. ) );
#1924 = PRESENTATION_LAYER_ASSIGNMENT (  '', '', ( #6742 ) ) ;
#1925 = EDGE_CURVE ( 'NONE', #4305, #6738, #3771, .T. ) ;
#1926 = SURFACE_SIDE_STYLE ('',( #5806 ) ) ;
#1927 = UNCERTAINTY_MEASURE_WITH_UNIT (LENGTH_MEASURE( 1.000000000000000082E-05 ), #3177, 'distance_accuracy_value', 'NONE');
#1928 = ORIENTED_EDGE ( 'NONE', *, *, #7182, .F. ) ;
#1929 = UNCERTAINTY_MEASURE_WITH_UNIT (LENGTH_MEASURE( 1.000000000000000082E-05 ), #7205, 'distance_accuracy_value', 'NONE');
#1930 = DIRECTION ( 'NONE',  ( -1.000000000000000000, -0.0000000000000000000, -2.041316732240672236E-15 ) ) ;
#1931 = FACE_OUTER_BOUND ( 'NONE', #666, .T. ) ;
#1932 = ORIENTED_EDGE ( 'NONE', *, *, #6591, .F. ) ;
#1933 = DIRECTION ( 'NONE',  ( 0.0000000000000000000, 0.0000000000000000000, 1.000000000000000000 ) ) ;
#1934 = SURFACE_STYLE_USAGE ( .BOTH. , #234 ) ;
#1935 =( NAMED_UNIT ( * ) PLANE_ANGLE_UNIT ( ) SI_UNIT ( $, .RADIAN. ) );
#1936 = CARTESIAN_POINT ( 'NONE',  ( 1.375410794124024338, -0.3749999999999998890, 0.7731980538652447610 ) ) ;
#1937 = FILL_AREA_STYLE_COLOUR ( '', #4481 ) ;
#1938 = VECTOR ( 'NONE', #3214, 1000.000000000000000 ) ;
#1939 = DIRECTION ( 'NONE',  ( 0.0000000000000000000, 1.000000000000000000, 0.0000000000000000000 ) ) ;
#1940 = SURFACE_STYLE_USAGE ( .BOTH. , #6930 ) ;
#1941 = CARTESIAN_POINT ( 'NONE',  ( -2.450000000000000178, -0.1250000000000000000, 0.0000000000000000000 ) ) ;
#1942 =( NAMED_UNIT ( * ) SI_UNIT ( $, .STERADIAN. ) SOLID_ANGLE_UNIT ( ) );
#1943 = ORIENTED_EDGE ( 'NONE', *, *, #4613, .T. ) ;
#1944 =( NAMED_UNIT ( * ) SI_UNIT ( $, .STERADIAN. ) SOLID_ANGLE_UNIT ( ) );
#1945 =( NAMED_UNIT ( * ) SI_UNIT ( $, .STERADIAN. ) SOLID_ANGLE_UNIT ( ) );
#1946 = SURFACE_STYLE_FILL_AREA ( #4776 ) ;
#1947 = EDGE_CURVE ( 'NONE', #5649, #7083, #1599, .T. ) ;
#1948 = FILL_AREA_STYLE_COLOUR ( '', #6249 ) ;
#1949 = ORIENTED_EDGE ( 'NONE', *, *, #3923, .F. ) ;
#1950 = ORIENTED_EDGE ( 'NONE', *, *, #5095, .T. ) ;
#1951 = PLANE ( 'NONE',  #4343 ) ;
#1952 = SURFACE_STYLE_USAGE ( .BOTH. , #5360 ) ;
#1953 = LINE ( 'NONE', #4154, #4799 ) ;
#1954 = EDGE_CURVE ( 'NONE', #2276, #6344, #7187, .T. ) ;
#1955 = CYLINDRICAL_SURFACE ( 'NONE', #6705, 0.2800000000000000822 ) ;
#1956 = ORIENTED_EDGE ( 'NONE', *, *, #7163, .T. ) ;
#1957 =( LENGTH_UNIT ( ) NAMED_UNIT ( * ) SI_UNIT ( .MILLI., .METRE. ) );
#1958 = DIRECTION ( 'NONE',  ( 0.0000000000000000000, 0.0000000000000000000, -1.000000000000000000 ) ) ;
#1959 = ORIENTED_EDGE ( 'NONE', *, *, #3052, .F. ) ;
#1960 = LINE ( 'NONE', #6573, #4124 ) ;
#1961 = EDGE_CURVE ( 'NONE', #4636, #846, #1485, .T. ) ;
#1962 = CARTESIAN_POINT ( 'NONE',  ( 1.640975210307352938, -0.1250000000000000000, 0.4940000000000004943 ) ) ;
#1963 = VERTEX_POINT ( 'NONE', #3732 ) ;
#1964 = PRESENTATION_STYLE_ASSIGNMENT (( #4641 ) ) ;
#1965 =( LENGTH_UNIT ( ) NAMED_UNIT ( * ) SI_UNIT ( .MILLI., .METRE. ) );
#1966 = LINE ( 'NONE', #5775, #5902 ) ;
#1967 = EDGE_CURVE ( 'NONE', #3922, #3057, #4297, .T. ) ;
#1968 = DIRECTION ( 'NONE',  ( -1.000000000000000000, 0.0000000000000000000, 1.453013302676229099E-18 ) ) ;
#1969 =( NAMED_UNIT ( * ) SI_UNIT ( $, .STERADIAN. ) SOLID_ANGLE_UNIT ( ) );
#1970 = SURFACE_STYLE_FILL_AREA ( #208 ) ;
#1971 = ORIENTED_EDGE ( 'NONE', *, *, #6891, .F. ) ;
#1972 = PRESENTATION_LAYER_ASSIGNMENT (  '', '', ( #6324 ) ) ;
#1973 = UNCERTAINTY_MEASURE_WITH_UNIT (LENGTH_MEASURE( 1.000000000000000082E-05 ), #4067, 'distance_accuracy_value', 'NONE');
#1974 = LINE ( 'NONE', #3486, #2686 ) ;
#1975 = CARTESIAN_POINT ( 'NONE',  ( -1.640975210307352050, -0.1250000000000000000, 0.5940000000000004166 ) ) ;
#1976 = SURFACE_SIDE_STYLE ('',( #2587 ) ) ;
#1977 = VERTEX_POINT ( 'NONE', #311 ) ;
#1978 = VERTEX_POINT ( 'NONE', #2578 ) ;
#1979 = SURFACE_SIDE_STYLE ('',( #4744 ) ) ;
#1980 =( NAMED_UNIT ( * ) SI_UNIT ( $, .STERADIAN. ) SOLID_ANGLE_UNIT ( ) );
#1981 = CARTESIAN_POINT ( 'NONE',  ( 1.641086831975067550, 0.1250000000000001110, 0.4931980538652447343 ) ) ;
#1982 = ORIENTED_EDGE ( 'NONE', *, *, #1911, .T. ) ;
#1983 = SURFACE_SIDE_STYLE ('',( #332 ) ) ;
#1984 =( NAMED_UNIT ( * ) PLANE_ANGLE_UNIT ( ) SI_UNIT ( $, .RADIAN. ) );
#1985 = UNCERTAINTY_MEASURE_WITH_UNIT (LENGTH_MEASURE( 1.000000000000000082E-05 ), #5032, 'distance_accuracy_value', 'NONE');
#1986 = VERTEX_POINT ( 'NONE', #2036 ) ;
#1987 = PRESENTATION_LAYER_ASSIGNMENT (  '', '', ( #4200 ) ) ;
#1988 = SURFACE_STYLE_FILL_AREA ( #3208 ) ;
#1989 =( LENGTH_UNIT ( ) NAMED_UNIT ( * ) SI_UNIT ( .MILLI., .METRE. ) );
#1990 = DIRECTION ( 'NONE',  ( -1.000000000000000000, 0.0000000000000000000, 1.453013302676229099E-18 ) ) ;
#1991 = ORIENTED_EDGE ( 'NONE', *, *, #4482, .F. ) ;
#1992 = PLANE ( 'NONE',  #1475 ) ;
#1993 = COLOUR_RGB ( '',0.7529411764705882248, 0.7529411764705882248, 0.7529411764705882248 ) ;
#1995 = STYLED_ITEM ( 'NONE', ( #2046 ), #1626 ) ;
#1994 = CARTESIAN_POINT ( 'NONE',  ( -1.740020390013932605, 0.3750000000000000000, 0.5077859485307089082 ) ) ;
#1996 = EDGE_CURVE ( 'NONE', #2883, #805, #4732, .T. ) ;
#1997 = CARTESIAN_POINT ( 'NONE',  ( -2.054424841141346825, 0.1250000000000001110, 5.747759680298863667E-19 ) ) ;
#1998 =( GEOMETRIC_REPRESENTATION_CONTEXT ( 3 ) GLOBAL_UNCERTAINTY_ASSIGNED_CONTEXT ( ( #7057 ) ) GLOBAL_UNIT_ASSIGNED_CONTEXT ( ( #1502, #1984, #6607 ) ) REPRESENTATION_CONTEXT ( 'NONE', 'WORKASPACE' ) );
#1999 = VECTOR ( 'NONE', #5002, 1000.000000000000114 ) ;
#2000 =( LENGTH_UNIT ( ) NAMED_UNIT ( * ) SI_UNIT ( .MILLI., .METRE. ) );
#2001 = DIRECTION ( 'NONE',  ( 1.000000000000000000, 0.0000000000000000000, 6.852061790316472241E-17 ) ) ;
#2002 = CARTESIAN_POINT ( 'NONE',  ( -1.641086831975067550, 0.3750000000000000000, 0.4931980538652447343 ) ) ;
#2003 = STYLED_ITEM ( 'NONE', ( #969 ), #3071 ) ;
#2004 = VERTEX_POINT ( 'NONE', #3692 ) ;
#2005 = EDGE_CURVE ( 'NONE', #6429, #4378, #2695, .T. ) ;
#2006 = DIRECTION ( 'NONE',  ( -0.0000000000000000000, -1.000000000000000000, -0.0000000000000000000 ) ) ;
#2008 = VECTOR ( 'NONE', #4035, 1000.000000000000000 ) ;
#2007 = CARTESIAN_POINT ( 'NONE',  ( 1.640975210307352050, -1.125000000000000222, 0.5940000000000004166 ) ) ;
#2009 = SURFACE_STYLE_FILL_AREA ( #3012 ) ;
#2010 = ORIENTED_EDGE ( 'NONE', *, *, #3006, .F. ) ;
#2011 =( GEOMETRIC_REPRESENTATION_CONTEXT ( 3 ) GLOBAL_UNCERTAINTY_ASSIGNED_CONTEXT ( ( #6345 ) ) GLOBAL_UNIT_ASSIGNED_CONTEXT ( ( #1131, #5553, #2719 ) ) REPRESENTATION_CONTEXT ( 'NONE', 'WORKASPACE' ) );
#2012 = ORIENTED_EDGE ( 'NONE', *, *, #7015, .T. ) ;
#2013 = PRESENTATION_LAYER_ASSIGNMENT (  '', '', ( #288 ) ) ;
#2014 = DIRECTION ( 'NONE',  ( 0.0000000000000000000, -1.000000000000000000, 0.0000000000000000000 ) ) ;
#2015 = COLOUR_RGB ( '',0.7529411764705882248, 0.7529411764705882248, 0.7529411764705882248 ) ;
#2016 = LINE ( 'NONE', #3531, #377 ) ;
#2017 = DIRECTION ( 'NONE',  ( 0.0000000000000000000, 1.000000000000000000, 0.0000000000000000000 ) ) ;
#2018 = ORIENTED_EDGE ( 'NONE', *, *, #7182, .T. ) ;
#2019 = DIRECTION ( 'NONE',  ( -6.852061790316472241E-17, 0.0000000000000000000, 1.000000000000000000 ) ) ;
#2020 = ORIENTED_EDGE ( 'NONE', *, *, #2829, .T. ) ;
#2021 = CARTESIAN_POINT ( 'NONE',  ( -2.054424841141345048, 0.3750000000000000000, 0.1799999999999999101 ) ) ;
#2022 = AXIS2_PLACEMENT_3D ( 'NONE', #6430, #4683, #1933 ) ;
#2023 = DIRECTION ( 'NONE',  ( -1.000000000000000000, 0.0000000000000000000, 1.453013302676229099E-18 ) ) ;
#2024 = CARTESIAN_POINT ( 'NONE',  ( -1.375410794124024338, -0.8749999999999998890, 0.7731980538652447610 ) ) ;
#2025 = AXIS2_PLACEMENT_3D ( 'NONE', #2544, #2623, #2073 ) ;
#2026 = EDGE_CURVE ( 'NONE', #4168, #4407, #1552, .T. ) ;
#2027 = VERTEX_POINT ( 'NONE', #4538 ) ;
#2028 = VECTOR ( 'NONE', #5389, 1000.000000000000000 ) ;
#2029 = CARTESIAN_POINT ( 'NONE',  ( 1.740020390013932605, -0.8749999999999998890, 0.5077859485307089082 ) ) ;
#2030 = FACE_OUTER_BOUND ( 'NONE', #3456, .T. ) ;
#2031 = AXIS2_PLACEMENT_3D ( 'NONE', #4926, #4253, #1053 ) ;
#2032 = CARTESIAN_POINT ( 'NONE',  ( -2.450000000000000178, 0.1250000000000001110, 0.1799999999999999933 ) ) ;
#2033 = EDGE_CURVE ( 'NONE', #2004, #5214, #2810, .T. ) ;
#2034 = COLOUR_RGB ( '',0.7529411764705882248, 0.7529411764705882248, 0.7529411764705882248 ) ;
#2035 = DIRECTION ( 'NONE',  ( 0.0000000000000000000, -1.000000000000000000, 0.0000000000000000000 ) ) ;
#2036 = CARTESIAN_POINT ( 'NONE',  ( -1.918413335153490440, -0.3749999999999998890, 0.5317987097512296701 ) ) ;
#2037 = STYLED_ITEM ( 'NONE', ( #5692 ), #4274 ) ;
#2038 = ORIENTED_EDGE ( 'NONE', *, *, #5033, .F. ) ;
#2039 = FACE_OUTER_BOUND ( 'NONE', #5713, .T. ) ;
#2040 = CIRCLE ( 'NONE', #205, 0.01602540378443820246 ) ;
#2041 = VECTOR ( 'NONE', #3553, 999.9999999999998863 ) ;
#2042 = VECTOR ( 'NONE', #5805, 1000.000000000000000 ) ;
#2043 = FACE_OUTER_BOUND ( 'NONE', #6025, .T. ) ;
#2044 = LINE ( 'NONE', #6553, #3829 ) ;
#2045 = CARTESIAN_POINT ( 'NONE',  ( -1.500000000000000444, -1.350000000000000089, 0.6500000000000000222 ) ) ;
#2046 = PRESENTATION_STYLE_ASSIGNMENT (( #3195 ) ) ;
#2047 = EDGE_LOOP ( 'NONE', ( #4073, #4046, #3786, #4992 ) ) ;
#2048 = STYLED_ITEM ( 'NONE', ( #2363 ), #225 ) ;
#2049 = ORIENTED_EDGE ( 'NONE', *, *, #5372, .F. ) ;
#2050 = DIRECTION ( 'NONE',  ( -1.000000000000000000, -0.0000000000000000000, -2.041316732240672236E-15 ) ) ;
#2051 = FILL_AREA_STYLE_COLOUR ( '', #2506 ) ;
#2052 = SURFACE_STYLE_USAGE ( .BOTH. , #2701 ) ;
#2053 = LINE ( 'NONE', #4351, #3335 ) ;
#2054 = ORIENTED_EDGE ( 'NONE', *, *, #1720, .F. ) ;
#2055 = FILL_AREA_STYLE ('',( #363 ) ) ;
#2056 = SURFACE_SIDE_STYLE ('',( #7103 ) ) ;
#2057 = VERTEX_POINT ( 'NONE', #3223 ) ;
#2058 = CARTESIAN_POINT ( 'NONE',  ( 2.450000000000000178, 0.1250000000000001110, 0.1799999999999999933 ) ) ;
#2059 = LINE ( 'NONE', #530, #4333 ) ;
#2060 = ORIENTED_EDGE ( 'NONE', *, *, #4958, .F. ) ;
#2061 = CARTESIAN_POINT ( 'NONE',  ( -1.500000000000000444, -1.125000000000000222, 0.6500000000000000222 ) ) ;
#2062 = PLANE ( 'NONE',  #4858 ) ;
#2063 = CARTESIAN_POINT ( 'NONE',  ( 2.054424841141345048, 0.3750000000000000000, 0.1799999999999997158 ) ) ;
#2064 = FILL_AREA_STYLE_COLOUR ( '', #1439 ) ;
#2065 = STYLED_ITEM ( 'NONE', ( #1194 ), #548 ) ;
#2066 =( LENGTH_UNIT ( ) NAMED_UNIT ( * ) SI_UNIT ( .MILLI., .METRE. ) );
#2067 = CYLINDRICAL_SURFACE ( 'NONE', #6536, 0.1000000000000002554 ) ;
#2068 = DIRECTION ( 'NONE',  ( 0.0000000000000000000, 1.000000000000000000, 0.0000000000000000000 ) ) ;
#2069 =( NAMED_UNIT ( * ) SI_UNIT ( $, .STERADIAN. ) SOLID_ANGLE_UNIT ( ) );
#2070 = UNCERTAINTY_MEASURE_WITH_UNIT (LENGTH_MEASURE( 1.000000000000000082E-05 ), #4321, 'distance_accuracy_value', 'NONE');
#2071 = ORIENTED_EDGE ( 'NONE', *, *, #3179, .T. ) ;
#2072 = EDGE_CURVE ( 'NONE', #4881, #2057, #3608, .T. ) ;
#2073 = DIRECTION ( 'NONE',  ( -1.000000000000000000, 0.0000000000000000000, 0.0000000000000000000 ) ) ;
#2074 = EDGE_CURVE ( 'NONE', #1785, #6752, #1448, .T. ) ;
#2075 = AXIS2_PLACEMENT_3D ( 'NONE', #1572, #2017, #4234 ) ;
#2076 =( NAMED_UNIT ( * ) SI_UNIT ( $, .STERADIAN. ) SOLID_ANGLE_UNIT ( ) );
#2077 = PRESENTATION_STYLE_ASSIGNMENT (( #5567 ) ) ;
#2078 = CARTESIAN_POINT ( 'NONE',  ( 1.641086831975065774, -1.125000000000000222, 0.7731980538652448720 ) ) ;
#2079 = CIRCLE ( 'NONE', #5833, 0.2799999999999998601 ) ;
#2080 = DIRECTION ( 'NONE',  ( 0.0000000000000000000, 1.000000000000000000, 0.0000000000000000000 ) ) ;
#2081 = ORIENTED_EDGE ( 'NONE', *, *, #3484, .F. ) ;
#2082 = ORIENTED_EDGE ( 'NONE', *, *, #1581, .T. ) ;
#2083 = PRESENTATION_STYLE_ASSIGNMENT (( #1638 ) ) ;
#2084 = EDGE_CURVE ( 'NONE', #4563, #6295, #165, .T. ) ;
#2085 = DIRECTION ( 'NONE',  ( 0.1378594853070949089, 0.0000000000000000000, -0.9904517970657951142 ) ) ;
#2086 = MECHANICAL_DESIGN_GEOMETRIC_PRESENTATION_REPRESENTATION (  '', ( #606 ), #6786 ) ;
#2087 = CARTESIAN_POINT ( 'NONE',  ( -1.500000000000000444, 1.350000000000000089, 0.6500000000000000222 ) ) ;
#2088 = CARTESIAN_POINT ( 'NONE',  ( 2.054424841141345048, -0.6250000000000000000, 0.1799999999999997158 ) ) ;
#2089 = EDGE_LOOP ( 'NONE', ( #3287, #5542, #5611, #4419 ) ) ;
#2090 =( LENGTH_UNIT ( ) NAMED_UNIT ( * ) SI_UNIT ( .MILLI., .METRE. ) );
#2091 = PRESENTATION_LAYER_ASSIGNMENT (  '', '', ( #251 ) ) ;
#2092 = DIRECTION ( 'NONE',  ( 1.000000000000000000, -0.0000000000000000000, -1.370412358063294448E-16 ) ) ;
#2093 = VERTEX_POINT ( 'NONE', #1729 ) ;
#2094 = EDGE_CURVE ( 'NONE', #4793, #4352, #1271, .T. ) ;
#2095 = AXIS2_PLACEMENT_3D ( 'NONE', #6804, #6264, #3978 ) ;
#2096 = DIRECTION ( 'NONE',  ( 0.0000000000000000000, 0.0000000000000000000, 1.000000000000000000 ) ) ;
#2097 = CARTESIAN_POINT ( 'NONE',  ( -1.500000000000000444, -0.1250000000000000000, 0.6500000000000000222 ) ) ;
#2098 = VERTEX_POINT ( 'NONE', #6267 ) ;
#2099 = AXIS2_PLACEMENT_3D ( 'NONE', #1540, #1872, #2638 ) ;
#2100 = DIRECTION ( 'NONE',  ( 0.0000000000000000000, 1.000000000000000000, 0.0000000000000000000 ) ) ;
#2101 = AXIS2_PLACEMENT_3D ( 'NONE', #4391, #2635, #484 ) ;
#2102 = SURFACE_SIDE_STYLE ('',( #2148 ) ) ;
#2103 = PRESENTATION_LAYER_ASSIGNMENT (  '', '', ( #5271 ) ) ;
#2104 = CIRCLE ( 'NONE', #4212, 0.1000000000000002554 ) ;
#2105 = DIRECTION ( 'NONE',  ( 0.1378594853070949089, 0.0000000000000000000, -0.9904517970657951142 ) ) ;
#2106 = AXIS2_PLACEMENT_3D ( 'NONE', #1113, #5022, #4525 ) ;
#2107 =( NAMED_UNIT ( * ) PLANE_ANGLE_UNIT ( ) SI_UNIT ( $, .RADIAN. ) );
#2108 = DIRECTION ( 'NONE',  ( 0.0000000000000000000, 1.000000000000000000, -0.0000000000000000000 ) ) ;
#2109 = CARTESIAN_POINT ( 'NONE',  ( -1.918413335153490440, -0.6250000000000000000, 0.5317987097512297812 ) ) ;
#2110 = ORIENTED_EDGE ( 'NONE', *, *, #2470, .T. ) ;
#2111 = AXIS2_PLACEMENT_3D ( 'NONE', #5401, #406, #5365 ) ;
#2112 = UNCERTAINTY_MEASURE_WITH_UNIT (LENGTH_MEASURE( 1.000000000000000082E-05 ), #4105, 'distance_accuracy_value', 'NONE');
#2113 = FILL_AREA_STYLE_COLOUR ( '', #428 ) ;
#2114 = VECTOR ( 'NONE', #2976, 1000.000000000000114 ) ;
#2115 = FILL_AREA_STYLE_COLOUR ( '', #6229 ) ;
#2116 = FILL_AREA_STYLE_COLOUR ( '', #1993 ) ;
#2117 = CIRCLE ( 'NONE', #1442, 0.09999999999999993616 ) ;
#2118 = VECTOR ( 'NONE', #935, 1000.000000000000000 ) ;
#2119 = ADVANCED_FACE ( 'NONE', ( #503 ), #4510, .T. ) ;
#2120 = FACE_OUTER_BOUND ( 'NONE', #3199, .T. ) ;
#2121 = VECTOR ( 'NONE', #4089, 1000.000000000000000 ) ;
#2122 = DIRECTION ( 'NONE',  ( 0.0000000000000000000, 1.000000000000000000, 0.0000000000000000000 ) ) ;
#2123 = ORIENTED_EDGE ( 'NONE', *, *, #851, .T. ) ;
#2124 = UNCERTAINTY_MEASURE_WITH_UNIT (LENGTH_MEASURE( 1.000000000000000082E-05 ), #6183, 'distance_accuracy_value', 'NONE');
#2125 = VERTEX_POINT ( 'NONE', #3357 ) ;
#2126 = SURFACE_STYLE_USAGE ( .BOTH. , #2742 ) ;
#2127 = MECHANICAL_DESIGN_GEOMETRIC_PRESENTATION_REPRESENTATION (  '', ( #6941 ), #529 ) ;
#2128 =( GEOMETRIC_REPRESENTATION_CONTEXT ( 3 ) GLOBAL_UNCERTAINTY_ASSIGNED_CONTEXT ( ( #1436 ) ) GLOBAL_UNIT_ASSIGNED_CONTEXT ( ( #3934, #2289, #5619 ) ) REPRESENTATION_CONTEXT ( 'NONE', 'WORKASPACE' ) );
#2129 = CYLINDRICAL_SURFACE ( 'NONE', #1800, 0.1000000000000000472 ) ;
#2130 = CARTESIAN_POINT ( 'NONE',  ( -2.054424841141344604, 0.6250000000000001110, 0.2799999999999999711 ) ) ;
#2131 = VECTOR ( 'NONE', #828, 1000.000000000000000 ) ;
#2132 = EDGE_CURVE ( 'NONE', #849, #5469, #3399, .T. ) ;
#2133 = ORIENTED_EDGE ( 'NONE', *, *, #4163, .F. ) ;
#2134 = AXIS2_PLACEMENT_3D ( 'NONE', #3669, #3552, #5355 ) ;
#2135 = ORIENTED_EDGE ( 'NONE', *, *, #6572, .F. ) ;
#2136 = FILL_AREA_STYLE ('',( #1577 ) ) ;
#2137 = VERTEX_POINT ( 'NONE', #6305 ) ;
#2138 = MECHANICAL_DESIGN_GEOMETRIC_PRESENTATION_REPRESENTATION (  '', ( #3624 ), #6253 ) ;
#2139 = CARTESIAN_POINT ( 'NONE',  ( 1.777098337962921937, 0.3750000000000000000, 0.2413993441140163398 ) ) ;
#2140 = CARTESIAN_POINT ( 'NONE',  ( -1.641086831975065774, 1.125000000000000222, 0.7731980538652448720 ) ) ;
#2141 = CARTESIAN_POINT ( 'NONE',  ( -2.450000000000000178, -0.1250000000000000000, 0.0000000000000000000 ) ) ;
#2142 = EDGE_CURVE ( 'NONE', #5835, #1978, #4939, .T. ) ;
#2143 = ORIENTED_EDGE ( 'NONE', *, *, #6891, .T. ) ;
#2144 = CARTESIAN_POINT ( 'NONE',  ( -1.466989180957722017, 0.3750000000000000000, 0.7731980538652447610 ) ) ;
#2145 =( NAMED_UNIT ( * ) PLANE_ANGLE_UNIT ( ) SI_UNIT ( $, .RADIAN. ) );
#2146 = PRESENTATION_LAYER_ASSIGNMENT (  '', '', ( #3286 ) ) ;
#2147 = DIRECTION ( 'NONE',  ( 0.1378594853070949366, 0.0000000000000000000, 0.9904517970657951142 ) ) ;
#2148 = SURFACE_STYLE_FILL_AREA ( #5485 ) ;
#2149 = COLOUR_RGB ( '',0.7529411764705882248, 0.7529411764705882248, 0.7529411764705882248 ) ;
#2150 = CARTESIAN_POINT ( 'NONE',  ( 1.740020390013932605, -1.125000000000000222, 0.5077859485307089082 ) ) ;
#2151 = DIRECTION ( 'NONE',  ( 0.0000000000000000000, 1.000000000000000000, 0.0000000000000000000 ) ) ;
#2152 = SURFACE_SIDE_STYLE ('',( #983 ) ) ;
#2153 = CARTESIAN_POINT ( 'NONE',  ( 1.640975210307352938, 0.1250000000000001110, 0.4940000000000004943 ) ) ;
#2154 = UNCERTAINTY_MEASURE_WITH_UNIT (LENGTH_MEASURE( 1.000000000000000082E-05 ), #2090, 'distance_accuracy_value', 'NONE');
#2155 = ORIENTED_EDGE ( 'NONE', *, *, #508, .T. ) ;
#2156 = MECHANICAL_DESIGN_GEOMETRIC_PRESENTATION_REPRESENTATION (  '', ( #2845 ), #3993 ) ;
#2157 = COLOUR_RGB ( '',0.5019607843137254832, 0.5019607843137254832, 0.5019607843137254832 ) ;
#2158 = LINE ( 'NONE', #2007, #3727 ) ;
#2159 = PRESENTATION_LAYER_ASSIGNMENT (  '', '', ( #1268 ) ) ;
#2160 = DIRECTION ( 'NONE',  ( -0.0000000000000000000, 0.2588190451025212946, -0.9659258262890680902 ) ) ;
#2161 = AXIS2_PLACEMENT_3D ( 'NONE', #1994, #826, #2399 ) ;
#2162 = LINE ( 'NONE', #4385, #4785 ) ;
#2163 = EDGE_LOOP ( 'NONE', ( #4424, #3970, #6032, #1863 ) ) ;
#2164 = EDGE_LOOP ( 'NONE', ( #1458, #6445, #5262, #5312 ) ) ;
#2165 = CARTESIAN_POINT ( 'NONE',  ( -1.350000000000000533, 1.500000000000000000, 0.6500000000000000222 ) ) ;
#2166 = EDGE_CURVE ( 'NONE', #1553, #5609, #6223, .T. ) ;
#2167 = CIRCLE ( 'NONE', #6285, 0.2799999999999998601 ) ;
#2168 = ADVANCED_FACE ( 'NONE', ( #3465 ), #5716, .T. ) ;
#2169 = CARTESIAN_POINT ( 'NONE',  ( 2.054424841141346825, -0.1250000000000000000, 5.747759680298863667E-19 ) ) ;
#2170 = DIRECTION ( 'NONE',  ( 0.0000000000000000000, -1.000000000000000000, 0.0000000000000000000 ) ) ;
#2171 = VERTEX_POINT ( 'NONE', #2459 ) ;
#2172 = ORIENTED_EDGE ( 'NONE', *, *, #6453, .F. ) ;
#2173 =( LENGTH_UNIT ( ) NAMED_UNIT ( * ) SI_UNIT ( .MILLI., .METRE. ) );
#2174 = ORIENTED_EDGE ( 'NONE', *, *, #559, .F. ) ;
#2175 = EDGE_CURVE ( 'NONE', #1071, #586, #2104, .T. ) ;
#2176 = CARTESIAN_POINT ( 'NONE',  ( -1.640975210307352050, 0.8750000000000000000, 0.5940000000000004166 ) ) ;
#2177 = CONICAL_SURFACE ( 'NONE', #6876, 0.1499999999999999667, 0.6981317007977333455 ) ;
#2178 = ORIENTED_EDGE ( 'NONE', *, *, #1145, .F. ) ;
#2179 = CARTESIAN_POINT ( 'NONE',  ( -1.640975210307352938, -0.6250000000000000000, 0.4940000000000004943 ) ) ;
#2180 = SURFACE_STYLE_USAGE ( .BOTH. , #4961 ) ;
#2181 = PRESENTATION_STYLE_ASSIGNMENT (( #603 ) ) ;
#2182 = FACE_OUTER_BOUND ( 'NONE', #6246, .T. ) ;
#2183 = VERTEX_POINT ( 'NONE', #2558 ) ;
#2184 = FACE_OUTER_BOUND ( 'NONE', #1519, .T. ) ;
#2185 =( NAMED_UNIT ( * ) SI_UNIT ( $, .STERADIAN. ) SOLID_ANGLE_UNIT ( ) );
#2186 = SURFACE_STYLE_FILL_AREA ( #2833 ) ;
#2187 = DIRECTION ( 'NONE',  ( 0.1736481776669307198, 0.0000000000000000000, -0.9848077530122080203 ) ) ;
#2188 = ORIENTED_EDGE ( 'NONE', *, *, #1911, .F. ) ;
#2189 = SURFACE_STYLE_USAGE ( .BOTH. , #7241 ) ;
#2190 = AXIS2_PLACEMENT_3D ( 'NONE', #2788, #6682, #1648 ) ;
#2191 = FACE_OUTER_BOUND ( 'NONE', #5468, .T. ) ;
#2192 = LINE ( 'NONE', #1029, #1779 ) ;
#2193 = FILL_AREA_STYLE_COLOUR ( '', #6950 ) ;
#2194 =( NAMED_UNIT ( * ) SI_UNIT ( $, .STERADIAN. ) SOLID_ANGLE_UNIT ( ) );
#2195 = ORIENTED_EDGE ( 'NONE', *, *, #3664, .F. ) ;
#2196 =( GEOMETRIC_REPRESENTATION_CONTEXT ( 3 ) GLOBAL_UNCERTAINTY_ASSIGNED_CONTEXT ( ( #3662 ) ) GLOBAL_UNIT_ASSIGNED_CONTEXT ( ( #2633, #2597, #5474 ) ) REPRESENTATION_CONTEXT ( 'NONE', 'WORKASPACE' ) );
#2197 = ORIENTED_EDGE ( 'NONE', *, *, #2478, .T. ) ;
#2198 = CARTESIAN_POINT ( 'NONE',  ( -1.918413335153490440, 0.8750000000000000000, 0.5317987097512297812 ) ) ;
#2199 = SURFACE_STYLE_FILL_AREA ( #2744 ) ;
#2200 = COLOUR_RGB ( '',0.1176470588235294101, 0.1176470588235294101, 0.1176470588235294101 ) ;
#2201 = PRESENTATION_STYLE_ASSIGNMENT (( #5539 ) ) ;
#2202 =( NAMED_UNIT ( * ) PLANE_ANGLE_UNIT ( ) SI_UNIT ( $, .RADIAN. ) );
#2203 = ORIENTED_EDGE ( 'NONE', *, *, #3044, .T. ) ;
#2204 = ORIENTED_EDGE ( 'NONE', *, *, #5759, .F. ) ;
#2205 = ORIENTED_EDGE ( 'NONE', *, *, #1481, .T. ) ;
#2206 = PRESENTATION_LAYER_ASSIGNMENT (  '', '', ( #5371 ) ) ;
#2207 = DIRECTION ( 'NONE',  ( 0.1378594853070949366, 0.0000000000000000000, -0.9904517970657951142 ) ) ;
#2208 = LINE ( 'NONE', #1724, #2337 ) ;
#2209 = DIRECTION ( 'NONE',  ( 0.0000000000000000000, 0.0000000000000000000, 1.000000000000000000 ) ) ;
#2210 = ORIENTED_EDGE ( 'NONE', *, *, #721, .F. ) ;
#2211 = ADVANCED_FACE ( 'NONE', ( #334 ), #1905, .F. ) ;
#2212 = FACE_OUTER_BOUND ( 'NONE', #1318, .T. ) ;
#2213 = DIRECTION ( 'NONE',  ( 0.0000000000000000000, 1.000000000000000000, 0.0000000000000000000 ) ) ;
#2214 = CARTESIAN_POINT ( 'NONE',  ( 2.450000000000000178, -0.1250000000000000000, 0.1799999999999999933 ) ) ;
#2215 = ADVANCED_FACE ( 'NONE', ( #1364 ), #5257, .T. ) ;
#2216 = DIRECTION ( 'NONE',  ( 0.0000000000000000000, 1.000000000000000000, 0.0000000000000000000 ) ) ;
#2217 = ORIENTED_EDGE ( 'NONE', *, *, #4718, .T. ) ;
#2218 =( LENGTH_UNIT ( ) NAMED_UNIT ( * ) SI_UNIT ( .MILLI., .METRE. ) );
#2219 = DIRECTION ( 'NONE',  ( 0.0000000000000000000, -0.0000000000000000000, 1.000000000000000000 ) ) ;
#2220 = DIRECTION ( 'NONE',  ( 0.2588190451025213501, 0.0000000000000000000, -0.9659258262890680902 ) ) ;
#2221 = UNCERTAINTY_MEASURE_WITH_UNIT (LENGTH_MEASURE( 1.000000000000000082E-05 ), #2858, 'distance_accuracy_value', 'NONE');
#2222 = ORIENTED_EDGE ( 'NONE', *, *, #4647, .T. ) ;
#2223 = SURFACE_STYLE_USAGE ( .BOTH. , #2768 ) ;
#2224 = COLOUR_RGB ( '',0.7529411764705882248, 0.7529411764705882248, 0.7529411764705882248 ) ;
#2225 = COLOUR_RGB ( '',0.7529411764705882248, 0.7529411764705882248, 0.7529411764705882248 ) ;
#2226 = LINE ( 'NONE', #5566, #4919 ) ;
#2227 = FACE_OUTER_BOUND ( 'NONE', #6460, .T. ) ;
#2228 = VECTOR ( 'NONE', #113, 1000.000000000000000 ) ;
#2229 = EDGE_CURVE ( 'NONE', #1564, #2027, #6074, .T. ) ;
#2230 = ORIENTED_EDGE ( 'NONE', *, *, #6504, .F. ) ;
#2231 = CIRCLE ( 'NONE', #2918, 0.1000000000000000472 ) ;
#2232 = VERTEX_POINT ( 'NONE', #3752 ) ;
#2233 = DIRECTION ( 'NONE',  ( 1.000000000000000000, 0.0000000000000000000, 0.0000000000000000000 ) ) ;
#2234 = PRESENTATION_LAYER_ASSIGNMENT (  '', '', ( #1108 ) ) ;
#2235 = AXIS2_PLACEMENT_3D ( 'NONE', #7117, #1548, #4887 ) ;
#2236 = DIRECTION ( 'NONE',  ( 0.0000000000000000000, 0.0000000000000000000, 1.000000000000000000 ) ) ;
#2237 = DIRECTION ( 'NONE',  ( 0.0000000000000000000, -0.0000000000000000000, -1.000000000000000000 ) ) ;
#2238 = ORIENTED_EDGE ( 'NONE', *, *, #5984, .T. ) ;
#2239 = FILL_AREA_STYLE ('',( #6256 ) ) ;
#2240 = ORIENTED_EDGE ( 'NONE', *, *, #2359, .F. ) ;
#2241 = COLOUR_RGB ( '',0.7529411764705882248, 0.7529411764705882248, 0.7529411764705882248 ) ;
#2242 = ORIENTED_EDGE ( 'NONE', *, *, #1925, .F. ) ;
#2243 = PRESENTATION_LAYER_ASSIGNMENT (  '', '', ( #2003 ) ) ;
#2244 =( NAMED_UNIT ( * ) PLANE_ANGLE_UNIT ( ) SI_UNIT ( $, .RADIAN. ) );
#2245 = AXIS2_PLACEMENT_3D ( 'NONE', #2303, #4033, #245 ) ;
#2246 = MECHANICAL_DESIGN_GEOMETRIC_PRESENTATION_REPRESENTATION (  '', ( #4681 ), #6724 ) ;
#2247 = FILL_AREA_STYLE_COLOUR ( '', #4937 ) ;
#2248 = ORIENTED_EDGE ( 'NONE', *, *, #3756, .T. ) ;
#2249 = DIRECTION ( 'NONE',  ( 2.041316732240672236E-15, 0.0000000000000000000, -1.000000000000000000 ) ) ;
#2250 = DIRECTION ( 'NONE',  ( -1.000000000000000000, 0.0000000000000000000, 1.453013302676229099E-18 ) ) ;
#2251 = SURFACE_SIDE_STYLE ('',( #5483 ) ) ;
#2252 = VECTOR ( 'NONE', #7007, 1000.000000000000000 ) ;
#2253 = LINE ( 'NONE', #4406, #6034 ) ;
#2254 = EDGE_CURVE ( 'NONE', #6344, #2491, #2667, .T. ) ;
#2255 = EDGE_CURVE ( 'NONE', #2125, #6175, #7141, .T. ) ;
#2256 = CARTESIAN_POINT ( 'NONE',  ( 1.740020390013932605, -0.8749999999999998890, 0.5077859485307089082 ) ) ;
#2257 = COLOUR_RGB ( '',0.7529411764705882248, 0.7529411764705882248, 0.7529411764705882248 ) ;
#2258 = ORIENTED_EDGE ( 'NONE', *, *, #2166, .T. ) ;
#2259 = SURFACE_SIDE_STYLE ('',( #754 ) ) ;
#2260 = STYLED_ITEM ( 'NONE', ( #2896 ), #3678 ) ;
#2261 = CARTESIAN_POINT ( 'NONE',  ( -1.375410794124024338, -0.3749999999999998890, 0.5939999999999999725 ) ) ;
#2262 = CIRCLE ( 'NONE', #2946, 0.1000000000000002554 ) ;
#2263 = DIRECTION ( 'NONE',  ( -1.453013302676229291E-18, 0.0000000000000000000, -1.000000000000000000 ) ) ;
#2264 = EDGE_CURVE ( 'NONE', #5281, #4318, #6532, .T. ) ;
#2265 = CARTESIAN_POINT ( 'NONE',  ( -1.740020390013932605, 0.8750000000000000000, 0.5077859485307089082 ) ) ;
#2266 =( LENGTH_UNIT ( ) NAMED_UNIT ( * ) SI_UNIT ( .MILLI., .METRE. ) );
#2267 = CARTESIAN_POINT ( 'NONE',  ( 2.054424841141345048, 0.6250000000000001110, 0.2799999999999999711 ) ) ;
#2268 = VERTEX_POINT ( 'NONE', #3206 ) ;
#2269 = VERTEX_POINT ( 'NONE', #5402 ) ;
#2270 =( NAMED_UNIT ( * ) PLANE_ANGLE_UNIT ( ) SI_UNIT ( $, .RADIAN. ) );
#2271 = MECHANICAL_DESIGN_GEOMETRIC_PRESENTATION_REPRESENTATION (  '', ( #3294 ), #78 ) ;
#2273 = EDGE_CURVE ( 'NONE', #395, #115, #450, .T. ) ;
#2272 = SURFACE_STYLE_USAGE ( .BOTH. , #69 ) ;
#2274 = AXIS2_PLACEMENT_3D ( 'NONE', #1023, #1515, #7121 ) ;
#2275 = CARTESIAN_POINT ( 'NONE',  ( -1.777098337962921937, -0.8749999999999998890, 0.2413993441140163121 ) ) ;
#2276 = VERTEX_POINT ( 'NONE', #4239 ) ;
#2277 = PRESENTATION_STYLE_ASSIGNMENT (( #72 ) ) ;
#2278 = ORIENTED_EDGE ( 'NONE', *, *, #7116, .T. ) ;
#2279 = VECTOR ( 'NONE', #5406, 1000.000000000000000 ) ;
#2280 = SURFACE_STYLE_FILL_AREA ( #3349 ) ;
#2281 = EDGE_CURVE ( 'NONE', #1148, #1882, #3787, .T. ) ;
#2282 = AXIS2_PLACEMENT_3D ( 'NONE', #1139, #5039, #2219 ) ;
#2283 = SURFACE_SIDE_STYLE ('',( #778 ) ) ;
#2284 = SURFACE_STYLE_USAGE ( .BOTH. , #4531 ) ;
#2285 = VERTEX_POINT ( 'NONE', #407 ) ;
#2286 = SURFACE_STYLE_USAGE ( .BOTH. , #2820 ) ;
#2287 = SURFACE_SIDE_STYLE ('',( #6746 ) ) ;
#2288 = PLANE ( 'NONE',  #88 ) ;
#2289 =( NAMED_UNIT ( * ) PLANE_ANGLE_UNIT ( ) SI_UNIT ( $, .RADIAN. ) );
#2290 = UNCERTAINTY_MEASURE_WITH_UNIT (LENGTH_MEASURE( 1.000000000000000082E-05 ), #2473, 'distance_accuracy_value', 'NONE');
#2291 = CARTESIAN_POINT ( 'NONE',  ( -1.740020390013932605, 0.3750000000000000000, 0.5077859485307089082 ) ) ;
#2292 = AXIS2_PLACEMENT_3D ( 'NONE', #3574, #199, #5817 ) ;
#2293 = PLANE ( 'NONE',  #6861 ) ;
#2294 = CARTESIAN_POINT ( 'NONE',  ( -1.375410794124024338, 0.1250000000000001110, 0.5939999999999999725 ) ) ;
#2295 = VERTEX_POINT ( 'NONE', #4875 ) ;
#2296 = FILL_AREA_STYLE ('',( #2397 ) ) ;
#2297 = FACE_OUTER_BOUND ( 'NONE', #3420, .T. ) ;
#2298 = EDGE_CURVE ( 'NONE', #2464, #3672, #5879, .T. ) ;
#2299 = LINE ( 'NONE', #6668, #3715 ) ;
#2300 = ORIENTED_EDGE ( 'NONE', *, *, #429, .F. ) ;
#2301 = ORIENTED_EDGE ( 'NONE', *, *, #1235, .T. ) ;
#2302 = DIRECTION ( 'NONE',  ( 0.0000000000000000000, 1.000000000000000000, 0.0000000000000000000 ) ) ;
#2303 = CARTESIAN_POINT ( 'NONE',  ( 1.375410794124024338, -0.6250000000000000000, 0.5939999999999999725 ) ) ;
#2304 = PLANE ( 'NONE',  #5638 ) ;
#2305 =( NAMED_UNIT ( * ) SI_UNIT ( $, .STERADIAN. ) SOLID_ANGLE_UNIT ( ) );
#2306 = DIRECTION ( 'NONE',  ( 0.0000000000000000000, -0.0000000000000000000, 1.000000000000000000 ) ) ;
#2307 = LINE ( 'NONE', #5246, #4853 ) ;
#2308 = FILL_AREA_STYLE_COLOUR ( '', #3253 ) ;
#2309 = ORIENTED_EDGE ( 'NONE', *, *, #44, .T. ) ;
#2310 = ADVANCED_FACE ( 'NONE', ( #4909 ), #5951, .T. ) ;
#2311 = ORIENTED_EDGE ( 'NONE', *, *, #589, .F. ) ;
#2312 = CARTESIAN_POINT ( 'NONE',  ( -1.918413335153490440, -0.3749999999999998890, 0.5317987097512297812 ) ) ;
#2313 = COLOUR_RGB ( '',0.7529411764705882248, 0.7529411764705882248, 0.7529411764705882248 ) ;
#2314 = PRESENTATION_STYLE_ASSIGNMENT (( #76 ) ) ;
#2315 = FILL_AREA_STYLE ('',( #2418 ) ) ;
#2316 = DIRECTION ( 'NONE',  ( 0.0000000000000000000, 0.0000000000000000000, 1.000000000000000000 ) ) ;
#2317 = ORIENTED_EDGE ( 'NONE', *, *, #6192, .F. ) ;
#2318 =( LENGTH_UNIT ( ) NAMED_UNIT ( * ) SI_UNIT ( .MILLI., .METRE. ) );
#2319 = STYLED_ITEM ( 'NONE', ( #5421 ), #878 ) ;
#2320 = EDGE_CURVE ( 'NONE', #1058, #3230, #3523, .T. ) ;
#2321 = CARTESIAN_POINT ( 'NONE',  ( -1.641086831975065774, 0.1250000000000001110, 0.7731980538652448720 ) ) ;
#2322 = SURFACE_STYLE_FILL_AREA ( #711 ) ;
#2323 = ORIENTED_EDGE ( 'NONE', *, *, #6467, .F. ) ;
#2324 = CARTESIAN_POINT ( 'NONE',  ( 2.450000000000000178, -1.125000000000000222, 0.0000000000000000000 ) ) ;
#2325 = DIRECTION ( 'NONE',  ( 1.000000000000000000, 0.0000000000000000000, 4.080918178602890545E-16 ) ) ;
#2326 = DIRECTION ( 'NONE',  ( 1.000000000000000000, 0.0000000000000000000, 0.0000000000000000000 ) ) ;
#2327 = STYLED_ITEM ( 'NONE', ( #5586 ), #1222 ) ;
#2328 = SURFACE_STYLE_FILL_AREA ( #1037 ) ;
#2329 = FILL_AREA_STYLE_COLOUR ( '', #5850 ) ;
#2330 = CONICAL_SURFACE ( 'NONE', #6466, 0.1499999999999999667, 0.2617993877991500740 ) ;
#2331 = ORIENTED_EDGE ( 'NONE', *, *, #4021, .T. ) ;
#2332 = PRESENTATION_LAYER_ASSIGNMENT (  '', '', ( #1229 ) ) ;
#2333 = UNCERTAINTY_MEASURE_WITH_UNIT (LENGTH_MEASURE( 1.000000000000000082E-05 ), #3790, 'distance_accuracy_value', 'NONE');
#2334 = EDGE_LOOP ( 'NONE', ( #2483, #220, #816, #4064 ) ) ;
#2335 = DIRECTION ( 'NONE',  ( 0.1736481776669307198, 0.0000000000000000000, -0.9848077530122080203 ) ) ;
#2336 = EDGE_CURVE ( 'NONE', #701, #3676, #4736, .T. ) ;
#2337 = VECTOR ( 'NONE', #4429, 1000.000000000000114 ) ;
#2338 = EDGE_CURVE ( 'NONE', #3449, #451, #4069, .T. ) ;
#2339 = SURFACE_STYLE_FILL_AREA ( #1214 ) ;
#2340 = FILL_AREA_STYLE_COLOUR ( '', #353 ) ;
#2341 = VECTOR ( 'NONE', #7251, 1000.000000000000000 ) ;
#2342 = CARTESIAN_POINT ( 'NONE',  ( 2.054424841141346825, -1.125000000000000222, 5.747759680298863667E-19 ) ) ;
#2343 = EDGE_LOOP ( 'NONE', ( #6015, #3119, #4519, #1430, #108, #1095, #1504, #7216, #7029, #4627, #1168, #1002, #242 ) ) ;
#2344 = ORIENTED_EDGE ( 'NONE', *, *, #3903, .T. ) ;
#2345 = AXIS2_PLACEMENT_3D ( 'NONE', #4357, #5953, #3209 ) ;
#2346 = PRESENTATION_STYLE_ASSIGNMENT (( #5137 ) ) ;
#2347 = PRESENTATION_LAYER_ASSIGNMENT (  '', '', ( #5511 ) ) ;
#2348 =( GEOMETRIC_REPRESENTATION_CONTEXT ( 3 ) GLOBAL_UNCERTAINTY_ASSIGNED_CONTEXT ( ( #4687 ) ) GLOBAL_UNIT_ASSIGNED_CONTEXT ( ( #5822, #5158, #6397 ) ) REPRESENTATION_CONTEXT ( 'NONE', 'WORKASPACE' ) );
#2349 = FILL_AREA_STYLE_COLOUR ( '', #3961 ) ;
#2350 = EDGE_CURVE ( 'NONE', #5702, #2953, #1557, .T. ) ;
#2351 = CARTESIAN_POINT ( 'NONE',  ( -1.641086831975067550, 1.125000000000000222, 0.4931980538652447343 ) ) ;
#2352 = MECHANICAL_DESIGN_GEOMETRIC_PRESENTATION_REPRESENTATION (  '', ( #5409 ), #6821 ) ;
#2353 = ORIENTED_EDGE ( 'NONE', *, *, #3876, .F. ) ;
#2354 = VECTOR ( 'NONE', #412, 1000.000000000000000 ) ;
#2355 = DIRECTION ( 'NONE',  ( 0.0000000000000000000, 1.000000000000000000, 0.0000000000000000000 ) ) ;
#2356 = ORIENTED_EDGE ( 'NONE', *, *, #5305, .T. ) ;
#2357 = CARTESIAN_POINT ( 'NONE',  ( 2.054424841141345048, 1.125000000000000222, 0.1799999999999997158 ) ) ;
#2358 = DIRECTION ( 'NONE',  ( 0.0000000000000000000, 1.000000000000000000, 0.0000000000000000000 ) ) ;
#2359 = EDGE_CURVE ( 'NONE', #5547, #5287, #5244, .T. ) ;
#2360 = VERTEX_POINT ( 'NONE', #1452 ) ;
#2361 = SURFACE_SIDE_STYLE ('',( #5149 ) ) ;
#2362 = LINE ( 'NONE', #6194, #4416 ) ;
#2363 = PRESENTATION_STYLE_ASSIGNMENT (( #5151 ) ) ;
#2364 =( GEOMETRIC_REPRESENTATION_CONTEXT ( 3 ) GLOBAL_UNCERTAINTY_ASSIGNED_CONTEXT ( ( #3936 ) ) GLOBAL_UNIT_ASSIGNED_CONTEXT ( ( #1692, #3249, #3324 ) ) REPRESENTATION_CONTEXT ( 'NONE', 'WORKASPACE' ) );
#2365 = CARTESIAN_POINT ( 'NONE',  ( 1.500000000000000000, 1.350000000000000089, 0.6500000000000000222 ) ) ;
#2366 = UNCERTAINTY_MEASURE_WITH_UNIT (LENGTH_MEASURE( 1.000000000000000082E-05 ), #2411, 'distance_accuracy_value', 'NONE');
#2367 = VECTOR ( 'NONE', #6097, 1000.000000000000000 ) ;
#2368 = CARTESIAN_POINT ( 'NONE',  ( 1.375410794124024338, 0.8750000000000000000, 0.7731980538652447610 ) ) ;
#2369 =( NAMED_UNIT ( * ) PLANE_ANGLE_UNIT ( ) SI_UNIT ( $, .RADIAN. ) );
#2370 = SURFACE_STYLE_USAGE ( .BOTH. , #1562 ) ;
#2371 = CARTESIAN_POINT ( 'NONE',  ( 2.054424841141346825, 0.3750000000000000000, 5.747759680298863667E-19 ) ) ;
#2372 = ORIENTED_EDGE ( 'NONE', *, *, #236, .F. ) ;
#2373 = SURFACE_SIDE_STYLE ('',( #3852 ) ) ;
#2374 = MECHANICAL_DESIGN_GEOMETRIC_PRESENTATION_REPRESENTATION (  '', ( #4585 ), #1143 ) ;
#2375 = CARTESIAN_POINT ( 'NONE',  ( -1.466989180957722017, -0.1499999999999999667, 0.7731980538652448720 ) ) ;
#2376 = CARTESIAN_POINT ( 'NONE',  ( -1.375410794124024338, 0.3750000000000000000, 0.7731980538652447610 ) ) ;
#2377 =( NAMED_UNIT ( * ) PLANE_ANGLE_UNIT ( ) SI_UNIT ( $, .RADIAN. ) );
#2378 = ORIENTED_EDGE ( 'NONE', *, *, #1653, .F. ) ;
#2379 = CYLINDRICAL_SURFACE ( 'NONE', #1886, 0.2800000000000000822 ) ;
#2380 = ORIENTED_EDGE ( 'NONE', *, *, #4125, .F. ) ;
#2381 = PRODUCT_RELATED_PRODUCT_CATEGORY ( 'part', '', ( #6339 ) ) ;
#2382 = ORIENTED_EDGE ( 'NONE', *, *, #6215, .T. ) ;
#2383 = EDGE_CURVE ( 'NONE', #2622, #3874, #5936, .T. ) ;
#2384 = CARTESIAN_POINT ( 'NONE',  ( -2.450000000000000178, 0.8750000000000000000, 0.0000000000000000000 ) ) ;
#2385 =( NAMED_UNIT ( * ) PLANE_ANGLE_UNIT ( ) SI_UNIT ( $, .RADIAN. ) );
#2386 = EDGE_LOOP ( 'NONE', ( #2204, #7185, #6560, #3105, #4594, #3080, #3677, #1679, #3235, #1397, #3751, #2460, #1848 ) ) ;
#2387 = LINE ( 'NONE', #3639, #725 ) ;
#2388 = VECTOR ( 'NONE', #2642, 1000.000000000000000 ) ;
#2389 = SURFACE_STYLE_USAGE ( .BOTH. , #117 ) ;
#2390 = EDGE_CURVE ( 'NONE', #1881, #1553, #3489, .T. ) ;
#2391 = ORIENTED_EDGE ( 'NONE', *, *, #5748, .T. ) ;
#2392 = EDGE_CURVE ( 'NONE', #3850, #6421, #2585, .T. ) ;
#2393 = VECTOR ( 'NONE', #5762, 1000.000000000000000 ) ;
#2394 = CARTESIAN_POINT ( 'NONE',  ( -1.466989180957722017, -0.8749999999999998890, 0.7731980538652448720 ) ) ;
#2395 = ORIENTED_EDGE ( 'NONE', *, *, #2913, .T. ) ;
#2396 = FILL_AREA_STYLE_COLOUR ( '', #4691 ) ;
#2397 = FILL_AREA_STYLE_COLOUR ( '', #3464 ) ;
#2398 = CARTESIAN_POINT ( 'NONE',  ( 1.641086831975067550, 0.6250000000000001110, 0.4931980538652447343 ) ) ;
#2399 = DIRECTION ( 'NONE',  ( -0.1378594853070907733, 0.0000000000000000000, -0.9904517970657956694 ) ) ;
#2400 =( GEOMETRIC_REPRESENTATION_CONTEXT ( 3 ) GLOBAL_UNCERTAINTY_ASSIGNED_CONTEXT ( ( #4526 ) ) GLOBAL_UNIT_ASSIGNED_CONTEXT ( ( #945, #2650, #2726 ) ) REPRESENTATION_CONTEXT ( 'NONE', 'WORKASPACE' ) );
#2401 = FACE_OUTER_BOUND ( 'NONE', #3561, .T. ) ;
#2402 = EDGE_CURVE ( 'NONE', #5885, #4476, #5985, .T. ) ;
#2403 = LINE ( 'NONE', #5730, #782 ) ;
#2404 = PRESENTATION_LAYER_ASSIGNMENT (  '', '', ( #6296 ) ) ;
#2405 = CARTESIAN_POINT ( 'NONE',  ( 1.918413335153490440, -0.6250000000000000000, 0.5317987097512297812 ) ) ;
#2406 = CARTESIAN_POINT ( 'NONE',  ( -2.450000000000000178, -1.125000000000000222, 0.0000000000000000000 ) ) ;
#2407 = DIRECTION ( 'NONE',  ( 0.0000000000000000000, 0.0000000000000000000, 1.000000000000000000 ) ) ;
#2408 = EDGE_LOOP ( 'NONE', ( #4453, #994, #6212, #3741 ) ) ;
#2409 = EDGE_CURVE ( 'NONE', #842, #3113, #6230, .T. ) ;
#2410 = ORIENTED_EDGE ( 'NONE', *, *, #4753, .F. ) ;
#2411 =( LENGTH_UNIT ( ) NAMED_UNIT ( * ) SI_UNIT ( .MILLI., .METRE. ) );
#2412 = FILL_AREA_STYLE_COLOUR ( '', #5900 ) ;
#2413 = EDGE_LOOP ( 'NONE', ( #7132, #4071, #5107, #3528, #3438, #4197, #2867, #5577, #4772, #2317, #6976, #1178, #3641 ) ) ;
#2414 = EDGE_LOOP ( 'NONE', ( #1302, #6788, #6733, #5856 ) ) ;
#2415 = ORIENTED_EDGE ( 'NONE', *, *, #3302, .T. ) ;
#2416 =( NAMED_UNIT ( * ) PLANE_ANGLE_UNIT ( ) SI_UNIT ( $, .RADIAN. ) );
#2417 =( GEOMETRIC_REPRESENTATION_CONTEXT ( 3 ) GLOBAL_UNCERTAINTY_ASSIGNED_CONTEXT ( ( #3422 ) ) GLOBAL_UNIT_ASSIGNED_CONTEXT ( ( #2318, #2385, #5221 ) ) REPRESENTATION_CONTEXT ( 'NONE', 'WORKASPACE' ) );
#2418 = FILL_AREA_STYLE_COLOUR ( '', #2224 ) ;
#2419 = FACE_OUTER_BOUND ( 'NONE', #1457, .T. ) ;
#2420 = ORIENTED_EDGE ( 'NONE', *, *, #2255, .T. ) ;
#2421 = PLANE ( 'NONE',  #5719 ) ;
#2422 = CARTESIAN_POINT ( 'NONE',  ( 1.375410794124024338, 0.3750000000000000000, 0.5939999999999999725 ) ) ;
#2423 = ORIENTED_EDGE ( 'NONE', *, *, #2698, .T. ) ;
#2424 = UNCERTAINTY_MEASURE_WITH_UNIT (LENGTH_MEASURE( 1.000000000000000082E-05 ), #2591, 'distance_accuracy_value', 'NONE');
#2425 = DIRECTION ( 'NONE',  ( 0.2588190451025213501, 0.0000000000000000000, 0.9659258262890680902 ) ) ;
#2426 = ADVANCED_FACE ( 'NONE', ( #7002 ), #3668, .F. ) ;
#2427 = DIRECTION ( 'NONE',  ( 0.0000000000000000000, 1.000000000000000000, 0.0000000000000000000 ) ) ;
#2428 = EDGE_CURVE ( 'NONE', #2232, #1749, #1414, .T. ) ;
#2429 = AXIS2_PLACEMENT_3D ( 'NONE', #6625, #3834, #7238 ) ;
#2430 = VERTEX_POINT ( 'NONE', #3108 ) ;
#2431 = SURFACE_STYLE_USAGE ( .BOTH. , #232 ) ;
#2432 = UNCERTAINTY_MEASURE_WITH_UNIT (LENGTH_MEASURE( 1.000000000000000082E-05 ), #1087, 'distance_accuracy_value', 'NONE');
#2433 = EDGE_CURVE ( 'NONE', #6670, #6516, #2044, .T. ) ;
#2434 = DIRECTION ( 'NONE',  ( 0.0000000000000000000, 0.0000000000000000000, 1.000000000000000000 ) ) ;
#2435 = FACE_OUTER_BOUND ( 'NONE', #4907, .T. ) ;
#2436 = VECTOR ( 'NONE', #90, 1000.000000000000000 ) ;
#2437 = DIRECTION ( 'NONE',  ( 0.0000000000000000000, -1.000000000000000000, 0.0000000000000000000 ) ) ;
#2438 = EDGE_CURVE ( 'NONE', #2750, #4881, #3193, .T. ) ;
#2439 = COLOUR_RGB ( '',0.7529411764705882248, 0.7529411764705882248, 0.7529411764705882248 ) ;
#2440 = ORIENTED_EDGE ( 'NONE', *, *, #2338, .T. ) ;
#2441 = SURFACE_SIDE_STYLE ('',( #6938 ) ) ;
#2442 = FILL_AREA_STYLE_COLOUR ( '', #6493 ) ;
#2443 = PRESENTATION_STYLE_ASSIGNMENT (( #3551 ) ) ;
#2444 = EDGE_CURVE ( 'NONE', #171, #5905, #1062, .T. ) ;
#2445 =( NAMED_UNIT ( * ) PLANE_ANGLE_UNIT ( ) SI_UNIT ( $, .RADIAN. ) );
#2446 = SURFACE_STYLE_USAGE ( .BOTH. , #1976 ) ;
#2447 = DIRECTION ( 'NONE',  ( 1.000000000000000000, 0.0000000000000000000, 0.0000000000000000000 ) ) ;
#2448 = FACE_OUTER_BOUND ( 'NONE', #5016, .T. ) ;
#2449 = ORIENTED_EDGE ( 'NONE', *, *, #2026, .T. ) ;
#2450 = VECTOR ( 'NONE', #6605, 1000.000000000000000 ) ;
#2451 = EDGE_LOOP ( 'NONE', ( #6155, #7043, #593, #5426, #1335, #4269, #5319, #185, #6768, #2238, #5232, #1114, #3536 ) ) ;
#2452 = DIRECTION ( 'NONE',  ( 0.0000000000000000000, 0.1736481776669307198, 0.9848077530122080203 ) ) ;
#2453 = VECTOR ( 'NONE', #5583, 1000.000000000000000 ) ;
#2454 = PRESENTATION_STYLE_ASSIGNMENT (( #222 ) ) ;
#2455 = DIRECTION ( 'NONE',  ( -0.9659258262890680902, 0.0000000000000000000, 0.2588190451025213501 ) ) ;
#2456 = PLANE ( 'NONE',  #4742 ) ;
#2457 = ORIENTED_EDGE ( 'NONE', *, *, #3766, .T. ) ;
#2458 = DIRECTION ( 'NONE',  ( -1.606225440719265627E-16, 1.000000000000000000, -6.554874599965691086E-32 ) ) ;
#2459 = CARTESIAN_POINT ( 'NONE',  ( -1.955379661434764715, -0.3749999999999998890, 0.2662140514692911686 ) ) ;
#2460 = ORIENTED_EDGE ( 'NONE', *, *, #6691, .F. ) ;
#2461 = LINE ( 'NONE', #1367, #3645 ) ;
#2462 = DIRECTION ( 'NONE',  ( -0.1378594853070907456, 0.0000000000000000000, -0.9904517970657956694 ) ) ;
#2463 = VECTOR ( 'NONE', #3636, 1000.000000000000000 ) ;
#2464 = VERTEX_POINT ( 'NONE', #471 ) ;
#2465 = FILL_AREA_STYLE_COLOUR ( '', #7147 ) ;
#2466 = LINE ( 'NONE', #5887, #6981 ) ;
#2467 = DIRECTION ( 'NONE',  ( 0.0000000000000000000, 1.000000000000000000, 0.0000000000000000000 ) ) ;
#2468 = CYLINDRICAL_SURFACE ( 'NONE', #2730, 0.1000000000000000472 ) ;
#2469 = VECTOR ( 'NONE', #7183, 1000.000000000000000 ) ;
#2470 = EDGE_CURVE ( 'NONE', #6904, #1372, #4979, .T. ) ;
#2471 = DIRECTION ( 'NONE',  ( 0.0000000000000000000, 0.0000000000000000000, 1.000000000000000000 ) ) ;
#2472 = VECTOR ( 'NONE', #7072, 1000.000000000000000 ) ;
#2473 =( LENGTH_UNIT ( ) NAMED_UNIT ( * ) SI_UNIT ( .MILLI., .METRE. ) );
#2474 = CARTESIAN_POINT ( 'NONE',  ( -1.350000000000000533, -1.366025403784438597, 1.149999999999999911 ) ) ;
#2475 = DIRECTION ( 'NONE',  ( 1.000000000000000000, 0.0000000000000000000, 0.0000000000000000000 ) ) ;
#2476 = DIRECTION ( 'NONE',  ( 0.0000000000000000000, 1.000000000000000000, 0.0000000000000000000 ) ) ;
#2477 = VECTOR ( 'NONE', #7092, 1000.000000000000000 ) ;
#2478 = EDGE_CURVE ( 'NONE', #5939, #6073, #2656, .T. ) ;
#2479 = VECTOR ( 'NONE', #5308, 1000.000000000000000 ) ;
#2480 =( LENGTH_UNIT ( ) NAMED_UNIT ( * ) SI_UNIT ( .MILLI., .METRE. ) );
#2481 = PRESENTATION_STYLE_ASSIGNMENT (( #3074 ) ) ;
#2482 = CIRCLE ( 'NONE', #1253, 0.1499999999999999667 ) ;
#2483 = ORIENTED_EDGE ( 'NONE', *, *, #4227, .T. ) ;
#2484 = ORIENTED_EDGE ( 'NONE', *, *, #5407, .F. ) ;
#2485 = CARTESIAN_POINT ( 'NONE',  ( 1.641086831975065774, 0.3750000000000000000, 0.7731980538652448720 ) ) ;
#2486 = FILL_AREA_STYLE ('',( #3557 ) ) ;
#2487 = DIRECTION ( 'NONE',  ( 0.0000000000000000000, 0.0000000000000000000, 1.000000000000000000 ) ) ;
#2488 = ORIENTED_EDGE ( 'NONE', *, *, #5847, .F. ) ;
#2489 = CARTESIAN_POINT ( 'NONE',  ( -1.918413335153490440, 0.1250000000000001110, 0.5317987097512297812 ) ) ;
#2490 =( NAMED_UNIT ( * ) SI_UNIT ( $, .STERADIAN. ) SOLID_ANGLE_UNIT ( ) );
#2491 = VERTEX_POINT ( 'NONE', #7126 ) ;
#2492 = EDGE_CURVE ( 'NONE', #4342, #4673, #2192, .T. ) ;
#2493 = LINE ( 'NONE', #3714, #6970 ) ;
#2494 = LINE ( 'NONE', #4019, #29 ) ;
#2495 = COLOUR_RGB ( '',0.7529411764705882248, 0.7529411764705882248, 0.7529411764705882248 ) ;
#2496 = VECTOR ( 'NONE', #5622, 1000.000000000000000 ) ;
#2497 = COLOUR_RGB ( '',0.7529411764705882248, 0.7529411764705882248, 0.7529411764705882248 ) ;
#2498 = LINE ( 'NONE', #7019, #5515 ) ;
#2499 = ORIENTED_EDGE ( 'NONE', *, *, #4056, .F. ) ;
#2500 = FACE_OUTER_BOUND ( 'NONE', #3810, .T. ) ;
#2501 = CARTESIAN_POINT ( 'NONE',  ( -1.740020390013932605, 0.6250000000000001110, 0.5077859485307089082 ) ) ;
#2502 = DIRECTION ( 'NONE',  ( -0.2588190451025213501, -0.0000000000000000000, 0.9659258262890680902 ) ) ;
#2503 =( GEOMETRIC_REPRESENTATION_CONTEXT ( 3 ) GLOBAL_UNCERTAINTY_ASSIGNED_CONTEXT ( ( #6986 ) ) GLOBAL_UNIT_ASSIGNED_CONTEXT ( ( #6222, #6265, #4471 ) ) REPRESENTATION_CONTEXT ( 'NONE', 'WORKASPACE' ) );
#2504 = CARTESIAN_POINT ( 'NONE',  ( -1.740020390013932605, 0.1250000000000001110, 0.5077859485307089082 ) ) ;
#2505 = CARTESIAN_POINT ( 'NONE',  ( -2.450000000000000178, -0.6250000000000000000, 0.0000000000000000000 ) ) ;
#2506 = COLOUR_RGB ( '',0.7529411764705882248, 0.7529411764705882248, 0.7529411764705882248 ) ;
#2507 = COLOUR_RGB ( '',0.7529411764705882248, 0.7529411764705882248, 0.7529411764705882248 ) ;
#2508 = CARTESIAN_POINT ( 'NONE',  ( 1.955379661434764715, 0.8750000000000000000, 0.2662140514692911686 ) ) ;
#2509 =( NAMED_UNIT ( * ) SI_UNIT ( $, .STERADIAN. ) SOLID_ANGLE_UNIT ( ) );
#2510 = DIRECTION ( 'NONE',  ( 0.0000000000000000000, -0.1736481776669307198, 0.9848077530122080203 ) ) ;
#2511 = ORIENTED_EDGE ( 'NONE', *, *, #4439, .F. ) ;
#2512 = LINE ( 'NONE', #1849, #3046 ) ;
#2513 =( NAMED_UNIT ( * ) PLANE_ANGLE_UNIT ( ) SI_UNIT ( $, .RADIAN. ) );
#2514 = CARTESIAN_POINT ( 'NONE',  ( -1.640975210307352938, -1.125000000000000222, 0.4940000000000004943 ) ) ;
#2515 = ADVANCED_FACE ( 'NONE', ( #7243 ), #4382, .T. ) ;
#2516 = ADVANCED_FACE ( 'NONE', ( #3806 ), #6588, .T. ) ;
#2517 = EDGE_LOOP ( 'NONE', ( #5843, #2457, #1748, #5948, #4491, #4834, #1775, #512, #287, #4263, #45, #791, #3700 ) ) ;
#2518 = ORIENTED_EDGE ( 'NONE', *, *, #2958, .T. ) ;
#2519 = CARTESIAN_POINT ( 'NONE',  ( -2.054424841141344604, 0.8750000000000000000, 0.2799999999999999711 ) ) ;
#2520 = DIRECTION ( 'NONE',  ( 0.0000000000000000000, 0.0000000000000000000, 1.000000000000000000 ) ) ;
#2521 = EDGE_CURVE ( 'NONE', #971, #2556, #832, .T. ) ;
#2522 = ORIENTED_EDGE ( 'NONE', *, *, #2281, .F. ) ;
#2523 = CARTESIAN_POINT ( 'NONE',  ( -2.054424841141345048, -0.8749999999999998890, 0.2799999999999999711 ) ) ;
#2524 = SURFACE_SIDE_STYLE ('',( #6452 ) ) ;
#2525 = ORIENTED_EDGE ( 'NONE', *, *, #597, .T. ) ;
#2526 = PRESENTATION_STYLE_ASSIGNMENT (( #5335 ) ) ;
#2527 = CIRCLE ( 'NONE', #3679, 0.1499999999999999667 ) ;
#2528 = DIRECTION ( 'NONE',  ( 0.0000000000000000000, 1.000000000000000000, 0.0000000000000000000 ) ) ;
#2529 = SURFACE_STYLE_FILL_AREA ( #6358 ) ;
#2530 = FILL_AREA_STYLE_COLOUR ( '', #5992 ) ;
#2531 = ADVANCED_FACE ( 'NONE', ( #5236 ), #4100, .T. ) ;
#2532 = ORIENTED_EDGE ( 'NONE', *, *, #2033, .F. ) ;
#2533 = CARTESIAN_POINT ( 'NONE',  ( 2.450000000000000178, 0.8750000000000000000, 0.1799999999999999933 ) ) ;
#2534 = LINE ( 'NONE', #3611, #2546 ) ;
#2535 = PRESENTATION_STYLE_ASSIGNMENT (( #1015 ) ) ;
#2536 = PLANE ( 'NONE',  #2161 ) ;
#2537 =( NAMED_UNIT ( * ) PLANE_ANGLE_UNIT ( ) SI_UNIT ( $, .RADIAN. ) );
#2538 = PRESENTATION_LAYER_ASSIGNMENT (  '', '', ( #1524 ) ) ;
#2539 = PRESENTATION_STYLE_ASSIGNMENT (( #3004 ) ) ;
#2540 = DIRECTION ( 'NONE',  ( -1.000000000000000000, 0.0000000000000000000, -1.453013302676229291E-18 ) ) ;
#2541 = DIRECTION ( 'NONE',  ( -1.453013302676229291E-18, 0.0000000000000000000, -1.000000000000000000 ) ) ;
#2542 = SURFACE_SIDE_STYLE ('',( #3661 ) ) ;
#2543 = ORIENTED_EDGE ( 'NONE', *, *, #4607, .F. ) ;
#2544 = CARTESIAN_POINT ( 'NONE',  ( -1.350000000000000533, 1.350000000000000089, 0.6500000000000000222 ) ) ;
#2545 = CARTESIAN_POINT ( 'NONE',  ( 1.500000000000000000, -0.3749999999999998890, 0.6500000000000000222 ) ) ;
#2546 = VECTOR ( 'NONE', #5886, 1000.000000000000114 ) ;
#2547 = SURFACE_SIDE_STYLE ('',( #6442 ) ) ;
#2548 = DIRECTION ( 'NONE',  ( -0.0000000000000000000, -1.000000000000000000, 0.0000000000000000000 ) ) ;
#2549 = VERTEX_POINT ( 'NONE', #942 ) ;
#2550 = VERTEX_POINT ( 'NONE', #5927 ) ;
#2551 = DIRECTION ( 'NONE',  ( -1.000000000000000000, -0.0000000000000000000, -2.041316732240672236E-15 ) ) ;
#2552 =( NAMED_UNIT ( * ) PLANE_ANGLE_UNIT ( ) SI_UNIT ( $, .RADIAN. ) );
#2553 = DIRECTION ( 'NONE',  ( 1.000000000000000000, 0.0000000000000000000, 6.852061790316472241E-17 ) ) ;
#2554 = EDGE_CURVE ( 'NONE', #5281, #892, #3101, .T. ) ;
#2555 = MECHANICAL_DESIGN_GEOMETRIC_PRESENTATION_REPRESENTATION (  '', ( #4780 ), #4437 ) ;
#2556 = VERTEX_POINT ( 'NONE', #2150 ) ;
#2557 = CARTESIAN_POINT ( 'NONE',  ( 1.500000000000000000, 1.350000000000000089, 0.6500000000000000222 ) ) ;
#2558 = CARTESIAN_POINT ( 'NONE',  ( 1.777098337962921937, -0.1250000000000000000, 0.2413993441140163398 ) ) ;
#2559 = ORIENTED_EDGE ( 'NONE', *, *, #721, .T. ) ;
#2560 = AXIS2_PLACEMENT_3D ( 'NONE', #5735, #337, #167 ) ;
#2561 = DIRECTION ( 'NONE',  ( 0.0000000000000000000, 1.000000000000000000, 0.0000000000000000000 ) ) ;
#2562 = MECHANICAL_DESIGN_GEOMETRIC_PRESENTATION_REPRESENTATION (  '', ( #265 ), #5273 ) ;
#2563 = EDGE_CURVE ( 'NONE', #7058, #6529, #498, .T. ) ;
#2564 =( NAMED_UNIT ( * ) PLANE_ANGLE_UNIT ( ) SI_UNIT ( $, .RADIAN. ) );
#2565 = CARTESIAN_POINT ( 'NONE',  ( 1.918413335153490440, 0.6250000000000001110, 0.5317987097512297812 ) ) ;
#2566 = MECHANICAL_DESIGN_GEOMETRIC_PRESENTATION_REPRESENTATION (  '', ( #4542 ), #3713 ) ;
#2567 = ORIENTED_EDGE ( 'NONE', *, *, #6453, .T. ) ;
#2568 = CARTESIAN_POINT ( 'NONE',  ( -2.054424841141346825, 0.3750000000000000000, 5.747759680298863667E-19 ) ) ;
#2569 = FILL_AREA_STYLE ('',( #3685 ) ) ;
#2570 = VECTOR ( 'NONE', #5015, 1000.000000000000000 ) ;
#2571 = UNCERTAINTY_MEASURE_WITH_UNIT (LENGTH_MEASURE( 1.000000000000000082E-05 ), #1081, 'distance_accuracy_value', 'NONE');
#2572 = ADVANCED_FACE ( 'NONE', ( #6122 ), #5456, .T. ) ;
#2573 = PRESENTATION_LAYER_ASSIGNMENT (  '', '', ( #3260 ) ) ;
#2574 = COLOUR_RGB ( '',0.7529411764705882248, 0.7529411764705882248, 0.7529411764705882248 ) ;
#2575 = LINE ( 'NONE', #2474, #4751 ) ;
#2576 = CARTESIAN_POINT ( 'NONE',  ( 2.054424841141345048, -0.6250000000000000000, 0.2799999999999999711 ) ) ;
#2577 = CARTESIAN_POINT ( 'NONE',  ( -1.050000000000000044, 0.9000000000000000222, 1.100000000000000089 ) ) ;
#2578 = CARTESIAN_POINT ( 'NONE',  ( 1.918413335153490440, -0.3749999999999998890, 0.5317987097512297812 ) ) ;
#2579 = VECTOR ( 'NONE', #3092, 1000.000000000000000 ) ;
#2580 = VERTEX_POINT ( 'NONE', #3799 ) ;
#2581 = SURFACE_SIDE_STYLE ('',( #6517 ) ) ;
#2582 =( GEOMETRIC_REPRESENTATION_CONTEXT ( 3 ) GLOBAL_UNCERTAINTY_ASSIGNED_CONTEXT ( ( #5783 ) ) GLOBAL_UNIT_ASSIGNED_CONTEXT ( ( #1489, #1450, #1944 ) ) REPRESENTATION_CONTEXT ( 'NONE', 'WORKASPACE' ) );
#2584 = CIRCLE ( 'NONE', #1576, 0.2799999999999998601 ) ;
#2583 = DIRECTION ( 'NONE',  ( 1.000000000000000000, 0.0000000000000000000, -1.370412358063294448E-16 ) ) ;
#2585 = LINE ( 'NONE', #1385, #151 ) ;
#2586 = LINE ( 'NONE', #4822, #2705 ) ;
#2587 = SURFACE_STYLE_FILL_AREA ( #3630 ) ;
#2588 = ORIENTED_EDGE ( 'NONE', *, *, #4618, .F. ) ;
#2589 = AXIS2_PLACEMENT_3D ( 'NONE', #4925, #7198, #4436 ) ;
#2590 = ORIENTED_EDGE ( 'NONE', *, *, #4809, .T. ) ;
#2591 =( LENGTH_UNIT ( ) NAMED_UNIT ( * ) SI_UNIT ( .MILLI., .METRE. ) );
#2592 = AXIS2_PLACEMENT_3D ( 'NONE', #2406, #3038, #2540 ) ;
#2593 = DIRECTION ( 'NONE',  ( 0.0000000000000000000, 0.0000000000000000000, 1.000000000000000000 ) ) ;
#2594 = CARTESIAN_POINT ( 'NONE',  ( -1.490125689080326277, 0.8500000000000000888, 0.5940000000000001945 ) ) ;
#2595 = CARTESIAN_POINT ( 'NONE',  ( 1.350000000000000089, 1.350000000000000089, 1.149999999999999911 ) ) ;
#2596 = MECHANICAL_DESIGN_GEOMETRIC_PRESENTATION_REPRESENTATION (  '', ( #2260 ), #419 ) ;
#2597 =( NAMED_UNIT ( * ) PLANE_ANGLE_UNIT ( ) SI_UNIT ( $, .RADIAN. ) );
#2598 = ORIENTED_EDGE ( 'NONE', *, *, #1516, .F. ) ;
#2599 = PRESENTATION_STYLE_ASSIGNMENT (( #485 ) ) ;
#2600 = ADVANCED_FACE ( 'NONE', ( #2182 ), #3689, .T. ) ;
#2601 = DIRECTION ( 'NONE',  ( -0.2588190451025213501, -0.0000000000000000000, 0.9659258262890680902 ) ) ;
#2602 = VERTEX_POINT ( 'NONE', #2032 ) ;
#2603 = MECHANICAL_DESIGN_GEOMETRIC_PRESENTATION_REPRESENTATION (  '', ( #550 ), #6269 ) ;
#2604 =( NAMED_UNIT ( * ) SI_UNIT ( $, .STERADIAN. ) SOLID_ANGLE_UNIT ( ) );
#2605 = CARTESIAN_POINT ( 'NONE',  ( 1.350000000000000311, -1.500000000000000000, 0.6500000000000000222 ) ) ;
#2606 = ORIENTED_EDGE ( 'NONE', *, *, #2005, .T. ) ;
#2607 = EDGE_CURVE ( 'NONE', #4715, #3231, #3728, .T. ) ;
#2608 = SURFACE_STYLE_FILL_AREA ( #3721 ) ;
#2609 =( NAMED_UNIT ( * ) SI_UNIT ( $, .STERADIAN. ) SOLID_ANGLE_UNIT ( ) );
#2610 = CARTESIAN_POINT ( 'NONE',  ( -2.450000000000000178, -1.125000000000000222, 0.0000000000000000000 ) ) ;
#2611 = EDGE_CURVE ( 'NONE', #7148, #4565, #7039, .T. ) ;
#2612 = COLOUR_RGB ( '',0.7529411764705882248, 0.7529411764705882248, 0.7529411764705882248 ) ;
#2613 = FILL_AREA_STYLE_COLOUR ( '', #1446 ) ;
#2614 = DIRECTION ( 'NONE',  ( 0.0000000000000000000, 1.000000000000000000, 0.0000000000000000000 ) ) ;
#2615 = DIRECTION ( 'NONE',  ( 0.0000000000000000000, 0.0000000000000000000, -1.000000000000000000 ) ) ;
#2616 =( GEOMETRIC_REPRESENTATION_CONTEXT ( 3 ) GLOBAL_UNCERTAINTY_ASSIGNED_CONTEXT ( ( #6415 ) ) GLOBAL_UNIT_ASSIGNED_CONTEXT ( ( #5623, #645, #2720 ) ) REPRESENTATION_CONTEXT ( 'NONE', 'WORKASPACE' ) );
#2617 = LINE ( 'NONE', #4294, #5920 ) ;
#2618 = LINE ( 'NONE', #4295, #5211 ) ;
#2619 = EDGE_CURVE ( 'NONE', #4362, #6851, #7200, .T. ) ;
#2620 = FILL_AREA_STYLE ('',( #1024 ) ) ;
#2621 = VECTOR ( 'NONE', #1658, 1000.000000000000000 ) ;
#2622 = VERTEX_POINT ( 'NONE', #2827 ) ;
#2623 = DIRECTION ( 'NONE',  ( 0.0000000000000000000, 0.0000000000000000000, 1.000000000000000000 ) ) ;
#2624 = PRESENTATION_LAYER_ASSIGNMENT (  '', '', ( #4721 ) ) ;
#2625 = PRESENTATION_LAYER_ASSIGNMENT (  '', '', ( #801 ) ) ;
#2626 = CARTESIAN_POINT ( 'NONE',  ( -2.450000000000000178, -0.1250000000000000000, 0.1799999999999999933 ) ) ;
#2627 = EDGE_CURVE ( 'NONE', #4394, #2027, #6777, .T. ) ;
#2628 = ORIENTED_EDGE ( 'NONE', *, *, #4395, .F. ) ;
#2629 = UNCERTAINTY_MEASURE_WITH_UNIT (LENGTH_MEASURE( 1.000000000000000082E-05 ), #229, 'distance_accuracy_value', 'NONE');
#2630 =( GEOMETRIC_REPRESENTATION_CONTEXT ( 3 ) GLOBAL_UNCERTAINTY_ASSIGNED_CONTEXT ( ( #3007 ) ) GLOBAL_UNIT_ASSIGNED_CONTEXT ( ( #6857, #3541, #4092 ) ) REPRESENTATION_CONTEXT ( 'NONE', 'WORKASPACE' ) );
#2631 = VERTEX_POINT ( 'NONE', #1277 ) ;
#2632 = CARTESIAN_POINT ( 'NONE',  ( -1.500000000000000444, 0.6250000000000001110, 0.6500000000000000222 ) ) ;
#2633 =( LENGTH_UNIT ( ) NAMED_UNIT ( * ) SI_UNIT ( .MILLI., .METRE. ) );
#2634 = ORIENTED_EDGE ( 'NONE', *, *, #3903, .F. ) ;
#2635 = DIRECTION ( 'NONE',  ( 0.0000000000000000000, 0.0000000000000000000, 1.000000000000000000 ) ) ;
#2636 = DIRECTION ( 'NONE',  ( 0.0000000000000000000, 1.000000000000000000, 0.0000000000000000000 ) ) ;
#2637 = ORIENTED_EDGE ( 'NONE', *, *, #2563, .F. ) ;
#2638 = DIRECTION ( 'NONE',  ( -1.000000000000000000, 0.0000000000000000000, 0.0000000000000000000 ) ) ;
#2639 = CARTESIAN_POINT ( 'NONE',  ( -1.466989180957722017, 1.125000000000000222, 0.7731980538652448720 ) ) ;
#2640 = LINE ( 'NONE', #1647, #4421 ) ;
#2641 =( NAMED_UNIT ( * ) PLANE_ANGLE_UNIT ( ) SI_UNIT ( $, .RADIAN. ) );
#2642 = DIRECTION ( 'NONE',  ( 0.0000000000000000000, 0.0000000000000000000, 1.000000000000000000 ) ) ;
#2643 =( NAMED_UNIT ( * ) SI_UNIT ( $, .STERADIAN. ) SOLID_ANGLE_UNIT ( ) );
#2644 = SURFACE_STYLE_USAGE ( .BOTH. , #2102 ) ;
#2645 = EDGE_CURVE ( 'NONE', #6148, #4230, #2894, .T. ) ;
#2646 = DIRECTION ( 'NONE',  ( -1.000000000000000000, 0.0000000000000000000, -1.453013302676229291E-18 ) ) ;
#2647 = COLOUR_RGB ( '',0.7529411764705882248, 0.7529411764705882248, 0.7529411764705882248 ) ;
#2648 = DIRECTION ( 'NONE',  ( 1.000000000000000000, 0.0000000000000000000, 6.852061790316472241E-17 ) ) ;
#2649 = CARTESIAN_POINT ( 'NONE',  ( 1.641086831975067550, 0.3750000000000000000, 0.4931980538652447343 ) ) ;
#2650 =( NAMED_UNIT ( * ) PLANE_ANGLE_UNIT ( ) SI_UNIT ( $, .RADIAN. ) );
#2651 = DIRECTION ( 'NONE',  ( -1.606225440719265874E-16, 1.000000000000000000, -0.0000000000000000000 ) ) ;
#2652 =( LENGTH_UNIT ( ) NAMED_UNIT ( * ) SI_UNIT ( .MILLI., .METRE. ) );
#2653 = ORIENTED_EDGE ( 'NONE', *, *, #3079, .F. ) ;
#2654 =( NAMED_UNIT ( * ) PLANE_ANGLE_UNIT ( ) SI_UNIT ( $, .RADIAN. ) );
#2655 = EDGE_CURVE ( 'NONE', #6704, #4793, #3905, .T. ) ;
#2656 = LINE ( 'NONE', #433, #5733 ) ;
#2657 = SURFACE_SIDE_STYLE ('',( #472 ) ) ;
#2658 = ORIENTED_EDGE ( 'NONE', *, *, #3702, .T. ) ;
#2659 = VERTEX_POINT ( 'NONE', #3939 ) ;
#2660 = STYLED_ITEM ( 'NONE', ( #3256 ), #904 ) ;
#2662 = EDGE_CURVE ( 'NONE', #4190, #371, #3325, .T. ) ;
#2661 =( NAMED_UNIT ( * ) PLANE_ANGLE_UNIT ( ) SI_UNIT ( $, .RADIAN. ) );
#2663 = LINE ( 'NONE', #1678, #4801 ) ;
#2664 = CARTESIAN_POINT ( 'NONE',  ( 1.490125689080326055, 0.3750000000000000000, 0.5940000000000001945 ) ) ;
#2665 = ORIENTED_EDGE ( 'NONE', *, *, #3479, .T. ) ;
#2666 = FACE_OUTER_BOUND ( 'NONE', #3070, .T. ) ;
#2667 = LINE ( 'NONE', #3163, #6614 ) ;
#2668 = EDGE_LOOP ( 'NONE', ( #1074, #2210, #881, #574 ) ) ;
#2669 = DIRECTION ( 'NONE',  ( 0.1378594853070949089, 0.0000000000000000000, -0.9904517970657951142 ) ) ;
#2670 = ORIENTED_EDGE ( 'NONE', *, *, #1057, .T. ) ;
#2671 = DIRECTION ( 'NONE',  ( -0.2588190451025213501, -0.0000000000000000000, 0.9659258262890680902 ) ) ;
#2672 = FILL_AREA_STYLE ('',( #1050 ) ) ;
#2673 = COLOUR_RGB ( '',0.1176470588235294101, 0.1176470588235294101, 0.1176470588235294101 ) ;
#2674 = CARTESIAN_POINT ( 'NONE',  ( 1.777098337962921937, -1.125000000000000222, 0.2413993441140163398 ) ) ;
#2675 = DIRECTION ( 'NONE',  ( -0.1378594853070907456, 0.0000000000000000000, -0.9904517970657956694 ) ) ;
#2676 = VECTOR ( 'NONE', #4747, 1000.000000000000000 ) ;
#2677 = AXIS2_PLACEMENT_3D ( 'NONE', #4017, #3432, #5654 ) ;
#2678 = MECHANICAL_DESIGN_GEOMETRIC_PRESENTATION_REPRESENTATION (  '', ( #1995 ), #5506 ) ;
#2679 = LINE ( 'NONE', #943, #4346 ) ;
#2680 = DIRECTION ( 'NONE',  ( 0.0000000000000000000, -0.0000000000000000000, 1.000000000000000000 ) ) ;
#2681 = DIRECTION ( 'NONE',  ( 0.1378594853070949366, 0.0000000000000000000, 0.9904517970657951142 ) ) ;
#2682 = CARTESIAN_POINT ( 'NONE',  ( 1.955379661434764715, -0.6250000000000000000, 0.2662140514692911686 ) ) ;
#2683 = SURFACE_STYLE_USAGE ( .BOTH. , #744 ) ;
#2684 = ORIENTED_EDGE ( 'NONE', *, *, #3167, .T. ) ;
#2685 = VECTOR ( 'NONE', #1895, 1000.000000000000000 ) ;
#2686 = VECTOR ( 'NONE', #6972, 1000.000000000000114 ) ;
#2687 = CARTESIAN_POINT ( 'NONE',  ( 1.466989180957721794, -0.6249999999999996669, 0.7731980538652448720 ) ) ;
#2688 = AXIS2_PLACEMENT_3D ( 'NONE', #2505, #344, #4177 ) ;
#2689 = PRESENTATION_LAYER_ASSIGNMENT (  '', '', ( #5864 ) ) ;
#2690 =( NAMED_UNIT ( * ) PLANE_ANGLE_UNIT ( ) SI_UNIT ( $, .RADIAN. ) );
#2691 = DIRECTION ( 'NONE',  ( -1.000000000000000000, -0.0000000000000000000, -2.041316732240672236E-15 ) ) ;
#2692 = AXIS2_PLACEMENT_3D ( 'NONE', #3273, #1606, #2233 ) ;
#2693 = MECHANICAL_DESIGN_GEOMETRIC_PRESENTATION_REPRESENTATION (  '', ( #1229 ), #6237 ) ;
#2694 = AXIS2_PLACEMENT_3D ( 'NONE', #4930, #4812, #7077 ) ;
#2695 = CIRCLE ( 'NONE', #526, 0.2799999999999998601 ) ;
#2696 = PLANE ( 'NONE',  #2955 ) ;
#2697 = ORIENTED_EDGE ( 'NONE', *, *, #1283, .T. ) ;
#2698 = EDGE_CURVE ( 'NONE', #1356, #1749, #607, .T. ) ;
#2699 =( LENGTH_UNIT ( ) NAMED_UNIT ( * ) SI_UNIT ( .MILLI., .METRE. ) );
#2700 = AXIS2_PLACEMENT_3D ( 'NONE', #3711, #4836, #4355 ) ;
#2701 = SURFACE_SIDE_STYLE ('',( #1069 ) ) ;
#2702 = CIRCLE ( 'NONE', #3855, 0.1000000000000002554 ) ;
#2703 = ORIENTED_EDGE ( 'NONE', *, *, #1777, .F. ) ;
#2704 = LINE ( 'NONE', #3161, #2910 ) ;
#2705 = VECTOR ( 'NONE', #3807, 1000.000000000000000 ) ;
#2706 = VERTEX_POINT ( 'NONE', #5112 ) ;
#2707 = ADVANCED_FACE ( 'NONE', ( #6190 ), #2790, .T. ) ;
#2708 = EDGE_LOOP ( 'NONE', ( #1604, #7010, #3114, #355, #6877, #4593, #5489, #1695, #5248, #1910, #633, #3375, #5646 ) ) ;
#2709 = FACE_OUTER_BOUND ( 'NONE', #6521, .T. ) ;
#2710 =( GEOMETRIC_REPRESENTATION_CONTEXT ( 3 ) GLOBAL_UNCERTAINTY_ASSIGNED_CONTEXT ( ( #5227 ) ) GLOBAL_UNIT_ASSIGNED_CONTEXT ( ( #4782, #553, #3154 ) ) REPRESENTATION_CONTEXT ( 'NONE', 'WORKASPACE' ) );
#2711 = DIRECTION ( 'NONE',  ( 0.9904517970657951142, -0.0000000000000000000, 0.1378594853070949366 ) ) ;
#2712 = AXIS2_PLACEMENT_3D ( 'NONE', #4292, #6544, #3137 ) ;
#2713 = SURFACE_SIDE_STYLE ('',( #1506 ) ) ;
#2714 = ORIENTED_EDGE ( 'NONE', *, *, #1399, .F. ) ;
#2715 = SURFACE_STYLE_USAGE ( .BOTH. , #2287 ) ;
#2716 = AXIS2_PLACEMENT_3D ( 'NONE', #1449, #3482, #5207 ) ;
#2717 = FILL_AREA_STYLE ('',( #534 ) ) ;
#2718 = EDGE_CURVE ( 'NONE', #2556, #371, #156, .T. ) ;
#2719 =( NAMED_UNIT ( * ) SI_UNIT ( $, .STERADIAN. ) SOLID_ANGLE_UNIT ( ) );
#2720 =( NAMED_UNIT ( * ) SI_UNIT ( $, .STERADIAN. ) SOLID_ANGLE_UNIT ( ) );
#2721 = MECHANICAL_DESIGN_GEOMETRIC_PRESENTATION_REPRESENTATION (  '', ( #4698 ), #6631 ) ;
#2722 = AXIS2_PLACEMENT_3D ( 'NONE', #549, #1032, #5528 ) ;
#2723 = SURFACE_STYLE_USAGE ( .BOTH. , #6543 ) ;
#2724 = ORIENTED_EDGE ( 'NONE', *, *, #506, .F. ) ;
#2725 = FILL_AREA_STYLE ('',( #3729 ) ) ;
#2726 =( NAMED_UNIT ( * ) SI_UNIT ( $, .STERADIAN. ) SOLID_ANGLE_UNIT ( ) );
#2727 = LINE ( 'NONE', #7239, #676 ) ;
#2728 = UNCERTAINTY_MEASURE_WITH_UNIT (LENGTH_MEASURE( 1.000000000000000082E-05 ), #1773, 'distance_accuracy_value', 'NONE');
#2729 = ORIENTED_EDGE ( 'NONE', *, *, #2874, .F. ) ;
#2730 = AXIS2_PLACEMENT_3D ( 'NONE', #237, #6862, #1843 ) ;
#2731 = CARTESIAN_POINT ( 'NONE',  ( -1.918413335153490440, -0.1250000000000000000, 0.5317987097512296701 ) ) ;
#2732 = STYLED_ITEM ( 'NONE', ( #1627 ), #7252 ) ;
#2733 = LINE ( 'NONE', #4978, #634 ) ;
#2734 = DIRECTION ( 'NONE',  ( -0.6427876096865404731, 7.871877887341999855E-17, 0.7660444431189771253 ) ) ;
#2735 =( GEOMETRIC_REPRESENTATION_CONTEXT ( 3 ) GLOBAL_UNCERTAINTY_ASSIGNED_CONTEXT ( ( #3346 ) ) GLOBAL_UNIT_ASSIGNED_CONTEXT ( ( #5554, #3937, #2865 ) ) REPRESENTATION_CONTEXT ( 'NONE', 'WORKASPACE' ) );
#2736 = CARTESIAN_POINT ( 'NONE',  ( 1.918413335153490440, -0.8749999999999998890, 0.5317987097512297812 ) ) ;
#2737 = MECHANICAL_DESIGN_GEOMETRIC_PRESENTATION_REPRESENTATION (  '', ( #7096 ), #6039 ) ;
#2738 = LINE ( 'NONE', #3267, #423 ) ;
#2739 = CARTESIAN_POINT ( 'NONE',  ( -1.918413335153490440, 0.1250000000000001110, 0.5317987097512296701 ) ) ;
#2740 = VERTEX_POINT ( 'NONE', #1303 ) ;
#2741 = EDGE_LOOP ( 'NONE', ( #5839, #1646, #5390, #3870 ) ) ;
#2742 = SURFACE_SIDE_STYLE ('',( #5535 ) ) ;
#2743 = MECHANICAL_DESIGN_GEOMETRIC_PRESENTATION_REPRESENTATION (  '', ( #1378 ), #4601 ) ;
#2744 = FILL_AREA_STYLE ('',( #6636 ) ) ;
#2745 = EDGE_CURVE ( 'NONE', #32, #3237, #3467, .T. ) ;
#2746 = EDGE_CURVE ( 'NONE', #6421, #5287, #1428, .T. ) ;
#2747 = DIRECTION ( 'NONE',  ( -0.2588190451025213501, -0.0000000000000000000, 0.9659258262890680902 ) ) ;
#2748 = SURFACE_STYLE_USAGE ( .BOTH. , #5541 ) ;
#2749 = PRESENTATION_LAYER_ASSIGNMENT (  '', '', ( #5919 ) ) ;
#2750 = VERTEX_POINT ( 'NONE', #897 ) ;
#2751 = DIRECTION ( 'NONE',  ( 0.0000000000000000000, 1.000000000000000000, -0.0000000000000000000 ) ) ;
#2752 = ORIENTED_EDGE ( 'NONE', *, *, #44, .F. ) ;
#2753 = ORIENTED_EDGE ( 'NONE', *, *, #2931, .T. ) ;
#2754 = PLANE ( 'NONE',  #1831 ) ;
#2755 = CYLINDRICAL_SURFACE ( 'NONE', #1321, 0.2800000000000000822 ) ;
#2756 = CARTESIAN_POINT ( 'NONE',  ( -1.640975210307352938, 1.125000000000000222, 0.4940000000000004943 ) ) ;
#2757 = ORIENTED_EDGE ( 'NONE', *, *, #4987, .F. ) ;
#2758 = LINE ( 'NONE', #8, #7130 ) ;
#2759 = SURFACE_SIDE_STYLE ('',( #6776 ) ) ;
#2760 = DIRECTION ( 'NONE',  ( 0.0000000000000000000, 0.0000000000000000000, 1.000000000000000000 ) ) ;
#2761 = EDGE_CURVE ( 'NONE', #6429, #3230, #3570, .T. ) ;
#2762 = ORIENTED_EDGE ( 'NONE', *, *, #1705, .F. ) ;
#2763 =( NAMED_UNIT ( * ) SI_UNIT ( $, .STERADIAN. ) SOLID_ANGLE_UNIT ( ) );
#2764 = CARTESIAN_POINT ( 'NONE',  ( -1.500000000000000444, 0.8750000000000000000, 0.6500000000000000222 ) ) ;
#2765 = FACE_OUTER_BOUND ( 'NONE', #6001, .T. ) ;
#2766 =( NAMED_UNIT ( * ) SI_UNIT ( $, .STERADIAN. ) SOLID_ANGLE_UNIT ( ) );
#2767 = EDGE_LOOP ( 'NONE', ( #898, #3701, #4205, #4127 ) ) ;
#2768 = SURFACE_SIDE_STYLE ('',( #1735 ) ) ;
#2769 = CARTESIAN_POINT ( 'NONE',  ( -2.450000000000000178, -0.1250000000000000000, 0.0000000000000000000 ) ) ;
#2770 = MECHANICAL_DESIGN_GEOMETRIC_PRESENTATION_REPRESENTATION (  '', ( #4148 ), #3450 ) ;
#2771 =( NAMED_UNIT ( * ) SI_UNIT ( $, .STERADIAN. ) SOLID_ANGLE_UNIT ( ) );
#2772 = CARTESIAN_POINT ( 'NONE',  ( -1.640975210307352050, 0.1250000000000001110, 0.5940000000000004166 ) ) ;
#2773 = ORIENTED_EDGE ( 'NONE', *, *, #183, .T. ) ;
#2774 = EDGE_LOOP ( 'NONE', ( #493, #356, #6370, #780 ) ) ;
#2775 = CARTESIAN_POINT ( 'NONE',  ( -2.054424841141345048, -0.3749999999999998890, 0.1799999999999999101 ) ) ;
#2776 =( GEOMETRIC_REPRESENTATION_CONTEXT ( 3 ) GLOBAL_UNCERTAINTY_ASSIGNED_CONTEXT ( ( #7082 ) ) GLOBAL_UNIT_ASSIGNED_CONTEXT ( ( #5096, #2202, #2305 ) ) REPRESENTATION_CONTEXT ( 'NONE', 'WORKASPACE' ) );
#2777 =( NAMED_UNIT ( * ) PLANE_ANGLE_UNIT ( ) SI_UNIT ( $, .RADIAN. ) );
#2778 = ORIENTED_EDGE ( 'NONE', *, *, #614, .F. ) ;
#2779 = CARTESIAN_POINT ( 'NONE',  ( -1.918413335153490440, -0.8749999999999998890, 0.5317987097512297812 ) ) ;
#2780 = ORIENTED_EDGE ( 'NONE', *, *, #6327, .F. ) ;
#2781 = EDGE_CURVE ( 'NONE', #2989, #964, #4130, .T. ) ;
#2782 = SURFACE_STYLE_USAGE ( .BOTH. , #596 ) ;
#2783 = FACE_OUTER_BOUND ( 'NONE', #1486, .T. ) ;
#2784 = CARTESIAN_POINT ( 'NONE',  ( -2.054424841141345048, -0.1250000000000000000, 0.2799999999999999711 ) ) ;
#2785 = FACE_OUTER_BOUND ( 'NONE', #5782, .T. ) ;
#2786 = VECTOR ( 'NONE', #1082, 1000.000000000000114 ) ;
#2787 = ORIENTED_EDGE ( 'NONE', *, *, #2839, .F. ) ;
#2788 = CARTESIAN_POINT ( 'NONE',  ( -1.640975210307352938, -0.8749999999999998890, 0.4940000000000004943 ) ) ;
#2789 = EDGE_CURVE ( 'NONE', #1298, #5750, #297, .T. ) ;
#2790 = CYLINDRICAL_SURFACE ( 'NONE', #6115, 0.2800000000000000822 ) ;
#2791 = VERTEX_POINT ( 'NONE', #2394 ) ;
#2792 = CARTESIAN_POINT ( 'NONE',  ( -1.955379661434764715, -0.1250000000000000000, 0.2662140514692911686 ) ) ;
#2793 =( LENGTH_UNIT ( ) NAMED_UNIT ( * ) SI_UNIT ( .MILLI., .METRE. ) );
#2794 = PLANE ( 'NONE',  #2282 ) ;
#2795 =( LENGTH_UNIT ( ) NAMED_UNIT ( * ) SI_UNIT ( .MILLI., .METRE. ) );
#2796 = ORIENTED_EDGE ( 'NONE', *, *, #5892, .T. ) ;
#2797 = ADVANCED_FACE ( 'NONE', ( #1931 ), #6428, .F. ) ;
#2798 = DIRECTION ( 'NONE',  ( -0.1378594853070907456, 0.0000000000000000000, -0.9904517970657956694 ) ) ;
#2799 = PRESENTATION_LAYER_ASSIGNMENT (  '', '', ( #3487 ) ) ;
#2800 = DIRECTION ( 'NONE',  ( 0.0000000000000000000, 1.000000000000000000, 0.0000000000000000000 ) ) ;
#2801 = VECTOR ( 'NONE', #1767, 1000.000000000000000 ) ;
#2802 = DIRECTION ( 'NONE',  ( 0.0000000000000000000, 0.0000000000000000000, 1.000000000000000000 ) ) ;
#2803 = CIRCLE ( 'NONE', #3378, 0.1000000000000002554 ) ;
#2804 = CARTESIAN_POINT ( 'NONE',  ( -1.490125689080326277, -0.6250000000000000000, 0.5940000000000001945 ) ) ;
#2805 = ORIENTED_EDGE ( 'NONE', *, *, #3164, .F. ) ;
#2806 = ORIENTED_EDGE ( 'NONE', *, *, #2390, .T. ) ;
#2807 = CARTESIAN_POINT ( 'NONE',  ( 1.640975210307352938, -0.6250000000000000000, 0.4940000000000004943 ) ) ;
#2808 = VECTOR ( 'NONE', #3675, 1000.000000000000000 ) ;
#2809 = FACE_OUTER_BOUND ( 'NONE', #5366, .T. ) ;
#2810 = CIRCLE ( 'NONE', #4204, 0.09999999999999993616 ) ;
#2811 = DIRECTION ( 'NONE',  ( 4.080918178602890545E-16, -0.0000000000000000000, 1.000000000000000000 ) ) ;
#2812 =( NAMED_UNIT ( * ) SI_UNIT ( $, .STERADIAN. ) SOLID_ANGLE_UNIT ( ) );
#2813 = EDGE_LOOP ( 'NONE', ( #6912, #5053, #698, #1269 ) ) ;
#2814 = DIRECTION ( 'NONE',  ( -1.000000000000000000, -0.0000000000000000000, -1.453013302676229099E-18 ) ) ;
#2815 = PRESENTATION_LAYER_ASSIGNMENT (  '', '', ( #3616 ) ) ;
#2816 = ORIENTED_EDGE ( 'NONE', *, *, #4358, .T. ) ;
#2817 = PRESENTATION_LAYER_ASSIGNMENT (  '', '', ( #1433 ) ) ;
#2818 =( GEOMETRIC_REPRESENTATION_CONTEXT ( 3 ) GLOBAL_UNCERTAINTY_ASSIGNED_CONTEXT ( ( #715 ) ) GLOBAL_UNIT_ASSIGNED_CONTEXT ( ( #4738, #4225, #1492 ) ) REPRESENTATION_CONTEXT ( 'NONE', 'WORKASPACE' ) );
#2819 = EDGE_LOOP ( 'NONE', ( #6557, #2135, #1066, #2965, #4623, #3078, #1747, #4461, #4559, #5906, #3041, #5943, #1228, #5760, #6744, #1387, #6951, #5917, #4022, #5061, #3461, #1670, #2697, #6298 ) ) ;
#2820 = SURFACE_SIDE_STYLE ('',( #80 ) ) ;
#2821 = FILL_AREA_STYLE_COLOUR ( '', #5589 ) ;
#2822 = SURFACE_SIDE_STYLE ('',( #637 ) ) ;
#2823 = FILL_AREA_STYLE ('',( #5688 ) ) ;
#2824 = DIRECTION ( 'NONE',  ( 0.0000000000000000000, 0.0000000000000000000, -1.000000000000000000 ) ) ;
#2825 = DIRECTION ( 'NONE',  ( 1.000000000000000000, 0.0000000000000000000, 0.0000000000000000000 ) ) ;
#2826 = PRESENTATION_LAYER_ASSIGNMENT (  '', '', ( #4816 ) ) ;
#2827 = CARTESIAN_POINT ( 'NONE',  ( -1.500000000000000444, -1.125000000000000222, 0.6500000000000000222 ) ) ;
#2828 = AXIS2_PLACEMENT_3D ( 'NONE', #7123, #7031, #470 ) ;
#2829 = EDGE_CURVE ( 'NONE', #2360, #4407, #230, .T. ) ;
#2830 = ORIENTED_EDGE ( 'NONE', *, *, #2761, .T. ) ;
#2831 = DIRECTION ( 'NONE',  ( -1.000000000000000000, -0.0000000000000000000, -2.041316732240672236E-15 ) ) ;
#2832 = PRESENTATION_LAYER_ASSIGNMENT (  '', '', ( #2260 ) ) ;
#2833 = FILL_AREA_STYLE ('',( #1204 ) ) ;
#2834 = DIRECTION ( 'NONE',  ( 0.9659258262890680902, 1.551494636033279445E-16, 0.2588190451025213501 ) ) ;
#2835 =( NAMED_UNIT ( * ) SI_UNIT ( $, .STERADIAN. ) SOLID_ANGLE_UNIT ( ) );
#2836 = MECHANICAL_DESIGN_GEOMETRIC_PRESENTATION_REPRESENTATION (  '', ( #6028 ), #3635 ) ;
#2837 = MECHANICAL_DESIGN_GEOMETRIC_PRESENTATION_REPRESENTATION (  '', ( #1358 ), #1594 ) ;
#2838 = CARTESIAN_POINT ( 'NONE',  ( 1.500000000000000000, 1.350000000000000089, 0.6500000000000000222 ) ) ;
#2839 = EDGE_CURVE ( 'NONE', #115, #701, #2996, .T. ) ;
#2840 = STYLED_ITEM ( 'NONE', ( #4619 ), #6550 ) ;
#2841 = CARTESIAN_POINT ( 'NONE',  ( 1.375410794124024338, 0.3750000000000000000, 0.7731980538652447610 ) ) ;
#2842 = SURFACE_STYLE_USAGE ( .BOTH. , #5530 ) ;
#2843 = AXIS2_PLACEMENT_3D ( 'NONE', #2977, #909, #4770 ) ;
#2844 = ORIENTED_EDGE ( 'NONE', *, *, #4656, .F. ) ;
#2845 = STYLED_ITEM ( 'NONE', ( #6621 ), #6647 ) ;
#2846 = VECTOR ( 'NONE', #5197, 1000.000000000000114 ) ;
#2847 = EDGE_CURVE ( 'NONE', #5754, #4959, #3030, .T. ) ;
#2848 = SURFACE_SIDE_STYLE ('',( #2339 ) ) ;
#2849 = CYLINDRICAL_SURFACE ( 'NONE', #243, 0.2799999999999998601 ) ;
#2850 = DIRECTION ( 'NONE',  ( 0.0000000000000000000, 1.000000000000000000, 0.0000000000000000000 ) ) ;
#2851 = LINE ( 'NONE', #5608, #2341 ) ;
#2852 = ORIENTED_EDGE ( 'NONE', *, *, #3525, .T. ) ;
#2853 = VECTOR ( 'NONE', #2561, 1000.000000000000000 ) ;
#2854 = VERTEX_POINT ( 'NONE', #6957 ) ;
#2855 = VECTOR ( 'NONE', #818, 1000.000000000000000 ) ;
#2856 = CARTESIAN_POINT ( 'NONE',  ( -1.640975210307352938, 0.8750000000000000000, 0.4940000000000004943 ) ) ;
#2857 = PRESENTATION_LAYER_ASSIGNMENT (  '', '', ( #4259 ) ) ;
#2858 =( LENGTH_UNIT ( ) NAMED_UNIT ( * ) SI_UNIT ( .MILLI., .METRE. ) );
#2859 = ORIENTED_EDGE ( 'NONE', *, *, #4533, .T. ) ;
#2860 = CARTESIAN_POINT ( 'NONE',  ( 1.375410794124024338, -0.1250000000000000000, 0.5939999999999999725 ) ) ;
#2861 = DIRECTION ( 'NONE',  ( -0.2588190451025212946, -0.0000000000000000000, -0.9659258262890680902 ) ) ;
#2862 = SURFACE_SIDE_STYLE ('',( #1234 ) ) ;
#2863 = VECTOR ( 'NONE', #2939, 1000.000000000000227 ) ;
#2864 = VECTOR ( 'NONE', #1837, 1000.000000000000114 ) ;
#2865 =( NAMED_UNIT ( * ) SI_UNIT ( $, .STERADIAN. ) SOLID_ANGLE_UNIT ( ) );
#2866 = DIRECTION ( 'NONE',  ( 0.1736481776669307198, 0.0000000000000000000, -0.9848077530122080203 ) ) ;
#2867 = ORIENTED_EDGE ( 'NONE', *, *, #1593, .F. ) ;
#2868 = SURFACE_SIDE_STYLE ('',( #1732 ) ) ;
#2869 = SURFACE_SIDE_STYLE ('',( #1170 ) ) ;
#2870 = LINE ( 'NONE', #5559, #4603 ) ;
#2871 = DIRECTION ( 'NONE',  ( 0.2588190451025213501, -0.0000000000000000000, 0.9659258262890680902 ) ) ;
#2872 = EDGE_CURVE ( 'NONE', #5175, #5607, #3031, .T. ) ;
#2873 = PRESENTATION_STYLE_ASSIGNMENT (( #2223 ) ) ;
#2874 = EDGE_CURVE ( 'NONE', #3237, #2854, #2498, .T. ) ;
#2875 = DIRECTION ( 'NONE',  ( -1.606225440719265874E-16, 1.000000000000000000, -0.0000000000000000000 ) ) ;
#2876 = FILL_AREA_STYLE_COLOUR ( '', #3262 ) ;
#2877 = ORIENTED_EDGE ( 'NONE', *, *, #5228, .T. ) ;
#2878 = EDGE_CURVE ( 'NONE', #2550, #171, #1787, .T. ) ;
#2879 = COLOUR_RGB ( '',0.7529411764705882248, 0.7529411764705882248, 0.7529411764705882248 ) ;
#2880 =( NAMED_UNIT ( * ) SI_UNIT ( $, .STERADIAN. ) SOLID_ANGLE_UNIT ( ) );
#2881 = DIRECTION ( 'NONE',  ( 1.000000000000000000, -0.0000000000000000000, -0.0000000000000000000 ) ) ;
#2882 = ORIENTED_EDGE ( 'NONE', *, *, #1455, .F. ) ;
#2883 = VERTEX_POINT ( 'NONE', #6503 ) ;
#2884 = ORIENTED_EDGE ( 'NONE', *, *, #2320, .F. ) ;
#2885 = DIRECTION ( 'NONE',  ( -4.080918178602890545E-16, 0.0000000000000000000, 1.000000000000000000 ) ) ;
#2886 = SURFACE_SIDE_STYLE ('',( #704 ) ) ;
#2887 =( NAMED_UNIT ( * ) SI_UNIT ( $, .STERADIAN. ) SOLID_ANGLE_UNIT ( ) );
#2888 = EDGE_LOOP ( 'NONE', ( #812, #2724, #6258, #2606 ) ) ;
#2889 = LINE ( 'NONE', #2214, #1833 ) ;
#2890 = AXIS2_PLACEMENT_3D ( 'NONE', #3221, #1629, #3801 ) ;
#2891 =( LENGTH_UNIT ( ) NAMED_UNIT ( * ) SI_UNIT ( .MILLI., .METRE. ) );
#2892 = PRESENTATION_STYLE_ASSIGNMENT (( #1368 ) ) ;
#2893 = STYLED_ITEM ( 'NONE', ( #6275 ), #962 ) ;
#2894 = LINE ( 'NONE', #573, #6364 ) ;
#2895 = ORIENTED_EDGE ( 'NONE', *, *, #1651, .F. ) ;
#2896 = PRESENTATION_STYLE_ASSIGNMENT (( #7237 ) ) ;
#2897 = PRESENTATION_STYLE_ASSIGNMENT (( #5115 ) ) ;
#2898 =( LENGTH_UNIT ( ) NAMED_UNIT ( * ) SI_UNIT ( .MILLI., .METRE. ) );
#2899 = PRESENTATION_STYLE_ASSIGNMENT (( #716 ) ) ;
#2900 = VECTOR ( 'NONE', #5299, 1000.000000000000114 ) ;
#2901 = LINE ( 'NONE', #4689, #1262 ) ;
#2902 = LINE ( 'NONE', #3680, #4928 ) ;
#2903 = LINE ( 'NONE', #5156, #2941 ) ;
#2904 = EDGE_CURVE ( 'NONE', #6516, #109, #1470, .T. ) ;
#2905 = FILL_AREA_STYLE_COLOUR ( '', #4592 ) ;
#2906 = SURFACE_SIDE_STYLE ('',( #4591 ) ) ;
#2907 = COLOUR_RGB ( '',0.7529411764705882248, 0.7529411764705882248, 0.7529411764705882248 ) ;
#2908 = UNCERTAINTY_MEASURE_WITH_UNIT (LENGTH_MEASURE( 1.000000000000000082E-05 ), #6417, 'distance_accuracy_value', 'NONE');
#2909 = ORIENTED_EDGE ( 'NONE', *, *, #1091, .F. ) ;
#2910 = VECTOR ( 'NONE', #5476, 1000.000000000000000 ) ;
#2911 =( NAMED_UNIT ( * ) PLANE_ANGLE_UNIT ( ) SI_UNIT ( $, .RADIAN. ) );
#2912 = CARTESIAN_POINT ( 'NONE',  ( 1.640975210307352050, -1.125000000000000222, 0.5940000000000004166 ) ) ;
#2913 = EDGE_CURVE ( 'NONE', #4407, #6494, #370, .T. ) ;
#2914 =( NAMED_UNIT ( * ) PLANE_ANGLE_UNIT ( ) SI_UNIT ( $, .RADIAN. ) );
#2915 = EDGE_LOOP ( 'NONE', ( #4390, #4741, #1006, #7247 ) ) ;
#2916 = AXIS2_PLACEMENT_3D ( 'NONE', #1879, #809, #281 ) ;
#2917 =( GEOMETRIC_REPRESENTATION_CONTEXT ( 3 ) GLOBAL_UNCERTAINTY_ASSIGNED_CONTEXT ( ( #125 ) ) GLOBAL_UNIT_ASSIGNED_CONTEXT ( ( #6581, #1628, #1054 ) ) REPRESENTATION_CONTEXT ( 'NONE', 'WORKASPACE' ) );
#2918 = AXIS2_PLACEMENT_3D ( 'NONE', #5123, #4102, #2407 ) ;
#2919 = CARTESIAN_POINT ( 'NONE',  ( 1.640975210307352938, 0.3750000000000000000, 0.4940000000000004943 ) ) ;
#2920 = CARTESIAN_POINT ( 'NONE',  ( 2.450000000000000178, -0.8749999999999998890, 0.1799999999999999933 ) ) ;
#2921 = AXIS2_PLACEMENT_3D ( 'NONE', #2919, #1920, #5138 ) ;
#2922 = EDGE_CURVE ( 'NONE', #4305, #2027, #4283, .T. ) ;
#2923 = ORIENTED_EDGE ( 'NONE', *, *, #2350, .T. ) ;
#2924 = VECTOR ( 'NONE', #145, 1000.000000000000000 ) ;
#2925 = VECTOR ( 'NONE', #6058, 1000.000000000000000 ) ;
#2926 = DIRECTION ( 'NONE',  ( 0.0000000000000000000, 0.0000000000000000000, -1.000000000000000000 ) ) ;
#2927 = UNCERTAINTY_MEASURE_WITH_UNIT (LENGTH_MEASURE( 1.000000000000000082E-05 ), #273, 'distance_accuracy_value', 'NONE');
#2928 = ORIENTED_EDGE ( 'NONE', *, *, #4746, .T. ) ;
#2929 = LINE ( 'NONE', #6385, #2960 ) ;
#2930 = CARTESIAN_POINT ( 'NONE',  ( -1.777098337962921937, 0.3750000000000000000, 0.2413993441140163121 ) ) ;
#2931 = EDGE_CURVE ( 'NONE', #56, #1088, #491, .T. ) ;
#2932 = VERTEX_POINT ( 'NONE', #2141 ) ;
#2933 = LINE ( 'NONE', #300, #6386 ) ;
#2934 = FILL_AREA_STYLE ('',( #1241 ) ) ;
#2935 = CIRCLE ( 'NONE', #175, 0.2799999999999998601 ) ;
#2936 = DIRECTION ( 'NONE',  ( -0.1378594853070907733, 0.0000000000000000000, 0.9904517970657956694 ) ) ;
#2937 = UNCERTAINTY_MEASURE_WITH_UNIT (LENGTH_MEASURE( 1.000000000000000082E-05 ), #1559, 'distance_accuracy_value', 'NONE');
#2938 = STYLED_ITEM ( 'NONE', ( #1284 ), #3577 ) ;
#2939 = DIRECTION ( 'NONE',  ( 0.6427876096865404731, 0.0000000000000000000, 0.7660444431189771253 ) ) ;
#2940 = AXIS2_PLACEMENT_3D ( 'NONE', #2807, #4420, #5056 ) ;
#2941 = VECTOR ( 'NONE', #168, 1000.000000000000000 ) ;
#2942 = CARTESIAN_POINT ( 'NONE',  ( -1.918413335153490440, -0.6250000000000000000, 0.5317987097512296701 ) ) ;
#2943 =( NAMED_UNIT ( * ) PLANE_ANGLE_UNIT ( ) SI_UNIT ( $, .RADIAN. ) );
#2944 = DIRECTION ( 'NONE',  ( -0.1378594853070907733, 0.0000000000000000000, -0.9904517970657956694 ) ) ;
#2945 = ORIENTED_EDGE ( 'NONE', *, *, #3348, .F. ) ;
#2946 = AXIS2_PLACEMENT_3D ( 'NONE', #4699, #6367, #3042 ) ;
#2947 = ORIENTED_EDGE ( 'NONE', *, *, #2627, .T. ) ;
#2948 = AXIS2_PLACEMENT_3D ( 'NONE', #494, #414, #339 ) ;
#2949 = AXIS2_PLACEMENT_3D ( 'NONE', #3150, #1634, #4384 ) ;
#2950 = DIRECTION ( 'NONE',  ( 4.080918178602890545E-16, -0.0000000000000000000, 1.000000000000000000 ) ) ;
#2951 = VERTEX_POINT ( 'NONE', #6574 ) ;
#2952 = VERTEX_POINT ( 'NONE', #4360 ) ;
#2953 = VERTEX_POINT ( 'NONE', #5370 ) ;
#2954 = CYLINDRICAL_SURFACE ( 'NONE', #570, 0.2800000000000000822 ) ;
#2955 = AXIS2_PLACEMENT_3D ( 'NONE', #5601, #5121, #5700 ) ;
#2956 = PRESENTATION_STYLE_ASSIGNMENT (( #706 ) ) ;
#2957 = STYLED_ITEM ( 'NONE', ( #3547 ), #7214 ) ;
#2958 = EDGE_CURVE ( 'NONE', #147, #101, #5955, .T. ) ;
#2959 = DIRECTION ( 'NONE',  ( 0.0000000000000000000, 0.0000000000000000000, -1.000000000000000000 ) ) ;
#2960 = VECTOR ( 'NONE', #5718, 1000.000000000000000 ) ;
#2961 = ORIENTED_EDGE ( 'NONE', *, *, #4131, .F. ) ;
#2962 = CARTESIAN_POINT ( 'NONE',  ( 1.500000000000000444, -1.350000000000000089, 0.6500000000000001332 ) ) ;
#2963 = VECTOR ( 'NONE', #2068, 1000.000000000000000 ) ;
#2964 = LINE ( 'NONE', #3505, #4717 ) ;
#2965 = ORIENTED_EDGE ( 'NONE', *, *, #6805, .T. ) ;
#2966 = LINE ( 'NONE', #5229, #2279 ) ;
#2967 =( GEOMETRIC_REPRESENTATION_CONTEXT ( 3 ) GLOBAL_UNCERTAINTY_ASSIGNED_CONTEXT ( ( #6570 ) ) GLOBAL_UNIT_ASSIGNED_CONTEXT ( ( #3389, #6416, #734 ) ) REPRESENTATION_CONTEXT ( 'NONE', 'WORKASPACE' ) );
#2968 = LINE ( 'NONE', #850, #2685 ) ;
#2969 = STYLED_ITEM ( 'NONE', ( #375 ), #4441 ) ;
#2970 = DIRECTION ( 'NONE',  ( 0.0000000000000000000, 0.0000000000000000000, 1.000000000000000000 ) ) ;
#2971 = VERTEX_POINT ( 'NONE', #1011 ) ;
#2972 = FILL_AREA_STYLE ('',( #793 ) ) ;
#2973 = CARTESIAN_POINT ( 'NONE',  ( -2.054424841141346825, 0.3750000000000000000, 5.747759680298863667E-19 ) ) ;
#2974 = MECHANICAL_DESIGN_GEOMETRIC_PRESENTATION_REPRESENTATION (  '', ( #3198 ), #217 ) ;
#2975 = EDGE_CURVE ( 'NONE', #256, #1161, #4916, .T. ) ;
#2976 = DIRECTION ( 'NONE',  ( -0.1378594853070907456, -0.0000000000000000000, 0.9904517970657956694 ) ) ;
#2977 = CARTESIAN_POINT ( 'NONE',  ( 1.640975210307352938, 0.6250000000000001110, 0.4940000000000004943 ) ) ;
#2978 = VERTEX_POINT ( 'NONE', #2605 ) ;
#2979 = PRESENTATION_STYLE_ASSIGNMENT (( #1348 ) ) ;
#2980 = DIRECTION ( 'NONE',  ( -0.1378594853070907456, 0.0000000000000000000, -0.9904517970657956694 ) ) ;
#2981 = DIRECTION ( 'NONE',  ( -0.0000000000000000000, -0.2588190451025212946, -0.9659258262890680902 ) ) ;
#2982 = CYLINDRICAL_SURFACE ( 'NONE', #2722, 0.09999999999999993616 ) ;
#2983 = ORIENTED_EDGE ( 'NONE', *, *, #1444, .F. ) ;
#2984 = ORIENTED_EDGE ( 'NONE', *, *, #40, .T. ) ;
#2985 = ORIENTED_EDGE ( 'NONE', *, *, #6684, .T. ) ;
#2986 = CARTESIAN_POINT ( 'NONE',  ( 1.500000000000000000, 1.350000000000000089, 0.6500000000000000222 ) ) ;
#2987 = VECTOR ( 'NONE', #7229, 1000.000000000000000 ) ;
#2988 = DIRECTION ( 'NONE',  ( 0.0000000000000000000, 0.0000000000000000000, 1.000000000000000000 ) ) ;
#2989 = VERTEX_POINT ( 'NONE', #455 ) ;
#2990 = FACE_OUTER_BOUND ( 'NONE', #6100, .T. ) ;
#2991 = EDGE_CURVE ( 'NONE', #6371, #611, #6613, .T. ) ;
#2992 = CARTESIAN_POINT ( 'NONE',  ( -1.050000000000000044, 0.9000000000000000222, 1.149999999999999911 ) ) ;
#2993 = ORIENTED_EDGE ( 'NONE', *, *, #3079, .T. ) ;
#2994 = DIRECTION ( 'NONE',  ( 0.0000000000000000000, 1.000000000000000000, 0.0000000000000000000 ) ) ;
#2995 = DIRECTION ( 'NONE',  ( -0.0000000000000000000, -1.000000000000000000, -0.0000000000000000000 ) ) ;
#2996 = LINE ( 'NONE', #1401, #6239 ) ;
#2997 = VECTOR ( 'NONE', #1408, 1000.000000000000114 ) ;
#2998 = ORIENTED_EDGE ( 'NONE', *, *, #2336, .F. ) ;
#2999 = LINE ( 'NONE', #373, #2900 ) ;
#3000 = CARTESIAN_POINT ( 'NONE',  ( -1.641086831975067550, 0.8750000000000000000, 0.4931980538652447343 ) ) ;
#3001 = LINE ( 'NONE', #266, #5179 ) ;
#3002 = CONICAL_SURFACE ( 'NONE', #5256, 0.1499999999999999667, 0.1745329251994333364 ) ;
#3003 = CARTESIAN_POINT ( 'NONE',  ( -0.9000000000000002442, 0.9000000000000000222, 1.149999999999999911 ) ) ;
#3004 = SURFACE_STYLE_USAGE ( .BOTH. , #308 ) ;
#3005 = CARTESIAN_POINT ( 'NONE',  ( 1.918413335153490440, -0.8749999999999998890, 0.5317987097512297812 ) ) ;
#3006 = EDGE_CURVE ( 'NONE', #3448, #4996, #5921, .T. ) ;
#3007 = UNCERTAINTY_MEASURE_WITH_UNIT (LENGTH_MEASURE( 1.000000000000000082E-05 ), #6857, 'distance_accuracy_value', 'NONE');
#3008 = ORIENTED_EDGE ( 'NONE', *, *, #5240, .T. ) ;
#3009 = DIRECTION ( 'NONE',  ( 1.453013302676229291E-18, 0.0000000000000000000, -1.000000000000000000 ) ) ;
#3010 = DIRECTION ( 'NONE',  ( 1.000000000000000000, 0.0000000000000000000, 6.852061790316472241E-17 ) ) ;
#3011 =( NAMED_UNIT ( * ) PLANE_ANGLE_UNIT ( ) SI_UNIT ( $, .RADIAN. ) );
#3012 = FILL_AREA_STYLE ('',( #2412 ) ) ;
#3013 = ORIENTED_EDGE ( 'NONE', *, *, #1878, .F. ) ;
#3014 = VERTEX_POINT ( 'NONE', #4846 ) ;
#3015 = DIRECTION ( 'NONE',  ( -1.000000000000000000, 0.0000000000000000000, 0.0000000000000000000 ) ) ;
#3016 = CIRCLE ( 'NONE', #7033, 0.09999999999999993616 ) ;
#3017 = SURFACE_STYLE_USAGE ( .BOTH. , #815 ) ;
#3018 = CARTESIAN_POINT ( 'NONE',  ( -1.375410794124024338, 0.8750000000000000000, 0.5939999999999999725 ) ) ;
#3019 = VERTEX_POINT ( 'NONE', #2639 ) ;
#3020 = DIRECTION ( 'NONE',  ( 0.2588190451025212946, 4.157217347863367889E-17, -0.9659258262890680902 ) ) ;
#3021 = VECTOR ( 'NONE', #787, 1000.000000000000000 ) ;
#3022 = CARTESIAN_POINT ( 'NONE',  ( -2.450000000000000178, 0.8750000000000000000, 0.1799999999999999933 ) ) ;
#3023 = DIRECTION ( 'NONE',  ( -1.000000000000000000, 0.0000000000000000000, -2.041316732240672236E-15 ) ) ;
#3024 = ORIENTED_EDGE ( 'NONE', *, *, #4753, .T. ) ;
#3025 = COLOUR_RGB ( '',0.7529411764705882248, 0.7529411764705882248, 0.7529411764705882248 ) ;
#3026 = PRESENTATION_LAYER_ASSIGNMENT (  '', '', ( #3601 ) ) ;
#3027 = DIRECTION ( 'NONE',  ( -1.000000000000000000, 0.0000000000000000000, 1.453013302676229291E-18 ) ) ;
#3028 = LINE ( 'NONE', #5337, #6598 ) ;
#3029 = COLOUR_RGB ( '',0.7529411764705882248, 0.7529411764705882248, 0.7529411764705882248 ) ;
#3030 = CIRCLE ( 'NONE', #6823, 0.2800000000000000266 ) ;
#3031 = LINE ( 'NONE', #4755, #871 ) ;
#3032 = ORIENTED_EDGE ( 'NONE', *, *, #1961, .T. ) ;
#3033 =( NAMED_UNIT ( * ) PLANE_ANGLE_UNIT ( ) SI_UNIT ( $, .RADIAN. ) );
#3034 = LINE ( 'NONE', #1018, #4680 ) ;
#3035 = AXIS2_PLACEMENT_3D ( 'NONE', #481, #6565, #7179 ) ;
#3036 = EDGE_CURVE ( 'NONE', #4697, #2791, #936, .T. ) ;
#3037 = CIRCLE ( 'NONE', #2589, 0.2799999999999998601 ) ;
#3038 = DIRECTION ( 'NONE',  ( 1.453013302676229291E-18, 0.0000000000000000000, -1.000000000000000000 ) ) ;
#3039 = FACE_OUTER_BOUND ( 'NONE', #5979, .T. ) ;
#3040 = COLOUR_RGB ( '',0.7529411764705882248, 0.7529411764705882248, 0.7529411764705882248 ) ;
#3041 = ORIENTED_EDGE ( 'NONE', *, *, #5737, .T. ) ;
#3042 = DIRECTION ( 'NONE',  ( 0.0000000000000000000, 0.0000000000000000000, -1.000000000000000000 ) ) ;
#3043 = STYLED_ITEM ( 'NONE', ( #4345 ), #6240 ) ;
#3044 = EDGE_CURVE ( 'NONE', #171, #2057, #1078, .T. ) ;
#3045 = CARTESIAN_POINT ( 'NONE',  ( 2.054424841141345048, 0.8750000000000000000, 0.2799999999999999711 ) ) ;
#3046 = VECTOR ( 'NONE', #2476, 1000.000000000000000 ) ;
#3047 = CARTESIAN_POINT ( 'NONE',  ( -1.466989180957722017, -1.125000000000000222, 0.7731980538652447610 ) ) ;
#3048 = VERTEX_POINT ( 'NONE', #7191 ) ;
#3049 = ORIENTED_EDGE ( 'NONE', *, *, #2554, .F. ) ;
#3050 = PRESENTATION_LAYER_ASSIGNMENT (  '', '', ( #6028 ) ) ;
#3052 = EDGE_CURVE ( 'NONE', #5126, #6449, #6678, .T. ) ;
#3051 = CARTESIAN_POINT ( 'NONE',  ( -2.054424841141345048, 0.8750000000000000000, 0.1799999999999999101 ) ) ;
#3053 = VECTOR ( 'NONE', #4705, 1000.000000000000000 ) ;
#3054 = EDGE_LOOP ( 'NONE', ( #7209, #854, #3634, #4220 ) ) ;
#3055 = SURFACE_STYLE_FILL_AREA ( #1395 ) ;
#3056 =( LENGTH_UNIT ( ) NAMED_UNIT ( * ) SI_UNIT ( .MILLI., .METRE. ) );
#3057 = VERTEX_POINT ( 'NONE', #6537 ) ;
#3058 = STYLED_ITEM ( 'NONE', ( #5381 ), #4112 ) ;
#3059 = SURFACE_SIDE_STYLE ('',( #1988 ) ) ;
#3060 = VECTOR ( 'NONE', #2651, 1000.000000000000000 ) ;
#3061 = ORIENTED_EDGE ( 'NONE', *, *, #1289, .F. ) ;
#3062 =( NAMED_UNIT ( * ) SI_UNIT ( $, .STERADIAN. ) SOLID_ANGLE_UNIT ( ) );
#3063 = STYLED_ITEM ( 'NONE', ( #3356 ), #4518 ) ;
#3064 = FILL_AREA_STYLE_COLOUR ( '', #4856 ) ;
#3065 = DIRECTION ( 'NONE',  ( 1.000000000000000000, 0.0000000000000000000, 0.0000000000000000000 ) ) ;
#3066 = AXIS2_PLACEMENT_3D ( 'NONE', #3183, #467, #5458 ) ;
#3067 = FILL_AREA_STYLE_COLOUR ( '', #3296 ) ;
#3068 = EDGE_CURVE ( 'NONE', #4868, #712, #2059, .T. ) ;
#3069 = UNCERTAINTY_MEASURE_WITH_UNIT (LENGTH_MEASURE( 1.000000000000000082E-05 ), #5380, 'distance_accuracy_value', 'NONE');
#3070 = EDGE_LOOP ( 'NONE', ( #4708, #1126, #3316, #5341 ) ) ;
#3071 = ADVANCED_FACE ( 'NONE', ( #1047 ), #3718, .T. ) ;
#3072 = CARTESIAN_POINT ( 'NONE',  ( -2.450000000000000178, 0.3750000000000000000, 0.0000000000000000000 ) ) ;
#3073 = FILL_AREA_STYLE ('',( #350 ) ) ;
#3074 = SURFACE_STYLE_USAGE ( .BOTH. , #6404 ) ;
#3075 = DIRECTION ( 'NONE',  ( 0.0000000000000000000, 0.0000000000000000000, 1.000000000000000000 ) ) ;
#3076 =( NAMED_UNIT ( * ) PLANE_ANGLE_UNIT ( ) SI_UNIT ( $, .RADIAN. ) );
#3077 = CYLINDRICAL_SURFACE ( 'NONE', #3951, 0.1000000000000000472 ) ;
#3078 = ORIENTED_EDGE ( 'NONE', *, *, #6562, .F. ) ;
#3079 = EDGE_CURVE ( 'NONE', #1613, #4318, #6612, .T. ) ;
#3080 = ORIENTED_EDGE ( 'NONE', *, *, #2298, .F. ) ;
#3081 = LINE ( 'NONE', #2986, #63 ) ;
#3082 = LINE ( 'NONE', #357, #4447 ) ;
#3083 = DIRECTION ( 'NONE',  ( 0.0000000000000000000, -0.0000000000000000000, -1.000000000000000000 ) ) ;
#3084 = ORIENTED_EDGE ( 'NONE', *, *, #3484, .T. ) ;
#3085 = CARTESIAN_POINT ( 'NONE',  ( -1.375410794124024338, -0.1250000000000000000, 0.5939999999999999725 ) ) ;
#3086 = FACE_OUTER_BOUND ( 'NONE', #730, .T. ) ;
#3087 = ORIENTED_EDGE ( 'NONE', *, *, #5610, .F. ) ;
#3088 = LINE ( 'NONE', #965, #1036 ) ;
#3089 = PRESENTATION_LAYER_ASSIGNMENT (  '', '', ( #2065 ) ) ;
#3090 = CARTESIAN_POINT ( 'NONE',  ( 1.918413335153490440, 0.8750000000000000000, 0.5317987097512297812 ) ) ;
#3091 = SURFACE_STYLE_USAGE ( .BOTH. , #4621 ) ;
#3092 = DIRECTION ( 'NONE',  ( 1.000000000000000000, -0.0000000000000000000, -4.080918178602890545E-16 ) ) ;
#3093 = ORIENTED_EDGE ( 'NONE', *, *, #6541, .T. ) ;
#3094 = CARTESIAN_POINT ( 'NONE',  ( 1.466989180957721572, -0.8749999999999998890, 0.7731980538652447610 ) ) ;
#3095 = DIRECTION ( 'NONE',  ( 0.0000000000000000000, 0.0000000000000000000, 1.000000000000000000 ) ) ;
#3096 = VECTOR ( 'NONE', #4193, 1000.000000000000000 ) ;
#3097 = LINE ( 'NONE', #3725, #2472 ) ;
#3098 = FILL_AREA_STYLE ('',( #941 ) ) ;
#3099 = CARTESIAN_POINT ( 'NONE',  ( -1.500000000000000444, -1.350000000000000089, 0.6500000000000000222 ) ) ;
#3100 = PRESENTATION_LAYER_ASSIGNMENT (  '', '', ( #2319 ) ) ;
#3101 = LINE ( 'NONE', #6624, #6814 ) ;
#3102 = FILL_AREA_STYLE_COLOUR ( '', #6197 ) ;
#3103 = DIRECTION ( 'NONE',  ( 0.0000000000000000000, 0.0000000000000000000, 1.000000000000000000 ) ) ;
#3104 = DIRECTION ( 'NONE',  ( 0.0000000000000000000, 1.000000000000000000, 0.0000000000000000000 ) ) ;
#3105 = ORIENTED_EDGE ( 'NONE', *, *, #4894, .F. ) ;
#3106 = SURFACE_STYLE_USAGE ( .BOTH. , #949 ) ;
#3107 = SURFACE_SIDE_STYLE ('',( #3736 ) ) ;
#3108 = CARTESIAN_POINT ( 'NONE',  ( -2.054424841141345048, 0.6250000000000001110, 0.1799999999999999101 ) ) ;
#3109 = ADVANCED_FACE ( 'NONE', ( #2785 ), #4505, .F. ) ;
#3110 = DIRECTION ( 'NONE',  ( 0.1378594853070949089, 0.0000000000000000000, -0.9904517970657951142 ) ) ;
#3111 = CARTESIAN_POINT ( 'NONE',  ( -2.450000000000000178, -0.6250000000000000000, 0.0000000000000000000 ) ) ;
#3112 = DIRECTION ( 'NONE',  ( 0.0000000000000000000, 0.0000000000000000000, 1.000000000000000000 ) ) ;
#3113 = VERTEX_POINT ( 'NONE', #3861 ) ;
#3114 = ORIENTED_EDGE ( 'NONE', *, *, #2444, .F. ) ;
#3115 = DIRECTION ( 'NONE',  ( -0.0000000000000000000, -1.000000000000000000, 0.0000000000000000000 ) ) ;
#3116 = ADVANCED_FACE ( 'NONE', ( #5027 ), #4430, .F. ) ;
#3117 = EDGE_CURVE ( 'NONE', #3895, #3832, #5139, .T. ) ;
#3118 = SURFACE_STYLE_USAGE ( .BOTH. , #1070 ) ;
#3119 = ORIENTED_EDGE ( 'NONE', *, *, #2645, .T. ) ;
#3120 = DIRECTION ( 'NONE',  ( 1.000000000000000000, -0.0000000000000000000, -4.080918178602890545E-16 ) ) ;
#3121 = PLANE ( 'NONE',  #268 ) ;
#3122 = CARTESIAN_POINT ( 'NONE',  ( -2.054424841141345048, 0.8750000000000000000, 0.2799999999999999711 ) ) ;
#3123 = ORIENTED_EDGE ( 'NONE', *, *, #3982, .T. ) ;
#3124 = UNCERTAINTY_MEASURE_WITH_UNIT (LENGTH_MEASURE( 1.000000000000000082E-05 ), #6446, 'distance_accuracy_value', 'NONE');
#3125 =( LENGTH_UNIT ( ) NAMED_UNIT ( * ) SI_UNIT ( .MILLI., .METRE. ) );
#3126 = CONICAL_SURFACE ( 'NONE', #2106, 0.1499999999999999667, 0.2617993877991500740 ) ;
#3127 = CARTESIAN_POINT ( 'NONE',  ( 2.450000000000000178, 0.1250000000000001110, 0.0000000000000000000 ) ) ;
#3128 = CARTESIAN_POINT ( 'NONE',  ( -1.641086831975065774, -0.1250000000000000000, 0.7731980538652448720 ) ) ;
#3129 =( LENGTH_UNIT ( ) NAMED_UNIT ( * ) SI_UNIT ( .MILLI., .METRE. ) );
#3130 = EDGE_LOOP ( 'NONE', ( #2830, #2884, #1500, #2217 ) ) ;
#3131 = STYLED_ITEM ( 'NONE', ( #2443 ), #2426 ) ;
#3132 = CARTESIAN_POINT ( 'NONE',  ( -2.450000000000000178, -0.8749999999999998890, 0.0000000000000000000 ) ) ;
#3133 = UNCERTAINTY_MEASURE_WITH_UNIT (LENGTH_MEASURE( 1.000000000000000082E-05 ), #3994, 'distance_accuracy_value', 'NONE');
#3134 = CARTESIAN_POINT ( 'NONE',  ( 1.490125689080325833, 0.8500000000000000888, 0.5940000000000001945 ) ) ;
#3135 = CARTESIAN_POINT ( 'NONE',  ( 2.054424841141346825, -0.3749999999999998890, 5.747759680298863667E-19 ) ) ;
#3136 = MECHANICAL_DESIGN_GEOMETRIC_PRESENTATION_REPRESENTATION (  '', ( #1784 ), #6606 ) ;
#3137 = DIRECTION ( 'NONE',  ( 1.000000000000000000, 0.0000000000000000000, 6.852061790316472241E-17 ) ) ;
#3138 = SURFACE_SIDE_STYLE ('',( #1137 ) ) ;
#3139 = LINE ( 'NONE', #7120, #2041 ) ;
#3140 =( GEOMETRIC_REPRESENTATION_CONTEXT ( 3 ) GLOBAL_UNCERTAINTY_ASSIGNED_CONTEXT ( ( #3480 ) ) GLOBAL_UNIT_ASSIGNED_CONTEXT ( ( #6206, #662, #5788 ) ) REPRESENTATION_CONTEXT ( 'NONE', 'WORKASPACE' ) );
#3141 = STYLED_ITEM ( 'NONE', ( #3899 ), #3116 ) ;
#3142 = ORIENTED_EDGE ( 'NONE', *, *, #1455, .T. ) ;
#3143 = MECHANICAL_DESIGN_GEOMETRIC_PRESENTATION_REPRESENTATION (  '', ( #6497 ), #53 ) ;
#3144 = DIRECTION ( 'NONE',  ( 0.1736481776669307198, 0.0000000000000000000, -0.9848077530122080203 ) ) ;
#3145 = COLOUR_RGB ( '',0.7529411764705882248, 0.7529411764705882248, 0.7529411764705882248 ) ;
#3147 = MECHANICAL_DESIGN_GEOMETRIC_PRESENTATION_REPRESENTATION (  '', ( #405 ), #6622 ) ;
#3146 = CARTESIAN_POINT ( 'NONE',  ( 2.054424841141345048, -0.1250000000000000000, 0.2799999999999999711 ) ) ;
#3148 =( LENGTH_UNIT ( ) NAMED_UNIT ( * ) SI_UNIT ( .MILLI., .METRE. ) );
#3149 = SURFACE_STYLE_USAGE ( .BOTH. , #2657 ) ;
#3150 = CARTESIAN_POINT ( 'NONE',  ( -1.050000000000000044, 0.9000000000000000222, 1.100000000000000089 ) ) ;
#3151 = ORIENTED_EDGE ( 'NONE', *, *, #3882, .F. ) ;
#3152 = AXIS2_PLACEMENT_3D ( 'NONE', #6414, #813, #3015 ) ;
#3153 = VERTEX_POINT ( 'NONE', #3393 ) ;
#3154 =( NAMED_UNIT ( * ) SI_UNIT ( $, .STERADIAN. ) SOLID_ANGLE_UNIT ( ) );
#3155 = SURFACE_STYLE_FILL_AREA ( #957 ) ;
#3156 = DIRECTION ( 'NONE',  ( 1.000000000000000000, -0.0000000000000000000, -4.080918178602890545E-16 ) ) ;
#3157 = CIRCLE ( 'NONE', #2940, 0.09999999999999993616 ) ;
#3158 = STYLED_ITEM ( 'NONE', ( #4640 ), #3744 ) ;
#3159 = CARTESIAN_POINT ( 'NONE',  ( 1.350000000000000089, 1.500000000000000000, 0.6500000000000000222 ) ) ;
#3160 = VERTEX_POINT ( 'NONE', #5106 ) ;
#3161 = CARTESIAN_POINT ( 'NONE',  ( 2.450000000000000178, 1.125000000000000222, 0.0000000000000000000 ) ) ;
#3162 = SURFACE_STYLE_FILL_AREA ( #4675 ) ;
#3163 = CARTESIAN_POINT ( 'NONE',  ( -1.641086831975065774, 0.3750000000000000000, 0.7731980538652448720 ) ) ;
#3164 = EDGE_CURVE ( 'NONE', #5750, #4996, #3504, .T. ) ;
#3165 = ORIENTED_EDGE ( 'NONE', *, *, #1739, .T. ) ;
#3166 = MECHANICAL_DESIGN_GEOMETRIC_PRESENTATION_REPRESENTATION (  '', ( #7075 ), #3865 ) ;
#3167 = EDGE_CURVE ( 'NONE', #985, #2093, #5498, .T. ) ;
#3168 = CARTESIAN_POINT ( 'NONE',  ( -1.158045018441136165, 0.9000000000000000222, 1.100000000000000089 ) ) ;
#3169 = LINE ( 'NONE', #4878, #861 ) ;
#3170 = EDGE_CURVE ( 'NONE', #4194, #2659, #5438, .T. ) ;
#3171 = CARTESIAN_POINT ( 'NONE',  ( 1.918413335153490440, -1.125000000000000222, 0.5317987097512297812 ) ) ;
#3172 = AXIS2_PLACEMENT_3D ( 'NONE', #1059, #2006, #5934 ) ;
#3173 = ORIENTED_EDGE ( 'NONE', *, *, #40, .F. ) ;
#3174 =( LENGTH_UNIT ( ) NAMED_UNIT ( * ) SI_UNIT ( .MILLI., .METRE. ) );
#3175 = DIRECTION ( 'NONE',  ( 0.1736481776669307198, 0.0000000000000000000, -0.9848077530122080203 ) ) ;
#3176 = AXIS2_PLACEMENT_3D ( 'NONE', #1941, #4139, #4650 ) ;
#3177 =( LENGTH_UNIT ( ) NAMED_UNIT ( * ) SI_UNIT ( .MILLI., .METRE. ) );
#3178 =( NAMED_UNIT ( * ) SI_UNIT ( $, .STERADIAN. ) SOLID_ANGLE_UNIT ( ) );
#3179 = EDGE_CURVE ( 'NONE', #1978, #5671, #6031, .T. ) ;
#3180 =( NAMED_UNIT ( * ) SI_UNIT ( $, .STERADIAN. ) SOLID_ANGLE_UNIT ( ) );
#3181 = CIRCLE ( 'NONE', #2274, 0.1000000000000000472 ) ;
#3182 = PRODUCT_DEFINITION_FORMATION_WITH_SPECIFIED_SOURCE ( 'ANY', '', #6339, .NOT_KNOWN. ) ;
#3183 = CARTESIAN_POINT ( 'NONE',  ( -1.640975210307352938, 0.3750000000000000000, 0.4940000000000004943 ) ) ;
#3184 = VECTOR ( 'NONE', #4312, 1000.000000000000000 ) ;
#3185 = CARTESIAN_POINT ( 'NONE',  ( 1.777098337962921937, 0.3750000000000000000, 0.2413993441140163398 ) ) ;
#3186 = DIRECTION ( 'NONE',  ( 0.0000000000000000000, 1.000000000000000000, 0.0000000000000000000 ) ) ;
#3187 = MECHANICAL_DESIGN_GEOMETRIC_PRESENTATION_REPRESENTATION (  '', ( #3063 ), #4495 ) ;
#3188 = EDGE_LOOP ( 'NONE', ( #3997, #397, #1186, #4757 ) ) ;
#3189 = EDGE_CURVE ( 'NONE', #2706, #1112, #1000, .T. ) ;
#3190 = PRESENTATION_LAYER_ASSIGNMENT (  '', '', ( #1040 ) ) ;
#3191 = CIRCLE ( 'NONE', #3066, 0.09999999999999993616 ) ;
#3192 = DIRECTION ( 'NONE',  ( 0.0000000000000000000, -0.0000000000000000000, -1.000000000000000000 ) ) ;
#3193 = LINE ( 'NONE', #4303, #1104 ) ;
#3194 = DIRECTION ( 'NONE',  ( 0.1378594853070949366, 0.0000000000000000000, 0.9904517970657951142 ) ) ;
#3195 = SURFACE_STYLE_USAGE ( .BOTH. , #4946 ) ;
#3196 = ORIENTED_EDGE ( 'NONE', *, *, #2132, .F. ) ;
#3197 = STYLED_ITEM ( 'NONE', ( #6783 ), #7119 ) ;
#3198 = STYLED_ITEM ( 'NONE', ( #6579 ), #325 ) ;
#3199 = EDGE_LOOP ( 'NONE', ( #277, #5443, #4955, #1067 ) ) ;
#3200 = DIRECTION ( 'NONE',  ( 0.0000000000000000000, 1.000000000000000000, -0.0000000000000000000 ) ) ;
#3201 = SURFACE_STYLE_FILL_AREA ( #399 ) ;
#3202 = SURFACE_STYLE_FILL_AREA ( #7138 ) ;
#3203 = ORIENTED_EDGE ( 'NONE', *, *, #1711, .T. ) ;
#3204 = DIRECTION ( 'NONE',  ( -1.000000000000000000, 0.0000000000000000000, 2.041316732240672236E-15 ) ) ;
#3205 = CARTESIAN_POINT ( 'NONE',  ( -1.641086831975065774, -0.8749999999999998890, 0.7731980538652448720 ) ) ;
#3206 = CARTESIAN_POINT ( 'NONE',  ( 1.740020390013932605, 0.3750000000000000000, 0.5077859485307089082 ) ) ;
#3207 = ORIENTED_EDGE ( 'NONE', *, *, #6317, .T. ) ;
#3208 = FILL_AREA_STYLE ('',( #6534 ) ) ;
#3209 = DIRECTION ( 'NONE',  ( 0.0000000000000000000, -0.0000000000000000000, -1.000000000000000000 ) ) ;
#3210 = DIRECTION ( 'NONE',  ( 0.0000000000000000000, 0.0000000000000000000, 1.000000000000000000 ) ) ;
#3211 = ORIENTED_EDGE ( 'NONE', *, *, #4607, .T. ) ;
#3212 = FACE_OUTER_BOUND ( 'NONE', #1117, .T. ) ;
#3213 = FILL_AREA_STYLE ('',( #6083 ) ) ;
#3214 = DIRECTION ( 'NONE',  ( 0.0000000000000000000, 1.000000000000000000, 0.0000000000000000000 ) ) ;
#3215 = FACE_OUTER_BOUND ( 'NONE', #5794, .T. ) ;
#3216 = VECTOR ( 'NONE', #7021, 1000.000000000000000 ) ;
#3217 = LINE ( 'NONE', #7154, #7086 ) ;
#3218 = DIRECTION ( 'NONE',  ( 0.0000000000000000000, 0.0000000000000000000, 1.000000000000000000 ) ) ;
#3219 = CARTESIAN_POINT ( 'NONE',  ( -1.350000000000000533, 1.411836509645767235, 0.1499999999999999667 ) ) ;
#3220 = EDGE_CURVE ( 'NONE', #5214, #3354, #2663, .T. ) ;
#3221 = CARTESIAN_POINT ( 'NONE',  ( 1.350000000000000311, -1.350000000000000311, 0.6500000000000000222 ) ) ;
#3222 = CARTESIAN_POINT ( 'NONE',  ( 1.500000000000000000, 1.350000000000000089, 0.6500000000000000222 ) ) ;
#3223 = CARTESIAN_POINT ( 'NONE',  ( 1.640975210307352050, 0.1250000000000001110, 0.5940000000000004166 ) ) ;
#3224 = UNCERTAINTY_MEASURE_WITH_UNIT (LENGTH_MEASURE( 1.000000000000000082E-05 ), #4507, 'distance_accuracy_value', 'NONE');
#3225 = ORIENTED_EDGE ( 'NONE', *, *, #6663, .T. ) ;
#3226 = CARTESIAN_POINT ( 'NONE',  ( 2.450000000000000178, 0.3750000000000000000, 0.1799999999999999933 ) ) ;
#3227 = ADVANCED_FACE ( 'NONE', ( #3748 ), #4989, .T. ) ;
#3228 = CARTESIAN_POINT ( 'NONE',  ( -1.955379661434764715, -0.6250000000000000000, 0.2662140514692911686 ) ) ;
#3229 =( GEOMETRIC_REPRESENTATION_CONTEXT ( 3 ) GLOBAL_UNCERTAINTY_ASSIGNED_CONTEXT ( ( #947 ) ) GLOBAL_UNIT_ASSIGNED_CONTEXT ( ( #499, #4888, #2185 ) ) REPRESENTATION_CONTEXT ( 'NONE', 'WORKASPACE' ) );
#3230 = VERTEX_POINT ( 'NONE', #6671 ) ;
#3231 = VERTEX_POINT ( 'NONE', #5575 ) ;
#3232 = CARTESIAN_POINT ( 'NONE',  ( 2.054424841141346825, 0.6250000000000001110, 5.747759680298863667E-19 ) ) ;
#3233 = DIRECTION ( 'NONE',  ( 0.1378594853070949089, 0.0000000000000000000, -0.9904517970657951142 ) ) ;
#3234 = ORIENTED_EDGE ( 'NONE', *, *, #1720, .T. ) ;
#3235 = ORIENTED_EDGE ( 'NONE', *, *, #1612, .F. ) ;
#3236 = PRESENTATION_STYLE_ASSIGNMENT (( #6036 ) ) ;
#3237 = VERTEX_POINT ( 'NONE', #4423 ) ;
#3238 = SURFACE_STYLE_USAGE ( .BOTH. , #4956 ) ;
#3239 = FILL_AREA_STYLE_COLOUR ( '', #1673 ) ;
#3240 = AXIS2_PLACEMENT_3D ( 'NONE', #2523, #6450, #1890 ) ;
#3241 = PRESENTATION_STYLE_ASSIGNMENT (( #1077 ) ) ;
#3242 = FILL_AREA_STYLE ('',( #3792 ) ) ;
#3243 = ORIENTED_EDGE ( 'NONE', *, *, #819, .T. ) ;
#3244 = CARTESIAN_POINT ( 'NONE',  ( 1.918413335153490440, -1.125000000000000222, 0.5317987097512297812 ) ) ;
#3245 = SURFACE_SIDE_STYLE ('',( #7065 ) ) ;
#3246 = LINE ( 'NONE', #4998, #5941 ) ;
#3247 = PRESENTATION_LAYER_ASSIGNMENT (  '', '', ( #7165 ) ) ;
#3248 = CARTESIAN_POINT ( 'NONE',  ( -1.740020390013932605, -1.125000000000000222, 0.5077859485307089082 ) ) ;
#3249 =( NAMED_UNIT ( * ) PLANE_ANGLE_UNIT ( ) SI_UNIT ( $, .RADIAN. ) );
#3250 = AXIS2_PLACEMENT_3D ( 'NONE', #3815, #2019, #4835 ) ;
#3251 = PRESENTATION_LAYER_ASSIGNMENT (  '', '', ( #4550 ) ) ;
#3252 = AXIS2_PLACEMENT_3D ( 'NONE', #2514, #838, #3075 ) ;
#3253 = COLOUR_RGB ( '',0.7529411764705882248, 0.7529411764705882248, 0.7529411764705882248 ) ;
#3254 = ORIENTED_EDGE ( 'NONE', *, *, #5759, .T. ) ;
#3255 =( LENGTH_UNIT ( ) NAMED_UNIT ( * ) SI_UNIT ( .MILLI., .METRE. ) );
#3256 = PRESENTATION_STYLE_ASSIGNMENT (( #540 ) ) ;
#3257 = LINE ( 'NONE', #1551, #6645 ) ;
#3258 = VERTEX_POINT ( 'NONE', #3705 ) ;
#3259 = COLOUR_RGB ( '',0.7529411764705882248, 0.7529411764705882248, 0.7529411764705882248 ) ;
#3260 = STYLED_ITEM ( 'NONE', ( #1558 ), #4766 ) ;
#3261 = VECTOR ( 'NONE', #2734, 1000.000000000000227 ) ;
#3262 = COLOUR_RGB ( '',0.7529411764705882248, 0.7529411764705882248, 0.7529411764705882248 ) ;
#3263 = DIRECTION ( 'NONE',  ( -1.606225440719266367E-16, 1.000000000000000000, -3.278814867890886907E-31 ) ) ;
#3264 = VECTOR ( 'NONE', #5954, 1000.000000000000000 ) ;
#3265 = DIRECTION ( 'NONE',  ( 0.0000000000000000000, -0.9848077530122080203, -0.1736481776669307198 ) ) ;
#3266 = VECTOR ( 'NONE', #3647, 999.9999999999998863 ) ;
#3267 = CARTESIAN_POINT ( 'NONE',  ( -1.918413335153490440, 0.3750000000000000000, 0.5317987097512296701 ) ) ;
#3268 = FILL_AREA_STYLE_COLOUR ( '', #2225 ) ;
#3269 = ORIENTED_EDGE ( 'NONE', *, *, #5085, .F. ) ;
#3270 = ORIENTED_EDGE ( 'NONE', *, *, #3988, .F. ) ;
#3271 = DIRECTION ( 'NONE',  ( 0.0000000000000000000, -0.0000000000000000000, 1.000000000000000000 ) ) ;
#3272 = VECTOR ( 'NONE', #2335, 1000.000000000000114 ) ;
#3273 = CARTESIAN_POINT ( 'NONE',  ( 1.350000000000000089, 1.350000000000000089, 0.6500000000000000222 ) ) ;
#3274 = PRESENTATION_STYLE_ASSIGNMENT (( #2052 ) ) ;
#3275 = FACE_OUTER_BOUND ( 'NONE', #6741, .T. ) ;
#3276 = STYLED_ITEM ( 'NONE', ( #6748 ), #6008 ) ;
#3277 = ORIENTED_EDGE ( 'NONE', *, *, #1871, .F. ) ;
#3278 = VERTEX_POINT ( 'NONE', #4872 ) ;
#3279 = EDGE_CURVE ( 'NONE', #2952, #3959, #7137, .T. ) ;
#3280 = CIRCLE ( 'NONE', #3859, 0.1000000000000000472 ) ;
#3281 = FILL_AREA_STYLE_COLOUR ( '', #3259 ) ;
#3282 = STYLED_ITEM ( 'NONE', ( #6171 ), #3565 ) ;
#3283 = ORIENTED_EDGE ( 'NONE', *, *, #4358, .F. ) ;
#3284 = DIRECTION ( 'NONE',  ( 0.1378594853070949366, 0.0000000000000000000, -0.9904517970657951142 ) ) ;
#3285 = LINE ( 'NONE', #3397, #592 ) ;
#3286 = STYLED_ITEM ( 'NONE', ( #2979 ), #6318 ) ;
#3287 = ORIENTED_EDGE ( 'NONE', *, *, #6850, .T. ) ;
#3288 = FILL_AREA_STYLE ('',( #6124 ) ) ;
#3289 = SURFACE_STYLE_FILL_AREA ( #7118 ) ;
#3290 = CARTESIAN_POINT ( 'NONE',  ( 1.640975210307352050, -0.1250000000000000000, 0.5940000000000004166 ) ) ;
#3291 = CARTESIAN_POINT ( 'NONE',  ( 1.375410794124024338, 0.1250000000000001110, 0.7731980538652447610 ) ) ;
#3292 = UNCERTAINTY_MEASURE_WITH_UNIT (LENGTH_MEASURE( 1.000000000000000082E-05 ), #3362, 'distance_accuracy_value', 'NONE');
#3293 = VERTEX_POINT ( 'NONE', #2169 ) ;
#3294 = STYLED_ITEM ( 'NONE', ( #304 ), #6589 ) ;
#3295 = CARTESIAN_POINT ( 'NONE',  ( -2.450000000000000178, -0.8749999999999998890, 0.1799999999999999933 ) ) ;
#3296 = COLOUR_RGB ( '',0.7529411764705882248, 0.7529411764705882248, 0.7529411764705882248 ) ;
#3297 =( GEOMETRIC_REPRESENTATION_CONTEXT ( 3 ) GLOBAL_UNCERTAINTY_ASSIGNED_CONTEXT ( ( #7134 ) ) GLOBAL_UNIT_ASSIGNED_CONTEXT ( ( #422, #463, #1084 ) ) REPRESENTATION_CONTEXT ( 'NONE', 'WORKASPACE' ) );
#3298 = DIRECTION ( 'NONE',  ( 1.000000000000000000, -0.0000000000000000000, -4.080918178602890545E-16 ) ) ;
#3299 = DIRECTION ( 'NONE',  ( 0.0000000000000000000, 1.000000000000000000, 0.0000000000000000000 ) ) ;
#3300 = VECTOR ( 'NONE', #5766, 1000.000000000000000 ) ;
#3301 = ADVANCED_FACE ( 'NONE', ( #4389 ), #2129, .F. ) ;
#3302 = EDGE_CURVE ( 'NONE', #2098, #6869, #6794, .T. ) ;
#3303 =( NAMED_UNIT ( * ) PLANE_ANGLE_UNIT ( ) SI_UNIT ( $, .RADIAN. ) );
#3304 = DIRECTION ( 'NONE',  ( -0.0000000000000000000, -1.000000000000000000, -0.0000000000000000000 ) ) ;
#3305 = VERTEX_POINT ( 'NONE', #3341 ) ;
#3306 = ORIENTED_EDGE ( 'NONE', *, *, #5418, .F. ) ;
#3307 = DIRECTION ( 'NONE',  ( 0.0000000000000000000, 0.0000000000000000000, 1.000000000000000000 ) ) ;
#3308 = PRESENTATION_LAYER_ASSIGNMENT (  '', '', ( #87 ) ) ;
#3309 = EDGE_CURVE ( 'NONE', #892, #4876, #2584, .T. ) ;
#3310 = VECTOR ( 'NONE', #2100, 1000.000000000000000 ) ;
#3311 = DIRECTION ( 'NONE',  ( -0.1378594853070907456, 0.0000000000000000000, -0.9904517970657956694 ) ) ;
#3312 = FILL_AREA_STYLE ('',( #5473 ) ) ;
#3313 =( GEOMETRIC_REPRESENTATION_CONTEXT ( 3 ) GLOBAL_UNCERTAINTY_ASSIGNED_CONTEXT ( ( #4529 ) ) GLOBAL_UNIT_ASSIGNED_CONTEXT ( ( #996, #442, #1980 ) ) REPRESENTATION_CONTEXT ( 'NONE', 'WORKASPACE' ) );
#3314 = EDGE_CURVE ( 'NONE', #3315, #3153, #6207, .T. ) ;
#3315 = VERTEX_POINT ( 'NONE', #4458 ) ;
#3316 = ORIENTED_EDGE ( 'NONE', *, *, #2478, .F. ) ;
#3317 = EDGE_LOOP ( 'NONE', ( #73, #2590, #6306, #6881 ) ) ;
#3318 = FILL_AREA_STYLE_COLOUR ( '', #1380 ) ;
#3319 = CARTESIAN_POINT ( 'NONE',  ( -1.500000000000000444, 1.350000000000000089, 0.6500000000000000222 ) ) ;
#3320 = CARTESIAN_POINT ( 'NONE',  ( 1.640975210307352938, -0.1250000000000000000, 0.4940000000000004943 ) ) ;
#3321 = ORIENTED_EDGE ( 'NONE', *, *, #2409, .F. ) ;
#3322 =( NAMED_UNIT ( * ) SI_UNIT ( $, .STERADIAN. ) SOLID_ANGLE_UNIT ( ) );
#3323 = SURFACE_STYLE_USAGE ( .BOTH. , #6186 ) ;
#3324 =( NAMED_UNIT ( * ) SI_UNIT ( $, .STERADIAN. ) SOLID_ANGLE_UNIT ( ) );
#3325 = LINE ( 'NONE', #2256, #1999 ) ;
#3326 = ORIENTED_EDGE ( 'NONE', *, *, #5393, .F. ) ;
#3327 = LINE ( 'NONE', #198, #492 ) ;
#3328 =( LENGTH_UNIT ( ) NAMED_UNIT ( * ) SI_UNIT ( .MILLI., .METRE. ) );
#3329 = VERTEX_POINT ( 'NONE', #1852 ) ;
#3330 =( NAMED_UNIT ( * ) PLANE_ANGLE_UNIT ( ) SI_UNIT ( $, .RADIAN. ) );
#3331 = CARTESIAN_POINT ( 'NONE',  ( 2.450000000000000178, 0.3750000000000000000, 0.0000000000000000000 ) ) ;
#3332 = DIRECTION ( 'NONE',  ( -1.000000000000000000, 0.0000000000000000000, 0.0000000000000000000 ) ) ;
#3333 =( NAMED_UNIT ( * ) PLANE_ANGLE_UNIT ( ) SI_UNIT ( $, .RADIAN. ) );
#3334 = ORIENTED_EDGE ( 'NONE', *, *, #4057, .F. ) ;
#3335 = VECTOR ( 'NONE', #6638, 1000.000000000000000 ) ;
#3336 = UNCERTAINTY_MEASURE_WITH_UNIT (LENGTH_MEASURE( 1.000000000000000082E-05 ), #4790, 'distance_accuracy_value', 'NONE');
#3337 = DIRECTION ( 'NONE',  ( 0.1378594853070949089, -0.0000000000000000000, 0.9904517970657951142 ) ) ;
#3338 = EDGE_CURVE ( 'NONE', #4115, #846, #6736, .T. ) ;
#3339 = DIRECTION ( 'NONE',  ( 0.0000000000000000000, 1.000000000000000000, 0.0000000000000000000 ) ) ;
#3340 = CIRCLE ( 'NONE', #1196, 0.2799999999999998601 ) ;
#3341 = CARTESIAN_POINT ( 'NONE',  ( 1.466989180957721572, 0.6250000000000001110, 0.7731980538652447610 ) ) ;
#3342 = ORIENTED_EDGE ( 'NONE', *, *, #3696, .F. ) ;
#3343 = DIRECTION ( 'NONE',  ( 0.0000000000000000000, 0.0000000000000000000, -1.000000000000000000 ) ) ;
#3344 = ORIENTED_EDGE ( 'NONE', *, *, #1181, .T. ) ;
#3345 = ORIENTED_EDGE ( 'NONE', *, *, #1711, .F. ) ;
#3346 = UNCERTAINTY_MEASURE_WITH_UNIT (LENGTH_MEASURE( 1.000000000000000082E-05 ), #5554, 'distance_accuracy_value', 'NONE');
#3347 = COLOUR_RGB ( '',0.1176470588235294101, 0.1176470588235294101, 0.1176470588235294101 ) ;
#3348 = EDGE_CURVE ( 'NONE', #32, #5495, #177, .T. ) ;
#3349 = FILL_AREA_STYLE ('',( #1190 ) ) ;
#3350 = ADVANCED_FACE ( 'NONE', ( #664 ), #2304, .T. ) ;
#3351 = CARTESIAN_POINT ( 'NONE',  ( -1.640975210307352938, 0.6250000000000001110, 0.4940000000000004943 ) ) ;
#3352 = DIRECTION ( 'NONE',  ( -0.1736481776669307198, 0.0000000000000000000, -0.9848077530122080203 ) ) ;
#3353 = VECTOR ( 'NONE', #4805, 1000.000000000000000 ) ;
#3354 = VERTEX_POINT ( 'NONE', #2275 ) ;
#3355 = PLANE ( 'NONE',  #732 ) ;
#3356 = PRESENTATION_STYLE_ASSIGNMENT (( #3323 ) ) ;
#3357 = CARTESIAN_POINT ( 'NONE',  ( 1.500000000000000222, 0.3750000000000002220, 0.6500000000000000222 ) ) ;
#3358 = UNCERTAINTY_MEASURE_WITH_UNIT (LENGTH_MEASURE( 1.000000000000000082E-05 ), #824, 'distance_accuracy_value', 'NONE');
#3359 = LINE ( 'NONE', #3825, #649 ) ;
#3360 = FILL_AREA_STYLE_COLOUR ( '', #674 ) ;
#3361 = CARTESIAN_POINT ( 'NONE',  ( 1.500000000000000000, 1.125000000000000222, 0.6500000000000000222 ) ) ;
#3362 =( LENGTH_UNIT ( ) NAMED_UNIT ( * ) SI_UNIT ( .MILLI., .METRE. ) );
#3363 = ORIENTED_EDGE ( 'NONE', *, *, #5811, .F. ) ;
#3364 = CARTESIAN_POINT ( 'NONE',  ( -1.375410794124024338, 0.8750000000000000000, 0.5939999999999999725 ) ) ;
#3366 = VECTOR ( 'NONE', #3204, 1000.000000000000000 ) ;
#3365 = DIRECTION ( 'NONE',  ( 0.0000000000000000000, 0.0000000000000000000, -1.000000000000000000 ) ) ;
#3367 = AXIS2_PLACEMENT_3D ( 'NONE', #2384, #3975, #4631 ) ;
#3368 = ADVANCED_FACE ( 'NONE', ( #104 ), #4497, .T. ) ;
#3369 = DIRECTION ( 'NONE',  ( 1.453013302676229291E-18, 0.0000000000000000000, -1.000000000000000000 ) ) ;
#3370 = SURFACE_STYLE_USAGE ( .BOTH. , #1737 ) ;
#3371 = MECHANICAL_DESIGN_GEOMETRIC_PRESENTATION_REPRESENTATION (  '', ( #3487 ), #4554 ) ;
#3372 =( LENGTH_UNIT ( ) NAMED_UNIT ( * ) SI_UNIT ( .MILLI., .METRE. ) );
#3373 = AXIS2_PLACEMENT_3D ( 'NONE', #6035, #4279, #1043 ) ;
#3374 = CARTESIAN_POINT ( 'NONE',  ( -1.640975210307352050, 0.8750000000000000000, 0.5940000000000004166 ) ) ;
#3375 = ORIENTED_EDGE ( 'NONE', *, *, #3919, .F. ) ;
#3376 = VERTEX_POINT ( 'NONE', #4185 ) ;
#3377 = LINE ( 'NONE', #4560, #660 ) ;
#3378 = AXIS2_PLACEMENT_3D ( 'NONE', #1159, #6216, #5581 ) ;
#3379 =( GEOMETRIC_REPRESENTATION_CONTEXT ( 3 ) GLOBAL_UNCERTAINTY_ASSIGNED_CONTEXT ( ( #620 ) ) GLOBAL_UNIT_ASSIGNED_CONTEXT ( ( #4414, #6133, #2771 ) ) REPRESENTATION_CONTEXT ( 'NONE', 'WORKASPACE' ) );
#3380 = AXIS2_PLACEMENT_3D ( 'NONE', #6387, #790, #2970 ) ;
#3381 = SURFACE_STYLE_USAGE ( .BOTH. , #2848 ) ;
#3382 = VERTEX_POINT ( 'NONE', #5862 ) ;
#3383 = LINE ( 'NONE', #3857, #3483 ) ;
#3384 = VERTEX_POINT ( 'NONE', #5826 ) ;
#3385 = CONICAL_SURFACE ( 'NONE', #6722, 0.1499999999999999667, 0.1745329251994333364 ) ;
#3386 = ORIENTED_EDGE ( 'NONE', *, *, #4952, .F. ) ;
#3387 = AXIS2_PLACEMENT_3D ( 'NONE', #3320, #1267, #2209 ) ;
#3388 = VECTOR ( 'NONE', #1073, 1000.000000000000000 ) ;
#3389 =( LENGTH_UNIT ( ) NAMED_UNIT ( * ) SI_UNIT ( .MILLI., .METRE. ) );
#3390 = COLOUR_RGB ( '',0.7529411764705882248, 0.7529411764705882248, 0.7529411764705882248 ) ;
#3391 = LINE ( 'NONE', #1192, #259 ) ;
#3392 = VECTOR ( 'NONE', #7167, 1000.000000000000000 ) ;
#3393 = CARTESIAN_POINT ( 'NONE',  ( -2.450000000000000178, 1.125000000000000222, 0.1799999999999999933 ) ) ;
#3394 = ORIENTED_EDGE ( 'NONE', *, *, #1048, .T. ) ;
#3395 = EDGE_CURVE ( 'NONE', #1495, #2978, #5791, .T. ) ;
#3396 = FACE_OUTER_BOUND ( 'NONE', #1189, .T. ) ;
#3397 = CARTESIAN_POINT ( 'NONE',  ( 1.375410794124024338, -1.125000000000000222, 0.7731980538652447610 ) ) ;
#3398 = ADVANCED_FACE ( 'NONE', ( #6902 ), #3526, .T. ) ;
#3399 = LINE ( 'NONE', #6773, #998 ) ;
#3400 = CARTESIAN_POINT ( 'NONE',  ( -1.918413335153490440, -0.1250000000000000000, 0.5317987097512297812 ) ) ;
#3401 = VECTOR ( 'NONE', #1968, 1000.000000000000000 ) ;
#3402 = FILL_AREA_STYLE ('',( #121 ) ) ;
#3403 = FILL_AREA_STYLE_COLOUR ( '', #1109 ) ;
#3404 = ORIENTED_EDGE ( 'NONE', *, *, #1156, .F. ) ;
#3405 = FILL_AREA_STYLE ('',( #5595 ) ) ;
#3406 = LINE ( 'NONE', #2261, #4474 ) ;
#3407 = MECHANICAL_DESIGN_GEOMETRIC_PRESENTATION_REPRESENTATION (  '', ( #4700 ), #6518 ) ;
#3408 = FILL_AREA_STYLE ('',( #1175 ) ) ;
#3409 = PLANE ( 'NONE',  #6511 ) ;
#3410 = PRESENTATION_STYLE_ASSIGNMENT (( #3913 ) ) ;
#3411 = ADVANCED_FACE ( 'NONE', ( #1386 ), #6481, .T. ) ;
#3412 = DIRECTION ( 'NONE',  ( 0.0000000000000000000, 1.000000000000000000, -0.0000000000000000000 ) ) ;
#3413 = ORIENTED_EDGE ( 'NONE', *, *, #5667, .T. ) ;
#3414 = ORIENTED_EDGE ( 'NONE', *, *, #6691, .T. ) ;
#3415 = STYLED_ITEM ( 'NONE', ( #7199 ), #7225 ) ;
#3416 = AXIS2_PLACEMENT_3D ( 'NONE', #1649, #1133, #680 ) ;
#3417 = LINE ( 'NONE', #1877, #51 ) ;
#3418 = PRESENTATION_LAYER_ASSIGNMENT (  '', '', ( #1719 ) ) ;
#3419 = CARTESIAN_POINT ( 'NONE',  ( 2.054424841141345048, -0.1250000000000000000, 0.2799999999999999711 ) ) ;
#3420 = EDGE_LOOP ( 'NONE', ( #3521, #2909, #2945, #560 ) ) ;
#3421 =( NAMED_UNIT ( * ) PLANE_ANGLE_UNIT ( ) SI_UNIT ( $, .RADIAN. ) );
#3422 = UNCERTAINTY_MEASURE_WITH_UNIT (LENGTH_MEASURE( 1.000000000000000082E-05 ), #2318, 'distance_accuracy_value', 'NONE');
#3423 = ORIENTED_EDGE ( 'NONE', *, *, #4695, .T. ) ;
#3424 = ORIENTED_EDGE ( 'NONE', *, *, #269, .F. ) ;
#3425 = AXIS2_PLACEMENT_3D ( 'NONE', #4923, #495, #7151 ) ;
#3426 = PRESENTATION_STYLE_ASSIGNMENT (( #5251 ) ) ;
#3427 = AXIS2_PLACEMENT_3D ( 'NONE', #4933, #2151, #3769 ) ;
#3428 = SURFACE_STYLE_FILL_AREA ( #4468 ) ;
#3429 = VERTEX_POINT ( 'NONE', #1522 ) ;
#3430 =( NAMED_UNIT ( * ) PLANE_ANGLE_UNIT ( ) SI_UNIT ( $, .RADIAN. ) );
#3431 = CARTESIAN_POINT ( 'NONE',  ( 1.918413335153490440, 0.3750000000000000000, 0.5317987097512297812 ) ) ;
#3432 = DIRECTION ( 'NONE',  ( 0.0000000000000000000, 1.000000000000000000, 0.0000000000000000000 ) ) ;
#3433 = UNCERTAINTY_MEASURE_WITH_UNIT (LENGTH_MEASURE( 1.000000000000000082E-05 ), #3475, 'distance_accuracy_value', 'NONE');
#3434 = CARTESIAN_POINT ( 'NONE',  ( 1.375410794124024338, -0.6250000000000000000, 0.7731980538652447610 ) ) ;
#3435 = AXIS2_PLACEMENT_3D ( 'NONE', #6653, #4850, #6003 ) ;
#3436 = APPLICATION_PROTOCOL_DEFINITION ( 'draft international standard', 'automotive_design', 1998, #1259 ) ;
#3437 = DIRECTION ( 'NONE',  ( 0.0000000000000000000, 1.000000000000000000, 0.0000000000000000000 ) ) ;
#3438 = ORIENTED_EDGE ( 'NONE', *, *, #767, .F. ) ;
#3439 = SURFACE_STYLE_USAGE ( .BOTH. , #3833 ) ;
#3440 =( NAMED_UNIT ( * ) PLANE_ANGLE_UNIT ( ) SI_UNIT ( $, .RADIAN. ) );
#3441 = FACE_OUTER_BOUND ( 'NONE', #3753, .T. ) ;
#3442 = DIRECTION ( 'NONE',  ( 1.000000000000000000, 0.0000000000000000000, 4.080918178602890545E-16 ) ) ;
#3443 = UNCERTAINTY_MEASURE_WITH_UNIT (LENGTH_MEASURE( 1.000000000000000082E-05 ), #5606, 'distance_accuracy_value', 'NONE');
#3444 = CARTESIAN_POINT ( 'NONE',  ( 2.450000000000000178, -0.3749999999999998890, 0.0000000000000000000 ) ) ;
#3445 = EDGE_CURVE ( 'NONE', #249, #7227, #7087, .T. ) ;
#3446 = EDGE_CURVE ( 'NONE', #2631, #647, #4383, .T. ) ;
#3447 = SURFACE_STYLE_USAGE ( .BOTH. , #5202 ) ;
#3448 = VERTEX_POINT ( 'NONE', #6694 ) ;
#3449 = VERTEX_POINT ( 'NONE', #2078 ) ;
#3450 =( GEOMETRIC_REPRESENTATION_CONTEXT ( 3 ) GLOBAL_UNCERTAINTY_ASSIGNED_CONTEXT ( ( #1518 ) ) GLOBAL_UNIT_ASSIGNED_CONTEXT ( ( #4401, #4536, #3322 ) ) REPRESENTATION_CONTEXT ( 'NONE', 'WORKASPACE' ) );
#3452 = EDGE_CURVE ( 'NONE', #5885, #2004, #7127, .T. ) ;
#3451 = PRESENTATION_STYLE_ASSIGNMENT (( #213 ) ) ;
#3453 = DIRECTION ( 'NONE',  ( 0.0000000000000000000, 0.0000000000000000000, 1.000000000000000000 ) ) ;
#3454 = CARTESIAN_POINT ( 'NONE',  ( 1.918413335153490440, 0.1250000000000001110, 0.5317987097512297812 ) ) ;
#3455 = PRESENTATION_STYLE_ASSIGNMENT (( #1291 ) ) ;
#3456 = EDGE_LOOP ( 'NONE', ( #3151, #5160, #4427, #227, #3811, #3321, #3554, #2628, #522, #4007, #6586, #1107, #1715 ) ) ;
#3457 = ORIENTED_EDGE ( 'NONE', *, *, #6089, .T. ) ;
#3458 = CIRCLE ( 'NONE', #5367, 0.2800000000000000266 ) ;
#3459 = FILL_AREA_STYLE ('',( #2349 ) ) ;
#3460 = CARTESIAN_POINT ( 'NONE',  ( 2.054424841141345048, 0.8750000000000000000, 0.2799999999999999711 ) ) ;
#3461 = ORIENTED_EDGE ( 'NONE', *, *, #5041, .F. ) ;
#3462 = CARTESIAN_POINT ( 'NONE',  ( 1.500000000000000000, -0.8749999999999998890, 0.6500000000000000222 ) ) ;
#3463 = LINE ( 'NONE', #2489, #681 ) ;
#3464 = COLOUR_RGB ( '',0.7529411764705882248, 0.7529411764705882248, 0.7529411764705882248 ) ;
#3465 = FACE_OUTER_BOUND ( 'NONE', #4039, .T. ) ;
#3466 = VERTEX_POINT ( 'NONE', #3697 ) ;
#3467 = LINE ( 'NONE', #5884, #4202 ) ;
#3468 = ORIENTED_EDGE ( 'NONE', *, *, #4494, .F. ) ;
#3469 =( NAMED_UNIT ( * ) SI_UNIT ( $, .STERADIAN. ) SOLID_ANGLE_UNIT ( ) );
#3470 = DIRECTION ( 'NONE',  ( 0.0000000000000000000, 1.000000000000000000, 0.0000000000000000000 ) ) ;
#3471 = CARTESIAN_POINT ( 'NONE',  ( 2.054424841141345048, -1.125000000000000222, 0.2799999999999999711 ) ) ;
#3472 = SURFACE_STYLE_USAGE ( .BOTH. , #1310 ) ;
#3473 = LINE ( 'NONE', #4800, #1786 ) ;
#3474 = PRESENTATION_STYLE_ASSIGNMENT (( #1940 ) ) ;
#3475 =( LENGTH_UNIT ( ) NAMED_UNIT ( * ) SI_UNIT ( .MILLI., .METRE. ) );
#3476 = EDGE_CURVE ( 'NONE', #4052, #1071, #4898, .T. ) ;
#3477 = ORIENTED_EDGE ( 'NONE', *, *, #4075, .T. ) ;
#3478 = COLOUR_RGB ( '',0.7529411764705882248, 0.7529411764705882248, 0.7529411764705882248 ) ;
#3479 = EDGE_CURVE ( 'NONE', #805, #6593, #5526, .T. ) ;
#3480 = UNCERTAINTY_MEASURE_WITH_UNIT (LENGTH_MEASURE( 1.000000000000000082E-05 ), #6206, 'distance_accuracy_value', 'NONE');
#3481 = ORIENTED_EDGE ( 'NONE', *, *, #4942, .T. ) ;
#3482 = DIRECTION ( 'NONE',  ( 0.0000000000000000000, -1.000000000000000000, 0.0000000000000000000 ) ) ;
#3483 = VECTOR ( 'NONE', #2814, 1000.000000000000000 ) ;
#3484 = EDGE_CURVE ( 'NONE', #56, #2171, #391, .T. ) ;
#3485 = CARTESIAN_POINT ( 'NONE',  ( -1.350000000000000533, -1.350000000000000089, 0.6500000000000000222 ) ) ;
#3486 = CARTESIAN_POINT ( 'NONE',  ( -1.740020390013932605, 0.3750000000000000000, 0.5077859485307089082 ) ) ;
#3487 = STYLED_ITEM ( 'NONE', ( #2892 ), #5235 ) ;
#3488 = SURFACE_STYLE_USAGE ( .BOTH. , #3965 ) ;
#3489 = CIRCLE ( 'NONE', #746, 0.01602540378443820246 ) ;
#3490 = MECHANICAL_DESIGN_GEOMETRIC_PRESENTATION_REPRESENTATION (  '', ( #1224 ), #863 ) ;
#3491 = FACE_OUTER_BOUND ( 'NONE', #4983, .T. ) ;
#3492 = SURFACE_STYLE_FILL_AREA ( #4740 ) ;
#3493 = ORIENTED_EDGE ( 'NONE', *, *, #7163, .F. ) ;
#3494 = EDGE_CURVE ( 'NONE', #5055, #2137, #2586, .T. ) ;
#3495 = ORIENTED_EDGE ( 'NONE', *, *, #5460, .T. ) ;
#3496 = AXIS2_PLACEMENT_3D ( 'NONE', #5447, #7145, #39 ) ;
#3497 = DIRECTION ( 'NONE',  ( 1.000000000000000000, 0.0000000000000000000, 4.080918178602890545E-16 ) ) ;
#3498 = STYLED_ITEM ( 'NONE', ( #822 ), #2797 ) ;
#3499 = STYLED_ITEM ( 'NONE', ( #4219 ), #1909 ) ;
#3500 = SURFACE_STYLE_FILL_AREA ( #6262 ) ;
#3501 = FILL_AREA_STYLE ('',( #4014 ) ) ;
#3502 = PRESENTATION_LAYER_ASSIGNMENT (  '', '', ( #1784 ) ) ;
#3503 = ORIENTED_EDGE ( 'NONE', *, *, #2662, .F. ) ;
#3504 = CIRCLE ( 'NONE', #1451, 0.2800000000000000822 ) ;
#3505 = CARTESIAN_POINT ( 'NONE',  ( -1.466989180957722017, 1.350000000000000089, 0.7731980538652448720 ) ) ;
#3506 = EDGE_CURVE ( 'NONE', #1033, #581, #4267, .T. ) ;
#3507 = VERTEX_POINT ( 'NONE', #3738 ) ;
#3508 = CARTESIAN_POINT ( 'NONE',  ( -1.466989180957722017, 0.8500000000000000888, 0.7731980538652448720 ) ) ;
#3509 = LINE ( 'NONE', #1427, #3021 ) ;
#3510 = VECTOR ( 'NONE', #2981, 1000.000000000000114 ) ;
#3511 =( NAMED_UNIT ( * ) SI_UNIT ( $, .STERADIAN. ) SOLID_ANGLE_UNIT ( ) );
#3512 = ORIENTED_EDGE ( 'NONE', *, *, #5798, .F. ) ;
#3513 = FILL_AREA_STYLE ('',( #2396 ) ) ;
#3514 = CARTESIAN_POINT ( 'NONE',  ( 1.490125689080326277, -1.125000000000000222, 0.5940000000000001945 ) ) ;
#3515 = LINE ( 'NONE', #6463, #2864 ) ;
#3516 = MECHANICAL_DESIGN_GEOMETRIC_PRESENTATION_REPRESENTATION (  '', ( #536 ), #2364 ) ;
#3517 = UNCERTAINTY_MEASURE_WITH_UNIT (LENGTH_MEASURE( 1.000000000000000082E-05 ), #5763, 'distance_accuracy_value', 'NONE');
#3518 = FILL_AREA_STYLE ('',( #4690 ) ) ;
#3519 = PRESENTATION_STYLE_ASSIGNMENT (( #6864 ) ) ;
#3520 = EDGE_LOOP ( 'NONE', ( #313, #4521, #2598, #5089, #4469, #3967, #3424, #3363, #532, #1465, #3049, #6257, #4867 ) ) ;
#3521 = ORIENTED_EDGE ( 'NONE', *, *, #6615, .T. ) ;
#3522 = MECHANICAL_DESIGN_GEOMETRIC_PRESENTATION_REPRESENTATION (  '', ( #6391 ), #6632 ) ;
#3523 = LINE ( 'NONE', #1914, #3592 ) ;
#3524 = VECTOR ( 'NONE', #1701, 1000.000000000000000 ) ;
#3525 = EDGE_CURVE ( 'NONE', #1417, #4664, #5465, .T. ) ;
#3526 = CYLINDRICAL_SURFACE ( 'NONE', #4088, 0.2799999999999998601 ) ;
#3527 = ORIENTED_EDGE ( 'NONE', *, *, #6927, .T. ) ;
#3528 = ORIENTED_EDGE ( 'NONE', *, *, #1520, .F. ) ;
#3529 = EDGE_LOOP ( 'NONE', ( #3477, #4387, #2844, #3413 ) ) ;
#3530 = ADVANCED_FACE ( 'NONE', ( #2120 ), #5975, .T. ) ;
#3531 = CARTESIAN_POINT ( 'NONE',  ( 1.641086831975065774, -0.6250000000000000000, 0.7731980538652448720 ) ) ;
#3532 = SURFACE_STYLE_USAGE ( .BOTH. , #1360 ) ;
#3533 = PRESENTATION_LAYER_ASSIGNMENT (  '', '', ( #309 ) ) ;
#3534 = ORIENTED_EDGE ( 'NONE', *, *, #1490, .T. ) ;
#3535 = CARTESIAN_POINT ( 'NONE',  ( -2.450000000000000178, -1.125000000000000222, 0.1799999999999999933 ) ) ;
#3536 = ORIENTED_EDGE ( 'NONE', *, *, #905, .T. ) ;
#3537 = FILL_AREA_STYLE_COLOUR ( '', #7094 ) ;
#3538 = SURFACE_STYLE_FILL_AREA ( #6349 ) ;
#3539 = ORIENTED_EDGE ( 'NONE', *, *, #2922, .F. ) ;
#3540 = LINE ( 'NONE', #825, #7155 ) ;
#3541 =( NAMED_UNIT ( * ) PLANE_ANGLE_UNIT ( ) SI_UNIT ( $, .RADIAN. ) );
#3542 = PRESENTATION_LAYER_ASSIGNMENT (  '', '', ( #5800 ) ) ;
#3543 = FACE_OUTER_BOUND ( 'NONE', #3130, .T. ) ;
#3544 =( GEOMETRIC_REPRESENTATION_CONTEXT ( 3 ) GLOBAL_UNCERTAINTY_ASSIGNED_CONTEXT ( ( #870 ) ) GLOBAL_UNIT_ASSIGNED_CONTEXT ( ( #3328, #15, #1761 ) ) REPRESENTATION_CONTEXT ( 'NONE', 'WORKASPACE' ) );
#3545 = PLANE ( 'NONE',  #644 ) ;
#3546 = SURFACE_STYLE_USAGE ( .BOTH. , #860 ) ;
#3547 = PRESENTATION_STYLE_ASSIGNMENT (( #4098 ) ) ;
#3548 = SURFACE_STYLE_FILL_AREA ( #4101 ) ;
#3549 = ORIENTED_EDGE ( 'NONE', *, *, #2619, .F. ) ;
#3550 = DIRECTION ( 'NONE',  ( -0.0000000000000000000, -1.000000000000000000, -0.0000000000000000000 ) ) ;
#3551 = SURFACE_STYLE_USAGE ( .BOTH. , #5317 ) ;
#3552 = DIRECTION ( 'NONE',  ( -2.041316732240672236E-15, 0.0000000000000000000, -1.000000000000000000 ) ) ;
#3553 = DIRECTION ( 'NONE',  ( 0.1378594853070949089, -0.0000000000000000000, 0.9904517970657951142 ) ) ;
#3554 = ORIENTED_EDGE ( 'NONE', *, *, #5451, .F. ) ;
#3555 = ORIENTED_EDGE ( 'NONE', *, *, #5523, .T. ) ;
#3556 = CARTESIAN_POINT ( 'NONE',  ( 1.375410794124024338, 0.6250000000000001110, 0.5939999999999999725 ) ) ;
#3557 = FILL_AREA_STYLE_COLOUR ( '', #1046 ) ;
#3558 = SURFACE_STYLE_USAGE ( .BOTH. , #4077 ) ;
#3559 = PRESENTATION_LAYER_ASSIGNMENT (  '', '', ( #6775 ) ) ;
#3560 = LINE ( 'NONE', #4078, #2676 ) ;
#3561 = EDGE_LOOP ( 'NONE', ( #5099, #3394, #6797, #930 ) ) ;
#3562 = SURFACE_SIDE_STYLE ('',( #3055 ) ) ;
#3563 = DIRECTION ( 'NONE',  ( 0.0000000000000000000, 0.0000000000000000000, -1.000000000000000000 ) ) ;
#3564 = DIRECTION ( 'NONE',  ( 1.000000000000000000, 0.0000000000000000000, 0.0000000000000000000 ) ) ;
#3565 = ADVANCED_FACE ( 'NONE', ( #547 ), #7244, .T. ) ;
#3566 = UNCERTAINTY_MEASURE_WITH_UNIT (LENGTH_MEASURE( 1.000000000000000082E-05 ), #4288, 'distance_accuracy_value', 'NONE');
#3567 = EDGE_LOOP ( 'NONE', ( #2197, #2778, #5502, #1854 ) ) ;
#3568 = EDGE_CURVE ( 'NONE', #6333, #3778, #5120, .T. ) ;
#3569 = CARTESIAN_POINT ( 'NONE',  ( -2.054424841141345048, -0.6250000000000000000, 0.2799999999999999711 ) ) ;
#3570 = LINE ( 'NONE', #2930, #1675 ) ;
#3571 = AXIS2_PLACEMENT_3D ( 'NONE', #6055, #466, #2680 ) ;
#3572 = ORIENTED_EDGE ( 'NONE', *, *, #3719, .T. ) ;
#3573 = CARTESIAN_POINT ( 'NONE',  ( 1.490125689080326055, -0.6249999999999996669, 0.5940000000000001945 ) ) ;
#3574 = CARTESIAN_POINT ( 'NONE',  ( -2.054424841141344604, -0.8749999999999998890, 0.2799999999999999711 ) ) ;
#3575 = UNCERTAINTY_MEASURE_WITH_UNIT (LENGTH_MEASURE( 1.000000000000000082E-05 ), #7085, 'distance_accuracy_value', 'NONE');
#3576 = LINE ( 'NONE', #859, #1573 ) ;
#3577 = ADVANCED_FACE ( 'NONE', ( #2227 ), #3409, .T. ) ;
#3578 =( NAMED_UNIT ( * ) PLANE_ANGLE_UNIT ( ) SI_UNIT ( $, .RADIAN. ) );
#3579 = LINE ( 'NONE', #2942, #2479 ) ;
#3580 = DIRECTION ( 'NONE',  ( 0.0000000000000000000, 1.000000000000000000, 0.0000000000000000000 ) ) ;
#3581 = CARTESIAN_POINT ( 'NONE',  ( -1.350000000000000533, 1.366025403784438375, 1.149999999999999911 ) ) ;
#3582 = VERTEX_POINT ( 'NONE', #719 ) ;
#3583 = EDGE_CURVE ( 'NONE', #6371, #2549, #2903, .T. ) ;
#3584 =( NAMED_UNIT ( * ) PLANE_ANGLE_UNIT ( ) SI_UNIT ( $, .RADIAN. ) );
#3585 = DIRECTION ( 'NONE',  ( -0.2588190451025213501, -0.0000000000000000000, 0.9659258262890680902 ) ) ;
#3586 = PRESENTATION_STYLE_ASSIGNMENT (( #5903 ) ) ;
#3587 =( GEOMETRIC_REPRESENTATION_CONTEXT ( 3 ) GLOBAL_UNCERTAINTY_ASSIGNED_CONTEXT ( ( #6763 ) ) GLOBAL_UNIT_ASSIGNED_CONTEXT ( ( #490, #6649, #1122 ) ) REPRESENTATION_CONTEXT ( 'NONE', 'WORKASPACE' ) );
#3588 = ORIENTED_EDGE ( 'NONE', *, *, #6131, .F. ) ;
#3589 = VERTEX_POINT ( 'NONE', #3881 ) ;
#3590 = CARTESIAN_POINT ( 'NONE',  ( 2.054424841141346825, 0.3750000000000000000, 5.747759680298863667E-19 ) ) ;
#3591 = MECHANICAL_DESIGN_GEOMETRIC_PRESENTATION_REPRESENTATION (  '', ( #5271 ), #6473 ) ;
#3592 = VECTOR ( 'NONE', #2980, 1000.000000000000114 ) ;
#3593 = AXIS2_PLACEMENT_3D ( 'NONE', #100, #3304, #1146 ) ;
#3594 = CARTESIAN_POINT ( 'NONE',  ( 1.640975210307352938, -1.125000000000000222, 0.4940000000000004943 ) ) ;
#3595 = ORIENTED_EDGE ( 'NONE', *, *, #1392, .T. ) ;
#3596 =( NAMED_UNIT ( * ) SI_UNIT ( $, .STERADIAN. ) SOLID_ANGLE_UNIT ( ) );
#3597 = AXIS2_PLACEMENT_3D ( 'NONE', #6709, #2711, #2207 ) ;
#3598 = PRESENTATION_LAYER_ASSIGNMENT (  '', '', ( #46 ) ) ;
#3599 = VERTEX_POINT ( 'NONE', #1176 ) ;
#3600 = PRESENTATION_LAYER_ASSIGNMENT (  '', '', ( #3131 ) ) ;
#3601 = STYLED_ITEM ( 'NONE', ( #25 ), #1803 ) ;
#3602 = LINE ( 'NONE', #7059, #6411 ) ;
#3603 = MECHANICAL_DESIGN_GEOMETRIC_PRESENTATION_REPRESENTATION (  '', ( #5164 ), #6488 ) ;
#3604 = COLOUR_RGB ( '',0.7529411764705882248, 0.7529411764705882248, 0.7529411764705882248 ) ;
#3605 = EDGE_CURVE ( 'NONE', #1088, #1986, #3579, .T. ) ;
#3606 =( GEOMETRIC_REPRESENTATION_CONTEXT ( 3 ) GLOBAL_UNCERTAINTY_ASSIGNED_CONTEXT ( ( #3292 ) ) GLOBAL_UNIT_ASSIGNED_CONTEXT ( ( #3362, #4541, #1797 ) ) REPRESENTATION_CONTEXT ( 'NONE', 'WORKASPACE' ) );
#3607 = CARTESIAN_POINT ( 'NONE',  ( 1.466989180957721572, -0.1499999999999999667, 0.7731980538652448720 ) ) ;
#3608 = CIRCLE ( 'NONE', #6937, 0.09999999999999993616 ) ;
#3609 = EDGE_CURVE ( 'NONE', #5475, #5905, #1341, .T. ) ;
#3610 = ORIENTED_EDGE ( 'NONE', *, *, #1545, .F. ) ;
#3611 = CARTESIAN_POINT ( 'NONE',  ( -1.500000000000000444, 0.1250000000000001110, 0.6500000000000000222 ) ) ;
#3612 = CYLINDRICAL_SURFACE ( 'NONE', #3435, 0.2800000000000000822 ) ;
#3613 = PLANE ( 'NONE',  #4845 ) ;
#3614 = EDGE_CURVE ( 'NONE', #2951, #3599, #4693, .T. ) ;
#3615 = SURFACE_STYLE_USAGE ( .BOTH. , #6465 ) ;
#3616 = STYLED_ITEM ( 'NONE', ( #2899 ), #5836 ) ;
#3617 = VECTOR ( 'NONE', #7097, 1000.000000000000000 ) ;
#3618 = DIRECTION ( 'NONE',  ( 0.0000000000000000000, -0.0000000000000000000, -1.000000000000000000 ) ) ;
#3619 = COLOUR_RGB ( '',0.7529411764705882248, 0.7529411764705882248, 0.7529411764705882248 ) ;
#3620 = EDGE_CURVE ( 'NONE', #2183, #2550, #4649, .T. ) ;
#3621 = LINE ( 'NONE', #907, #2997 ) ;
#3622 =( NAMED_UNIT ( * ) SI_UNIT ( $, .STERADIAN. ) SOLID_ANGLE_UNIT ( ) );
#3623 = ORIENTED_EDGE ( 'NONE', *, *, #5170, .T. ) ;
#3624 = STYLED_ITEM ( 'NONE', ( #2083 ), #6227 ) ;
#3625 =( GEOMETRIC_REPRESENTATION_CONTEXT ( 3 ) GLOBAL_UNCERTAINTY_ASSIGNED_CONTEXT ( ( #4762 ) ) GLOBAL_UNIT_ASSIGNED_CONTEXT ( ( #3255, #4814, #4971 ) ) REPRESENTATION_CONTEXT ( 'NONE', 'WORKASPACE' ) );
#3626 = FILL_AREA_STYLE ('',( #6899 ) ) ;
#3627 = DIRECTION ( 'NONE',  ( 0.0000000000000000000, 0.0000000000000000000, -1.000000000000000000 ) ) ;
#3628 = ADVANCED_FACE ( 'NONE', ( #5896 ), #1907, .T. ) ;
#3629 =( GEOMETRIC_REPRESENTATION_CONTEXT ( 3 ) GLOBAL_UNCERTAINTY_ASSIGNED_CONTEXT ( ( #257 ) ) GLOBAL_UNIT_ASSIGNED_CONTEXT ( ( #5972, #2654, #6017 ) ) REPRESENTATION_CONTEXT ( 'NONE', 'WORKASPACE' ) );
#3630 = FILL_AREA_STYLE ('',( #394 ) ) ;
#3631 = DIRECTION ( 'NONE',  ( 0.0000000000000000000, 0.0000000000000000000, 1.000000000000000000 ) ) ;
#3632 = AXIS2_PLACEMENT_3D ( 'NONE', #4920, #1013, #5374 ) ;
#3633 = ORIENTED_EDGE ( 'NONE', *, *, #5591, .T. ) ;
#3634 = ORIENTED_EDGE ( 'NONE', *, *, #5460, .F. ) ;
#3635 =( GEOMETRIC_REPRESENTATION_CONTEXT ( 3 ) GLOBAL_UNCERTAINTY_ASSIGNED_CONTEXT ( ( #36 ) ) GLOBAL_UNIT_ASSIGNED_CONTEXT ( ( #1206, #5044, #2835 ) ) REPRESENTATION_CONTEXT ( 'NONE', 'WORKASPACE' ) );
#3636 = DIRECTION ( 'NONE',  ( 0.0000000000000000000, 1.000000000000000000, 0.0000000000000000000 ) ) ;
#3637 = DIRECTION ( 'NONE',  ( 0.0000000000000000000, 1.000000000000000000, 0.0000000000000000000 ) ) ;
#3638 = ORIENTED_EDGE ( 'NONE', *, *, #1781, .F. ) ;
#3639 = CARTESIAN_POINT ( 'NONE',  ( -2.450000000000000178, 0.8750000000000000000, 0.0000000000000000000 ) ) ;
#3640 =( NAMED_UNIT ( * ) SI_UNIT ( $, .STERADIAN. ) SOLID_ANGLE_UNIT ( ) );
#3641 = ORIENTED_EDGE ( 'NONE', *, *, #183, .F. ) ;
#3642 = UNCERTAINTY_MEASURE_WITH_UNIT (LENGTH_MEASURE( 1.000000000000000082E-05 ), #6281, 'distance_accuracy_value', 'NONE');
#3643 = LINE ( 'NONE', #6456, #3184 ) ;
#3644 = DIRECTION ( 'NONE',  ( 1.000000000000000000, 0.0000000000000000000, 4.080918178602890545E-16 ) ) ;
#3645 = VECTOR ( 'NONE', #4540, 1000.000000000000114 ) ;
#3646 = VECTOR ( 'NONE', #3095, 1000.000000000000000 ) ;
#3647 = DIRECTION ( 'NONE',  ( 0.1378594853070949089, -0.0000000000000000000, 0.9904517970657951142 ) ) ;
#3648 = ORIENTED_EDGE ( 'NONE', *, *, #515, .T. ) ;
#3649 = SURFACE_STYLE_USAGE ( .BOTH. , #6577 ) ;
#3650 = CARTESIAN_POINT ( 'NONE',  ( 1.500000000000000222, -1.350000000000000311, 0.6500000000000000222 ) ) ;
#3651 = PLANE ( 'NONE',  #5087 ) ;
#3652 = SURFACE_SIDE_STYLE ('',( #6994 ) ) ;
#3653 = VECTOR ( 'NONE', #6076, 1000.000000000000000 ) ;
#3654 = ADVANCED_FACE ( 'NONE', ( #271 ), #5851, .T. ) ;
#3655 = VECTOR ( 'NONE', #6047, 1000.000000000000000 ) ;
#3656 = EDGE_CURVE ( 'NONE', #6113, #5607, #7156, .T. ) ;
#3657 = FACE_OUTER_BOUND ( 'NONE', #4528, .T. ) ;
#3658 = PRESENTATION_LAYER_ASSIGNMENT (  '', '', ( #5454 ) ) ;
#3659 = SURFACE_SIDE_STYLE ('',( #6294 ) ) ;
#3660 = DIRECTION ( 'NONE',  ( 0.0000000000000000000, 0.0000000000000000000, 1.000000000000000000 ) ) ;
#3661 = SURFACE_STYLE_FILL_AREA ( #2620 ) ;
#3662 = UNCERTAINTY_MEASURE_WITH_UNIT (LENGTH_MEASURE( 1.000000000000000082E-05 ), #2633, 'distance_accuracy_value', 'NONE');
#3663 = ORIENTED_EDGE ( 'NONE', *, *, #4163, .T. ) ;
#3664 = EDGE_CURVE ( 'NONE', #5607, #5709, #2679, .T. ) ;
#3665 = ADVANCED_FACE ( 'NONE', ( #3768 ), #980, .T. ) ;
#3666 = DIRECTION ( 'NONE',  ( 0.0000000000000000000, 0.0000000000000000000, 1.000000000000000000 ) ) ;
#3667 = DIRECTION ( 'NONE',  ( 0.0000000000000000000, -1.000000000000000000, 0.0000000000000000000 ) ) ;
#3668 = CYLINDRICAL_SURFACE ( 'NONE', #6475, 0.09999999999999993616 ) ;
#3669 = CARTESIAN_POINT ( 'NONE',  ( -1.375410794124024338, -0.6250000000000000000, 0.5939999999999999725 ) ) ;
#3670 = DIRECTION ( 'NONE',  ( 0.0000000000000000000, -0.2588190451025213501, 0.9659258262890680902 ) ) ;
#3671 = VERTEX_POINT ( 'NONE', #1655 ) ;
#3672 = VERTEX_POINT ( 'NONE', #2792 ) ;
#3673 = FILL_AREA_STYLE_COLOUR ( '', #2015 ) ;
#3674 = ADVANCED_FACE ( 'NONE', ( #2184 ), #3871, .T. ) ;
#3675 = DIRECTION ( 'NONE',  ( 0.0000000000000000000, -1.000000000000000000, 0.0000000000000000000 ) ) ;
#3676 = VERTEX_POINT ( 'NONE', #1696 ) ;
#3677 = ORIENTED_EDGE ( 'NONE', *, *, #3982, .F. ) ;
#3678 = ADVANCED_FACE ( 'NONE', ( #3942 ), #6163, .T. ) ;
#3679 = AXIS2_PLACEMENT_3D ( 'NONE', #5030, #48, #1129 ) ;
#3680 = CARTESIAN_POINT ( 'NONE',  ( 2.054424841141345048, 0.8750000000000000000, 0.1799999999999997158 ) ) ;
#3681 = SURFACE_STYLE_USAGE ( .BOTH. , #2713 ) ;
#3682 = ORIENTED_EDGE ( 'NONE', *, *, #4863, .T. ) ;
#3683 = DIRECTION ( 'NONE',  ( 1.370412358063294448E-16, -0.0000000000000000000, 1.000000000000000000 ) ) ;
#3684 = DIRECTION ( 'NONE',  ( 0.0000000000000000000, 0.0000000000000000000, -1.000000000000000000 ) ) ;
#3685 = FILL_AREA_STYLE_COLOUR ( '', #5925 ) ;
#3686 = LINE ( 'NONE', #2063, #3655 ) ;
#3687 = FILL_AREA_STYLE_COLOUR ( '', #59 ) ;
#3688 = AXIS2_PLACEMENT_3D ( 'NONE', #944, #2541, #866 ) ;
#3689 = PLANE ( 'NONE',  #2694 ) ;
#3690 = SURFACE_STYLE_USAGE ( .BOTH. , #7202 ) ;
#3691 = DIRECTION ( 'NONE',  ( 0.0000000000000000000, 1.000000000000000000, 0.0000000000000000000 ) ) ;
#3692 = CARTESIAN_POINT ( 'NONE',  ( -1.640975210307352050, -0.8749999999999998890, 0.5940000000000004166 ) ) ;
#3693 = ORIENTED_EDGE ( 'NONE', *, *, #1085, .F. ) ;
#3694 = SURFACE_STYLE_FILL_AREA ( #4893 ) ;
#3695 = SURFACE_STYLE_USAGE ( .BOTH. , #3844 ) ;
#3696 = EDGE_CURVE ( 'NONE', #3376, #1742, #6351, .T. ) ;
#3697 = CARTESIAN_POINT ( 'NONE',  ( 1.466989180957722017, -1.125000000000000222, 0.7731980538652448720 ) ) ;
#3698 = ADVANCED_FACE ( 'NONE', ( #6311 ), #5724, .T. ) ;
#3699 = PRESENTATION_STYLE_ASSIGNMENT (( #24 ) ) ;
#3700 = ORIENTED_EDGE ( 'NONE', *, *, #6131, .T. ) ;
#3701 = ORIENTED_EDGE ( 'NONE', *, *, #4086, .F. ) ;
#3702 = EDGE_CURVE ( 'NONE', #7227, #846, #2482, .T. ) ;
#3703 = PRESENTATION_STYLE_ASSIGNMENT (( #885 ) ) ;
#3704 = CARTESIAN_POINT ( 'NONE',  ( 1.640975210307352938, 0.8750000000000000000, 0.4940000000000004943 ) ) ;
#3705 = CARTESIAN_POINT ( 'NONE',  ( -2.450000000000000178, 0.3750000000000000000, 0.0000000000000000000 ) ) ;
#3706 = DIRECTION ( 'NONE',  ( 0.0000000000000000000, 0.0000000000000000000, -1.000000000000000000 ) ) ;
#3707 = VECTOR ( 'NONE', #5988, 1000.000000000000000 ) ;
#3708 = EDGE_LOOP ( 'NONE', ( #3534, #3742 ) ) ;
#3709 = LINE ( 'NONE', #404, #3707 ) ;
#3710 = SURFACE_STYLE_FILL_AREA ( #2055 ) ;
#3711 = CARTESIAN_POINT ( 'NONE',  ( -2.054424841141344604, -0.1250000000000000000, 0.2799999999999999711 ) ) ;
#3712 = EDGE_LOOP ( 'NONE', ( #5672, #4499, #910, #6384 ) ) ;
#3713 =( GEOMETRIC_REPRESENTATION_CONTEXT ( 3 ) GLOBAL_UNCERTAINTY_ASSIGNED_CONTEXT ( ( #396 ) ) GLOBAL_UNIT_ASSIGNED_CONTEXT ( ( #528, #3821, #1160 ) ) REPRESENTATION_CONTEXT ( 'NONE', 'WORKASPACE' ) );
#3714 = CARTESIAN_POINT ( 'NONE',  ( -2.054424841141346825, -1.125000000000000222, 5.747759680298863667E-19 ) ) ;
#3715 = VECTOR ( 'NONE', #66, 1000.000000000000000 ) ;
#3716 = DIRECTION ( 'NONE',  ( -0.0000000000000000000, -0.0000000000000000000, -1.000000000000000000 ) ) ;
#3717 = DIRECTION ( 'NONE',  ( 0.0000000000000000000, 1.000000000000000000, 0.0000000000000000000 ) ) ;
#3718 = PLANE ( 'NONE',  #5411 ) ;
#3719 = EDGE_CURVE ( 'NONE', #6344, #3793, #2933, .T. ) ;
#3720 = EDGE_LOOP ( 'NONE', ( #6672, #4901, #6878, #6366 ) ) ;
#3721 = FILL_AREA_STYLE ('',( #4849 ) ) ;
#3722 = DIRECTION ( 'NONE',  ( -0.1736481776669307198, 0.0000000000000000000, 0.9848077530122080203 ) ) ;
#3723 = AXIS2_PLACEMENT_3D ( 'NONE', #4060, #3065, #4692 ) ;
#3724 =( LENGTH_UNIT ( ) NAMED_UNIT ( * ) SI_UNIT ( .MILLI., .METRE. ) );
#3725 = CARTESIAN_POINT ( 'NONE',  ( -1.466989180957722017, -0.6500000000000000222, 0.7731980538652448720 ) ) ;
#3726 = CYLINDRICAL_SURFACE ( 'NONE', #1717, 0.2800000000000000822 ) ;
#3727 = VECTOR ( 'NONE', #1632, 1000.000000000000000 ) ;
#3728 = LINE ( 'NONE', #464, #5159 ) ;
#3729 = FILL_AREA_STYLE_COLOUR ( '', #2200 ) ;
#3730 = CARTESIAN_POINT ( 'NONE',  ( 2.450000000000000178, -0.6250000000000000000, 0.1799999999999999933 ) ) ;
#3731 = DIRECTION ( 'NONE',  ( 0.1378594853070949089, 0.0000000000000000000, -0.9904517970657951142 ) ) ;
#3732 = CARTESIAN_POINT ( 'NONE',  ( 1.490125689080326055, 0.1250000000000001110, 0.5940000000000000835 ) ) ;
#3733 = UNCERTAINTY_MEASURE_WITH_UNIT (LENGTH_MEASURE( 1.000000000000000082E-05 ), #5194, 'distance_accuracy_value', 'NONE');
#3734 = ORIENTED_EDGE ( 'NONE', *, *, #1794, .T. ) ;
#3735 = AXIS2_PLACEMENT_3D ( 'NONE', #7113, #461, #3764 ) ;
#3737 = AXIS2_PLACEMENT_3D ( 'NONE', #4980, #1030, #3194 ) ;
#3736 = SURFACE_STYLE_FILL_AREA ( #6664 ) ;
#3738 = CARTESIAN_POINT ( 'NONE',  ( -2.450000000000000178, -0.6250000000000000000, 0.0000000000000000000 ) ) ;
#3739 = CARTESIAN_POINT ( 'NONE',  ( 1.641086831975067550, -0.1250000000000000000, 0.4931980538652447343 ) ) ;
#3740 = PRESENTATION_STYLE_ASSIGNMENT (( #437 ) ) ;
#3741 = ORIENTED_EDGE ( 'NONE', *, *, #4404, .T. ) ;
#3742 = ORIENTED_EDGE ( 'NONE', *, *, #3923, .T. ) ;
#3743 = COLOUR_RGB ( '',0.7529411764705882248, 0.7529411764705882248, 0.7529411764705882248 ) ;
#3744 = ADVANCED_FACE ( 'NONE', ( #2500 ), #1431, .F. ) ;
#3745 = FACE_OUTER_BOUND ( 'NONE', #6026, .T. ) ;
#3746 = ADVANCED_FACE ( 'NONE', ( #3212 ), #5414, .T. ) ;
#3747 = LINE ( 'NONE', #2594, #4667 ) ;
#3748 = FACE_OUTER_BOUND ( 'NONE', #3567, .T. ) ;
#3749 = VECTOR ( 'NONE', #5815, 1000.000000000000000 ) ;
#3750 = DIRECTION ( 'NONE',  ( 2.041316732240672236E-15, 0.0000000000000000000, -1.000000000000000000 ) ) ;
#3751 = ORIENTED_EDGE ( 'NONE', *, *, #5170, .F. ) ;
#3752 = CARTESIAN_POINT ( 'NONE',  ( -1.640975210307352050, -0.1250000000000000000, 0.5940000000000004166 ) ) ;
#3753 = EDGE_LOOP ( 'NONE', ( #5867, #6255, #5373, #6662 ) ) ;
#3754 = CARTESIAN_POINT ( 'NONE',  ( 1.740020390013932605, -0.3749999999999998890, 0.5077859485307089082 ) ) ;
#3755 = PRESENTATION_LAYER_ASSIGNMENT (  '', '', ( #6391 ) ) ;
#3756 = EDGE_CURVE ( 'NONE', #1088, #1417, #6144, .T. ) ;
#3757 = DIRECTION ( 'NONE',  ( 0.1378594853070949089, 0.0000000000000000000, -0.9904517970657951142 ) ) ;
#3758 = DIRECTION ( 'NONE',  ( 0.0000000000000000000, 1.000000000000000000, 0.0000000000000000000 ) ) ;
#3759 = STYLED_ITEM ( 'NONE', ( #4369 ), #6680 ) ;
#3760 = ORIENTED_EDGE ( 'NONE', *, *, #333, .F. ) ;
#3761 =( NAMED_UNIT ( * ) PLANE_ANGLE_UNIT ( ) SI_UNIT ( $, .RADIAN. ) );
#3762 =( GEOMETRIC_REPRESENTATION_CONTEXT ( 3 ) GLOBAL_UNCERTAINTY_ASSIGNED_CONTEXT ( ( #3133 ) ) GLOBAL_UNIT_ASSIGNED_CONTEXT ( ( #3994, #4029, #99 ) ) REPRESENTATION_CONTEXT ( 'NONE', 'WORKASPACE' ) );
#3763 = PLANE ( 'NONE',  #4377 ) ;
#3764 = DIRECTION ( 'NONE',  ( 0.0000000000000000000, 0.0000000000000000000, 1.000000000000000000 ) ) ;
#3765 =( NAMED_UNIT ( * ) PLANE_ANGLE_UNIT ( ) SI_UNIT ( $, .RADIAN. ) );
#3766 = EDGE_CURVE ( 'NONE', #6830, #3305, #372, .T. ) ;
#3767 = PRESENTATION_STYLE_ASSIGNMENT (( #2723 ) ) ;
#3768 = FACE_OUTER_BOUND ( 'NONE', #2047, .T. ) ;
#3769 = DIRECTION ( 'NONE',  ( 0.0000000000000000000, 0.0000000000000000000, 1.000000000000000000 ) ) ;
#3770 =( LENGTH_UNIT ( ) NAMED_UNIT ( * ) SI_UNIT ( .MILLI., .METRE. ) );
#3771 = LINE ( 'NONE', #5931, #1232 ) ;
#3772 = PRESENTATION_LAYER_ASSIGNMENT (  '', '', ( #3063 ) ) ;
#3773 = ORIENTED_EDGE ( 'NONE', *, *, #689, .F. ) ;
#3774 = DIRECTION ( 'NONE',  ( 0.0000000000000000000, 1.000000000000000000, -0.0000000000000000000 ) ) ;
#3775 = PRESENTATION_LAYER_ASSIGNMENT (  '', '', ( #5560 ) ) ;
#3776 = PRESENTATION_STYLE_ASSIGNMENT (( #7125 ) ) ;
#3777 = DIRECTION ( 'NONE',  ( -0.1378594853070907456, -0.0000000000000000000, 0.9904517970657956694 ) ) ;
#3778 = VERTEX_POINT ( 'NONE', #7020 ) ;
#3779 = AXIS2_PLACEMENT_3D ( 'NONE', #758, #1939, #2471 ) ;
#3780 = CIRCLE ( 'NONE', #453, 0.2800000000000000266 ) ;
#3781 = ORIENTED_EDGE ( 'NONE', *, *, #6840, .F. ) ;
#3782 = DIRECTION ( 'NONE',  ( 0.0000000000000000000, 1.000000000000000000, 0.0000000000000000000 ) ) ;
#3783 = CARTESIAN_POINT ( 'NONE',  ( 1.918413335153490440, -0.6250000000000000000, 0.5317987097512297812 ) ) ;
#3784 = ORIENTED_EDGE ( 'NONE', *, *, #5275, .F. ) ;
#3785 = CARTESIAN_POINT ( 'NONE',  ( 1.918413335153490440, -0.1250000000000000000, 0.5317987097512297812 ) ) ;
#3786 = ORIENTED_EDGE ( 'NONE', *, *, #1569, .F. ) ;
#3787 = LINE ( 'NONE', #6568, #856 ) ;
#3788 = ORIENTED_EDGE ( 'NONE', *, *, #1781, .T. ) ;
#3789 = UNCERTAINTY_MEASURE_WITH_UNIT (LENGTH_MEASURE( 1.000000000000000082E-05 ), #4290, 'distance_accuracy_value', 'NONE');
#3790 =( LENGTH_UNIT ( ) NAMED_UNIT ( * ) SI_UNIT ( .MILLI., .METRE. ) );
#3791 = CARTESIAN_POINT ( 'NONE',  ( -1.641086831975067550, -0.1250000000000000000, 0.4931980538652447343 ) ) ;
#3792 = FILL_AREA_STYLE_COLOUR ( '', #5998 ) ;
#3793 = VERTEX_POINT ( 'NONE', #2144 ) ;
#3794 = ADVANCED_FACE ( 'NONE', ( #4285 ), #1992, .F. ) ;
#3795 = DIRECTION ( 'NONE',  ( -0.9904517970657956694, 0.0000000000000000000, -0.1378594853070907733 ) ) ;
#3796 = ADVANCED_FACE ( 'NONE', ( #1290 ), #5098, .T. ) ;
#3797 = DIRECTION ( 'NONE',  ( -0.9904517970657951142, 0.0000000000000000000, 0.1378594853070949366 ) ) ;
#3798 = CARTESIAN_POINT ( 'NONE',  ( -1.640975210307352938, -0.1250000000000000000, 0.4940000000000004943 ) ) ;
#3799 = CARTESIAN_POINT ( 'NONE',  ( 1.740020390013932605, -0.6250000000000000000, 0.5077859485307089082 ) ) ;
#3800 = ORIENTED_EDGE ( 'NONE', *, *, #2975, .F. ) ;
#3801 = DIRECTION ( 'NONE',  ( 1.000000000000000000, 0.0000000000000000000, 0.0000000000000000000 ) ) ;
#3802 = CARTESIAN_POINT ( 'NONE',  ( -0.9000000000000002442, 0.9000000000000000222, 1.149999999999999911 ) ) ;
#3803 = FILL_AREA_STYLE_COLOUR ( '', #2157 ) ;
#3804 = ORIENTED_EDGE ( 'NONE', *, *, #4695, .F. ) ;
#3805 = CARTESIAN_POINT ( 'NONE',  ( 1.740020390013932605, 0.8750000000000000000, 0.5077859485307089082 ) ) ;
#3806 = FACE_OUTER_BOUND ( 'NONE', #7221, .T. ) ;
#3807 = DIRECTION ( 'NONE',  ( -0.0000000000000000000, -0.0000000000000000000, -1.000000000000000000 ) ) ;
#3808 = ADVANCED_FACE ( 'NONE', ( #6874 ), #4036, .T. ) ;
#3809 = DIRECTION ( 'NONE',  ( -0.1736481776669307198, 0.0000000000000000000, -0.9848077530122080203 ) ) ;
#3810 = EDGE_LOOP ( 'NONE', ( #1044, #2895, #1829, #6365 ) ) ;
#3811 = ORIENTED_EDGE ( 'NONE', *, *, #952, .F. ) ;
#3812 = CARTESIAN_POINT ( 'NONE',  ( 1.641086831975067550, 0.8750000000000000000, 0.4931980538652447343 ) ) ;
#3813 = SURFACE_STYLE_FILL_AREA ( #3312 ) ;
#3814 = ORIENTED_EDGE ( 'NONE', *, *, #2390, .F. ) ;
#3815 = CARTESIAN_POINT ( 'NONE',  ( -2.450000000000000178, 0.3750000000000000000, 0.1799999999999999933 ) ) ;
#3816 = ORIENTED_EDGE ( 'NONE', *, *, #1758, .F. ) ;
#3817 = MECHANICAL_DESIGN_GEOMETRIC_PRESENTATION_REPRESENTATION (  '', ( #3929 ), #5841 ) ;
#3818 = EDGE_LOOP ( 'NONE', ( #6549, #6644, #1932, #1610 ) ) ;
#3819 = CARTESIAN_POINT ( 'NONE',  ( 2.450000000000000178, 0.3750000000000000000, 0.1799999999999999933 ) ) ;
#3820 =( GEOMETRIC_REPRESENTATION_CONTEXT ( 3 ) GLOBAL_UNCERTAINTY_ASSIGNED_CONTEXT ( ( #3224 ) ) GLOBAL_UNIT_ASSIGNED_CONTEXT ( ( #4507, #5650, #1825 ) ) REPRESENTATION_CONTEXT ( 'NONE', 'WORKASPACE' ) );
#3821 =( NAMED_UNIT ( * ) PLANE_ANGLE_UNIT ( ) SI_UNIT ( $, .RADIAN. ) );
#3822 = ORIENTED_EDGE ( 'NONE', *, *, #5260, .F. ) ;
#3823 = PRESENTATION_STYLE_ASSIGNMENT (( #138 ) ) ;
#3824 = STYLED_ITEM ( 'NONE', ( #3519 ), #4944 ) ;
#3825 = CARTESIAN_POINT ( 'NONE',  ( -1.740020390013932605, -1.125000000000000222, 0.5077859485307089082 ) ) ;
#3826 = FILL_AREA_STYLE ('',( #3360 ) ) ;
#3827 = AXIS2_PLACEMENT_3D ( 'NONE', #4121, #2455, #2425 ) ;
#3828 = ADVANCED_FACE ( 'NONE', ( #4005 ), #215, .T. ) ;
#3829 = VECTOR ( 'NONE', #246, 1000.000000000000000 ) ;
#3830 = PRESENTATION_STYLE_ASSIGNMENT (( #6088 ) ) ;
#3831 = VECTOR ( 'NONE', #991, 1000.000000000000000 ) ;
#3832 = VERTEX_POINT ( 'NONE', #5279 ) ;
#3833 = SURFACE_SIDE_STYLE ('',( #713 ) ) ;
#3834 = DIRECTION ( 'NONE',  ( 0.0000000000000000000, 0.0000000000000000000, 1.000000000000000000 ) ) ;
#3835 = EDGE_CURVE ( 'NONE', #4116, #3382, #352, .T. ) ;
#3836 = CARTESIAN_POINT ( 'NONE',  ( -1.490125689080326277, 0.6250000000000001110, 0.5940000000000001945 ) ) ;
#3837 = ORIENTED_EDGE ( 'NONE', *, *, #6792, .F. ) ;
#3838 = STYLED_ITEM ( 'NONE', ( #4504 ), #5493 ) ;
#3839 =( GEOMETRIC_REPRESENTATION_CONTEXT ( 3 ) GLOBAL_UNCERTAINTY_ASSIGNED_CONTEXT ( ( #1496 ) ) GLOBAL_UNIT_ASSIGNED_CONTEXT ( ( #1601, #4895, #2076 ) ) REPRESENTATION_CONTEXT ( 'NONE', 'WORKASPACE' ) );
#3840 = CARTESIAN_POINT ( 'NONE',  ( 1.641086831975067550, 1.125000000000000222, 0.4931980538652447343 ) ) ;
#3841 =( GEOMETRIC_REPRESENTATION_CONTEXT ( 3 ) GLOBAL_UNCERTAINTY_ASSIGNED_CONTEXT ( ( #2432 ) ) GLOBAL_UNIT_ASSIGNED_CONTEXT ( ( #1087, #1513, #6009 ) ) REPRESENTATION_CONTEXT ( 'NONE', 'WORKASPACE' ) );
#3842 = EDGE_CURVE ( 'NONE', #6073, #2430, #4739, .T. ) ;
#3843 = SURFACE_STYLE_USAGE ( .BOTH. , #6242 ) ;
#3844 = SURFACE_SIDE_STYLE ('',( #4896 ) ) ;
#3845 = STYLED_ITEM ( 'NONE', ( #2454 ), #5552 ) ;
#3846 =( LENGTH_UNIT ( ) NAMED_UNIT ( * ) SI_UNIT ( .MILLI., .METRE. ) );
#3847 = VECTOR ( 'NONE', #4316, 1000.000000000000000 ) ;
#3848 = STYLED_ITEM ( 'NONE', ( #4376 ), #2119 ) ;
#3849 =( NAMED_UNIT ( * ) SI_UNIT ( $, .STERADIAN. ) SOLID_ANGLE_UNIT ( ) );
#3850 = VERTEX_POINT ( 'NONE', #1415 ) ;
#3851 = ORIENTED_EDGE ( 'NONE', *, *, #4075, .F. ) ;
#3852 = SURFACE_STYLE_FILL_AREA ( #5163 ) ;
#3853 = FILL_AREA_STYLE_COLOUR ( '', #7190 ) ;
#3854 = LINE ( 'NONE', #6737, #4413 ) ;
#3855 = AXIS2_PLACEMENT_3D ( 'NONE', #1197, #11, #6654 ) ;
#3856 = ORIENTED_EDGE ( 'NONE', *, *, #2521, .T. ) ;
#3857 = CARTESIAN_POINT ( 'NONE',  ( -2.450000000000000178, -0.1250000000000000000, 0.0000000000000000000 ) ) ;
#3858 = ORIENTED_EDGE ( 'NONE', *, *, #1182, .F. ) ;
#3859 = AXIS2_PLACEMENT_3D ( 'NONE', #4522, #5127, #6140 ) ;
#3860 = CARTESIAN_POINT ( 'NONE',  ( -1.740020390013932605, 0.3750000000000000000, 0.5077859485307089082 ) ) ;
#3861 = CARTESIAN_POINT ( 'NONE',  ( -1.955379661434764715, 0.3750000000000000000, 0.2662140514692911686 ) ) ;
#3862 = EDGE_LOOP ( 'NONE', ( #7219, #702, #5350, #68 ) ) ;
#3863 =( NAMED_UNIT ( * ) SI_UNIT ( $, .STERADIAN. ) SOLID_ANGLE_UNIT ( ) );
#3864 = DIRECTION ( 'NONE',  ( 0.0000000000000000000, -1.000000000000000000, 0.0000000000000000000 ) ) ;
#3865 =( GEOMETRIC_REPRESENTATION_CONTEXT ( 3 ) GLOBAL_UNCERTAINTY_ASSIGNED_CONTEXT ( ( #2112 ) ) GLOBAL_UNIT_ASSIGNED_CONTEXT ( ( #4105, #6400, #4142 ) ) REPRESENTATION_CONTEXT ( 'NONE', 'WORKASPACE' ) );
#3866 = FILL_AREA_STYLE_COLOUR ( '', #4009 ) ;
#3867 = COLOUR_RGB ( '',0.7529411764705882248, 0.7529411764705882248, 0.7529411764705882248 ) ;
#3868 = COLOUR_RGB ( '',0.7529411764705882248, 0.7529411764705882248, 0.7529411764705882248 ) ;
#3869 = STYLED_ITEM ( 'NONE', ( #3699 ), #3969 ) ;
#3870 = ORIENTED_EDGE ( 'NONE', *, *, #5811, .T. ) ;
#3871 = PLANE ( 'NONE',  #1468 ) ;
#3872 = FILL_AREA_STYLE_COLOUR ( '', #5664 ) ;
#3873 = UNCERTAINTY_MEASURE_WITH_UNIT (LENGTH_MEASURE( 1.000000000000000082E-05 ), #4275, 'distance_accuracy_value', 'NONE');
#3874 = VERTEX_POINT ( 'NONE', #3047 ) ;
#3875 = CONICAL_SURFACE ( 'NONE', #788, 0.1499999999999999667, 0.2617993877991500740 ) ;
#3876 = EDGE_CURVE ( 'NONE', #6310, #4804, #5792, .T. ) ;
#3877 = PLANE ( 'NONE',  #1471 ) ;
#3878 = VECTOR ( 'NONE', #4217, 1000.000000000000000 ) ;
#3879 = AXIS2_PLACEMENT_3D ( 'NONE', #5074, #4473, #605 ) ;
#3880 = CARTESIAN_POINT ( 'NONE',  ( 1.740020390013932605, 0.1250000000000001110, 0.5077859485307089082 ) ) ;
#3881 = CARTESIAN_POINT ( 'NONE',  ( 1.641086831975065774, 0.6250000000000001110, 0.7731980538652448720 ) ) ;
#3882 = EDGE_CURVE ( 'NONE', #4235, #4132, #6484, .T. ) ;
#3883 = VERTEX_POINT ( 'NONE', #4186 ) ;
#3884 = EDGE_LOOP ( 'NONE', ( #5531, #6696, #361, #594 ) ) ;
#3885 = SURFACE_STYLE_USAGE ( .BOTH. , #1710 ) ;
#3886 = COLOUR_RGB ( '',0.7529411764705882248, 0.7529411764705882248, 0.7529411764705882248 ) ;
#3887 = MECHANICAL_DESIGN_GEOMETRIC_PRESENTATION_REPRESENTATION (  '', ( #4012 ), #5093 ) ;
#3888 = COLOUR_RGB ( '',0.7529411764705882248, 0.7529411764705882248, 0.7529411764705882248 ) ;
#3889 = CARTESIAN_POINT ( 'NONE',  ( 2.450000000000000178, -0.6250000000000000000, 0.1799999999999999933 ) ) ;
#3890 = SURFACE_STYLE_FILL_AREA ( #6145 ) ;
#3891 =( GEOMETRIC_REPRESENTATION_CONTEXT ( 3 ) GLOBAL_UNCERTAINTY_ASSIGNED_CONTEXT ( ( #3642 ) ) GLOBAL_UNIT_ASSIGNED_CONTEXT ( ( #6281, #95, #717 ) ) REPRESENTATION_CONTEXT ( 'NONE', 'WORKASPACE' ) );
#3892 = ORIENTED_EDGE ( 'NONE', *, *, #2991, .T. ) ;
#3893 = CIRCLE ( 'NONE', #4612, 0.1000000000000002554 ) ;
#3894 =( NAMED_UNIT ( * ) PLANE_ANGLE_UNIT ( ) SI_UNIT ( $, .RADIAN. ) );
#3895 = VERTEX_POINT ( 'NONE', #6943 ) ;
#3896 = LINE ( 'NONE', #5546, #6865 ) ;
#3897 = SURFACE_SIDE_STYLE ('',( #4428 ) ) ;
#3898 = CARTESIAN_POINT ( 'NONE',  ( -2.450000000000000178, -0.1250000000000000000, 0.1799999999999999933 ) ) ;
#3899 = PRESENTATION_STYLE_ASSIGNMENT (( #2284 ) ) ;
#3900 = ORIENTED_EDGE ( 'NONE', *, *, #5228, .F. ) ;
#3901 = PRESENTATION_STYLE_ASSIGNMENT (( #6711 ) ) ;
#3902 = FILL_AREA_STYLE ('',( #5651 ) ) ;
#3903 = EDGE_CURVE ( 'NONE', #3507, #5175, #1454, .T. ) ;
#3904 = PLANE ( 'NONE',  #6727 ) ;
#3905 = LINE ( 'NONE', #6718, #4326 ) ;
#3906 = ORIENTED_EDGE ( 'NONE', *, *, #3170, .T. ) ;
#3907 = CARTESIAN_POINT ( 'NONE',  ( -0.9419549815588642572, 0.9000000000000000222, 1.100000000000000089 ) ) ;
#3908 = DIRECTION ( 'NONE',  ( -1.000000000000000000, -0.0000000000000000000, -0.0000000000000000000 ) ) ;
#3909 = SURFACE_STYLE_USAGE ( .BOTH. , #1736 ) ;
#3910 = AXIS2_PLACEMENT_3D ( 'NONE', #3460, #738, #2988 ) ;
#3911 = DIRECTION ( 'NONE',  ( -0.1378594853070907733, 0.0000000000000000000, -0.9904517970657956694 ) ) ;
#3912 = SURFACE_STYLE_FILL_AREA ( #1144 ) ;
#3913 = SURFACE_STYLE_USAGE ( .BOTH. , #1808 ) ;
#3914 = LINE ( 'NONE', #7208, #747 ) ;
#3915 = ORIENTED_EDGE ( 'NONE', *, *, #6635, .T. ) ;
#3916 = ORIENTED_EDGE ( 'NONE', *, *, #2872, .T. ) ;
#3917 = CARTESIAN_POINT ( 'NONE',  ( 1.777098337962921937, 0.8750000000000000000, 0.2413993441140163398 ) ) ;
#3918 = ADVANCED_FACE ( 'NONE', ( #323 ), #2982, .F. ) ;
#3919 = EDGE_CURVE ( 'NONE', #6674, #5932, #1147, .T. ) ;
#3920 = CIRCLE ( 'NONE', #2429, 0.06183650964576722225 ) ;
#3921 = DIRECTION ( 'NONE',  ( 0.0000000000000000000, 1.000000000000000000, 0.0000000000000000000 ) ) ;
#3922 = VERTEX_POINT ( 'NONE', #1102 ) ;
#3923 = EDGE_CURVE ( 'NONE', #6904, #948, #1019, .T. ) ;
#3924 = ORIENTED_EDGE ( 'NONE', *, *, #565, .F. ) ;
#3925 = ORIENTED_EDGE ( 'NONE', *, *, #6792, .T. ) ;
#3926 = UNCERTAINTY_MEASURE_WITH_UNIT (LENGTH_MEASURE( 1.000000000000000082E-05 ), #6841, 'distance_accuracy_value', 'NONE');
#3927 = EDGE_CURVE ( 'NONE', #2276, #2740, #2738, .T. ) ;
#3928 = DIRECTION ( 'NONE',  ( 0.0000000000000000000, 1.000000000000000000, 0.0000000000000000000 ) ) ;
#3929 = STYLED_ITEM ( 'NONE', ( #3901 ), #1220 ) ;
#3930 = ORIENTED_EDGE ( 'NONE', *, *, #111, .T. ) ;
#3931 = DIRECTION ( 'NONE',  ( -1.000000000000000000, 0.0000000000000000000, -2.041316732240672236E-15 ) ) ;
#3932 = PRESENTATION_STYLE_ASSIGNMENT (( #2715 ) ) ;
#3933 = DIRECTION ( 'NONE',  ( 0.0000000000000000000, -0.0000000000000000000, 1.000000000000000000 ) ) ;
#3934 =( LENGTH_UNIT ( ) NAMED_UNIT ( * ) SI_UNIT ( .MILLI., .METRE. ) );
#3935 = UNCERTAINTY_MEASURE_WITH_UNIT (LENGTH_MEASURE( 1.000000000000000082E-05 ), #3174, 'distance_accuracy_value', 'NONE');
#3936 = UNCERTAINTY_MEASURE_WITH_UNIT (LENGTH_MEASURE( 1.000000000000000082E-05 ), #1692, 'distance_accuracy_value', 'NONE');
#3937 =( NAMED_UNIT ( * ) PLANE_ANGLE_UNIT ( ) SI_UNIT ( $, .RADIAN. ) );
#3938 = PRESENTATION_LAYER_ASSIGNMENT (  '', '', ( #7159 ) ) ;
#3939 = CARTESIAN_POINT ( 'NONE',  ( 2.054424841141346825, 1.125000000000000222, 5.747759680298863667E-19 ) ) ;
#3940 = STYLED_ITEM ( 'NONE', ( #6198 ), #4871 ) ;
#3941 = ORIENTED_EDGE ( 'NONE', *, *, #3338, .F. ) ;
#3942 = FACE_OUTER_BOUND ( 'NONE', #2414, .T. ) ;
#3943 = DIRECTION ( 'NONE',  ( -1.000000000000000000, -0.0000000000000000000, -0.0000000000000000000 ) ) ;
#3945 = VECTOR ( 'NONE', #362, 1000.000000000000000 ) ;
#3944 =( NAMED_UNIT ( * ) PLANE_ANGLE_UNIT ( ) SI_UNIT ( $, .RADIAN. ) );
#3946 = UNCERTAINTY_MEASURE_WITH_UNIT (LENGTH_MEASURE( 1.000000000000000082E-05 ), #3056, 'distance_accuracy_value', 'NONE');
#3947 = DIRECTION ( 'NONE',  ( 0.0000000000000000000, -0.0000000000000000000, -1.000000000000000000 ) ) ;
#3948 = STYLED_ITEM ( 'NONE', ( #2956 ), #5122 ) ;
#3949 = DIRECTION ( 'NONE',  ( -0.1378594853070907733, 0.0000000000000000000, 0.9904517970657956694 ) ) ;
#3950 = MECHANICAL_DESIGN_GEOMETRIC_PRESENTATION_REPRESENTATION (  '', ( #1433 ), #877 ) ;
#3951 = AXIS2_PLACEMENT_3D ( 'NONE', #4866, #2080, #3631 ) ;
#3952 = LINE ( 'NONE', #6784, #4325 ) ;
#3953 = CARTESIAN_POINT ( 'NONE',  ( 1.375410794124024338, 0.8750000000000000000, 0.5939999999999999725 ) ) ;
#3954 = AXIS2_PLACEMENT_3D ( 'NONE', #5408, #7106, #452 ) ;
#3955 = PLANE ( 'NONE',  #6854 ) ;
#3956 = AXIS2_PLACEMENT_3D ( 'NONE', #3226, #509, #2583 ) ;
#3957 = DIRECTION ( 'NONE',  ( 0.0000000000000000000, 0.0000000000000000000, -1.000000000000000000 ) ) ;
#3958 = AXIS2_PLACEMENT_3D ( 'NONE', #5274, #321, #3627 ) ;
#3959 = VERTEX_POINT ( 'NONE', #1064 ) ;
#3960 = VERTEX_POINT ( 'NONE', #4981 ) ;
#3961 = COLOUR_RGB ( '',0.7529411764705882248, 0.7529411764705882248, 0.7529411764705882248 ) ;
#3962 = DIRECTION ( 'NONE',  ( -0.1736481776669307198, 0.0000000000000000000, -0.9848077530122080203 ) ) ;
#3963 = MECHANICAL_DESIGN_GEOMETRIC_PRESENTATION_REPRESENTATION (  '', ( #3824 ), #4777 ) ;
#3964 = AXIS2_PLACEMENT_3D ( 'NONE', #2002, #7122, #984 ) ;
#3965 = SURFACE_SIDE_STYLE ('',( #6330 ) ) ;
#3966 = ORIENTED_EDGE ( 'NONE', *, *, #6572, .T. ) ;
#3967 = ORIENTED_EDGE ( 'NONE', *, *, #5628, .F. ) ;
#3968 = STYLED_ITEM ( 'NONE', ( #3451 ), #5749 ) ;
#3969 = ADVANCED_FACE ( 'NONE', ( #4899 ), #5977, .F. ) ;
#3970 = ORIENTED_EDGE ( 'NONE', *, *, #643, .F. ) ;
#3971 = VECTOR ( 'NONE', #3758, 1000.000000000000000 ) ;
#3972 = COLOUR_RGB ( '',0.7529411764705882248, 0.7529411764705882248, 0.7529411764705882248 ) ;
#3973 = DIRECTION ( 'NONE',  ( 1.000000000000000000, 0.0000000000000000000, -4.080918178602890545E-16 ) ) ;
#3974 = STYLED_ITEM ( 'NONE', ( #1437 ), #5940 ) ;
#3975 = DIRECTION ( 'NONE',  ( -1.000000000000000000, 0.0000000000000000000, 0.0000000000000000000 ) ) ;
#3976 = VECTOR ( 'NONE', #137, 1000.000000000000114 ) ;
#3977 = ORIENTED_EDGE ( 'NONE', *, *, #3220, .T. ) ;
#3978 = DIRECTION ( 'NONE',  ( 0.0000000000000000000, 0.0000000000000000000, -1.000000000000000000 ) ) ;
#3979 = DIRECTION ( 'NONE',  ( 0.0000000000000000000, 1.000000000000000000, 0.0000000000000000000 ) ) ;
#3980 = DIRECTION ( 'NONE',  ( 0.0000000000000000000, 0.0000000000000000000, 1.000000000000000000 ) ) ;
#3981 = VECTOR ( 'NONE', #328, 1000.000000000000000 ) ;
#3982 = EDGE_CURVE ( 'NONE', #5102, #2464, #436, .T. ) ;
#3983 = APPLICATION_PROTOCOL_DEFINITION ( 'draft international standard', 'automotive_design', 1998, #641 ) ;
#3984 = CARTESIAN_POINT ( 'NONE',  ( 1.641086831975067550, -0.1250000000000000000, 0.4931980538652447343 ) ) ;
#3985 = PRESENTATION_LAYER_ASSIGNMENT (  '', '', ( #7075 ) ) ;
#3986 = ORIENTED_EDGE ( 'NONE', *, *, #5930, .T. ) ;
#3987 = CARTESIAN_POINT ( 'NONE',  ( -1.777098337962921937, -1.125000000000000222, 0.2413993441140163121 ) ) ;
#3988 = EDGE_CURVE ( 'NONE', #5055, #4793, #7169, .T. ) ;
#3989 = FILL_AREA_STYLE_COLOUR ( '', #2612 ) ;
#3990 = COLOUR_RGB ( '',0.7529411764705882248, 0.7529411764705882248, 0.7529411764705882248 ) ;
#3991 = DIRECTION ( 'NONE',  ( 0.0000000000000000000, 0.0000000000000000000, 1.000000000000000000 ) ) ;
#3992 =( NAMED_UNIT ( * ) SI_UNIT ( $, .STERADIAN. ) SOLID_ANGLE_UNIT ( ) );
#3993 =( GEOMETRIC_REPRESENTATION_CONTEXT ( 3 ) GLOBAL_UNCERTAINTY_ASSIGNED_CONTEXT ( ( #3789 ) ) GLOBAL_UNIT_ASSIGNED_CONTEXT ( ( #4290, #3765, #2643 ) ) REPRESENTATION_CONTEXT ( 'NONE', 'WORKASPACE' ) );
#3994 =( LENGTH_UNIT ( ) NAMED_UNIT ( * ) SI_UNIT ( .MILLI., .METRE. ) );
#3995 = FACE_OUTER_BOUND ( 'NONE', #1699, .T. ) ;
#3996 =( GEOMETRIC_REPRESENTATION_CONTEXT ( 3 ) GLOBAL_UNCERTAINTY_ASSIGNED_CONTEXT ( ( #7152 ) ) GLOBAL_UNIT_ASSIGNED_CONTEXT ( ( #6136, #3303, #2194 ) ) REPRESENTATION_CONTEXT ( 'NONE', 'WORKASPACE' ) );
#3997 = ORIENTED_EDGE ( 'NONE', *, *, #5334, .T. ) ;
#3998 = ADVANCED_FACE ( 'NONE', ( #4340 ), #2696, .T. ) ;
#3999 = UNCERTAINTY_MEASURE_WITH_UNIT (LENGTH_MEASURE( 1.000000000000000082E-05 ), #184, 'distance_accuracy_value', 'NONE');
#4000 = ORIENTED_EDGE ( 'NONE', *, *, #6130, .F. ) ;
#4001 =( NAMED_UNIT ( * ) SI_UNIT ( $, .STERADIAN. ) SOLID_ANGLE_UNIT ( ) );
#4002 =( NAMED_UNIT ( * ) PLANE_ANGLE_UNIT ( ) SI_UNIT ( $, .RADIAN. ) );
#4003 = AXIS2_PLACEMENT_3D ( 'NONE', #3000, #1406, #5846 ) ;
#4004 =( NAMED_UNIT ( * ) PLANE_ANGLE_UNIT ( ) SI_UNIT ( $, .RADIAN. ) );
#4005 = FACE_OUTER_BOUND ( 'NONE', #5077, .T. ) ;
#4006 = FILL_AREA_STYLE ('',( #6796 ) ) ;
#4007 = ORIENTED_EDGE ( 'NONE', *, *, #2005, .F. ) ;
#4008 = ORIENTED_EDGE ( 'NONE', *, *, #6307, .T. ) ;
#4009 = COLOUR_RGB ( '',0.7529411764705882248, 0.7529411764705882248, 0.7529411764705882248 ) ;
#4010 = DIRECTION ( 'NONE',  ( 0.0000000000000000000, 1.000000000000000000, 0.0000000000000000000 ) ) ;
#4011 = VECTOR ( 'NONE', #2085, 999.9999999999998863 ) ;
#4012 = STYLED_ITEM ( 'NONE', ( #5079 ), #158 ) ;
#4013 = CARTESIAN_POINT ( 'NONE',  ( 1.740020390013932605, -0.1250000000000000000, 0.5077859485307089082 ) ) ;
#4014 = FILL_AREA_STYLE_COLOUR ( '', #6558 ) ;
#4015 = VERTEX_POINT ( 'NONE', #130 ) ;
#4016 = CARTESIAN_POINT ( 'NONE',  ( -2.450000000000000178, 1.125000000000000222, 0.0000000000000000000 ) ) ;
#4017 = CARTESIAN_POINT ( 'NONE',  ( -2.054424841141345048, -0.6250000000000000000, 0.2799999999999999711 ) ) ;
#4018 = ORIENTED_EDGE ( 'NONE', *, *, #6591, .T. ) ;
#4019 = CARTESIAN_POINT ( 'NONE',  ( 1.500000000000000000, 0.3750000000000000000, 0.6500000000000000222 ) ) ;
#4020 = ADVANCED_FACE ( 'NONE', ( #4555 ), #5669, .T. ) ;
#4021 = EDGE_CURVE ( 'NONE', #3429, #1325, #656, .T. ) ;
#4022 = ORIENTED_EDGE ( 'NONE', *, *, #1149, .T. ) ;
#4023 = DIRECTION ( 'NONE',  ( 0.0000000000000000000, 1.000000000000000000, 0.0000000000000000000 ) ) ;
#4024 = PRESENTATION_STYLE_ASSIGNMENT (( #6235 ) ) ;
#4025 = CARTESIAN_POINT ( 'NONE',  ( 1.500000000000000000, 1.350000000000000089, 0.6500000000000000222 ) ) ;
#4026 = SURFACE_SIDE_STYLE ('',( #2529 ) ) ;
#4027 = ADVANCED_FACE ( 'NONE', ( #617 ), #3955, .T. ) ;
#4028 =( NAMED_UNIT ( * ) PLANE_ANGLE_UNIT ( ) SI_UNIT ( $, .RADIAN. ) );
#4029 =( NAMED_UNIT ( * ) PLANE_ANGLE_UNIT ( ) SI_UNIT ( $, .RADIAN. ) );
#4030 = CARTESIAN_POINT ( 'NONE',  ( -1.640975210307352050, 0.3750000000000000000, 0.5940000000000004166 ) ) ;
#4031 = EDGE_LOOP ( 'NONE', ( #3858, #5741, #7240, #1578, #1718, #5641, #1472, #4826, #1260, #4277, #525, #439, #2714 ) ) ;
#4032 = ORIENTED_EDGE ( 'NONE', *, *, #6266, .T. ) ;
#4033 = DIRECTION ( 'NONE',  ( 2.041316732240672236E-15, 0.0000000000000000000, -1.000000000000000000 ) ) ;
#4034 = ADVANCED_FACE ( 'NONE', ( #868 ), #802, .T. ) ;
#4035 = DIRECTION ( 'NONE',  ( 0.0000000000000000000, 1.000000000000000000, 0.0000000000000000000 ) ) ;
#4037 = STYLED_ITEM ( 'NONE', ( #6252 ), #657 ) ;
#4036 = PLANE ( 'NONE',  #5201 ) ;
#4038 = EDGE_LOOP ( 'NONE', ( #1466, #5522, #6999, #6522 ) ) ;
#4039 = EDGE_LOOP ( 'NONE', ( #3892, #3986, #3588, #4459 ) ) ;
#4040 = VERTEX_POINT ( 'NONE', #5853 ) ;
#4041 =( NAMED_UNIT ( * ) SI_UNIT ( $, .STERADIAN. ) SOLID_ANGLE_UNIT ( ) );
#4042 = VECTOR ( 'NONE', #4730, 1000.000000000000000 ) ;
#4043 = DIRECTION ( 'NONE',  ( 0.0000000000000000000, 0.0000000000000000000, 1.000000000000000000 ) ) ;
#4044 =( NAMED_UNIT ( * ) SI_UNIT ( $, .STERADIAN. ) SOLID_ANGLE_UNIT ( ) );
#4045 = PLANE ( 'NONE',  #2075 ) ;
#4046 = ORIENTED_EDGE ( 'NONE', *, *, #1665, .F. ) ;
#4047 = CARTESIAN_POINT ( 'NONE',  ( -1.777098337962921937, -0.1250000000000000000, 0.2413993441140163121 ) ) ;
#4048 = DIRECTION ( 'NONE',  ( 0.0000000000000000000, 1.000000000000000000, 0.0000000000000000000 ) ) ;
#4049 = EDGE_LOOP ( 'NONE', ( #2391, #3804, #5682, #3203 ) ) ;
#4050 = DIRECTION ( 'NONE',  ( 0.0000000000000000000, 0.0000000000000000000, 1.000000000000000000 ) ) ;
#4051 = DIRECTION ( 'NONE',  ( 0.0000000000000000000, 0.0000000000000000000, 1.000000000000000000 ) ) ;
#4052 = VERTEX_POINT ( 'NONE', #3005 ) ;
#4053 = DIRECTION ( 'NONE',  ( 1.000000000000000000, 0.0000000000000000000, 0.0000000000000000000 ) ) ;
#4054 = CARTESIAN_POINT ( 'NONE',  ( -1.375410794124024338, -0.1250000000000000000, 0.5939999999999999725 ) ) ;
#4055 = FILL_AREA_STYLE ('',( #5264 ) ) ;
#4056 = EDGE_CURVE ( 'NONE', #600, #4938, #6396, .T. ) ;
#4057 = EDGE_CURVE ( 'NONE', #2602, #476, #6436, .T. ) ;
#4058 = CARTESIAN_POINT ( 'NONE',  ( -1.740020390013932605, -0.1250000000000000000, 0.5077859485307089082 ) ) ;
#4059 = CARTESIAN_POINT ( 'NONE',  ( 1.500000000000000000, 1.350000000000000089, 0.6500000000000000222 ) ) ;
#4060 = CARTESIAN_POINT ( 'NONE',  ( 2.450000000000000178, 0.8750000000000000000, 0.0000000000000000000 ) ) ;
#4061 = CARTESIAN_POINT ( 'NONE',  ( 2.450000000000000178, -0.8749999999999998890, 0.0000000000000000000 ) ) ;
#4062 = ORIENTED_EDGE ( 'NONE', *, *, #1581, .F. ) ;
#4063 = PRESENTATION_LAYER_ASSIGNMENT (  '', '', ( #3948 ) ) ;
#4064 = ORIENTED_EDGE ( 'NONE', *, *, #2839, .T. ) ;
#4065 = LINE ( 'NONE', #174, #6018 ) ;
#4066 = EDGE_CURVE ( 'NONE', #285, #2549, #4111, .T. ) ;
#4067 =( LENGTH_UNIT ( ) NAMED_UNIT ( * ) SI_UNIT ( .MILLI., .METRE. ) );
#4068 =( GEOMETRIC_REPRESENTATION_CONTEXT ( 3 ) GLOBAL_UNCERTAINTY_ASSIGNED_CONTEXT ( ( #2124 ) ) GLOBAL_UNIT_ASSIGNED_CONTEXT ( ( #6183, #6676, #1722 ) ) REPRESENTATION_CONTEXT ( 'NONE', 'WORKASPACE' ) );
#4069 = CIRCLE ( 'NONE', #3958, 0.2800000000000000266 ) ;
#4070 = SURFACE_STYLE_USAGE ( .BOTH. , #729 ) ;
#4071 = ORIENTED_EDGE ( 'NONE', *, *, #5180, .T. ) ;
#4072 = ORIENTED_EDGE ( 'NONE', *, *, #6327, .T. ) ;
#4073 = ORIENTED_EDGE ( 'NONE', *, *, #1947, .T. ) ;
#4074 = PRESENTATION_LAYER_ASSIGNMENT (  '', '', ( #5164 ) ) ;
#4075 = EDGE_CURVE ( 'NONE', #6845, #1219, #5237, .T. ) ;
#4076 = STYLED_ITEM ( 'NONE', ( #5037 ), #2707 ) ;
#4077 = SURFACE_SIDE_STYLE ('',( #776 ) ) ;
#4078 = CARTESIAN_POINT ( 'NONE',  ( -2.054424841141346825, 0.8750000000000000000, 5.747759680298863667E-19 ) ) ;
#4079 = FILL_AREA_STYLE ('',( #6340 ) ) ;
#4080 = ORIENTED_EDGE ( 'NONE', *, *, #333, .T. ) ;
#4081 = SURFACE_STYLE_USAGE ( .BOTH. , #1983 ) ;
#4082 =( GEOMETRIC_REPRESENTATION_CONTEXT ( 3 ) GLOBAL_UNCERTAINTY_ASSIGNED_CONTEXT ( ( #2221 ) ) GLOBAL_UNIT_ASSIGNED_CONTEXT ( ( #2858, #707, #2887 ) ) REPRESENTATION_CONTEXT ( 'NONE', 'WORKASPACE' ) );
#4084 =( GEOMETRIC_REPRESENTATION_CONTEXT ( 3 ) GLOBAL_UNCERTAINTY_ASSIGNED_CONTEXT ( ( #3517 ) ) GLOBAL_UNIT_ASSIGNED_CONTEXT ( ( #5763, #4635, #5225 ) ) REPRESENTATION_CONTEXT ( 'NONE', 'WORKASPACE' ) );
#4083 = CARTESIAN_POINT ( 'NONE',  ( -1.918413335153490440, 0.6250000000000001110, 0.5317987097512297812 ) ) ;
#4085 = ORIENTED_EDGE ( 'NONE', *, *, #1343, .T. ) ;
#4086 = EDGE_CURVE ( 'NONE', #6498, #4697, #4365, .T. ) ;
#4087 = LINE ( 'NONE', #4164, #1667 ) ;
#4088 = AXIS2_PLACEMENT_3D ( 'NONE', #3045, #4703, #6407 ) ;
#4089 = DIRECTION ( 'NONE',  ( 0.0000000000000000000, 1.000000000000000000, 0.0000000000000000000 ) ) ;
#4090 = ORIENTED_EDGE ( 'NONE', *, *, #995, .T. ) ;
#4091 = DIRECTION ( 'NONE',  ( 0.0000000000000000000, 0.0000000000000000000, -1.000000000000000000 ) ) ;
#4092 =( NAMED_UNIT ( * ) SI_UNIT ( $, .STERADIAN. ) SOLID_ANGLE_UNIT ( ) );
#4093 = CIRCLE ( 'NONE', #3152, 0.01602540378443820246 ) ;
#4094 = CARTESIAN_POINT ( 'NONE',  ( -1.500000000000000444, -0.6250000000000000000, 0.6500000000000000222 ) ) ;
#4095 = UNCERTAINTY_MEASURE_WITH_UNIT (LENGTH_MEASURE( 1.000000000000000082E-05 ), #2173, 'distance_accuracy_value', 'NONE');
#4096 = VECTOR ( 'NONE', #7026, 1000.000000000000114 ) ;
#4097 = CARTESIAN_POINT ( 'NONE',  ( -1.375410794124024338, -1.125000000000000222, 0.5939999999999999725 ) ) ;
#4098 = SURFACE_STYLE_USAGE ( .BOTH. , #1906 ) ;
#4099 = STYLED_ITEM ( 'NONE', ( #1287 ), #6308 ) ;
#4100 = PLANE ( 'NONE',  #2688 ) ;
#4101 = FILL_AREA_STYLE ('',( #906 ) ) ;
#4102 = DIRECTION ( 'NONE',  ( -0.0000000000000000000, -1.000000000000000000, -0.0000000000000000000 ) ) ;
#4103 = UNCERTAINTY_MEASURE_WITH_UNIT (LENGTH_MEASURE( 1.000000000000000082E-05 ), #4498, 'distance_accuracy_value', 'NONE');
#4104 = MECHANICAL_DESIGN_GEOMETRIC_PRESENTATION_REPRESENTATION (  '', ( #4823 ), #3629 ) ;
#4105 =( LENGTH_UNIT ( ) NAMED_UNIT ( * ) SI_UNIT ( .MILLI., .METRE. ) );
#4106 =( GEOMETRIC_REPRESENTATION_CONTEXT ( 3 ) GLOBAL_UNCERTAINTY_ASSIGNED_CONTEXT ( ( #7070 ) ) GLOBAL_UNIT_ASSIGNED_CONTEXT ( ( #4662, #5827, #4226 ) ) REPRESENTATION_CONTEXT ( 'NONE', 'WORKASPACE' ) );
#4107 = SURFACE_STYLE_FILL_AREA ( #214 ) ;
#4108 = DIRECTION ( 'NONE',  ( 0.0000000000000000000, 0.0000000000000000000, 1.000000000000000000 ) ) ;
#4109 = EDGE_CURVE ( 'NONE', #6494, #1219, #346, .T. ) ;
#4110 = CARTESIAN_POINT ( 'NONE',  ( 1.350000000000000311, -1.500000000000000222, 0.6500000000000001332 ) ) ;
#4111 = CIRCLE ( 'NONE', #2843, 0.09999999999999993616 ) ;
#4112 = ADVANCED_FACE ( 'NONE', ( #6515 ), #1484, .T. ) ;
#4113 = SURFACE_SIDE_STYLE ('',( #2009 ) ) ;
#4114 = CARTESIAN_POINT ( 'NONE',  ( 1.466989180957721572, 1.350000000000000089, 0.7731980538652448720 ) ) ;
#4115 = VERTEX_POINT ( 'NONE', #6057 ) ;
#4116 = VERTEX_POINT ( 'NONE', #6127 ) ;
#4117 = DIRECTION ( 'NONE',  ( -1.000000000000000000, 0.0000000000000000000, 0.0000000000000000000 ) ) ;
#4118 = PRESENTATION_LAYER_ASSIGNMENT (  '', '', ( #441 ) ) ;
#4119 = STYLED_ITEM ( 'NONE', ( #4024 ), #4299 ) ;
#4120 = FACE_OUTER_BOUND ( 'NONE', #6219, .T. ) ;
#4121 = CARTESIAN_POINT ( 'NONE',  ( -1.500000000000000444, 1.350000000000000089, 0.6500000000000000222 ) ) ;
#4122 =( GEOMETRIC_REPRESENTATION_CONTEXT ( 3 ) GLOBAL_UNCERTAINTY_ASSIGNED_CONTEXT ( ( #703 ) ) GLOBAL_UNIT_ASSIGNED_CONTEXT ( ( #1275, #5555, #1757 ) ) REPRESENTATION_CONTEXT ( 'NONE', 'WORKASPACE' ) );
#4123 = DIRECTION ( 'NONE',  ( -2.041316732240672236E-15, 0.0000000000000000000, -1.000000000000000000 ) ) ;
#4124 = VECTOR ( 'NONE', #1007, 1000.000000000000000 ) ;
#4125 = EDGE_CURVE ( 'NONE', #5398, #5671, #4974, .T. ) ;
#4126 = ORIENTED_EDGE ( 'NONE', *, *, #589, .T. ) ;
#4127 = ORIENTED_EDGE ( 'NONE', *, *, #7235, .T. ) ;
#4128 = CARTESIAN_POINT ( 'NONE',  ( 2.054424841141345048, 0.3750000000000000000, 0.2799999999999999711 ) ) ;
#4129 = CIRCLE ( 'NONE', #3427, 0.2800000000000000822 ) ;
#4130 = LINE ( 'NONE', #5231, #4562 ) ;
#4131 = EDGE_CURVE ( 'NONE', #5579, #249, #5424, .T. ) ;
#4132 = VERTEX_POINT ( 'NONE', #4375 ) ;
#4133 = LINE ( 'NONE', #1404, #1645 ) ;
#4134 =( LENGTH_UNIT ( ) NAMED_UNIT ( * ) SI_UNIT ( .MILLI., .METRE. ) );
#4135 = VECTOR ( 'NONE', #4023, 1000.000000000000000 ) ;
#4136 = CARTESIAN_POINT ( 'NONE',  ( -1.640975210307352050, -1.125000000000000222, 0.5940000000000004166 ) ) ;
#4137 = FILL_AREA_STYLE ('',( #1937 ) ) ;
#4138 = PRESENTATION_STYLE_ASSIGNMENT (( #203 ) ) ;
#4139 = DIRECTION ( 'NONE',  ( -1.000000000000000000, 0.0000000000000000000, 0.0000000000000000000 ) ) ;
#4140 = FILL_AREA_STYLE ('',( #275 ) ) ;
#4141 = ORIENTED_EDGE ( 'NONE', *, *, #2142, .T. ) ;
#4142 =( NAMED_UNIT ( * ) SI_UNIT ( $, .STERADIAN. ) SOLID_ANGLE_UNIT ( ) );
#4143 = PRESENTATION_STYLE_ASSIGNMENT (( #6477 ) ) ;
#4144 = DIRECTION ( 'NONE',  ( -1.000000000000000000, 0.0000000000000000000, 1.453013302676229099E-18 ) ) ;
#4145 = FILL_AREA_STYLE ('',( #1948 ) ) ;
#4146 = PRESENTATION_STYLE_ASSIGNMENT (( #1493 ) ) ;
#4147 = ORIENTED_EDGE ( 'NONE', *, *, #480, .F. ) ;
#4148 = STYLED_ITEM ( 'NONE', ( #3932 ), #421 ) ;
#4149 = UNCERTAINTY_MEASURE_WITH_UNIT (LENGTH_MEASURE( 1.000000000000000082E-05 ), #98, 'distance_accuracy_value', 'NONE');
#4150 = EDGE_LOOP ( 'NONE', ( #6108, #1741, #2634, #1918 ) ) ;
#4151 = CARTESIAN_POINT ( 'NONE',  ( -2.450000000000000178, -0.6250000000000000000, 0.1799999999999999933 ) ) ;
#4152 = EDGE_CURVE ( 'NONE', #921, #5707, #5789, .T. ) ;
#4153 = EDGE_CURVE ( 'NONE', #3258, #3057, #6583, .T. ) ;
#4154 = CARTESIAN_POINT ( 'NONE',  ( -1.375410794124024338, 0.1250000000000001110, 0.7731980538652447610 ) ) ;
#4155 = CIRCLE ( 'NONE', #6191, 0.1000000000000000472 ) ;
#4156 =( LENGTH_UNIT ( ) NAMED_UNIT ( * ) SI_UNIT ( .MILLI., .METRE. ) );
#4157 = ORIENTED_EDGE ( 'NONE', *, *, #4857, .F. ) ;
#4158 = CARTESIAN_POINT ( 'NONE',  ( -2.450000000000000178, -0.6250000000000000000, 0.0000000000000000000 ) ) ;
#4159 = PRESENTATION_STYLE_ASSIGNMENT (( #226 ) ) ;
#4160 = ORIENTED_EDGE ( 'NONE', *, *, #5486, .T. ) ;
#4161 = UNCERTAINTY_MEASURE_WITH_UNIT (LENGTH_MEASURE( 1.000000000000000082E-05 ), #6809, 'distance_accuracy_value', 'NONE');
#4162 = LINE ( 'NONE', #367, #2853 ) ;
#4163 = EDGE_CURVE ( 'NONE', #476, #3671, #3181, .T. ) ;
#4164 = CARTESIAN_POINT ( 'NONE',  ( -1.375410794124024338, -0.6250000000000000000, 0.7731980538652447610 ) ) ;
#4165 = EDGE_CURVE ( 'NONE', #2953, #6869, #2618, .T. ) ;
#4166 = DIRECTION ( 'NONE',  ( -0.0000000000000000000, -1.000000000000000000, 0.0000000000000000000 ) ) ;
#4167 = COLOUR_RGB ( '',0.7529411764705882248, 0.7529411764705882248, 0.7529411764705882248 ) ;
#4168 = VERTEX_POINT ( 'NONE', #1140 ) ;
#4169 = CYLINDRICAL_SURFACE ( 'NONE', #131, 0.1000000000000002554 ) ;
#4170 = LINE ( 'NONE', #4617, #4135 ) ;
#4171 = UNCERTAINTY_MEASURE_WITH_UNIT (LENGTH_MEASURE( 1.000000000000000082E-05 ), #2652, 'distance_accuracy_value', 'NONE');
#4172 = FILL_AREA_STYLE_COLOUR ( '', #1132 ) ;
#4173 =( LENGTH_UNIT ( ) NAMED_UNIT ( * ) SI_UNIT ( .MILLI., .METRE. ) );
#4174 = CIRCLE ( 'NONE', #5014, 0.1000000000000002554 ) ;
#4175 = EDGE_CURVE ( 'NONE', #6984, #1026, #3257, .T. ) ;
#4176 = SURFACE_STYLE_USAGE ( .BOTH. , #4620 ) ;
#4177 = DIRECTION ( 'NONE',  ( -1.000000000000000000, 0.0000000000000000000, -1.453013302676229291E-18 ) ) ;
#4178 = MECHANICAL_DESIGN_GEOMETRIC_PRESENTATION_REPRESENTATION (  '', ( #2327 ), #3820 ) ;
#4179 = UNCERTAINTY_MEASURE_WITH_UNIT (LENGTH_MEASURE( 1.000000000000000082E-05 ), #1297, 'distance_accuracy_value', 'NONE');
#4180 = ORIENTED_EDGE ( 'NONE', *, *, #5407, .T. ) ;
#4181 = VECTOR ( 'NONE', #5183, 1000.000000000000000 ) ;
#4182 = CARTESIAN_POINT ( 'NONE',  ( 1.641086831975067550, 0.3750000000000000000, 0.4931980538652447343 ) ) ;
#4183 =( NAMED_UNIT ( * ) PLANE_ANGLE_UNIT ( ) SI_UNIT ( $, .RADIAN. ) );
#4184 = DIRECTION ( 'NONE',  ( 0.0000000000000000000, 0.0000000000000000000, 1.000000000000000000 ) ) ;
#4185 = CARTESIAN_POINT ( 'NONE',  ( -1.490125689080326277, -0.3749999999999998890, 0.5940000000000001945 ) ) ;
#4186 = CARTESIAN_POINT ( 'NONE',  ( 1.641086831975065774, 0.1250000000000001110, 0.7731980538652448720 ) ) ;
#4187 = DIRECTION ( 'NONE',  ( 0.0000000000000000000, 1.000000000000000000, 0.0000000000000000000 ) ) ;
#4188 = ORIENTED_EDGE ( 'NONE', *, *, #291, .F. ) ;
#4189 = VECTOR ( 'NONE', #3120, 1000.000000000000000 ) ;
#4190 = VERTEX_POINT ( 'NONE', #6013 ) ;
#4191 = DIRECTION ( 'NONE',  ( -0.2588190451025213501, -0.0000000000000000000, 0.9659258262890680902 ) ) ;
#4192 = SURFACE_STYLE_FILL_AREA ( #4713 ) ;
#4193 = DIRECTION ( 'NONE',  ( 1.000000000000000000, -0.0000000000000000000, -1.370412358063294448E-16 ) ) ;
#4194 = VERTEX_POINT ( 'NONE', #5519 ) ;
#4195 = EDGE_CURVE ( 'NONE', #849, #101, #2727, .T. ) ;
#4196 = STYLED_ITEM ( 'NONE', ( #3776 ), #4792 ) ;
#4197 = ORIENTED_EDGE ( 'NONE', *, *, #851, .F. ) ;
#4198 = DIRECTION ( 'NONE',  ( -1.606225440719265874E-16, 1.000000000000000000, 0.0000000000000000000 ) ) ;
#4199 = CIRCLE ( 'NONE', #1115, 0.1000000000000000472 ) ;
#4200 = STYLED_ITEM ( 'NONE', ( #7018 ), #4988 ) ;
#4201 = LINE ( 'NONE', #3128, #3264 ) ;
#4202 = VECTOR ( 'NONE', #6990, 1000.000000000000000 ) ;
#4203 = DIRECTION ( 'NONE',  ( 0.0000000000000000000, 0.0000000000000000000, -1.000000000000000000 ) ) ;
#4204 = AXIS2_PLACEMENT_3D ( 'NONE', #4935, #6808, #1790 ) ;
#4205 = ORIENTED_EDGE ( 'NONE', *, *, #1828, .F. ) ;
#4206 = EDGE_CURVE ( 'NONE', #5404, #5831, #6690, .T. ) ;
#4207 = PRESENTATION_STYLE_ASSIGNMENT (( #3649 ) ) ;
#4208 = LINE ( 'NONE', #4884, #4624 ) ;
#4209 = CARTESIAN_POINT ( 'NONE',  ( -2.450000000000000178, 0.3750000000000000000, 0.0000000000000000000 ) ) ;
#4210 = FACE_OUTER_BOUND ( 'NONE', #4527, .T. ) ;
#4211 = AXIS2_PLACEMENT_3D ( 'NONE', #2756, #1688, #2316 ) ;
#4212 = AXIS2_PLACEMENT_3D ( 'NONE', #6343, #365, #1958 ) ;
#4213 = FACE_OUTER_BOUND ( 'NONE', #505, .T. ) ;
#4214 =( NAMED_UNIT ( * ) SI_UNIT ( $, .STERADIAN. ) SOLID_ANGLE_UNIT ( ) );
#4215 = CARTESIAN_POINT ( 'NONE',  ( 1.466989180957721572, 0.8749999999999998890, 0.7731980538652448720 ) ) ;
#4216 = COLOUR_RGB ( '',0.7529411764705882248, 0.7529411764705882248, 0.7529411764705882248 ) ;
#4217 = DIRECTION ( 'NONE',  ( 1.000000000000000000, 0.0000000000000000000, 6.852061790316472241E-17 ) ) ;
#4218 = EDGE_CURVE ( 'NONE', #539, #150, #468, .T. ) ;
#4219 = PRESENTATION_STYLE_ASSIGNMENT (( #5310 ) ) ;
#4220 = ORIENTED_EDGE ( 'NONE', *, *, #1520, .T. ) ;
#4221 = CARTESIAN_POINT ( 'NONE',  ( 1.641086831975067550, -0.8749999999999998890, 0.4931980538652447343 ) ) ;
#4222 = AXIS2_PLACEMENT_3D ( 'NONE', #6789, #2302, #3307 ) ;
#4223 = LINE ( 'NONE', #7035, #6933 ) ;
#4224 = DIRECTION ( 'NONE',  ( -0.2588190451025213501, -0.0000000000000000000, 0.9659258262890680902 ) ) ;
#4225 =( NAMED_UNIT ( * ) PLANE_ANGLE_UNIT ( ) SI_UNIT ( $, .RADIAN. ) );
#4226 =( NAMED_UNIT ( * ) SI_UNIT ( $, .STERADIAN. ) SOLID_ANGLE_UNIT ( ) );
#4227 = EDGE_CURVE ( 'NONE', #701, #2951, #4889, .T. ) ;
#4228 = DIRECTION ( 'NONE',  ( 1.000000000000000000, -0.0000000000000000000, -1.370412358063294448E-16 ) ) ;
#4229 = ORIENTED_EDGE ( 'NONE', *, *, #4165, .F. ) ;
#4230 = VERTEX_POINT ( 'NONE', #3836 ) ;
#4231 = LINE ( 'NONE', #2165, #2477 ) ;
#4232 = FACE_OUTER_BOUND ( 'NONE', #6162, .T. ) ;
#4233 =( NAMED_UNIT ( * ) PLANE_ANGLE_UNIT ( ) SI_UNIT ( $, .RADIAN. ) );
#4234 = DIRECTION ( 'NONE',  ( 0.0000000000000000000, -0.0000000000000000000, 1.000000000000000000 ) ) ;
#4235 = VERTEX_POINT ( 'NONE', #1281 ) ;
#4236 = LINE ( 'NONE', #6530, #4189 ) ;
#4237 = PRESENTATION_LAYER_ASSIGNMENT (  '', '', ( #2845 ) ) ;
#4238 = PRESENTATION_STYLE_ASSIGNMENT (( #449 ) ) ;
#4239 = CARTESIAN_POINT ( 'NONE',  ( -1.918413335153490440, 0.3750000000000000000, 0.5317987097512296701 ) ) ;
#4240 = ORIENTED_EDGE ( 'NONE', *, *, #2492, .F. ) ;
#4241 = PRESENTATION_LAYER_ASSIGNMENT (  '', '', ( #4704 ) ) ;
#4242 = DIRECTION ( 'NONE',  ( 0.0000000000000000000, 1.000000000000000000, 0.0000000000000000000 ) ) ;
#4243 = FACE_OUTER_BOUND ( 'NONE', #924, .T. ) ;
#4244 = VECTOR ( 'NONE', #6092, 1000.000000000000000 ) ;
#4245 = CARTESIAN_POINT ( 'NONE',  ( 1.640975210307352050, -0.1250000000000000000, 0.5940000000000004166 ) ) ;
#4246 = ORIENTED_EDGE ( 'NONE', *, *, #3189, .F. ) ;
#4247 = CARTESIAN_POINT ( 'NONE',  ( 1.500000000000000000, 0.6250000000000001110, 0.6500000000000000222 ) ) ;
#4248 =( NAMED_UNIT ( * ) PLANE_ANGLE_UNIT ( ) SI_UNIT ( $, .RADIAN. ) );
#4249 = SURFACE_SIDE_STYLE ('',( #5342 ) ) ;
#4250 = SURFACE_SIDE_STYLE ('',( #4806 ) ) ;
#4251 = UNCERTAINTY_MEASURE_WITH_UNIT (LENGTH_MEASURE( 1.000000000000000082E-05 ), #6408, 'distance_accuracy_value', 'NONE');
#4252 = CARTESIAN_POINT ( 'NONE',  ( -2.450000000000000178, 0.3750000000000000000, 0.1799999999999999933 ) ) ;
#4253 = DIRECTION ( 'NONE',  ( 4.080918178602890545E-16, -0.0000000000000000000, 1.000000000000000000 ) ) ;
#4254 = VECTOR ( 'NONE', #2458, 1000.000000000000000 ) ;
#4255 = CARTESIAN_POINT ( 'NONE',  ( 1.641086831975067550, -0.6250000000000000000, 0.4931980538652447343 ) ) ;
#4256 = EDGE_CURVE ( 'NONE', #34, #1372, #6524, .T. ) ;
#4257 = EDGE_CURVE ( 'NONE', #2093, #3883, #5040, .T. ) ;
#4258 = COLOUR_RGB ( '',0.7529411764705882248, 0.7529411764705882248, 0.7529411764705882248 ) ;
#4259 = STYLED_ITEM ( 'NONE', ( #2897 ), #202 ) ;
#4260 = CARTESIAN_POINT ( 'NONE',  ( -2.054424841141345048, -0.3749999999999998890, 0.2799999999999999711 ) ) ;
#4261 = LINE ( 'NONE', #6546, #1723 ) ;
#4262 = CARTESIAN_POINT ( 'NONE',  ( 1.740020390013932605, 1.125000000000000222, 0.5077859485307089082 ) ) ;
#4263 = ORIENTED_EDGE ( 'NONE', *, *, #1677, .T. ) ;
#4264 = STYLED_ITEM ( 'NONE', ( #5845 ), #314 ) ;
#4265 = EDGE_CURVE ( 'NONE', #647, #4410, #5006, .T. ) ;
#4266 = CARTESIAN_POINT ( 'NONE',  ( -1.640975210307352938, 0.8750000000000000000, 0.4940000000000004943 ) ) ;
#4267 = LINE ( 'NONE', #6554, #3392 ) ;
#4268 = FILL_AREA_STYLE_COLOUR ( '', #7084 ) ;
#4269 = ORIENTED_EDGE ( 'NONE', *, *, #2175, .T. ) ;
#4270 = ORIENTED_EDGE ( 'NONE', *, *, #5838, .T. ) ;
#4271 = CARTESIAN_POINT ( 'NONE',  ( 2.054424841141345048, 0.3750000000000000000, 0.2799999999999999711 ) ) ;
#4272 = CARTESIAN_POINT ( 'NONE',  ( 1.918413335153490440, 0.1250000000000001110, 0.5317987097512297812 ) ) ;
#4274 = ADVANCED_FACE ( 'NONE', ( #4479 ), #161, .T. ) ;
#4273 =( NAMED_UNIT ( * ) SI_UNIT ( $, .STERADIAN. ) SOLID_ANGLE_UNIT ( ) );
#4275 =( LENGTH_UNIT ( ) NAMED_UNIT ( * ) SI_UNIT ( .MILLI., .METRE. ) );
#4276 =( LENGTH_UNIT ( ) NAMED_UNIT ( * ) SI_UNIT ( .MILLI., .METRE. ) );
#4277 = ORIENTED_EDGE ( 'NONE', *, *, #4152, .F. ) ;
#4278 = CARTESIAN_POINT ( 'NONE',  ( 1.641086831975065774, 0.8750000000000000000, 0.7731980538652448720 ) ) ;
#4279 = DIRECTION ( 'NONE',  ( -0.0000000000000000000, -1.000000000000000000, -0.0000000000000000000 ) ) ;
#4280 = DIRECTION ( 'NONE',  ( 0.0000000000000000000, 1.000000000000000000, 0.0000000000000000000 ) ) ;
#4281 = ORIENTED_EDGE ( 'NONE', *, *, #6728, .T. ) ;
#4282 = LINE ( 'NONE', #5995, #7037 ) ;
#4283 = LINE ( 'NONE', #2097, #6490 ) ;
#4284 = ORIENTED_EDGE ( 'NONE', *, *, #3988, .T. ) ;
#4285 = FACE_OUTER_BOUND ( 'NONE', #4399, .T. ) ;
#4286 = DIRECTION ( 'NONE',  ( 0.0000000000000000000, -1.000000000000000000, 0.0000000000000000000 ) ) ;
#4287 = DIRECTION ( 'NONE',  ( 0.0000000000000000000, 0.0000000000000000000, -1.000000000000000000 ) ) ;
#4288 =( LENGTH_UNIT ( ) NAMED_UNIT ( * ) SI_UNIT ( .MILLI., .METRE. ) );
#4289 = CARTESIAN_POINT ( 'NONE',  ( 1.490125689080326055, -0.1250000000000001110, 0.5940000000000001945 ) ) ;
#4290 =( LENGTH_UNIT ( ) NAMED_UNIT ( * ) SI_UNIT ( .MILLI., .METRE. ) );
#4291 = SURFACE_STYLE_FILL_AREA ( #5516 ) ;
#4292 = CARTESIAN_POINT ( 'NONE',  ( -2.450000000000000178, 0.8750000000000000000, 0.1799999999999999933 ) ) ;
#4293 =( NAMED_UNIT ( * ) PLANE_ANGLE_UNIT ( ) SI_UNIT ( $, .RADIAN. ) );
#4294 = CARTESIAN_POINT ( 'NONE',  ( 1.777098337962921937, 0.8750000000000000000, 0.2413993441140163398 ) ) ;
#4295 = CARTESIAN_POINT ( 'NONE',  ( 2.450000000000000178, 0.1250000000000001110, 0.1799999999999999933 ) ) ;
#4296 = EDGE_CURVE ( 'NONE', #7180, #7174, #4444, .T. ) ;
#4297 = LINE ( 'NONE', #5382, #5405 ) ;
#4298 = ORIENTED_EDGE ( 'NONE', *, *, #1086, .F. ) ;
#4299 = ADVANCED_FACE ( 'NONE', ( #2297 ), #1205, .T. ) ;
#4300 = PRESENTATION_LAYER_ASSIGNMENT (  '', '', ( #2893 ) ) ;
#4301 = DIRECTION ( 'NONE',  ( 0.9904517970657956694, 0.0000000000000000000, -0.1378594853070907733 ) ) ;
#4302 = LINE ( 'NONE', #4775, #1223 ) ;
#4303 = CARTESIAN_POINT ( 'NONE',  ( 1.740020390013932605, 0.1250000000000001110, 0.5077859485307089082 ) ) ;
#4304 = PRESENTATION_LAYER_ASSIGNMENT (  '', '', ( #3929 ) ) ;
#4305 = VERTEX_POINT ( 'NONE', #5627 ) ;
#4306 = EDGE_CURVE ( 'NONE', #4235, #3793, #650, .T. ) ;
#4307 = EDGE_LOOP ( 'NONE', ( #1422, #1261, #4270, #4141, #2071, #4080, #6099, #823, #3093, #2859, #5253, #6731, #4072 ) ) ;
#4308 = ORIENTED_EDGE ( 'NONE', *, *, #2847, .F. ) ;
#4309 = CARTESIAN_POINT ( 'NONE',  ( -1.375410794124024338, -1.125000000000000222, 0.5939999999999999725 ) ) ;
#4310 = CARTESIAN_POINT ( 'NONE',  ( 1.500000000000000000, 0.3750000000000000000, 0.6500000000000000222 ) ) ;
#4311 = ORIENTED_EDGE ( 'NONE', *, *, #1181, .F. ) ;
#4312 = DIRECTION ( 'NONE',  ( 0.0000000000000000000, -1.000000000000000000, 0.0000000000000000000 ) ) ;
#4313 = AXIS2_PLACEMENT_3D ( 'NONE', #2267, #3412, #3957 ) ;
#4314 = SURFACE_STYLE_FILL_AREA ( #368 ) ;
#4315 = SURFACE_SIDE_STYLE ('',( #5997 ) ) ;
#4316 = DIRECTION ( 'NONE',  ( 0.0000000000000000000, -1.000000000000000000, 0.0000000000000000000 ) ) ;
#4317 = VECTOR ( 'NONE', #3716, 1000.000000000000000 ) ;
#4318 = VERTEX_POINT ( 'NONE', #5727 ) ;
#4319 = LINE ( 'NONE', #7195, #5710 ) ;
#4320 =( GEOMETRIC_REPRESENTATION_CONTEXT ( 3 ) GLOBAL_UNCERTAINTY_ASSIGNED_CONTEXT ( ( #3575 ) ) GLOBAL_UNIT_ASSIGNED_CONTEXT ( ( #7085, #3011, #4658 ) ) REPRESENTATION_CONTEXT ( 'NONE', 'WORKASPACE' ) );
#4321 =( LENGTH_UNIT ( ) NAMED_UNIT ( * ) SI_UNIT ( .MILLI., .METRE. ) );
#4322 =( GEOMETRIC_REPRESENTATION_CONTEXT ( 3 ) GLOBAL_UNCERTAINTY_ASSIGNED_CONTEXT ( ( #1172 ) ) GLOBAL_UNIT_ASSIGNED_CONTEXT ( ( #6173, #5088, #3849 ) ) REPRESENTATION_CONTEXT ( 'NONE', 'WORKASPACE' ) );
#4323 = COLOUR_RGB ( '',0.7529411764705882248, 0.7529411764705882248, 0.7529411764705882248 ) ;
#4324 = SURFACE_SIDE_STYLE ('',( #6658 ) ) ;
#4325 = VECTOR ( 'NONE', #1805, 1000.000000000000000 ) ;
#4326 = VECTOR ( 'NONE', #6815, 1000.000000000000000 ) ;
#4327 = DIRECTION ( 'NONE',  ( 0.0000000000000000000, 0.0000000000000000000, 1.000000000000000000 ) ) ;
#4328 = DIRECTION ( 'NONE',  ( 0.0000000000000000000, 1.000000000000000000, -0.0000000000000000000 ) ) ;
#4329 = CARTESIAN_POINT ( 'NONE',  ( 2.450000000000000178, -0.6250000000000000000, 0.1799999999999999933 ) ) ;
#4330 = AXIS2_PLACEMENT_3D ( 'NONE', #726, #6250, #1254 ) ;
#4331 = CARTESIAN_POINT ( 'NONE',  ( -2.054424841141345048, -1.125000000000000222, 0.2799999999999999711 ) ) ;
#4332 = UNCERTAINTY_MEASURE_WITH_UNIT (LENGTH_MEASURE( 1.000000000000000082E-05 ), #1128, 'distance_accuracy_value', 'NONE');
#4333 = VECTOR ( 'NONE', #6044, 1000.000000000000114 ) ;
#4334 = ORIENTED_EDGE ( 'NONE', *, *, #3506, .T. ) ;
#4335 = STYLED_ITEM ( 'NONE', ( #3236 ), #2310 ) ;
#4336 = FILL_AREA_STYLE ('',( #2113 ) ) ;
#4337 = MECHANICAL_DESIGN_GEOMETRIC_PRESENTATION_REPRESENTATION (  '', ( #3276 ), #2011 ) ;
#4338 = MECHANICAL_DESIGN_GEOMETRIC_PRESENTATION_REPRESENTATION (  '', ( #288 ), #888 ) ;
#4339 = CARTESIAN_POINT ( 'NONE',  ( -1.641086831975065774, -0.6250000000000000000, 0.7731980538652448720 ) ) ;
#4340 = FACE_OUTER_BOUND ( 'NONE', #3529, .T. ) ;
#4341 = FILL_AREA_STYLE ('',( #7089 ) ) ;
#4342 = VERTEX_POINT ( 'NONE', #4094 ) ;
#4343 = AXIS2_PLACEMENT_3D ( 'NONE', #3812, #4904, #440 ) ;
#4344 = ORIENTED_EDGE ( 'NONE', *, *, #4993, .F. ) ;
#4345 = PRESENTATION_STYLE_ASSIGNMENT (( #2126 ) ) ;
#4346 = VECTOR ( 'NONE', #2648, 1000.000000000000000 ) ;
#4347 = DIRECTION ( 'NONE',  ( 0.0000000000000000000, 0.0000000000000000000, 1.000000000000000000 ) ) ;
#4348 = EDGE_CURVE ( 'NONE', #6984, #256, #6464, .T. ) ;
#4349 = ADVANCED_FACE ( 'NONE', ( #756 ), #3613, .T. ) ;
#4350 = COLOUR_RGB ( '',0.7529411764705882248, 0.7529411764705882248, 0.7529411764705882248 ) ;
#4351 = CARTESIAN_POINT ( 'NONE',  ( 2.054424841141346825, -0.1250000000000000000, 5.747759680298863667E-19 ) ) ;
#4352 = VERTEX_POINT ( 'NONE', #264 ) ;
#4353 = CARTESIAN_POINT ( 'NONE',  ( -1.200000000000000178, 0.9000000000000000222, 1.149999999999999911 ) ) ;
#4354 = ORIENTED_EDGE ( 'NONE', *, *, #4819, .F. ) ;
#4355 = DIRECTION ( 'NONE',  ( 0.0000000000000000000, 0.0000000000000000000, 1.000000000000000000 ) ) ;
#4356 = VERTEX_POINT ( 'NONE', #1376 ) ;
#4357 = CARTESIAN_POINT ( 'NONE',  ( 1.641086831975067550, -0.6250000000000000000, 0.4931980538652447343 ) ) ;
#4358 = EDGE_CURVE ( 'NONE', #6738, #3376, #1902, .T. ) ;
#4359 = FACE_OUTER_BOUND ( 'NONE', #1497, .T. ) ;
#4360 = CARTESIAN_POINT ( 'NONE',  ( 2.054424841141345048, -0.6250000000000000000, 0.1799999999999997158 ) ) ;
#4361 = VECTOR ( 'NONE', #5345, 1000.000000000000000 ) ;
#4362 = VERTEX_POINT ( 'NONE', #794 ) ;
#4363 =( LENGTH_UNIT ( ) NAMED_UNIT ( * ) SI_UNIT ( .MILLI., .METRE. ) );
#4364 = CARTESIAN_POINT ( 'NONE',  ( 1.640975210307352938, -0.3749999999999998890, 0.4940000000000004943 ) ) ;
#4365 = CIRCLE ( 'NONE', #1264, 0.2800000000000000822 ) ;
#4366 =( NAMED_UNIT ( * ) SI_UNIT ( $, .STERADIAN. ) SOLID_ANGLE_UNIT ( ) );
#4367 = LINE ( 'NONE', #2674, #1938 ) ;
#4368 = CARTESIAN_POINT ( 'NONE',  ( -1.777098337962921937, 0.8750000000000000000, 0.2413993441140163121 ) ) ;
#4369 = PRESENTATION_STYLE_ASSIGNMENT (( #6119 ) ) ;
#4370 = MECHANICAL_DESIGN_GEOMETRIC_PRESENTATION_REPRESENTATION (  '', ( #3415 ), #5081 ) ;
#4371 = FILL_AREA_STYLE ('',( #5419 ) ) ;
#4372 = ADVANCED_FACE ( 'NONE', ( #3543 ), #2536, .T. ) ;
#4373 = CARTESIAN_POINT ( 'NONE',  ( 1.918413335153490440, 1.125000000000000222, 0.5317987097512297812 ) ) ;
#4374 = AXIS2_PLACEMENT_3D ( 'NONE', #6375, #2885, #3497 ) ;
#4375 = CARTESIAN_POINT ( 'NONE',  ( -1.490125689080326277, 0.3750000000000000000, 0.5940000000000001945 ) ) ;
#4376 = PRESENTATION_STYLE_ASSIGNMENT (( #2683 ) ) ;
#4377 = AXIS2_PLACEMENT_3D ( 'NONE', #7112, #3795, #6085 ) ;
#4378 = VERTEX_POINT ( 'NONE', #2973 ) ;
#4379 =( NAMED_UNIT ( * ) PLANE_ANGLE_UNIT ( ) SI_UNIT ( $, .RADIAN. ) );
#4380 = AXIS2_PLACEMENT_3D ( 'NONE', #3331, #2263, #6825 ) ;
#4381 = MECHANICAL_DESIGN_GEOMETRIC_PRESENTATION_REPRESENTATION (  '', ( #5454 ), #7100 ) ;
#4382 = PLANE ( 'NONE',  #519 ) ;
#4383 = LINE ( 'NONE', #4415, #761 ) ;
#4384 = DIRECTION ( 'NONE',  ( 1.000000000000000000, 0.0000000000000000000, 0.0000000000000000000 ) ) ;
#4385 = CARTESIAN_POINT ( 'NONE',  ( -1.375410794124024338, 1.125000000000000222, 0.5939999999999999725 ) ) ;
#4386 = ORIENTED_EDGE ( 'NONE', *, *, #7080, .T. ) ;
#4387 = ORIENTED_EDGE ( 'NONE', *, *, #4109, .F. ) ;
#4388 = PRESENTATION_STYLE_ASSIGNMENT (( #1712 ) ) ;
#4389 = FACE_OUTER_BOUND ( 'NONE', #5383, .T. ) ;
#4390 = ORIENTED_EDGE ( 'NONE', *, *, #2607, .T. ) ;
#4391 = CARTESIAN_POINT ( 'NONE',  ( -1.050000000000000044, 0.9000000000000000222, 1.100000000000000089 ) ) ;
#4392 = ORIENTED_EDGE ( 'NONE', *, *, #6850, .F. ) ;
#4393 = EDGE_CURVE ( 'NONE', #1298, #3448, #6863, .T. ) ;
#4394 = VERTEX_POINT ( 'NONE', #302 ) ;
#4395 = EDGE_CURVE ( 'NONE', #3258, #5939, #4726, .T. ) ;
#4396 = DIRECTION ( 'NONE',  ( 0.1378594853070949366, 0.0000000000000000000, -0.9904517970657951142 ) ) ;
#4397 = DIRECTION ( 'NONE',  ( 0.0000000000000000000, -0.0000000000000000000, 1.000000000000000000 ) ) ;
#4398 = CARTESIAN_POINT ( 'NONE',  ( 2.450000000000000178, 0.6250000000000001110, 0.0000000000000000000 ) ) ;
#4399 = EDGE_LOOP ( 'NONE', ( #4682, #692, #624, #6977, #1859, #6710, #2762, #1731, #2588, #3784, #6060, #3345, #6936 ) ) ;
#4400 = PRESENTATION_STYLE_ASSIGNMENT (( #2180 ) ) ;
#4401 =( LENGTH_UNIT ( ) NAMED_UNIT ( * ) SI_UNIT ( .MILLI., .METRE. ) );
#4402 = UNCERTAINTY_MEASURE_WITH_UNIT (LENGTH_MEASURE( 1.000000000000000082E-05 ), #5346, 'distance_accuracy_value', 'NONE');
#4403 = FACE_OUTER_BOUND ( 'NONE', #5808, .T. ) ;
#4404 = EDGE_CURVE ( 'NONE', #4168, #5880, #4885, .T. ) ;
#4405 = MECHANICAL_DESIGN_GEOMETRIC_PRESENTATION_REPRESENTATION (  '', ( #1746 ), #1631 ) ;
#4406 = CARTESIAN_POINT ( 'NONE',  ( -1.500000000000000444, 1.125000000000000222, 0.6500000000000000222 ) ) ;
#4407 = VERTEX_POINT ( 'NONE', #3132 ) ;
#4408 = DIRECTION ( 'NONE',  ( 0.1378594853070949366, 0.0000000000000000000, -0.9904517970657951142 ) ) ;
#4409 = DIRECTION ( 'NONE',  ( 0.0000000000000000000, 0.0000000000000000000, 1.000000000000000000 ) ) ;
#4410 = VERTEX_POINT ( 'NONE', #940 ) ;
#4411 = EDGE_CURVE ( 'NONE', #971, #4190, #4367, .T. ) ;
#4412 = FACE_OUTER_BOUND ( 'NONE', #5193, .T. ) ;
#4413 = VECTOR ( 'NONE', #6208, 1000.000000000000000 ) ;
#4414 =( LENGTH_UNIT ( ) NAMED_UNIT ( * ) SI_UNIT ( .MILLI., .METRE. ) );
#4415 = CARTESIAN_POINT ( 'NONE',  ( 1.350000000000000089, 1.500000000000000000, 0.6500000000000000222 ) ) ;
#4416 = VECTOR ( 'NONE', #123, 999.9999999999998863 ) ;
#4417 = LINE ( 'NONE', #6761, #5734 ) ;
#4418 = ORIENTED_EDGE ( 'NONE', *, *, #2878, .T. ) ;
#4419 = ORIENTED_EDGE ( 'NONE', *, *, #6037, .T. ) ;
#4420 = DIRECTION ( 'NONE',  ( -0.0000000000000000000, -1.000000000000000000, 0.0000000000000000000 ) ) ;
#4421 = VECTOR ( 'NONE', #1542, 1000.000000000000000 ) ;
#4422 =( NAMED_UNIT ( * ) SI_UNIT ( $, .STERADIAN. ) SOLID_ANGLE_UNIT ( ) );
#4423 = CARTESIAN_POINT ( 'NONE',  ( 2.450000000000000178, -0.6250000000000000000, 0.0000000000000000000 ) ) ;
#4424 = ORIENTED_EDGE ( 'NONE', *, *, #1444, .T. ) ;
#4425 = ORIENTED_EDGE ( 'NONE', *, *, #6901, .T. ) ;
#4426 = STYLED_ITEM ( 'NONE', ( #1362 ), #1371 ) ;
#4427 = ORIENTED_EDGE ( 'NONE', *, *, #3719, .F. ) ;
#4428 = SURFACE_STYLE_FILL_AREA ( #6078 ) ;
#4429 = DIRECTION ( 'NONE',  ( 0.2588190451025212946, -0.0000000000000000000, -0.9659258262890680902 ) ) ;
#4430 = CYLINDRICAL_SURFACE ( 'NONE', #1238, 0.09999999999999993616 ) ;
#4431 = EDGE_CURVE ( 'NONE', #2464, #476, #6509, .T. ) ;
#4432 = VERTEX_POINT ( 'NONE', #4964 ) ;
#4433 = SURFACE_SIDE_STYLE ('',( #148 ) ) ;
#4434 = VECTOR ( 'NONE', #1359, 1000.000000000000114 ) ;
#4435 = DIRECTION ( 'NONE',  ( 0.0000000000000000000, 1.000000000000000000, 0.0000000000000000000 ) ) ;
#4436 = DIRECTION ( 'NONE',  ( 0.0000000000000000000, 0.0000000000000000000, -1.000000000000000000 ) ) ;
#4437 =( GEOMETRIC_REPRESENTATION_CONTEXT ( 3 ) GLOBAL_UNCERTAINTY_ASSIGNED_CONTEXT ( ( #5520 ) ) GLOBAL_UNIT_ASSIGNED_CONTEXT ( ( #1716, #3894, #6180 ) ) REPRESENTATION_CONTEXT ( 'NONE', 'WORKASPACE' ) );
#4438 = PRODUCT_CONTEXT ( 'NONE', #641, 'mechanical' ) ;
#4439 = EDGE_CURVE ( 'NONE', #1749, #7174, #5668, .T. ) ;
#4440 = STYLED_ITEM ( 'NONE', ( #5973 ), #2515 ) ;
#4441 = ADVANCED_FACE ( 'NONE', ( #1588 ), #3763, .T. ) ;
#4442 = VERTEX_POINT ( 'NONE', #5512 ) ;
#4443 = CARTESIAN_POINT ( 'NONE',  ( 1.740020390013932605, 1.125000000000000222, 0.5077859485307089082 ) ) ;
#4444 = LINE ( 'NONE', #6723, #201 ) ;
#4445 = PLANE ( 'NONE',  #298 ) ;
#4446 =( NAMED_UNIT ( * ) SI_UNIT ( $, .STERADIAN. ) SOLID_ANGLE_UNIT ( ) );
#4447 = VECTOR ( 'NONE', #2553, 1000.000000000000000 ) ;
#4448 = EDGE_CURVE ( 'NONE', #3507, #6113, #5924, .T. ) ;
#4449 = DIRECTION ( 'NONE',  ( 1.000000000000000000, 0.0000000000000000000, 4.080918178602890545E-16 ) ) ;
#4450 = PRESENTATION_LAYER_ASSIGNMENT (  '', '', ( #6941 ) ) ;
#4451 = COLOUR_RGB ( '',0.7529411764705882248, 0.7529411764705882248, 0.7529411764705882248 ) ;
#4452 = PLANE ( 'NONE',  #629 ) ;
#4453 = ORIENTED_EDGE ( 'NONE', *, *, #4656, .T. ) ;
#4454 = ORIENTED_EDGE ( 'NONE', *, *, #6801, .F. ) ;
#4455 = LINE ( 'NONE', #6205, #5187 ) ;
#4456 =( GEOMETRIC_REPRESENTATION_CONTEXT ( 3 ) GLOBAL_UNCERTAINTY_ASSIGNED_CONTEXT ( ( #244 ) ) GLOBAL_UNIT_ASSIGNED_CONTEXT ( ( #2480, #3584, #874 ) ) REPRESENTATION_CONTEXT ( 'NONE', 'WORKASPACE' ) );
#4457 = MECHANICAL_DESIGN_GEOMETRIC_PRESENTATION_REPRESENTATION (  '', ( #7054 ), #2818 ) ;
#4458 = CARTESIAN_POINT ( 'NONE',  ( -2.450000000000000178, 1.125000000000000222, 0.0000000000000000000 ) ) ;
#4459 = ORIENTED_EDGE ( 'NONE', *, *, #3583, .F. ) ;
#4460 = DIRECTION ( 'NONE',  ( 0.1378594853070949089, -0.0000000000000000000, 0.9904517970657951142 ) ) ;
#4461 = ORIENTED_EDGE ( 'NONE', *, *, #1794, .F. ) ;
#4462 = EDGE_LOOP ( 'NONE', ( #1239, #4787, #3814, #6326 ) ) ;
#4463 = UNCERTAINTY_MEASURE_WITH_UNIT (LENGTH_MEASURE( 1.000000000000000082E-05 ), #2891, 'distance_accuracy_value', 'NONE');
#4464 = CARTESIAN_POINT ( 'NONE',  ( 1.918413335153490440, -0.1250000000000000000, 0.5317987097512297812 ) ) ;
#4465 = CIRCLE ( 'NONE', #5301, 0.1000000000000002554 ) ;
#4466 =( NAMED_UNIT ( * ) SI_UNIT ( $, .STERADIAN. ) SOLID_ANGLE_UNIT ( ) );
#4467 = COLOUR_RGB ( '',0.7529411764705882248, 0.7529411764705882248, 0.7529411764705882248 ) ;
#4468 = FILL_AREA_STYLE ('',( #2247 ) ) ;
#4469 = ORIENTED_EDGE ( 'NONE', *, *, #6266, .F. ) ;
#4470 = SURFACE_STYLE_FILL_AREA ( #3902 ) ;
#4471 =( NAMED_UNIT ( * ) SI_UNIT ( $, .STERADIAN. ) SOLID_ANGLE_UNIT ( ) );
#4472 = CARTESIAN_POINT ( 'NONE',  ( 1.641086831975065774, -0.1250000000000000000, 0.7731980538652448720 ) ) ;
#4473 = DIRECTION ( 'NONE',  ( -2.041316732240672236E-15, 0.0000000000000000000, -1.000000000000000000 ) ) ;
#4474 = VECTOR ( 'NONE', #653, 1000.000000000000000 ) ;
#4475 =( GEOMETRIC_REPRESENTATION_CONTEXT ( 3 ) GLOBAL_UNCERTAINTY_ASSIGNED_CONTEXT ( ( #3433 ) ) GLOBAL_UNIT_ASSIGNED_CONTEXT ( ( #3475, #834, #2509 ) ) REPRESENTATION_CONTEXT ( 'NONE', 'WORKASPACE' ) );
#4476 = VERTEX_POINT ( 'NONE', #3248 ) ;
#4477 =( NAMED_UNIT ( * ) PLANE_ANGLE_UNIT ( ) SI_UNIT ( $, .RADIAN. ) );
#4478 = DIRECTION ( 'NONE',  ( 0.0000000000000000000, 1.000000000000000000, 0.0000000000000000000 ) ) ;
#4479 = FACE_OUTER_BOUND ( 'NONE', #1346, .T. ) ;
#4480 = UNCERTAINTY_MEASURE_WITH_UNIT (LENGTH_MEASURE( 1.000000000000000082E-05 ), #6143, 'distance_accuracy_value', 'NONE');
#4481 = COLOUR_RGB ( '',0.7529411764705882248, 0.7529411764705882248, 0.7529411764705882248 ) ;
#4482 = EDGE_CURVE ( 'NONE', #683, #6670, #3686, .T. ) ;
#4483 = AXIS2_PLACEMENT_3D ( 'NONE', #579, #685, #3365 ) ;
#4484 = ADVANCED_FACE ( 'NONE', ( #2030 ), #3651, .F. ) ;
#4485 = DIRECTION ( 'NONE',  ( 0.0000000000000000000, 0.0000000000000000000, -1.000000000000000000 ) ) ;
#4486 = ADVANCED_FACE ( 'NONE', ( #5588 ), #6683, .T. ) ;
#4487 =( GEOMETRIC_REPRESENTATION_CONTEXT ( 3 ) GLOBAL_UNCERTAINTY_ASSIGNED_CONTEXT ( ( #1075 ) ) GLOBAL_UNIT_ASSIGNED_CONTEXT ( ( #5657, #6158, #4966 ) ) REPRESENTATION_CONTEXT ( 'NONE', 'WORKASPACE' ) );
#4488 =( NAMED_UNIT ( * ) SI_UNIT ( $, .STERADIAN. ) SOLID_ANGLE_UNIT ( ) );
#4489 = LINE ( 'NONE', #1668, #7172 ) ;
#4490 = ORIENTED_EDGE ( 'NONE', *, *, #5268, .F. ) ;
#4491 = ORIENTED_EDGE ( 'NONE', *, *, #2975, .T. ) ;
#4492 = AXIS2_PLACEMENT_3D ( 'NONE', #1650, #2760, #5111 ) ;
#4493 = VECTOR ( 'NONE', #627, 1000.000000000000000 ) ;
#4494 = EDGE_CURVE ( 'NONE', #1977, #2791, #6807, .T. ) ;
#4495 =( GEOMETRIC_REPRESENTATION_CONTEXT ( 3 ) GLOBAL_UNCERTAINTY_ASSIGNED_CONTEXT ( ( #1985 ) ) GLOBAL_UNIT_ASSIGNED_CONTEXT ( ( #5032, #5618, #1231 ) ) REPRESENTATION_CONTEXT ( 'NONE', 'WORKASPACE' ) );
#4496 = PRESENTATION_STYLE_ASSIGNMENT (( #2272 ) ) ;
#4497 = PLANE ( 'NONE',  #2134 ) ;
#4498 =( LENGTH_UNIT ( ) NAMED_UNIT ( * ) SI_UNIT ( .MILLI., .METRE. ) );
#4499 = ORIENTED_EDGE ( 'NONE', *, *, #515, .F. ) ;
#4500 = SURFACE_STYLE_FILL_AREA ( #2239 ) ;
#4501 = ORIENTED_EDGE ( 'NONE', *, *, #2789, .T. ) ;
#4502 = EDGE_CURVE ( 'NONE', #841, #2098, #2889, .T. ) ;
#4503 =( LENGTH_UNIT ( ) NAMED_UNIT ( * ) SI_UNIT ( .MILLI., .METRE. ) );
#4504 = PRESENTATION_STYLE_ASSIGNMENT (( #1616 ) ) ;
#4505 = CYLINDRICAL_SURFACE ( 'NONE', #3387, 0.09999999999999993616 ) ;
#4506 = ORIENTED_EDGE ( 'NONE', *, *, #3314, .T. ) ;
#4507 =( LENGTH_UNIT ( ) NAMED_UNIT ( * ) SI_UNIT ( .MILLI., .METRE. ) );
#4508 = LINE ( 'NONE', #601, #2987 ) ;
#4509 = DIRECTION ( 'NONE',  ( 0.2588190451025213501, -0.0000000000000000000, 0.9659258262890680902 ) ) ;
#4510 = CYLINDRICAL_SURFACE ( 'NONE', #2677, 0.2799999999999998601 ) ;
#4511 = SURFACE_STYLE_FILL_AREA ( #6686 ) ;
#4512 = FILL_AREA_STYLE_COLOUR ( '', #2034 ) ;
#4513 = ORIENTED_EDGE ( 'NONE', *, *, #743, .T. ) ;
#4514 = LINE ( 'NONE', #1203, #6575 ) ;
#4515 = FILL_AREA_STYLE_COLOUR ( '', #6051 ) ;
#4516 = CARTESIAN_POINT ( 'NONE',  ( -1.500000000000000444, 0.3750000000000000000, 0.6500000000000000222 ) ) ;
#4517 = EDGE_CURVE ( 'NONE', #4194, #6310, #2167, .T. ) ;
#4518 = ADVANCED_FACE ( 'NONE', ( #1195 ), #2288, .T. ) ;
#4519 = ORIENTED_EDGE ( 'NONE', *, *, #1700, .T. ) ;
#4520 = VECTOR ( 'NONE', #6602, 1000.000000000000000 ) ;
#4521 = ORIENTED_EDGE ( 'NONE', *, *, #2132, .T. ) ;
#4522 = CARTESIAN_POINT ( 'NONE',  ( -2.054424841141344604, -1.125000000000000222, 0.2799999999999999711 ) ) ;
#4523 = FILL_AREA_STYLE_COLOUR ( '', #3040 ) ;
#4524 = ORIENTED_EDGE ( 'NONE', *, *, #3445, .T. ) ;
#4525 = DIRECTION ( 'NONE',  ( 1.000000000000000000, 0.0000000000000000000, 0.0000000000000000000 ) ) ;
#4526 = UNCERTAINTY_MEASURE_WITH_UNIT (LENGTH_MEASURE( 1.000000000000000082E-05 ), #945, 'distance_accuracy_value', 'NONE');
#4527 = EDGE_LOOP ( 'NONE', ( #6946, #2805, #7104, #5704 ) ) ;
#4528 = EDGE_LOOP ( 'NONE', ( #5480, #4628, #3165, #6921 ) ) ;
#4529 = UNCERTAINTY_MEASURE_WITH_UNIT (LENGTH_MEASURE( 1.000000000000000082E-05 ), #996, 'distance_accuracy_value', 'NONE');
#4530 = SURFACE_STYLE_FILL_AREA ( #5065 ) ;
#4531 = SURFACE_SIDE_STYLE ('',( #3428 ) ) ;
#4532 = AXIS2_PLACEMENT_3D ( 'NONE', #2860, #2249, #3931 ) ;
#4533 = EDGE_CURVE ( 'NONE', #6633, #446, #207, .T. ) ;
#4534 = ORIENTED_EDGE ( 'NONE', *, *, #5798, .T. ) ;
#4535 = DIRECTION ( 'NONE',  ( 1.000000000000000000, 0.0000000000000000000, -4.080918178602890545E-16 ) ) ;
#4536 =( NAMED_UNIT ( * ) PLANE_ANGLE_UNIT ( ) SI_UNIT ( $, .RADIAN. ) );
#4537 = SURFACE_STYLE_USAGE ( .BOTH. , #2822 ) ;
#4538 = CARTESIAN_POINT ( 'NONE',  ( -1.466989180957722017, -0.1250000000000000000, 0.7731980538652447610 ) ) ;
#4539 = FACE_BOUND ( 'NONE', #1424, .T. ) ;
#4540 = DIRECTION ( 'NONE',  ( 0.2588190451025213501, -0.0000000000000000000, 0.9659258262890680902 ) ) ;
#4541 =( NAMED_UNIT ( * ) PLANE_ANGLE_UNIT ( ) SI_UNIT ( $, .RADIAN. ) );
#4542 = STYLED_ITEM ( 'NONE', ( #3241 ), #5001 ) ;
#4543 = VERTEX_POINT ( 'NONE', #3022 ) ;
#4544 = DIRECTION ( 'NONE',  ( -1.453013302676229291E-18, 0.0000000000000000000, -1.000000000000000000 ) ) ;
#4545 = CARTESIAN_POINT ( 'NONE',  ( -1.640975210307352938, 1.125000000000000222, 0.4940000000000004943 ) ) ;
#4546 =( GEOMETRIC_REPRESENTATION_CONTEXT ( 3 ) GLOBAL_UNCERTAINTY_ASSIGNED_CONTEXT ( ( #4936 ) ) GLOBAL_UNIT_ASSIGNED_CONTEXT ( ( #1923, #5916, #1858 ) ) REPRESENTATION_CONTEXT ( 'NONE', 'WORKASPACE' ) );
#4547 = UNCERTAINTY_MEASURE_WITH_UNIT (LENGTH_MEASURE( 1.000000000000000082E-05 ), #5356, 'distance_accuracy_value', 'NONE');
#4548 = DIRECTION ( 'NONE',  ( 0.0000000000000000000, 1.000000000000000000, 0.0000000000000000000 ) ) ;
#4549 = LINE ( 'NONE', #6822, #5545 ) ;
#4550 = STYLED_ITEM ( 'NONE', ( #5912 ), #5174 ) ;
#4551 = AXIS2_PLACEMENT_3D ( 'NONE', #218, #5173, #284 ) ;
#4552 = DIRECTION ( 'NONE',  ( 0.9904517970657956694, 0.0000000000000000000, -0.1378594853070907733 ) ) ;
#4553 = CARTESIAN_POINT ( 'NONE',  ( 1.375410794124024338, -1.125000000000000222, 0.7731980538652447610 ) ) ;
#4554 =( GEOMETRIC_REPRESENTATION_CONTEXT ( 3 ) GLOBAL_UNCERTAINTY_ASSIGNED_CONTEXT ( ( #2629 ) ) GLOBAL_UNIT_ASSIGNED_CONTEXT ( ( #229, #749, #1331 ) ) REPRESENTATION_CONTEXT ( 'NONE', 'WORKASPACE' ) );
#4555 = FACE_OUTER_BOUND ( 'NONE', #139, .T. ) ;
#4556 =( NAMED_UNIT ( * ) PLANE_ANGLE_UNIT ( ) SI_UNIT ( $, .RADIAN. ) );
#4557 = VECTOR ( 'NONE', #1595, 1000.000000000000000 ) ;
#4558 = ORIENTED_EDGE ( 'NONE', *, *, #3494, .T. ) ;
#4559 = ORIENTED_EDGE ( 'NONE', *, *, #1570, .F. ) ;
#4560 = CARTESIAN_POINT ( 'NONE',  ( 1.740020390013932605, -0.6250000000000000000, 0.5077859485307089082 ) ) ;
#4561 = MECHANICAL_DESIGN_GEOMETRIC_PRESENTATION_REPRESENTATION (  '', ( #3940 ), #3379 ) ;
#4562 = VECTOR ( 'NONE', #5191, 1000.000000000000114 ) ;
#4563 = VERTEX_POINT ( 'NONE', #4047 ) ;
#4564 = DIRECTION ( 'NONE',  ( -1.000000000000000000, 0.0000000000000000000, 1.453013302676229099E-18 ) ) ;
#4565 = VERTEX_POINT ( 'NONE', #5184 ) ;
#4566 =( GEOMETRIC_REPRESENTATION_CONTEXT ( 3 ) GLOBAL_UNCERTAINTY_ASSIGNED_CONTEXT ( ( #4653 ) ) GLOBAL_UNIT_ASSIGNED_CONTEXT ( ( #5117, #757, #795 ) ) REPRESENTATION_CONTEXT ( 'NONE', 'WORKASPACE' ) );
#4567 = ORIENTED_EDGE ( 'NONE', *, *, #2438, .F. ) ;
#4568 = MECHANICAL_DESIGN_GEOMETRIC_PRESENTATION_REPRESENTATION (  '', ( #282 ), #537 ) ;
#4569 = PRESENTATION_LAYER_ASSIGNMENT (  '', '', ( #4335 ) ) ;
#4570 = CARTESIAN_POINT ( 'NONE',  ( -1.350000000000000533, 1.500000000000000000, 0.6500000000000000222 ) ) ;
#4571 = EDGE_CURVE ( 'NONE', #3582, #2740, #1300, .T. ) ;
#4572 = FILL_AREA_STYLE_COLOUR ( '', #4323 ) ;
#4573 = STYLED_ITEM ( 'NONE', ( #5171 ), #3350 ) ;
#4574 = DIRECTION ( 'NONE',  ( 0.0000000000000000000, 1.000000000000000000, 0.0000000000000000000 ) ) ;
#4575 = ORIENTED_EDGE ( 'NONE', *, *, #4646, .F. ) ;
#4576 = LINE ( 'NONE', #4016, #1539 ) ;
#4577 = DIRECTION ( 'NONE',  ( 0.2588190451025213501, -0.0000000000000000000, 0.9659258262890680902 ) ) ;
#4578 = VERTEX_POINT ( 'NONE', #1327 ) ;
#4579 = STYLED_ITEM ( 'NONE', ( #5626 ), #3674 ) ;
#4580 = CARTESIAN_POINT ( 'NONE',  ( 1.375410794124024338, 0.8750000000000000000, 0.5939999999999999725 ) ) ;
#4581 = DIRECTION ( 'NONE',  ( -0.0000000000000000000, -1.000000000000000000, -0.0000000000000000000 ) ) ;
#4582 = ORIENTED_EDGE ( 'NONE', *, *, #2611, .T. ) ;
#4583 = DIRECTION ( 'NONE',  ( -1.000000000000000000, 0.0000000000000000000, 1.453013302676229291E-18 ) ) ;
#4584 = CARTESIAN_POINT ( 'NONE',  ( 1.350000000000000089, 1.350000000000000089, 0.6500000000000000222 ) ) ;
#4585 = STYLED_ITEM ( 'NONE', ( #7194 ), #3746 ) ;
#4586 = FACE_OUTER_BOUND ( 'NONE', #5585, .T. ) ;
#4587 = EDGE_CURVE ( 'NONE', #6139, #3589, #4608, .T. ) ;
#4588 =( LENGTH_UNIT ( ) NAMED_UNIT ( * ) SI_UNIT ( .MILLI., .METRE. ) );
#4589 = DIRECTION ( 'NONE',  ( 0.0000000000000000000, 1.000000000000000000, 0.0000000000000000000 ) ) ;
#4590 = SURFACE_STYLE_FILL_AREA ( #1765 ) ;
#4591 = SURFACE_STYLE_FILL_AREA ( #4140 ) ;
#4592 = COLOUR_RGB ( '',0.7529411764705882248, 0.7529411764705882248, 0.7529411764705882248 ) ;
#4593 = ORIENTED_EDGE ( 'NONE', *, *, #4746, .F. ) ;
#4594 = ORIENTED_EDGE ( 'NONE', *, *, #6657, .F. ) ;
#4595 = CARTESIAN_POINT ( 'NONE',  ( 1.490125689080325833, 1.125000000000000222, 0.5940000000000001945 ) ) ;
#4596 =( GEOMETRIC_REPRESENTATION_CONTEXT ( 3 ) GLOBAL_UNCERTAINTY_ASSIGNED_CONTEXT ( ( #4463 ) ) GLOBAL_UNIT_ASSIGNED_CONTEXT ( ( #2891, #6852, #6885 ) ) REPRESENTATION_CONTEXT ( 'NONE', 'WORKASPACE' ) );
#4597 = CARTESIAN_POINT ( 'NONE',  ( -2.054424841141344604, 0.3750000000000000000, 0.2799999999999999711 ) ) ;
#4598 = SURFACE_SIDE_STYLE ('',( #5131 ) ) ;
#4599 = ORIENTED_EDGE ( 'NONE', *, *, #4609, .F. ) ;
#4600 = ORIENTED_EDGE ( 'NONE', *, *, #2175, .F. ) ;
#4601 =( GEOMETRIC_REPRESENTATION_CONTEXT ( 3 ) GLOBAL_UNCERTAINTY_ASSIGNED_CONTEXT ( ( #3566 ) ) GLOBAL_UNIT_ASSIGNED_CONTEXT ( ( #4288, #1544, #460 ) ) REPRESENTATION_CONTEXT ( 'NONE', 'WORKASPACE' ) );
#4602 = STYLED_ITEM ( 'NONE', ( #3703 ), #7115 ) ;
#4603 = VECTOR ( 'NONE', #2325, 1000.000000000000000 ) ;
#4604 = DIRECTION ( 'NONE',  ( 1.000000000000000000, -0.0000000000000000000, -1.370412358063294448E-16 ) ) ;
#4605 = CARTESIAN_POINT ( 'NONE',  ( 2.054424841141345048, -0.8749999999999998890, 0.1799999999999997158 ) ) ;
#4606 = ORIENTED_EDGE ( 'NONE', *, *, #3446, .T. ) ;
#4607 = EDGE_CURVE ( 'NONE', #1507, #4394, #6848, .T. ) ;
#4608 = LINE ( 'NONE', #253, #2855 ) ;
#4609 = EDGE_CURVE ( 'NONE', #3671, #1785, #3463, .T. ) ;
#4610 = CARTESIAN_POINT ( 'NONE',  ( -1.641086831975067550, 0.1250000000000001110, 0.4931980538652447343 ) ) ;
#4611 = ORIENTED_EDGE ( 'NONE', *, *, #1481, .F. ) ;
#4612 = AXIS2_PLACEMENT_3D ( 'NONE', #974, #7111, #5416 ) ;
#4613 = EDGE_CURVE ( 'NONE', #3019, #5469, #2964, .T. ) ;
#4614 = LINE ( 'NONE', #6989, #1438 ) ;
#4615 = ORIENTED_EDGE ( 'NONE', *, *, #6805, .F. ) ;
#4616 = DIRECTION ( 'NONE',  ( 1.000000000000000000, 0.0000000000000000000, 4.080918178602890545E-16 ) ) ;
#4617 = CARTESIAN_POINT ( 'NONE',  ( 2.054424841141346825, -0.6250000000000000000, 5.747759680298863667E-19 ) ) ;
#4618 = EDGE_CURVE ( 'NONE', #5126, #3507, #6882, .T. ) ;
#4619 = PRESENTATION_STYLE_ASSIGNMENT (( #3546 ) ) ;
#4620 = SURFACE_SIDE_STYLE ('',( #5777 ) ) ;
#4621 = SURFACE_SIDE_STYLE ('',( #1312 ) ) ;
#4622 = DIRECTION ( 'NONE',  ( 0.0000000000000000000, 1.000000000000000000, 0.0000000000000000000 ) ) ;
#4623 = ORIENTED_EDGE ( 'NONE', *, *, #3568, .T. ) ;
#4624 = VECTOR ( 'NONE', #7150, 1000.000000000000000 ) ;
#4625 = PLANE ( 'NONE',  #2916 ) ;
#4626 =( NAMED_UNIT ( * ) SI_UNIT ( $, .STERADIAN. ) SOLID_ANGLE_UNIT ( ) );
#4627 = ORIENTED_EDGE ( 'NONE', *, *, #635, .T. ) ;
#4628 = ORIENTED_EDGE ( 'NONE', *, *, #5676, .T. ) ;
#4629 = ORIENTED_EDGE ( 'NONE', *, *, #1353, .T. ) ;
#4630 = PRESENTATION_LAYER_ASSIGNMENT (  '', '', ( #5703 ) ) ;
#4631 = DIRECTION ( 'NONE',  ( 0.0000000000000000000, 0.0000000000000000000, 1.000000000000000000 ) ) ;
#4632 = VERTEX_POINT ( 'NONE', #6451 ) ;
#4633 = CARTESIAN_POINT ( 'NONE',  ( -2.054424841141344604, 1.125000000000000222, 0.2799999999999999711 ) ) ;
#4634 = PRESENTATION_LAYER_ASSIGNMENT (  '', '', ( #606 ) ) ;
#4635 =( NAMED_UNIT ( * ) PLANE_ANGLE_UNIT ( ) SI_UNIT ( $, .RADIAN. ) );
#4636 = VERTEX_POINT ( 'NONE', #783 ) ;
#4637 = LINE ( 'NONE', #5145, #154 ) ;
#4638 = PRESENTATION_LAYER_ASSIGNMENT (  '', '', ( #6335 ) ) ;
#4639 = ORIENTED_EDGE ( 'NONE', *, *, #682, .F. ) ;
#4640 = PRESENTATION_STYLE_ASSIGNMENT (( #2431 ) ) ;
#4641 = SURFACE_STYLE_USAGE ( .BOTH. , #6462 ) ;
#4642 = CARTESIAN_POINT ( 'NONE',  ( -1.500000000000000444, -0.3749999999999998890, 0.6500000000000000222 ) ) ;
#4643 = CIRCLE ( 'NONE', #2095, 0.2799999999999998601 ) ;
#4644 = DIRECTION ( 'NONE',  ( -1.000000000000000000, 0.0000000000000000000, 1.453013302676229099E-18 ) ) ;
#4645 = PLANE ( 'NONE',  #4709 ) ;
#4646 = EDGE_CURVE ( 'NONE', #6175, #3305, #1892, .T. ) ;
#4647 = EDGE_CURVE ( 'NONE', #7083, #3231, #6531, .T. ) ;
#4648 = MECHANICAL_DESIGN_GEOMETRIC_PRESENTATION_REPRESENTATION (  '', ( #4426 ), #4546 ) ;
#4649 = LINE ( 'NONE', #206, #1806 ) ;
#4650 = DIRECTION ( 'NONE',  ( 0.0000000000000000000, 0.0000000000000000000, 1.000000000000000000 ) ) ;
#4651 = DIRECTION ( 'NONE',  ( 0.0000000000000000000, 1.000000000000000000, 0.0000000000000000000 ) ) ;
#4652 = ORIENTED_EDGE ( 'NONE', *, *, #638, .F. ) ;
#4653 = UNCERTAINTY_MEASURE_WITH_UNIT (LENGTH_MEASURE( 1.000000000000000082E-05 ), #5117, 'distance_accuracy_value', 'NONE');
#4654 = SURFACE_STYLE_USAGE ( .BOTH. , #2441 ) ;
#4656 = EDGE_CURVE ( 'NONE', #5880, #6494, #1363, .T. ) ;
#4655 = SURFACE_STYLE_FILL_AREA ( #1383 ) ;
#4657 = DIRECTION ( 'NONE',  ( -1.000000000000000000, 0.0000000000000000000, 0.0000000000000000000 ) ) ;
#4658 =( NAMED_UNIT ( * ) SI_UNIT ( $, .STERADIAN. ) SOLID_ANGLE_UNIT ( ) );
#4659 = MECHANICAL_DESIGN_GEOMETRIC_PRESENTATION_REPRESENTATION (  '', ( #7176 ), #5036 ) ;
#4660 = FILL_AREA_STYLE ('',( #5277 ) ) ;
#4661 = STYLED_ITEM ( 'NONE', ( #2539 ), #2531 ) ;
#4662 =( LENGTH_UNIT ( ) NAMED_UNIT ( * ) SI_UNIT ( .MILLI., .METRE. ) );
#4663 = ORIENTED_EDGE ( 'NONE', *, *, #2392, .T. ) ;
#4664 = VERTEX_POINT ( 'NONE', #5878 ) ;
#4665 = ORIENTED_EDGE ( 'NONE', *, *, #5268, .T. ) ;
#4666 = DIRECTION ( 'NONE',  ( -0.0000000000000000000, 0.0000000000000000000, -1.000000000000000000 ) ) ;
#4667 = VECTOR ( 'NONE', #2014, 1000.000000000000000 ) ;
#4668 = AXIS2_PLACEMENT_3D ( 'NONE', #7242, #2802, #3332 ) ;
#4669 = LINE ( 'NONE', #2312, #6648 ) ;
#4670 =( GEOMETRIC_REPRESENTATION_CONTEXT ( 3 ) GLOBAL_UNCERTAINTY_ASSIGNED_CONTEXT ( ( #5153 ) ) GLOBAL_UNIT_ASSIGNED_CONTEXT ( ( #6459, #5842, #3511 ) ) REPRESENTATION_CONTEXT ( 'NONE', 'WORKASPACE' ) );
#4671 = ADVANCED_FACE ( 'NONE', ( #2990 ), #5255, .T. ) ;
#4672 =( LENGTH_UNIT ( ) NAMED_UNIT ( * ) SI_UNIT ( .MILLI., .METRE. ) );
#4673 = VERTEX_POINT ( 'NONE', #7102 ) ;
#4674 = DIRECTION ( 'NONE',  ( -1.000000000000000000, 0.0000000000000000000, 0.0000000000000000000 ) ) ;
#4675 = FILL_AREA_STYLE ('',( #891 ) ) ;
#4676 = UNCERTAINTY_MEASURE_WITH_UNIT (LENGTH_MEASURE( 1.000000000000000082E-05 ), #902, 'distance_accuracy_value', 'NONE');
#4677 = ORIENTED_EDGE ( 'NONE', *, *, #4175, .T. ) ;
#4678 = UNCERTAINTY_MEASURE_WITH_UNIT (LENGTH_MEASURE( 1.000000000000000082E-05 ), #1180, 'distance_accuracy_value', 'NONE');
#4679 = PRESENTATION_STYLE_ASSIGNMENT (( #5689 ) ) ;
#4680 = VECTOR ( 'NONE', #5890, 1000.000000000000000 ) ;
#4681 = STYLED_ITEM ( 'NONE', ( #6251 ), #3368 ) ;
#4682 = ORIENTED_EDGE ( 'NONE', *, *, #6307, .F. ) ;
#4683 = DIRECTION ( 'NONE',  ( 0.0000000000000000000, 1.000000000000000000, 0.0000000000000000000 ) ) ;
#4684 = CARTESIAN_POINT ( 'NONE',  ( 2.054424841141345048, 0.3750000000000000000, 0.2799999999999999711 ) ) ;
#4685 = CARTESIAN_POINT ( 'NONE',  ( 1.918413335153490440, 0.6250000000000001110, 0.5317987097512297812 ) ) ;
#4686 =( LENGTH_UNIT ( ) NAMED_UNIT ( * ) SI_UNIT ( .MILLI., .METRE. ) );
#4687 = UNCERTAINTY_MEASURE_WITH_UNIT (LENGTH_MEASURE( 1.000000000000000082E-05 ), #5822, 'distance_accuracy_value', 'NONE');
#4688 = CARTESIAN_POINT ( 'NONE',  ( -2.450000000000000178, -1.125000000000000222, 0.1799999999999999933 ) ) ;
#4689 = CARTESIAN_POINT ( 'NONE',  ( 1.500000000000000000, 1.350000000000000089, 0.6500000000000000222 ) ) ;
#4690 = FILL_AREA_STYLE_COLOUR ( '', #688 ) ;
#4691 = COLOUR_RGB ( '',0.7529411764705882248, 0.7529411764705882248, 0.7529411764705882248 ) ;
#4692 = DIRECTION ( 'NONE',  ( 0.0000000000000000000, 0.0000000000000000000, -1.000000000000000000 ) ) ;
#4693 = LINE ( 'NONE', #4061, #3401 ) ;
#4694 = SURFACE_SIDE_STYLE ('',( #6966 ) ) ;
#4695 = EDGE_CURVE ( 'NONE', #1325, #600, #1555, .T. ) ;
#4696 = LINE ( 'NONE', #6828, #4924 ) ;
#4697 = VERTEX_POINT ( 'NONE', #3205 ) ;
#4698 = STYLED_ITEM ( 'NONE', ( #2873 ), #6455 ) ;
#4699 = CARTESIAN_POINT ( 'NONE',  ( 2.054424841141345048, 0.6250000000000001110, 0.2799999999999999711 ) ) ;
#4700 = STYLED_ITEM ( 'NONE', ( #6254 ), #3808 ) ;
#4701 = CARTESIAN_POINT ( 'NONE',  ( -1.350000000000000533, 1.350000000000000089, 1.149999999999999911 ) ) ;
#4702 = VECTOR ( 'NONE', #797, 1000.000000000000000 ) ;
#4703 = DIRECTION ( 'NONE',  ( 0.0000000000000000000, 1.000000000000000000, 0.0000000000000000000 ) ) ;
#4704 = STYLED_ITEM ( 'NONE', ( #690 ), #3998 ) ;
#4705 = DIRECTION ( 'NONE',  ( 1.000000000000000000, 0.0000000000000000000, 6.852061790316472241E-17 ) ) ;
#4706 = ORIENTED_EDGE ( 'NONE', *, *, #3620, .T. ) ;
#4707 = ADVANCED_FACE ( 'NONE', ( #3086 ), #3121, .T. ) ;
#4708 = ORIENTED_EDGE ( 'NONE', *, *, #6801, .T. ) ;
#4709 = AXIS2_PLACEMENT_3D ( 'NONE', #6052, #6542, #3218 ) ;
#4710 = PRESENTATION_LAYER_ASSIGNMENT (  '', '', ( #3759 ) ) ;
#4711 = VECTOR ( 'NONE', #3470, 1000.000000000000000 ) ;
#4712 = CARTESIAN_POINT ( 'NONE',  ( -1.411836509645767679, 1.350000000000000089, 0.1499999999999999667 ) ) ;
#4713 = FILL_AREA_STYLE ('',( #6377 ) ) ;
#4714 =( NAMED_UNIT ( * ) SI_UNIT ( $, .STERADIAN. ) SOLID_ANGLE_UNIT ( ) );
#4715 = VERTEX_POINT ( 'NONE', #6328 ) ;
#4716 = CARTESIAN_POINT ( 'NONE',  ( 1.640975210307352050, -0.8749999999999998890, 0.5940000000000004166 ) ) ;
#4717 = VECTOR ( 'NONE', #742, 1000.000000000000000 ) ;
#4718 = EDGE_CURVE ( 'NONE', #5017, #6429, #1974, .T. ) ;
#4719 = FILL_AREA_STYLE_COLOUR ( '', #3972 ) ;
#4720 = ORIENTED_EDGE ( 'NONE', *, *, #5866, .T. ) ;
#4721 = STYLED_ITEM ( 'NONE', ( #2346 ), #7055 ) ;
#4722 = FILL_AREA_STYLE ('',( #710 ) ) ;
#4723 = ORIENTED_EDGE ( 'NONE', *, *, #3766, .F. ) ;
#4724 = CARTESIAN_POINT ( 'NONE',  ( 1.955379661434764715, -0.8749999999999998890, 0.2662140514692911686 ) ) ;
#4725 =( NAMED_UNIT ( * ) SI_UNIT ( $, .STERADIAN. ) SOLID_ANGLE_UNIT ( ) );
#4726 = LINE ( 'NONE', #4209, #3646 ) ;
#4727 = COLOUR_RGB ( '',0.7529411764705882248, 0.7529411764705882248, 0.7529411764705882248 ) ;
#4728 = FILL_AREA_STYLE ('',( #3687 ) ) ;
#4729 = CARTESIAN_POINT ( 'NONE',  ( 1.500000000000000000, -0.1250000000000000000, 0.6500000000000000222 ) ) ;
#4730 = DIRECTION ( 'NONE',  ( 0.0000000000000000000, 1.000000000000000000, 0.0000000000000000000 ) ) ;
#4731 = SURFACE_SIDE_STYLE ('',( #1970 ) ) ;
#4732 = LINE ( 'NONE', #4262, #5993 ) ;
#4733 = ORIENTED_EDGE ( 'NONE', *, *, #5582, .F. ) ;
#4734 = FILL_AREA_STYLE_COLOUR ( '', #1587 ) ;
#4735 =( NAMED_UNIT ( * ) SI_UNIT ( $, .STERADIAN. ) SOLID_ANGLE_UNIT ( ) );
#4736 = LINE ( 'NONE', #6478, #5413 ) ;
#4737 = ADVANCED_FACE ( 'NONE', ( #320 ), #7001, .T. ) ;
#4738 =( LENGTH_UNIT ( ) NAMED_UNIT ( * ) SI_UNIT ( .MILLI., .METRE. ) );
#4739 = LINE ( 'NONE', #7003, #3053 ) ;
#4740 = FILL_AREA_STYLE ('',( #5829 ) ) ;
#4741 = ORIENTED_EDGE ( 'NONE', *, *, #4647, .F. ) ;
#4742 = AXIS2_PLACEMENT_3D ( 'NONE', #3018, #4123, #5252 ) ;
#4743 = ORIENTED_EDGE ( 'NONE', *, *, #2718, .T. ) ;
#4744 = SURFACE_STYLE_FILL_AREA ( #883 ) ;
#4745 = ADVANCED_FACE ( 'NONE', ( #1384 ), #4625, .T. ) ;
#4746 = EDGE_CURVE ( 'NONE', #3293, #2183, #5739, .T. ) ;
#4747 = DIRECTION ( 'NONE',  ( 0.0000000000000000000, 1.000000000000000000, 0.0000000000000000000 ) ) ;
#4748 = EDGE_LOOP ( 'NONE', ( #3900, #4910, #4582, #668 ) ) ;
#4749 =( NAMED_UNIT ( * ) PLANE_ANGLE_UNIT ( ) SI_UNIT ( $, .RADIAN. ) );
#4750 = ORIENTED_EDGE ( 'NONE', *, *, #3179, .F. ) ;
#4751 = VECTOR ( 'NONE', #2881, 1000.000000000000000 ) ;
#4752 = DIRECTION ( 'NONE',  ( -0.0000000000000000000, -0.0000000000000000000, -1.000000000000000000 ) ) ;
#4753 = EDGE_CURVE ( 'NONE', #1026, #1161, #4302, .T. ) ;
#4754 = DIRECTION ( 'NONE',  ( -0.1378594853070907456, -0.0000000000000000000, 0.9904517970657956694 ) ) ;
#4755 = CARTESIAN_POINT ( 'NONE',  ( -2.450000000000000178, -0.3749999999999998890, 0.0000000000000000000 ) ) ;
#4756 =( GEOMETRIC_REPRESENTATION_CONTEXT ( 3 ) GLOBAL_UNCERTAINTY_ASSIGNED_CONTEXT ( ( #5970 ) ) GLOBAL_UNIT_ASSIGNED_CONTEXT ( ( #2066, #4293, #1021 ) ) REPRESENTATION_CONTEXT ( 'NONE', 'WORKASPACE' ) );
#4757 = ORIENTED_EDGE ( 'NONE', *, *, #5418, .T. ) ;
#4758 =( NAMED_UNIT ( * ) SI_UNIT ( $, .STERADIAN. ) SOLID_ANGLE_UNIT ( ) );
#4759 = CARTESIAN_POINT ( 'NONE',  ( -1.918413335153490440, -0.6250000000000000000, 0.5317987097512296701 ) ) ;
#4760 = CARTESIAN_POINT ( 'NONE',  ( -1.777098337962921937, -1.125000000000000222, 0.2413993441140163121 ) ) ;
#4761 = SURFACE_SIDE_STYLE ('',( #6890 ) ) ;
#4762 = UNCERTAINTY_MEASURE_WITH_UNIT (LENGTH_MEASURE( 1.000000000000000082E-05 ), #3255, 'distance_accuracy_value', 'NONE');
#4763 = PRESENTATION_STYLE_ASSIGNMENT (( #3615 ) ) ;
#4764 = CARTESIAN_POINT ( 'NONE',  ( 2.450000000000000178, -0.1250000000000000000, 0.0000000000000000000 ) ) ;
#4765 =( NAMED_UNIT ( * ) SI_UNIT ( $, .STERADIAN. ) SOLID_ANGLE_UNIT ( ) );
#4766 = ADVANCED_FACE ( 'NONE', ( #988 ), #5427, .F. ) ;
#4767 = SURFACE_STYLE_FILL_AREA ( #5307 ) ;
#4768 = FILL_AREA_STYLE_COLOUR ( '', #5758 ) ;
#4769 = SURFACE_STYLE_USAGE ( .BOTH. , #3659 ) ;
#4771 = COLOUR_RGB ( '',0.1176470588235294101, 0.1176470588235294101, 0.1176470588235294101 ) ;
#4770 = DIRECTION ( 'NONE',  ( 0.0000000000000000000, 0.0000000000000000000, -1.000000000000000000 ) ) ;
#4772 = ORIENTED_EDGE ( 'NONE', *, *, #597, .F. ) ;
#4773 = SURFACE_SIDE_STYLE ('',( #3694 ) ) ;
#4774 = CARTESIAN_POINT ( 'NONE',  ( -2.450000000000000178, 0.8750000000000000000, 0.0000000000000000000 ) ) ;
#4775 = CARTESIAN_POINT ( 'NONE',  ( 1.955379661434764715, 0.3750000000000000000, 0.2662140514692911686 ) ) ;
#4776 = FILL_AREA_STYLE ('',( #5353 ) ) ;
#4777 =( GEOMETRIC_REPRESENTATION_CONTEXT ( 3 ) GLOBAL_UNCERTAINTY_ASSIGNED_CONTEXT ( ( #5942 ) ) GLOBAL_UNIT_ASSIGNED_CONTEXT ( ( #5779, #5339, #1845 ) ) REPRESENTATION_CONTEXT ( 'NONE', 'WORKASPACE' ) );
#4778 = CARTESIAN_POINT ( 'NONE',  ( 1.740020390013932605, 0.8750000000000000000, 0.5077859485307089082 ) ) ;
#4779 = ORIENTED_EDGE ( 'NONE', *, *, #4517, .T. ) ;
#4780 = STYLED_ITEM ( 'NONE', ( #6765 ), #1527 ) ;
#4781 = ORIENTED_EDGE ( 'NONE', *, *, #6562, .T. ) ;
#4782 =( LENGTH_UNIT ( ) NAMED_UNIT ( * ) SI_UNIT ( .MILLI., .METRE. ) );
#4783 = STYLED_ITEM ( 'NONE', ( #6982 ), #5135 ) ;
#4784 = MECHANICAL_DESIGN_GEOMETRIC_PRESENTATION_REPRESENTATION (  '', ( #3131 ), #4320 ) ;
#4785 = VECTOR ( 'NONE', #5633, 1000.000000000000000 ) ;
#4786 = DIRECTION ( 'NONE',  ( 0.0000000000000000000, 1.000000000000000000, 0.0000000000000000000 ) ) ;
#4787 = ORIENTED_EDGE ( 'NONE', *, *, #2166, .F. ) ;
#4788 = CARTESIAN_POINT ( 'NONE',  ( -1.641086831975065774, -0.6250000000000000000, 0.7731980538652448720 ) ) ;
#4789 = AXIS2_PLACEMENT_3D ( 'NONE', #3569, #2358, #4051 ) ;
#4790 =( LENGTH_UNIT ( ) NAMED_UNIT ( * ) SI_UNIT ( .MILLI., .METRE. ) );
#4791 = MECHANICAL_DESIGN_GEOMETRIC_PRESENTATION_REPRESENTATION (  '', ( #1674 ), #5861 ) ;
#4792 = ADVANCED_FACE ( 'NONE', ( #2043 ), #6630, .T. ) ;
#4793 = VERTEX_POINT ( 'NONE', #4940 ) ;
#4794 = VECTOR ( 'NONE', #6309, 1000.000000000000000 ) ;
#4795 = EDGE_CURVE ( 'NONE', #451, #4052, #4223, .T. ) ;
#4796 = DIRECTION ( 'NONE',  ( -0.1378594853070907456, -0.0000000000000000000, 0.9904517970657956694 ) ) ;
#4797 = PLANE ( 'NONE',  #2345 ) ;
#4798 = EDGE_CURVE ( 'NONE', #764, #1293, #2158, .T. ) ;
#4799 = VECTOR ( 'NONE', #3156, 1000.000000000000000 ) ;
#4800 = CARTESIAN_POINT ( 'NONE',  ( 1.740020390013932605, 0.6250000000000001110, 0.5077859485307089082 ) ) ;
#4801 = VECTOR ( 'NONE', #1571, 1000.000000000000114 ) ;
#4802 = DIRECTION ( 'NONE',  ( -1.000000000000000000, -0.0000000000000000000, -2.041316732240672236E-15 ) ) ;
#4803 =( GEOMETRIC_REPRESENTATION_CONTEXT ( 3 ) GLOBAL_UNCERTAINTY_ASSIGNED_CONTEXT ( ( #4171 ) ) GLOBAL_UNIT_ASSIGNED_CONTEXT ( ( #2652, #5349, #2069 ) ) REPRESENTATION_CONTEXT ( 'NONE', 'WORKASPACE' ) );
#4804 = VERTEX_POINT ( 'NONE', #3805 ) ;
#4805 = DIRECTION ( 'NONE',  ( 0.0000000000000000000, 1.000000000000000000, 0.0000000000000000000 ) ) ;
#4806 = SURFACE_STYLE_FILL_AREA ( #2717 ) ;
#4807 = FILL_AREA_STYLE ('',( #4172 ) ) ;
#4808 = VECTOR ( 'NONE', #3550, 1000.000000000000000 ) ;
#4809 = EDGE_CURVE ( 'NONE', #964, #6290, #6095, .T. ) ;
#4810 = VECTOR ( 'NONE', #6666, 1000.000000000000000 ) ;
#4811 = PLANE ( 'NONE',  #3879 ) ;
#4812 = DIRECTION ( 'NONE',  ( 1.370412358063294448E-16, -0.0000000000000000000, 1.000000000000000000 ) ) ;
#4813 = AXIS2_PLACEMENT_3D ( 'NONE', #903, #5926, #5303 ) ;
#4814 =( NAMED_UNIT ( * ) PLANE_ANGLE_UNIT ( ) SI_UNIT ( $, .RADIAN. ) );
#4815 = DIRECTION ( 'NONE',  ( 0.0000000000000000000, 1.000000000000000000, 0.0000000000000000000 ) ) ;
#4816 = STYLED_ITEM ( 'NONE', ( #3474 ), #3628 ) ;
#4817 = DIRECTION ( 'NONE',  ( 0.0000000000000000000, 0.0000000000000000000, 1.000000000000000000 ) ) ;
#4818 = VERTEX_POINT ( 'NONE', #5525 ) ;
#4819 = EDGE_CURVE ( 'NONE', #7253, #6323, #2733, .T. ) ;
#4820 = SURFACE_STYLE_USAGE ( .BOTH. , #6552 ) ;
#4821 = DIRECTION ( 'NONE',  ( -0.0000000000000000000, -1.000000000000000000, -0.0000000000000000000 ) ) ;
#4822 = CARTESIAN_POINT ( 'NONE',  ( 2.450000000000000178, 0.8750000000000000000, 0.0000000000000000000 ) ) ;
#4823 = STYLED_ITEM ( 'NONE', ( #5464 ), #6372 ) ;
#4824 = FACE_OUTER_BOUND ( 'NONE', #5113, .T. ) ;
#4825 = AXIS2_PLACEMENT_3D ( 'NONE', #3244, #6331, #3284 ) ;
#4826 = ORIENTED_EDGE ( 'NONE', *, *, #4404, .F. ) ;
#4827 = UNCERTAINTY_MEASURE_WITH_UNIT (LENGTH_MEASURE( 1.000000000000000082E-05 ), #5220, 'distance_accuracy_value', 'NONE');
#4828 = EDGE_LOOP ( 'NONE', ( #562, #196, #6639, #3623 ) ) ;
#4829 = CYLINDRICAL_SURFACE ( 'NONE', #4222, 0.09999999999999993616 ) ;
#4830 = PRESENTATION_LAYER_ASSIGNMENT (  '', '', ( #2840 ) ) ;
#4831 = PRESENTATION_LAYER_ASSIGNMENT (  '', '', ( #3869 ) ) ;
#4832 = FACE_OUTER_BOUND ( 'NONE', #963, .T. ) ;
#4833 = DIRECTION ( 'NONE',  ( -1.000000000000000000, 0.0000000000000000000, -2.041316732240672236E-15 ) ) ;
#4834 = ORIENTED_EDGE ( 'NONE', *, *, #6363, .T. ) ;
#4835 = DIRECTION ( 'NONE',  ( 1.000000000000000000, 0.0000000000000000000, 6.852061790316472241E-17 ) ) ;
#4836 = DIRECTION ( 'NONE',  ( -0.0000000000000000000, -1.000000000000000000, -0.0000000000000000000 ) ) ;
#4837 = UNCERTAINTY_MEASURE_WITH_UNIT (LENGTH_MEASURE( 1.000000000000000082E-05 ), #2898, 'distance_accuracy_value', 'NONE');
#4838 = ORIENTED_EDGE ( 'NONE', *, *, #5051, .F. ) ;
#4839 = MECHANICAL_DESIGN_GEOMETRIC_PRESENTATION_REPRESENTATION (  '', ( #6637 ), #4475 ) ;
#4840 = UNCERTAINTY_MEASURE_WITH_UNIT (LENGTH_MEASURE( 1.000000000000000082E-05 ), #343, 'distance_accuracy_value', 'NONE');
#4841 = CARTESIAN_POINT ( 'NONE',  ( -2.054424841141345048, -1.125000000000000222, 0.1799999999999999101 ) ) ;
#4842 = PRESENTATION_LAYER_ASSIGNMENT (  '', '', ( #3415 ) ) ;
#4843 = VECTOR ( 'NONE', #6499, 1000.000000000000000 ) ;
#4844 = EDGE_CURVE ( 'NONE', #2491, #4442, #2226, .T. ) ;
#4845 = AXIS2_PLACEMENT_3D ( 'NONE', #1867, #5302, #2936 ) ;
#4846 = CARTESIAN_POINT ( 'NONE',  ( -1.500000000000000444, 1.125000000000000222, 0.6500000000000000222 ) ) ;
#4847 = EDGE_CURVE ( 'NONE', #6333, #7058, #751, .T. ) ;
#4848 = ORIENTED_EDGE ( 'NONE', *, *, #6383, .F. ) ;
#4849 = FILL_AREA_STYLE_COLOUR ( '', #3867 ) ;
#4850 = DIRECTION ( 'NONE',  ( 0.0000000000000000000, 1.000000000000000000, 0.0000000000000000000 ) ) ;
#4851 = UNCERTAINTY_MEASURE_WITH_UNIT (LENGTH_MEASURE( 1.000000000000000082E-05 ), #3372, 'distance_accuracy_value', 'NONE');
#4852 = CYLINDRICAL_SURFACE ( 'NONE', #3735, 0.2800000000000000822 ) ;
#4853 = VECTOR ( 'NONE', #2447, 1000.000000000000000 ) ;
#4854 = MECHANICAL_DESIGN_GEOMETRIC_PRESENTATION_REPRESENTATION (  '', ( #2969 ), #5562 ) ;
#4855 = FILL_AREA_STYLE ('',( #2613 ) ) ;
#4856 = COLOUR_RGB ( '',0.7529411764705882248, 0.7529411764705882248, 0.7529411764705882248 ) ;
#4857 = EDGE_CURVE ( 'NONE', #6851, #6704, #1560, .T. ) ;
#4858 = AXIS2_PLACEMENT_3D ( 'NONE', #939, #341, #4287 ) ;
#4859 = CARTESIAN_POINT ( 'NONE',  ( 1.490125689080326055, 0.6250000000000001110, 0.5940000000000000835 ) ) ;
#4860 = DIRECTION ( 'NONE',  ( 0.0000000000000000000, 0.0000000000000000000, 1.000000000000000000 ) ) ;
#4861 = ORIENTED_EDGE ( 'NONE', *, *, #4844, .F. ) ;
#4862 = FILL_AREA_STYLE ('',( #6062 ) ) ;
#4863 = EDGE_CURVE ( 'NONE', #3329, #2004, #3952, .T. ) ;
#4864 =( NAMED_UNIT ( * ) SI_UNIT ( $, .STERADIAN. ) SOLID_ANGLE_UNIT ( ) );
#4865 = DIRECTION ( 'NONE',  ( 0.0000000000000000000, 0.0000000000000000000, -1.000000000000000000 ) ) ;
#4866 = CARTESIAN_POINT ( 'NONE',  ( -2.054424841141344604, -0.1250000000000000000, 0.2799999999999999711 ) ) ;
#4867 = ORIENTED_EDGE ( 'NONE', *, *, #193, .F. ) ;
#4868 = VERTEX_POINT ( 'NONE', #5666 ) ;
#4869 = FILL_AREA_STYLE ('',( #3673 ) ) ;
#4870 = CARTESIAN_POINT ( 'NONE',  ( -2.450000000000000178, -0.3749999999999998890, 0.1799999999999999933 ) ) ;
#4871 = ADVANCED_FACE ( 'NONE', ( #6826 ), #5119, .T. ) ;
#4872 = CARTESIAN_POINT ( 'NONE',  ( -1.918413335153490440, -1.125000000000000222, 0.5317987097512296701 ) ) ;
#4873 = EDGE_LOOP ( 'NONE', ( #6987, #7041, #366, #216 ) ) ;
#4874 = DIRECTION ( 'NONE',  ( 0.0000000000000000000, 1.000000000000000000, 0.0000000000000000000 ) ) ;
#4875 = CARTESIAN_POINT ( 'NONE',  ( -1.640975210307352050, 0.3750000000000000000, 0.5940000000000004166 ) ) ;
#4876 = VERTEX_POINT ( 'NONE', #583 ) ;
#4877 = MECHANICAL_DESIGN_GEOMETRIC_PRESENTATION_REPRESENTATION (  '', ( #2065 ), #2417 ) ;
#4878 = CARTESIAN_POINT ( 'NONE',  ( 1.740020390013932605, 0.3750000000000000000, 0.5077859485307089082 ) ) ;
#4879 = PRESENTATION_STYLE_ASSIGNMENT (( #5448 ) ) ;
#4880 =( NAMED_UNIT ( * ) SI_UNIT ( $, .STERADIAN. ) SOLID_ANGLE_UNIT ( ) );
#4881 = VERTEX_POINT ( 'NONE', #3880 ) ;
#4882 =( LENGTH_UNIT ( ) NAMED_UNIT ( * ) SI_UNIT ( .MILLI., .METRE. ) );
#4883 = SURFACE_STYLE_USAGE ( .BOTH. , #3245 ) ;
#4884 = CARTESIAN_POINT ( 'NONE',  ( -2.450000000000000178, 0.3750000000000000000, 0.0000000000000000000 ) ) ;
#4885 = LINE ( 'NONE', #2610, #2388 ) ;
#4886 = DIRECTION ( 'NONE',  ( -1.606225440719266367E-16, 1.000000000000000000, -3.278814867890886907E-31 ) ) ;
#4887 = DIRECTION ( 'NONE',  ( -1.000000000000000000, 0.0000000000000000000, 0.0000000000000000000 ) ) ;
#4888 =( NAMED_UNIT ( * ) PLANE_ANGLE_UNIT ( ) SI_UNIT ( $, .RADIAN. ) );
#4889 = LINE ( 'NONE', #1598, #2621 ) ;
#4890 = DIRECTION ( 'NONE',  ( -0.9904517970657951142, 0.0000000000000000000, 0.1378594853070949366 ) ) ;
#4891 = ORIENTED_EDGE ( 'NONE', *, *, #4195, .T. ) ;
#4892 = EDGE_CURVE ( 'NONE', #5547, #5475, #6729, .T. ) ;
#4893 = FILL_AREA_STYLE ('',( #6094 ) ) ;
#4894 = EDGE_CURVE ( 'NONE', #6444, #1564, #5722, .T. ) ;
#4895 =( NAMED_UNIT ( * ) PLANE_ANGLE_UNIT ( ) SI_UNIT ( $, .RADIAN. ) );
#4896 = SURFACE_STYLE_FILL_AREA ( #6063 ) ;
#4897 = VECTOR ( 'NONE', #3175, 1000.000000000000114 ) ;
#4898 = LINE ( 'NONE', #2736, #1687 ) ;
#4899 = FACE_OUTER_BOUND ( 'NONE', #6595, .T. ) ;
#4900 = CARTESIAN_POINT ( 'NONE',  ( 2.450000000000000178, 0.8750000000000000000, 0.1799999999999999933 ) ) ;
#4901 = ORIENTED_EDGE ( 'NONE', *, *, #6178, .F. ) ;
#4902 = UNCERTAINTY_MEASURE_WITH_UNIT (LENGTH_MEASURE( 1.000000000000000082E-05 ), #351, 'distance_accuracy_value', 'NONE');
#4903 = ORIENTED_EDGE ( 'NONE', *, *, #4439, .T. ) ;
#4904 = DIRECTION ( 'NONE',  ( 0.0000000000000000000, -1.000000000000000000, 0.0000000000000000000 ) ) ;
#4905 = CARTESIAN_POINT ( 'NONE',  ( -2.054424841141346825, -1.125000000000000222, 5.747759680298863667E-19 ) ) ;
#4906 = FACE_OUTER_BOUND ( 'NONE', #3317, .T. ) ;
#4907 = EDGE_LOOP ( 'NONE', ( #5752, #5570, #2060, #79 ) ) ;
#4908 = FILL_AREA_STYLE ('',( #1641 ) ) ;
#4909 = FACE_OUTER_BOUND ( 'NONE', #3862, .T. ) ;
#4910 = ORIENTED_EDGE ( 'NONE', *, *, #6519, .F. ) ;
#4911 = MECHANICAL_DESIGN_GEOMETRIC_PRESENTATION_REPRESENTATION (  '', ( #4783 ), #6109 ) ;
#4912 = ADVANCED_FACE ( 'NONE', ( #2191 ), #21, .T. ) ;
#4913 = PLANE ( 'NONE',  #317 ) ;
#4914 = COLOUR_RGB ( '',0.7529411764705882248, 0.7529411764705882248, 0.7529411764705882248 ) ;
#4915 = STYLED_ITEM ( 'NONE', ( #2277 ), #1614 ) ;
#4916 = LINE ( 'NONE', #2565, #1118 ) ;
#4917 = CIRCLE ( 'NONE', #3496, 0.2799999999999998601 ) ;
#4918 = ORIENTED_EDGE ( 'NONE', *, *, #6886, .F. ) ;
#4919 = VECTOR ( 'NONE', #3298, 1000.000000000000000 ) ;
#4920 = CARTESIAN_POINT ( 'NONE',  ( 1.640975210307352938, -1.125000000000000222, 0.4940000000000004943 ) ) ;
#4921 = PRESENTATION_STYLE_ASSIGNMENT (( #4883 ) ) ;
#4922 = MECHANICAL_DESIGN_GEOMETRIC_PRESENTATION_REPRESENTATION (  '', ( #4440 ), #1329 ) ;
#4924 = VECTOR ( 'NONE', #5238, 1000.000000000000000 ) ;
#4923 = CARTESIAN_POINT ( 'NONE',  ( -1.640975210307352938, 0.1250000000000001110, 0.4940000000000004943 ) ) ;
#4925 = CARTESIAN_POINT ( 'NONE',  ( 2.054424841141345048, -0.8749999999999998890, 0.2799999999999999711 ) ) ;
#4926 = CARTESIAN_POINT ( 'NONE',  ( -1.375410794124024338, -0.1250000000000000000, 0.7731980538652447610 ) ) ;
#4927 = DIRECTION ( 'NONE',  ( 0.0000000000000000000, 0.0000000000000000000, 1.000000000000000000 ) ) ;
#4928 = VECTOR ( 'NONE', #4589, 1000.000000000000000 ) ;
#4929 = MECHANICAL_DESIGN_GEOMETRIC_PRESENTATION_REPRESENTATION (  '', ( #1230 ), #3841 ) ;
#4930 = CARTESIAN_POINT ( 'NONE',  ( 2.450000000000000178, -0.6250000000000000000, 0.1799999999999999933 ) ) ;
#4931 = FILL_AREA_STYLE_COLOUR ( '', #1138 ) ;
#4932 = CARTESIAN_POINT ( 'NONE',  ( -1.350000000000000533, 1.500000000000000000, 0.6500000000000000222 ) ) ;
#4933 = CARTESIAN_POINT ( 'NONE',  ( -1.641086831975067550, 0.6250000000000001110, 0.4931980538652447343 ) ) ;
#4934 = MECHANICAL_DESIGN_GEOMETRIC_PRESENTATION_REPRESENTATION (  '', ( #3968 ), #760 ) ;
#4935 = CARTESIAN_POINT ( 'NONE',  ( -1.640975210307352938, -0.8749999999999998890, 0.4940000000000004943 ) ) ;
#4936 = UNCERTAINTY_MEASURE_WITH_UNIT (LENGTH_MEASURE( 1.000000000000000082E-05 ), #1923, 'distance_accuracy_value', 'NONE');
#4937 = COLOUR_RGB ( '',0.7529411764705882248, 0.7529411764705882248, 0.7529411764705882248 ) ;
#4938 = VERTEX_POINT ( 'NONE', #204 ) ;
#4939 = CIRCLE ( 'NONE', #6224, 0.2800000000000000266 ) ;
#4940 = CARTESIAN_POINT ( 'NONE',  ( 2.450000000000000178, 1.125000000000000222, 0.1799999999999999933 ) ) ;
#4941 =( NAMED_UNIT ( * ) PLANE_ANGLE_UNIT ( ) SI_UNIT ( $, .RADIAN. ) );
#4942 = EDGE_CURVE ( 'NONE', #774, #2125, #369, .T. ) ;
#4943 = CARTESIAN_POINT ( 'NONE',  ( -1.350000000000000533, -1.500000000000000000, 0.6500000000000000222 ) ) ;
#4944 = ADVANCED_FACE ( 'NONE', ( #4243 ), #718, .F. ) ;
#4945 = SURFACE_STYLE_FILL_AREA ( #6592 ) ;
#4946 = SURFACE_SIDE_STYLE ('',( #7170 ) ) ;
#4947 = ORIENTED_EDGE ( 'NONE', *, *, #3452, .F. ) ;
#4948 = ORIENTED_EDGE ( 'NONE', *, *, #7124, .T. ) ;
#4949 = AXIS2_PLACEMENT_3D ( 'NONE', #4553, #6758, #4449 ) ;
#4950 = COLOUR_RGB ( '',0.7529411764705882248, 0.7529411764705882248, 0.7529411764705882248 ) ;
#4951 = DIRECTION ( 'NONE',  ( 0.0000000000000000000, 0.0000000000000000000, 1.000000000000000000 ) ) ;
#4952 = EDGE_CURVE ( 'NONE', #3160, #6704, #2902, .T. ) ;
#4953 = ORIENTED_EDGE ( 'NONE', *, *, #4411, .T. ) ;
#4954 = ORIENTED_EDGE ( 'NONE', *, *, #2273, .T. ) ;
#4955 = ORIENTED_EDGE ( 'NONE', *, *, #12, .T. ) ;
#4956 = SURFACE_SIDE_STYLE ('',( #2280 ) ) ;
#4957 = AXIS2_PLACEMENT_3D ( 'NONE', #7088, #6975, #3670 ) ;
#4958 = EDGE_CURVE ( 'NONE', #1564, #6752, #4201, .T. ) ;
#4959 = VERTEX_POINT ( 'NONE', #2405 ) ;
#4960 =( NAMED_UNIT ( * ) PLANE_ANGLE_UNIT ( ) SI_UNIT ( $, .RADIAN. ) );
#4961 = SURFACE_SIDE_STYLE ('',( #5481 ) ) ;
#4962 = MECHANICAL_DESIGN_GEOMETRIC_PRESENTATION_REPRESENTATION (  '', ( #5778 ), #6030 ) ;
#4963 = DIRECTION ( 'NONE',  ( 1.000000000000000000, 0.0000000000000000000, 4.080918178602890545E-16 ) ) ;
#4964 = CARTESIAN_POINT ( 'NONE',  ( 2.450000000000000178, -0.3749999999999998890, 0.0000000000000000000 ) ) ;
#4965 = FILL_AREA_STYLE ('',( #6774 ) ) ;
#4966 =( NAMED_UNIT ( * ) SI_UNIT ( $, .STERADIAN. ) SOLID_ANGLE_UNIT ( ) );
#4967 = COLOUR_RGB ( '',0.7529411764705882248, 0.7529411764705882248, 0.7529411764705882248 ) ;
#4968 = AXIS2_PLACEMENT_3D ( 'NONE', #4331, #6661, #4860 ) ;
#4969 = CARTESIAN_POINT ( 'NONE',  ( -2.450000000000000178, 0.8750000000000000000, 0.0000000000000000000 ) ) ;
#4970 = EDGE_LOOP ( 'NONE', ( #1034, #5292, #5743, #2123 ) ) ;
#4971 =( NAMED_UNIT ( * ) SI_UNIT ( $, .STERADIAN. ) SOLID_ANGLE_UNIT ( ) );
#4972 = DIRECTION ( 'NONE',  ( -0.0000000000000000000, 0.2588190451025212946, -0.9659258262890680902 ) ) ;
#4973 = PRESENTATION_LAYER_ASSIGNMENT (  '', '', ( #1274 ) ) ;
#4974 = LINE ( 'NONE', #2682, #2963 ) ;
#4975 = ORIENTED_EDGE ( 'NONE', *, *, #4265, .F. ) ;
#4976 = SURFACE_STYLE_FILL_AREA ( #5009 ) ;
#4977 = CLOSED_SHELL ( 'NONE', ( #2211, #1191, #5174, #4988, #6991, #962, #1371, #878, #3530, #5802, #4707, #1309, #5574, #6680, #6647, #4274, #1527, #3828, #6103, #3808, #548, #5950, #3411, #6372, #3665, #5075, #2572, #2310, #4871, #2426, #158, #202, #4745, #314, #3577, #3116, #7136, #3398, #904, #2516, #3746, #554, #5490, #6142, #6455, #7212, #4518, #6318, #970, #4792, #1840, #7115, #5235, #4349, #5552, #2168, #5820, #4020, #657, #6974, #5122, #6308, #1200, #6050, #777, #696, #4671, #3109, #1220, #2707, #913, #1803, #3674, #5354, #94, #2600, #4299, #6695, #5695, #4441, #4944, #5711, #7225, #7055, #4766, #3796, #2215, #5749, #3071, #358, #3678, #7173, #2515, #3744, #604, #1618, #3565, #5493, #2797, #4484, #4372, #3654, #6368, #3227, #1498, #3301, #6474, #4912, #3350, #7252, #1614, #3918, #595, #1824, #4994, #7119, #4034, #4737, #1626, #6008, #5001, #6589, #225, #789, #6240, #3794, #6434, #2119, #2531, #7214, #5940, #3969, #18, #7069, #5533, #3368, #421, #6767, #6227, #4486, #3698, #3628, #4027, #3998, #6550, #1909, #5135, #1222, #5836, #325, #4112 ) ) ;
#4978 = CARTESIAN_POINT ( 'NONE',  ( 1.500000000000000000, 1.125000000000000222, 0.6500000000000000222 ) ) ;
#4979 = LINE ( 'NONE', #5012, #3261 ) ;
#4980 = CARTESIAN_POINT ( 'NONE',  ( -1.918413335153490440, 0.8750000000000000000, 0.5317987097512297812 ) ) ;
#4981 = CARTESIAN_POINT ( 'NONE',  ( 2.450000000000000178, -0.8749999999999998890, 0.1799999999999999933 ) ) ;
#4982 = CARTESIAN_POINT ( 'NONE',  ( -1.375410794124024338, 0.6250000000000001110, 0.5939999999999999725 ) ) ;
#4983 = EDGE_LOOP ( 'NONE', ( #1211, #5796, #2081, #2753 ) ) ;
#4984 = AXIS2_PLACEMENT_3D ( 'NONE', #4545, #4478, #1734 ) ;
#4985 = ORIENTED_EDGE ( 'NONE', *, *, #5933, .F. ) ;
#4986 = CARTESIAN_POINT ( 'NONE',  ( -1.640975210307352938, -1.125000000000000222, 0.4940000000000004943 ) ) ;
#4987 = EDGE_CURVE ( 'NONE', #5831, #285, #3473, .T. ) ;
#4988 = ADVANCED_FACE ( 'NONE', ( #759 ), #5166, .T. ) ;
#4989 = PLANE ( 'NONE',  #3035 ) ;
#4990 = PRESENTATION_STYLE_ASSIGNMENT (( #2748 ) ) ;
#4991 = ORIENTED_EDGE ( 'NONE', *, *, #5486, .F. ) ;
#4992 = ORIENTED_EDGE ( 'NONE', *, *, #269, .T. ) ;
#4993 = EDGE_CURVE ( 'NONE', #451, #745, #7146, .T. ) ;
#4994 = ADVANCED_FACE ( 'NONE', ( #454 ), #1686, .T. ) ;
#4995 = DIRECTION ( 'NONE',  ( 0.0000000000000000000, 1.000000000000000000, 0.0000000000000000000 ) ) ;
#4996 = VERTEX_POINT ( 'NONE', #2140 ) ;
#4997 = CARTESIAN_POINT ( 'NONE',  ( 2.450000000000000178, -0.1250000000000000000, 0.1799999999999999933 ) ) ;
#4998 = CARTESIAN_POINT ( 'NONE',  ( -1.500000000000000444, 1.350000000000000089, 0.6500000000000000222 ) ) ;
#4999 = UNCERTAINTY_MEASURE_WITH_UNIT (LENGTH_MEASURE( 1.000000000000000082E-05 ), #4882, 'distance_accuracy_value', 'NONE');
#5000 = SURFACE_STYLE_USAGE ( .BOTH. , #6714 ) ;
#5001 = ADVANCED_FACE ( 'NONE', ( #4359 ), #2755, .T. ) ;
#5002 = DIRECTION ( 'NONE',  ( -0.1378594853070907456, -0.0000000000000000000, 0.9904517970657956694 ) ) ;
#5003 = PRESENTATION_LAYER_ASSIGNMENT (  '', '', ( #6675 ) ) ;
#5004 = EDGE_LOOP ( 'NONE', ( #2449, #6204, #324, #3595 ) ) ;
#5005 = CARTESIAN_POINT ( 'NONE',  ( 1.918413335153490440, -0.6250000000000000000, 0.5317987097512297812 ) ) ;
#5006 = LINE ( 'NONE', #610, #6750 ) ;
#5007 = UNCERTAINTY_MEASURE_WITH_UNIT (LENGTH_MEASURE( 1.000000000000000082E-05 ), #5584, 'distance_accuracy_value', 'NONE');
#5008 = ORIENTED_EDGE ( 'NONE', *, *, #1870, .F. ) ;
#5009 = FILL_AREA_STYLE ('',( #127 ) ) ;
#5010 = EDGE_CURVE ( 'NONE', #150, #3778, #2208, .T. ) ;
#5011 =( NAMED_UNIT ( * ) PLANE_ANGLE_UNIT ( ) SI_UNIT ( $, .RADIAN. ) );
#5012 = CARTESIAN_POINT ( 'NONE',  ( -1.200000000000000178, 0.9000000000000000222, 1.149999999999999911 ) ) ;
#5014 = AXIS2_PLACEMENT_3D ( 'NONE', #6923, #1900, #4091 ) ;
#5013 = DIRECTION ( 'NONE',  ( 0.0000000000000000000, 1.000000000000000000, 0.0000000000000000000 ) ) ;
#5015 = DIRECTION ( 'NONE',  ( 0.0000000000000000000, 1.000000000000000000, 0.0000000000000000000 ) ) ;
#5016 = EDGE_LOOP ( 'NONE', ( #5440, #4848, #5723, #2440 ) ) ;
#5017 = VERTEX_POINT ( 'NONE', #3860 ) ;
#5018 = LINE ( 'NONE', #6176, #6508 ) ;
#5019 = VECTOR ( 'NONE', #938, 1000.000000000000000 ) ;
#5020 = CARTESIAN_POINT ( 'NONE',  ( -2.450000000000000178, 1.125000000000000222, 0.0000000000000000000 ) ) ;
#5021 = ORIENTED_EDGE ( 'NONE', *, *, #5218, .T. ) ;
#5022 = DIRECTION ( 'NONE',  ( -0.0000000000000000000, -0.0000000000000000000, -1.000000000000000000 ) ) ;
#5023 = EDGE_LOOP ( 'NONE', ( #6090, #5320, #2983, #669 ) ) ;
#5024 = PRESENTATION_STYLE_ASSIGNMENT (( #2782 ) ) ;
#5025 = FACE_OUTER_BOUND ( 'NONE', #7013, .T. ) ;
#5026 = FILL_AREA_STYLE ('',( #6079 ) ) ;
#5027 = FACE_OUTER_BOUND ( 'NONE', #4873, .T. ) ;
#5028 = ORIENTED_EDGE ( 'NONE', *, *, #5847, .T. ) ;
#5029 = EDGE_CURVE ( 'NONE', #5579, #5609, #6153, .T. ) ;
#5030 = CARTESIAN_POINT ( 'NONE',  ( -1.050000000000000044, 0.9000000000000000222, 1.149999999999999911 ) ) ;
#5031 = AXIS2_PLACEMENT_3D ( 'NONE', #6853, #296, #1832 ) ;
#5032 =( LENGTH_UNIT ( ) NAMED_UNIT ( * ) SI_UNIT ( .MILLI., .METRE. ) );
#5033 = EDGE_CURVE ( 'NONE', #586, #3960, #41, .T. ) ;
#5034 = SURFACE_STYLE_USAGE ( .BOTH. , #2251 ) ;
#5035 = DIRECTION ( 'NONE',  ( -0.0000000000000000000, -0.0000000000000000000, -1.000000000000000000 ) ) ;
#5036 =( GEOMETRIC_REPRESENTATION_CONTEXT ( 3 ) GLOBAL_UNCERTAINTY_ASSIGNED_CONTEXT ( ( #7131 ) ) GLOBAL_UNIT_ASSIGNED_CONTEXT ( ( #1989, #2564, #1579 ) ) REPRESENTATION_CONTEXT ( 'NONE', 'WORKASPACE' ) );
#5037 = PRESENTATION_STYLE_ASSIGNMENT (( #55 ) ) ;
#5038 = ORIENTED_EDGE ( 'NONE', *, *, #1317, .F. ) ;
#5039 = DIRECTION ( 'NONE',  ( 0.0000000000000000000, 1.000000000000000000, 0.0000000000000000000 ) ) ;
#5040 = LINE ( 'NONE', #3291, #6745 ) ;
#5041 = EDGE_CURVE ( 'NONE', #3850, #1033, #5105, .T. ) ;
#5042 = MECHANICAL_DESIGN_GEOMETRIC_PRESENTATION_REPRESENTATION (  '', ( #3845 ), #7044 ) ;
#5043 = PRESENTATION_LAYER_ASSIGNMENT (  '', '', ( #1674 ) ) ;
#5044 =( NAMED_UNIT ( * ) PLANE_ANGLE_UNIT ( ) SI_UNIT ( $, .RADIAN. ) );
#5045 = AXIS2_PLACEMENT_3D ( 'NONE', #6471, #4890, #7028 ) ;
#5046 = PRESENTATION_LAYER_ASSIGNMENT (  '', '', ( #278 ) ) ;
#5047 = CARTESIAN_POINT ( 'NONE',  ( 1.500000000000000000, 1.350000000000000089, 0.6500000000000000222 ) ) ;
#5048 = MECHANICAL_DESIGN_GEOMETRIC_PRESENTATION_REPRESENTATION (  '', ( #2003 ), #997 ) ;
#5049 = AXIS2_PLACEMENT_3D ( 'NONE', #2422, #848, #3023 ) ;
#5050 =( NAMED_UNIT ( * ) SI_UNIT ( $, .STERADIAN. ) SOLID_ANGLE_UNIT ( ) );
#5051 = EDGE_CURVE ( 'NONE', #6444, #1785, #3391, .T. ) ;
#5052 = SURFACE_STYLE_FILL_AREA ( #1177 ) ;
#5053 = ORIENTED_EDGE ( 'NONE', *, *, #3446, .F. ) ;
#5054 = UNCERTAINTY_MEASURE_WITH_UNIT (LENGTH_MEASURE( 1.000000000000000082E-05 ), #5369, 'distance_accuracy_value', 'NONE');
#5055 = VERTEX_POINT ( 'NONE', #1821 ) ;
#5056 = DIRECTION ( 'NONE',  ( 0.0000000000000000000, 0.0000000000000000000, -1.000000000000000000 ) ) ;
#5057 =( LENGTH_UNIT ( ) NAMED_UNIT ( * ) SI_UNIT ( .MILLI., .METRE. ) );
#5058 =( NAMED_UNIT ( * ) SI_UNIT ( $, .STERADIAN. ) SOLID_ANGLE_UNIT ( ) );
#5059 = SURFACE_SIDE_STYLE ('',( #5576 ) ) ;
#5060 =( GEOMETRIC_REPRESENTATION_CONTEXT ( 3 ) GLOBAL_UNCERTAINTY_ASSIGNED_CONTEXT ( ( #4161 ) ) GLOBAL_UNIT_ASSIGNED_CONTEXT ( ( #6809, #5656, #1459 ) ) REPRESENTATION_CONTEXT ( 'NONE', 'WORKASPACE' ) );
#5061 = ORIENTED_EDGE ( 'NONE', *, *, #3506, .F. ) ;
#5062 = FACE_OUTER_BOUND ( 'NONE', #5329, .T. ) ;
#5063 = VERTEX_POINT ( 'NONE', #631 ) ;
#5064 = UNCERTAINTY_MEASURE_WITH_UNIT (LENGTH_MEASURE( 1.000000000000000082E-05 ), #3125, 'distance_accuracy_value', 'NONE');
#5065 = FILL_AREA_STYLE ('',( #3281 ) ) ;
#5066 = PRESENTATION_STYLE_ASSIGNMENT (( #1783 ) ) ;
#5067 = ORIENTED_EDGE ( 'NONE', *, *, #270, .T. ) ;
#5068 = FILL_AREA_STYLE ('',( #1162 ) ) ;
#5069 = CARTESIAN_POINT ( 'NONE',  ( -2.054424841141345048, 0.6250000000000001110, 0.2799999999999999711 ) ) ;
#5070 = PRESENTATION_STYLE_ASSIGNMENT (( #4537 ) ) ;
#5071 = MECHANICAL_DESIGN_GEOMETRIC_PRESENTATION_REPRESENTATION (  '', ( #1255 ), #4106 ) ;
#5072 = CARTESIAN_POINT ( 'NONE',  ( -1.918413335153490440, -0.1250000000000000000, 0.5317987097512297812 ) ) ;
#5073 = DIRECTION ( 'NONE',  ( 0.0000000000000000000, 0.0000000000000000000, 1.000000000000000000 ) ) ;
#5074 = CARTESIAN_POINT ( 'NONE',  ( -1.375410794124024338, 0.3750000000000000000, 0.5939999999999999725 ) ) ;
#5075 = ADVANCED_FACE ( 'NONE', ( #1856 ), #5614, .T. ) ;
#5076 = VECTOR ( 'NONE', #2001, 1000.000000000000000 ) ;
#5077 = EDGE_LOOP ( 'NONE', ( #6798, #1041, #5501, #4606 ) ) ;
#5078 =( NAMED_UNIT ( * ) PLANE_ANGLE_UNIT ( ) SI_UNIT ( $, .RADIAN. ) );
#5079 = PRESENTATION_STYLE_ASSIGNMENT (( #609 ) ) ;
#5080 = UNCERTAINTY_MEASURE_WITH_UNIT (LENGTH_MEASURE( 1.000000000000000082E-05 ), #5291, 'distance_accuracy_value', 'NONE');
#5081 =( GEOMETRIC_REPRESENTATION_CONTEXT ( 3 ) GLOBAL_UNCERTAINTY_ASSIGNED_CONTEXT ( ( #5435 ) ) GLOBAL_UNIT_ASSIGNED_CONTEXT ( ( #376, #6007, #3180 ) ) REPRESENTATION_CONTEXT ( 'NONE', 'WORKASPACE' ) );
#5082 = VECTOR ( 'NONE', #50, 999.9999999999998863 ) ;
#5083 = CARTESIAN_POINT ( 'NONE',  ( 1.640975210307352050, 0.8750000000000000000, 0.5940000000000004166 ) ) ;
#5084 = AXIS2_PLACEMENT_3D ( 'NONE', #2365, #2834, #2220 ) ;
#5085 = EDGE_CURVE ( 'NONE', #3466, #1112, #6879, .T. ) ;
#5086 = VECTOR ( 'NONE', #6041, 1000.000000000000000 ) ;
#5087 = AXIS2_PLACEMENT_3D ( 'NONE', #1130, #4435, #3933 ) ;
#5088 =( NAMED_UNIT ( * ) PLANE_ANGLE_UNIT ( ) SI_UNIT ( $, .RADIAN. ) );
#5089 = ORIENTED_EDGE ( 'NONE', *, *, #4393, .F. ) ;
#5090 = EDGE_LOOP ( 'NONE', ( #3816, #2796, #327, #5592, #4386, #2923, #1157, #4180, #3648, #2301, #6263, #7109, #3527 ) ) ;
#5091 =( NAMED_UNIT ( * ) SI_UNIT ( $, .STERADIAN. ) SOLID_ANGLE_UNIT ( ) );
#5092 = MECHANICAL_DESIGN_GEOMETRIC_PRESENTATION_REPRESENTATION (  '', ( #1040 ), #6528 ) ;
#5093 =( GEOMETRIC_REPRESENTATION_CONTEXT ( 3 ) GLOBAL_UNCERTAINTY_ASSIGNED_CONTEXT ( ( #6998 ) ) GLOBAL_UNIT_ASSIGNED_CONTEXT ( ( #6164, #1657, #6126 ) ) REPRESENTATION_CONTEXT ( 'NONE', 'WORKASPACE' ) );
#5095 = EDGE_CURVE ( 'NONE', #2550, #4881, #1296, .T. ) ;
#5094 = FILL_AREA_STYLE ('',( #2442 ) ) ;
#5096 =( LENGTH_UNIT ( ) NAMED_UNIT ( * ) SI_UNIT ( .MILLI., .METRE. ) );
#5097 = MECHANICAL_DESIGN_GEOMETRIC_PRESENTATION_REPRESENTATION (  '', ( #4602 ), #3313 ) ;
#5098 = PLANE ( 'NONE',  #4825 ) ;
#5099 = ORIENTED_EDGE ( 'NONE', *, *, #4863, .F. ) ;
#5100 = VECTOR ( 'NONE', #6313, 1000.000000000000000 ) ;
#5101 = CARTESIAN_POINT ( 'NONE',  ( 1.500000000000000000, 0.8750000000000000000, 0.6500000000000000222 ) ) ;
#5102 = VERTEX_POINT ( 'NONE', #3898 ) ;
#5103 = LINE ( 'NONE', #6799, #5914 ) ;
#5104 = CARTESIAN_POINT ( 'NONE',  ( -1.466989180957722017, 0.8750000000000000000, 0.7731980538652447610 ) ) ;
#5105 = LINE ( 'NONE', #6802, #5388 ) ;
#5106 = CARTESIAN_POINT ( 'NONE',  ( 2.054424841141345048, 0.8750000000000000000, 0.1799999999999997158 ) ) ;
#5107 = ORIENTED_EDGE ( 'NONE', *, *, #2991, .F. ) ;
#5108 = FACE_OUTER_BOUND ( 'NONE', #14, .T. ) ;
#5109 = FILL_AREA_STYLE ('',( #5185 ) ) ;
#5110 = DIRECTION ( 'NONE',  ( -1.606225440719265874E-16, 1.000000000000000000, -0.0000000000000000000 ) ) ;
#5111 = DIRECTION ( 'NONE',  ( 1.000000000000000000, 0.0000000000000000000, 0.0000000000000000000 ) ) ;
#5112 = CARTESIAN_POINT ( 'NONE',  ( 1.500000000000000444, -0.8749999999999990008, 0.6500000000000000222 ) ) ;
#5113 = EDGE_LOOP ( 'NONE', ( #3344, #2133, #6146, #26 ) ) ;
#5114 = SURFACE_STYLE_USAGE ( .BOTH. , #2869 ) ;
#5115 = SURFACE_STYLE_USAGE ( .BOTH. , #6819 ) ;
#5116 = DIRECTION ( 'NONE',  ( 0.0000000000000000000, 0.0000000000000000000, 1.000000000000000000 ) ) ;
#5117 =( LENGTH_UNIT ( ) NAMED_UNIT ( * ) SI_UNIT ( .MILLI., .METRE. ) );
#5118 = DIRECTION ( 'NONE',  ( 0.0000000000000000000, -1.000000000000000000, 0.0000000000000000000 ) ) ;
#5119 = PLANE ( 'NONE',  #6608 ) ;
#5120 = LINE ( 'NONE', #5047, #180 ) ;
#5121 = DIRECTION ( 'NONE',  ( -6.852061790316472241E-17, 0.0000000000000000000, 1.000000000000000000 ) ) ;
#5122 = ADVANCED_FACE ( 'NONE', ( #1324 ), #5684, .T. ) ;
#5123 = CARTESIAN_POINT ( 'NONE',  ( -2.054424841141344604, -0.3749999999999998890, 0.2799999999999999711 ) ) ;
#5124 = EDGE_CURVE ( 'NONE', #150, #2631, #5503, .T. ) ;
#5125 =( GEOMETRIC_REPRESENTATION_CONTEXT ( 3 ) GLOBAL_UNCERTAINTY_ASSIGNED_CONTEXT ( ( #4103 ) ) GLOBAL_UNIT_ASSIGNED_CONTEXT ( ( #4498, #558, #2812 ) ) REPRESENTATION_CONTEXT ( 'NONE', 'WORKASPACE' ) );
#5126 = VERTEX_POINT ( 'NONE', #5834 ) ;
#5127 = DIRECTION ( 'NONE',  ( -0.0000000000000000000, -1.000000000000000000, -0.0000000000000000000 ) ) ;
#5128 = LINE ( 'NONE', #136, #3272 ) ;
#5129 = CONICAL_SURFACE ( 'NONE', #2890, 0.1499999999999999667, 0.1745329251994333364 ) ;
#5130 = DIRECTION ( 'NONE',  ( 0.0000000000000000000, 1.000000000000000000, 0.0000000000000000000 ) ) ;
#5131 = SURFACE_STYLE_FILL_AREA ( #5678 ) ;
#5132 = LINE ( 'NONE', #2342, #1841 ) ;
#5133 = DIRECTION ( 'NONE',  ( -0.1736481776669307198, 0.0000000000000000000, -0.9848077530122080203 ) ) ;
#5134 = ORIENTED_EDGE ( 'NONE', *, *, #722, .F. ) ;
#5135 = ADVANCED_FACE ( 'NONE', ( #5326 ), #1955, .T. ) ;
#5136 = ORIENTED_EDGE ( 'NONE', *, *, #5260, .T. ) ;
#5137 = SURFACE_STYLE_USAGE ( .BOTH. , #1263 ) ;
#5138 = DIRECTION ( 'NONE',  ( 0.0000000000000000000, 0.0000000000000000000, 1.000000000000000000 ) ) ;
#5139 = LINE ( 'NONE', #1226, #2924 ) ;
#5140 = ORIENTED_EDGE ( 'NONE', *, *, #2402, .T. ) ;
#5141 = DIRECTION ( 'NONE',  ( 4.080918178602890545E-16, -0.0000000000000000000, 1.000000000000000000 ) ) ;
#5142 = EDGE_CURVE ( 'NONE', #4876, #4818, #3560, .T. ) ;
#5143 = DIRECTION ( 'NONE',  ( 0.0000000000000000000, 0.0000000000000000000, 1.000000000000000000 ) ) ;
#5144 = ORIENTED_EDGE ( 'NONE', *, *, #6287, .T. ) ;
#5145 = CARTESIAN_POINT ( 'NONE',  ( -1.740020390013932605, 1.125000000000000222, 0.5077859485307089082 ) ) ;
#5146 = DIRECTION ( 'NONE',  ( 0.0000000000000000000, 0.0000000000000000000, 1.000000000000000000 ) ) ;
#5147 = PRESENTATION_LAYER_ASSIGNMENT (  '', '', ( #3940 ) ) ;
#5148 = ORIENTED_EDGE ( 'NONE', *, *, #7008, .F. ) ;
#5149 = SURFACE_STYLE_FILL_AREA ( #1864 ) ;
#5150 = CARTESIAN_POINT ( 'NONE',  ( 1.375410794124024338, -0.1250000000000000000, 0.7731980538652447610 ) ) ;
#5151 = SURFACE_STYLE_USAGE ( .BOTH. , #6889 ) ;
#5152 = AXIS2_PLACEMENT_3D ( 'NONE', #5399, #5578, #33 ) ;
#5153 = UNCERTAINTY_MEASURE_WITH_UNIT (LENGTH_MEASURE( 1.000000000000000082E-05 ), #6459, 'distance_accuracy_value', 'NONE');
#5154 = FILL_AREA_STYLE_COLOUR ( '', #3868 ) ;
#5155 = VECTOR ( 'NONE', #2691, 1000.000000000000000 ) ;
#5156 = CARTESIAN_POINT ( 'NONE',  ( 1.640975210307352050, 0.3750000000000000000, 0.5940000000000004166 ) ) ;
#5157 = PRESENTATION_LAYER_ASSIGNMENT (  '', '', ( #4196 ) ) ;
#5158 =( NAMED_UNIT ( * ) PLANE_ANGLE_UNIT ( ) SI_UNIT ( $, .RADIAN. ) );
#5159 = VECTOR ( 'NONE', #5965, 1000.000000000000000 ) ;
#5160 = ORIENTED_EDGE ( 'NONE', *, *, #4306, .T. ) ;
#5161 = VECTOR ( 'NONE', #4651, 1000.000000000000000 ) ;
#5162 = ORIENTED_EDGE ( 'NONE', *, *, #4857, .T. ) ;
#5163 = FILL_AREA_STYLE ('',( #724 ) ) ;
#5164 = STYLED_ITEM ( 'NONE', ( #3426 ), #5533 ) ;
#5165 = LINE ( 'NONE', #2375, #4808 ) ;
#5166 = CONICAL_SURFACE ( 'NONE', #2099, 0.1499999999999999667, 0.1745329251994333364 ) ;
#5167 = EDGE_CURVE ( 'NONE', #5754, #5835, #2016, .T. ) ;
#5168 = VECTOR ( 'NONE', #5507, 1000.000000000000000 ) ;
#5169 = AXIS2_PLACEMENT_3D ( 'NONE', #6849, #2355, #3980 ) ;
#5170 = EDGE_CURVE ( 'NONE', #7180, #4563, #887, .T. ) ;
#5171 = PRESENTATION_STYLE_ASSIGNMENT (( #3381 ) ) ;
#5172 = FILL_AREA_STYLE ('',( #2340 ) ) ;
#5173 = DIRECTION ( 'NONE',  ( 0.0000000000000000000, 1.000000000000000000, 0.0000000000000000000 ) ) ;
#5174 = ADVANCED_FACE ( 'NONE', ( #4832 ), #1462, .T. ) ;
#5175 = VERTEX_POINT ( 'NONE', #6956 ) ;
#5176 =( GEOMETRIC_REPRESENTATION_CONTEXT ( 3 ) GLOBAL_UNCERTAINTY_ASSIGNED_CONTEXT ( ( #3873 ) ) GLOBAL_UNIT_ASSIGNED_CONTEXT ( ( #4275, #6069, #520 ) ) REPRESENTATION_CONTEXT ( 'NONE', 'WORKASPACE' ) );
#5177 =( NAMED_UNIT ( * ) PLANE_ANGLE_UNIT ( ) SI_UNIT ( $, .RADIAN. ) );
#5178 = SURFACE_SIDE_STYLE ('',( #5712 ) ) ;
#5179 = VECTOR ( 'NONE', #2467, 1000.000000000000000 ) ;
#5180 = EDGE_CURVE ( 'NONE', #2125, #611, #2494, .T. ) ;
#5181 = DIRECTION ( 'NONE',  ( 0.0000000000000000000, 0.0000000000000000000, -1.000000000000000000 ) ) ;
#5182 = ORIENTED_EDGE ( 'NONE', *, *, #5372, .T. ) ;
#5183 = DIRECTION ( 'NONE',  ( 0.0000000000000000000, 1.000000000000000000, 0.0000000000000000000 ) ) ;
#5184 = CARTESIAN_POINT ( 'NONE',  ( 1.411836509645767457, -1.350000000000000311, 0.1499999999999999667 ) ) ;
#5185 = FILL_AREA_STYLE_COLOUR ( '', #283 ) ;
#5186 = VERTEX_POINT ( 'NONE', #5230 ) ;
#5187 = VECTOR ( 'NONE', #6247, 1000.000000000000114 ) ;
#5188 = MECHANICAL_DESIGN_GEOMETRIC_PRESENTATION_REPRESENTATION (  '', ( #5536 ), #3625 ) ;
#5189 = CYLINDRICAL_SURFACE ( 'NONE', #516, 0.2799999999999998601 ) ;
#5190 = EDGE_CURVE ( 'NONE', #6303, #992, #5259, .T. ) ;
#5191 = DIRECTION ( 'NONE',  ( -0.1736481776669307198, 0.0000000000000000000, -0.9848077530122080203 ) ) ;
#5192 = MECHANICAL_DESIGN_GEOMETRIC_PRESENTATION_REPRESENTATION (  '', ( #3286 ), #6388 ) ;
#5193 = EDGE_LOOP ( 'NONE', ( #1526, #6816, #6770, #1315 ) ) ;
#5194 =( LENGTH_UNIT ( ) NAMED_UNIT ( * ) SI_UNIT ( .MILLI., .METRE. ) );
#5195 = AXIS2_PLACEMENT_3D ( 'NONE', #2533, #3683, #1473 ) ;
#5196 = LINE ( 'NONE', #901, #5100 ) ;
#5197 = DIRECTION ( 'NONE',  ( 0.1736481776669307198, 0.0000000000000000000, -0.9848077530122080203 ) ) ;
#5198 = LINE ( 'NONE', #3444, #6149 ) ;
#5199 = VECTOR ( 'NONE', #2798, 1000.000000000000114 ) ;
#5200 =( NAMED_UNIT ( * ) SI_UNIT ( $, .STERADIAN. ) SOLID_ANGLE_UNIT ( ) );
#5201 = AXIS2_PLACEMENT_3D ( 'NONE', #770, #2950, #5213 ) ;
#5202 = SURFACE_SIDE_STYLE ('',( #6200 ) ) ;
#5203 = SURFACE_STYLE_USAGE ( .BOTH. , #2906 ) ;
#5204 = VECTOR ( 'NONE', #6785, 1000.000000000000000 ) ;
#5205 = ORIENTED_EDGE ( 'NONE', *, *, #411, .T. ) ;
#5206 = ORIENTED_EDGE ( 'NONE', *, *, #2033, .T. ) ;
#5207 = DIRECTION ( 'NONE',  ( 0.0000000000000000000, -0.0000000000000000000, -1.000000000000000000 ) ) ;
#5208 = MECHANICAL_DESIGN_GEOMETRIC_PRESENTATION_REPRESENTATION (  '', ( #441 ), #6278 ) ;
#5209 = MECHANICAL_DESIGN_GEOMETRIC_PRESENTATION_REPRESENTATION (  '', ( #1268 ), #2735 ) ;
#5210 = LINE ( 'NONE', #6898, #5874 ) ;
#5211 = VECTOR ( 'NONE', #1093, 1000.000000000000000 ) ;
#5212 = CARTESIAN_POINT ( 'NONE',  ( -2.450000000000000178, -0.1250000000000000000, 0.1799999999999999933 ) ) ;
#5213 = DIRECTION ( 'NONE',  ( 1.000000000000000000, 0.0000000000000000000, -4.080918178602890545E-16 ) ) ;
#5214 = VERTEX_POINT ( 'NONE', #5812 ) ;
#5215 = ORIENTED_EDGE ( 'NONE', *, *, #1188, .T. ) ;
#5216 = COLOUR_RGB ( '',0.7529411764705882248, 0.7529411764705882248, 0.7529411764705882248 ) ;
#5217 = AXIS2_PLACEMENT_3D ( 'NONE', #4633, #6914, #6382 ) ;
#5218 = EDGE_CURVE ( 'NONE', #1417, #4673, #4087, .T. ) ;
#5219 = MECHANICAL_DESIGN_GEOMETRIC_PRESENTATION_REPRESENTATION (  '', ( #3197 ), #7231 ) ;
#5220 =( LENGTH_UNIT ( ) NAMED_UNIT ( * ) SI_UNIT ( .MILLI., .METRE. ) );
#5221 =( NAMED_UNIT ( * ) SI_UNIT ( $, .STERADIAN. ) SOLID_ANGLE_UNIT ( ) );
#5222 = EDGE_LOOP ( 'NONE', ( #1798, #1252, #739, #1752 ) ) ;
#5223 = LINE ( 'NONE', #5330, #1094 ) ;
#5224 = CARTESIAN_POINT ( 'NONE',  ( 1.466989180957721572, 0.8500000000000000888, 0.7731980538652448720 ) ) ;
#5225 =( NAMED_UNIT ( * ) SI_UNIT ( $, .STERADIAN. ) SOLID_ANGLE_UNIT ( ) );
#5226 = ORIENTED_EDGE ( 'NONE', *, *, #4502, .T. ) ;
#5227 = UNCERTAINTY_MEASURE_WITH_UNIT (LENGTH_MEASURE( 1.000000000000000082E-05 ), #4782, 'distance_accuracy_value', 'NONE');
#5228 = EDGE_CURVE ( 'NONE', #2978, #4578, #5731, .T. ) ;
#5229 = CARTESIAN_POINT ( 'NONE',  ( 2.450000000000000178, 0.8750000000000000000, 0.0000000000000000000 ) ) ;
#5230 = CARTESIAN_POINT ( 'NONE',  ( -1.466989180957722017, -0.3749999999999998890, 0.7731980538652448720 ) ) ;
#5231 = CARTESIAN_POINT ( 'NONE',  ( 1.500000000000000000, -1.125000000000000222, 0.6500000000000000222 ) ) ;
#5232 = ORIENTED_EDGE ( 'NONE', *, *, #2662, .T. ) ;
#5233 = SURFACE_STYLE_FILL_AREA ( #2972 ) ;
#5234 = SURFACE_SIDE_STYLE ('',( #6354 ) ) ;
#5235 = ADVANCED_FACE ( 'NONE', ( #6426 ), #5189, .T. ) ;
#5236 = FACE_OUTER_BOUND ( 'NONE', #6679, .T. ) ;
#5237 = LINE ( 'NONE', #1409, #307 ) ;
#5238 = DIRECTION ( 'NONE',  ( 0.0000000000000000000, 1.000000000000000000, 0.0000000000000000000 ) ) ;
#5239 = EDGE_LOOP ( 'NONE', ( #5875, #5038, #1012, #5987 ) ) ;
#5240 = EDGE_CURVE ( 'NONE', #1553, #5771, #4614, .T. ) ;
#5241 = FILL_AREA_STYLE ('',( #4734 ) ) ;
#5242 = PRESENTATION_LAYER_ASSIGNMENT (  '', '', ( #4148 ) ) ;
#5243 = SURFACE_STYLE_FILL_AREA ( #3626 ) ;
#5244 = LINE ( 'NONE', #2545, #6707 ) ;
#5245 = CARTESIAN_POINT ( 'NONE',  ( 1.918413335153490440, 0.8750000000000000000, 0.5317987097512297812 ) ) ;
#5246 = CARTESIAN_POINT ( 'NONE',  ( -1.350000000000000533, -1.411836509645767235, 0.1499999999999999667 ) ) ;
#5247 = EDGE_LOOP ( 'NONE', ( #773, #763, #4611, #6209 ) ) ;
#5248 = ORIENTED_EDGE ( 'NONE', *, *, #4502, .F. ) ;
#5249 = PLANE ( 'NONE',  #417 ) ;
#5250 = AXIS2_PLACEMENT_3D ( 'NONE', #665, #1714, #1111 ) ;
#5251 = SURFACE_STYLE_USAGE ( .BOTH. , #5178 ) ;
#5252 = DIRECTION ( 'NONE',  ( -1.000000000000000000, 0.0000000000000000000, 2.041316732240672236E-15 ) ) ;
#5253 = ORIENTED_EDGE ( 'NONE', *, *, #6896, .T. ) ;
#5254 = CARTESIAN_POINT ( 'NONE',  ( 1.740020390013932605, 0.8750000000000000000, 0.5077859485307089082 ) ) ;
#5255 = PLANE ( 'NONE',  #2111 ) ;
#5256 = AXIS2_PLACEMENT_3D ( 'NONE', #4584, #5844, #855 ) ;
#5257 = PLANE ( 'NONE',  #1568 ) ;
#5258 = ORIENTED_EDGE ( 'NONE', *, *, #2521, .F. ) ;
#5259 = LINE ( 'NONE', #4580, #741 ) ;
#5260 = EDGE_CURVE ( 'NONE', #4318, #2285, #4637, .T. ) ;
#5261 = DIRECTION ( 'NONE',  ( 0.0000000000000000000, 1.000000000000000000, -0.0000000000000000000 ) ) ;
#5262 = ORIENTED_EDGE ( 'NONE', *, *, #4847, .T. ) ;
#5263 = DIRECTION ( 'NONE',  ( -0.0000000000000000000, -0.0000000000000000000, -1.000000000000000000 ) ) ;
#5264 = FILL_AREA_STYLE_COLOUR ( '', #5910 ) ;
#5265 = DIRECTION ( 'NONE',  ( 0.0000000000000000000, 0.0000000000000000000, -1.000000000000000000 ) ) ;
#5266 = CARTESIAN_POINT ( 'NONE',  ( 2.450000000000000178, 0.6250000000000001110, 0.1799999999999999933 ) ) ;
#5267 = CIRCLE ( 'NONE', #2101, 0.1080450184411358566 ) ;
#5268 = EDGE_CURVE ( 'NONE', #395, #586, #6457, .T. ) ;
#5269 = SURFACE_STYLE_FILL_AREA ( #1314 ) ;
#5270 = ORIENTED_EDGE ( 'NONE', *, *, #1705, .T. ) ;
#5271 = STYLED_ITEM ( 'NONE', ( #5066 ), #5075 ) ;
#5272 = CARTESIAN_POINT ( 'NONE',  ( 1.640975210307352050, 0.3750000000000000000, 0.5940000000000004166 ) ) ;
#5273 =( GEOMETRIC_REPRESENTATION_CONTEXT ( 3 ) GLOBAL_UNCERTAINTY_ASSIGNED_CONTEXT ( ( #4547 ) ) GLOBAL_UNIT_ASSIGNED_CONTEXT ( ( #5356, #1456, #6065 ) ) REPRESENTATION_CONTEXT ( 'NONE', 'WORKASPACE' ) );
#5274 = CARTESIAN_POINT ( 'NONE',  ( 1.641086831975067550, -1.125000000000000222, 0.4931980538652447343 ) ) ;
#5275 = EDGE_CURVE ( 'NONE', #210, #5126, #6926, .T. ) ;
#5276 =( GEOMETRIC_REPRESENTATION_CONTEXT ( 3 ) GLOBAL_UNCERTAINTY_ASSIGNED_CONTEXT ( ( #7042 ) ) GLOBAL_UNIT_ASSIGNED_CONTEXT ( ( #1061, #2690, #1028 ) ) REPRESENTATION_CONTEXT ( 'NONE', 'WORKASPACE' ) );
#5277 = FILL_AREA_STYLE_COLOUR ( '', #4216 ) ;
#5278 = AXIS2_PLACEMENT_3D ( 'NONE', #810, #4821, #918 ) ;
#5279 = CARTESIAN_POINT ( 'NONE',  ( 1.640975210307352050, -0.3749999999999998890, 0.5940000000000004166 ) ) ;
#5280 = ORIENTED_EDGE ( 'NONE', *, *, #2338, .F. ) ;
#5281 = VERTEX_POINT ( 'NONE', #6348 ) ;
#5282 = VECTOR ( 'NONE', #4191, 1000.000000000000114 ) ;
#5283 = PRODUCT_DEFINITION_CONTEXT ( 'detailed design', #1259, 'design' ) ;
#5284 = CARTESIAN_POINT ( 'NONE',  ( -2.054424841141345048, 1.125000000000000222, 0.1799999999999999101 ) ) ;
#5285 = VECTOR ( 'NONE', #4581, 1000.000000000000000 ) ;
#5286 = FILL_AREA_STYLE ('',( #4572 ) ) ;
#5287 = VERTEX_POINT ( 'NONE', #5840 ) ;
#5288 = CARTESIAN_POINT ( 'NONE',  ( -1.918413335153490440, 0.8750000000000000000, 0.5317987097512296701 ) ) ;
#5289 = PRESENTATION_LAYER_ASSIGNMENT (  '', '', ( #1904 ) ) ;
#5290 = PRESENTATION_LAYER_ASSIGNMENT (  '', '', ( #1125 ) ) ;
#5291 =( LENGTH_UNIT ( ) NAMED_UNIT ( * ) SI_UNIT ( .MILLI., .METRE. ) );
#5292 = ORIENTED_EDGE ( 'NONE', *, *, #1677, .F. ) ;
#5293 = CARTESIAN_POINT ( 'NONE',  ( 1.641086831975065774, 0.8750000000000000000, 0.7731980538652448720 ) ) ;
#5294 = CIRCLE ( 'NONE', #4813, 0.1000000000000002554 ) ;
#5295 = PRESENTATION_LAYER_ASSIGNMENT (  '', '', ( #405 ) ) ;
#5296 = DIRECTION ( 'NONE',  ( 0.0000000000000000000, 0.0000000000000000000, 1.000000000000000000 ) ) ;
#5297 = ORIENTED_EDGE ( 'NONE', *, *, #3036, .T. ) ;
#5298 = PRESENTATION_STYLE_ASSIGNMENT (( #6856 ) ) ;
#5299 = DIRECTION ( 'NONE',  ( -0.2588190451025213501, -0.0000000000000000000, 0.9659258262890680902 ) ) ;
#5300 =( NAMED_UNIT ( * ) PLANE_ANGLE_UNIT ( ) SI_UNIT ( $, .RADIAN. ) );
#5301 = AXIS2_PLACEMENT_3D ( 'NONE', #4271, #6596, #1068 ) ;
#5302 = DIRECTION ( 'NONE',  ( -0.9904517970657956694, 0.0000000000000000000, -0.1378594853070907733 ) ) ;
#5303 = DIRECTION ( 'NONE',  ( 0.0000000000000000000, 0.0000000000000000000, -1.000000000000000000 ) ) ;
#5304 = DIRECTION ( 'NONE',  ( 0.1378594853070949089, 0.0000000000000000000, -0.9904517970657951142 ) ) ;
#5305 = EDGE_CURVE ( 'NONE', #1608, #2602, #3509, .T. ) ;
#5306 = PRESENTATION_STYLE_ASSIGNMENT (( #4176 ) ) ;
#5307 = FILL_AREA_STYLE ('',( #864 ) ) ;
#5308 = DIRECTION ( 'NONE',  ( 0.0000000000000000000, 1.000000000000000000, 0.0000000000000000000 ) ) ;
#5309 = PLANE ( 'NONE',  #3571 ) ;
#5310 = SURFACE_STYLE_USAGE ( .BOTH. , #2542 ) ;
#5311 = UNCERTAINTY_MEASURE_WITH_UNIT (LENGTH_MEASURE( 1.000000000000000082E-05 ), #4134, 'distance_accuracy_value', 'NONE');
#5312 = ORIENTED_EDGE ( 'NONE', *, *, #280, .T. ) ;
#5313 = CIRCLE ( 'NONE', #3172, 0.1000000000000000472 ) ;
#5314 = DIRECTION ( 'NONE',  ( -1.000000000000000000, -0.0000000000000000000, -2.041316732240672236E-15 ) ) ;
#5315 = PRESENTATION_LAYER_ASSIGNMENT (  '', '', ( #550 ) ) ;
#5316 = EDGE_CURVE ( 'NONE', #5063, #3293, #2968, .T. ) ;
#5317 = SURFACE_SIDE_STYLE ('',( #1946 ) ) ;
#5318 = STYLED_ITEM ( 'NONE', ( #5821 ), #4034 ) ;
#5319 = ORIENTED_EDGE ( 'NONE', *, *, #5033, .T. ) ;
#5320 = ORIENTED_EDGE ( 'NONE', *, *, #7080, .F. ) ;
#5321 = SURFACE_STYLE_USAGE ( .BOTH. , #2862 ) ;
#5322 = EDGE_CURVE ( 'NONE', #1148, #3278, #3028, .T. ) ;
#5323 = DIRECTION ( 'NONE',  ( 0.0000000000000000000, 1.000000000000000000, 0.0000000000000000000 ) ) ;
#5324 =( GEOMETRIC_REPRESENTATION_CONTEXT ( 3 ) GLOBAL_UNCERTAINTY_ASSIGNED_CONTEXT ( ( #4676 ) ) GLOBAL_UNIT_ASSIGNED_CONTEXT ( ( #902, #1935, #5774 ) ) REPRESENTATION_CONTEXT ( 'NONE', 'WORKASPACE' ) );
#5325 =( NAMED_UNIT ( * ) PLANE_ANGLE_UNIT ( ) SI_UNIT ( $, .RADIAN. ) );
#5326 = FACE_OUTER_BOUND ( 'NONE', #2767, .T. ) ;
#5327 = CARTESIAN_POINT ( 'NONE',  ( 1.490125689080326055, -0.3749999999999998890, 0.5940000000000000835 ) ) ;
#5328 = STYLED_ITEM ( 'NONE', ( #925 ), #7069 ) ;
#5329 = EDGE_LOOP ( 'NONE', ( #2543, #5868, #2423, #4903, #619, #6373, #3633, #2356, #6350, #3663, #5603, #6839, #7005 ) ) ;
#5330 = CARTESIAN_POINT ( 'NONE',  ( 1.375410794124024338, 1.125000000000000222, 0.5939999999999999725 ) ) ;
#5331 = VECTOR ( 'NONE', #4509, 1000.000000000000114 ) ;
#5332 = DIRECTION ( 'NONE',  ( 0.1378594853070949089, -0.0000000000000000000, 0.9904517970657951142 ) ) ;
#5333 = EDGE_LOOP ( 'NONE', ( #3930, #2311, #1726, #4779 ) ) ;
#5334 = EDGE_CURVE ( 'NONE', #4116, #4362, #489, .T. ) ;
#5335 = SURFACE_STYLE_USAGE ( .BOTH. , #3059 ) ;
#5336 = PRESENTATION_LAYER_ASSIGNMENT (  '', '', ( #4602 ) ) ;
#5337 = CARTESIAN_POINT ( 'NONE',  ( -1.918413335153490440, -1.125000000000000222, 0.5317987097512297812 ) ) ;
#5338 = AXIS2_PLACEMENT_3D ( 'NONE', #2109, #982, #2681 ) ;
#5339 =( NAMED_UNIT ( * ) PLANE_ANGLE_UNIT ( ) SI_UNIT ( $, .RADIAN. ) );
#5340 = CARTESIAN_POINT ( 'NONE',  ( -2.450000000000000178, -0.8749999999999998890, 0.0000000000000000000 ) ) ;
#5341 = ORIENTED_EDGE ( 'NONE', *, *, #5451, .T. ) ;
#5342 = SURFACE_STYLE_FILL_AREA ( #2569 ) ;
#5343 = PRESENTATION_LAYER_ASSIGNMENT (  '', '', ( #3198 ) ) ;
#5344 =( LENGTH_UNIT ( ) NAMED_UNIT ( * ) SI_UNIT ( .MILLI., .METRE. ) );
#5345 = DIRECTION ( 'NONE',  ( 1.000000000000000000, -0.0000000000000000000, -4.080918178602890545E-16 ) ) ;
#5346 =( LENGTH_UNIT ( ) NAMED_UNIT ( * ) SI_UNIT ( .MILLI., .METRE. ) );
#5347 =( NAMED_UNIT ( * ) PLANE_ANGLE_UNIT ( ) SI_UNIT ( $, .RADIAN. ) );
#5348 = DIRECTION ( 'NONE',  ( 0.0000000000000000000, 1.000000000000000000, 0.0000000000000000000 ) ) ;
#5349 =( NAMED_UNIT ( * ) PLANE_ANGLE_UNIT ( ) SI_UNIT ( $, .RADIAN. ) );
#5350 = ORIENTED_EDGE ( 'NONE', *, *, #6040, .F. ) ;
#5351 = SURFACE_STYLE_USAGE ( .BOTH. , #4773 ) ;
#5352 = CYLINDRICAL_SURFACE ( 'NONE', #6827, 0.2800000000000000822 ) ;
#5353 = FILL_AREA_STYLE_COLOUR ( '', #3025 ) ;
#5354 = ADVANCED_FACE ( 'NONE', ( #6535 ), #4797, .T. ) ;
#5355 = DIRECTION ( 'NONE',  ( -1.000000000000000000, 0.0000000000000000000, 2.041316732240672236E-15 ) ) ;
#5356 =( LENGTH_UNIT ( ) NAMED_UNIT ( * ) SI_UNIT ( .MILLI., .METRE. ) );
#5357 = ORIENTED_EDGE ( 'NONE', *, *, #2264, .T. ) ;
#5358 = AXIS2_PLACEMENT_3D ( 'NONE', #6302, #6448, #1421 ) ;
#5359 = ORIENTED_EDGE ( 'NONE', *, *, #5911, .F. ) ;
#5360 = SURFACE_SIDE_STYLE ('',( #3155 ) ) ;
#5361 = DIRECTION ( 'NONE',  ( 1.000000000000000000, 0.0000000000000000000, 4.080918178602890545E-16 ) ) ;
#5362 = DIRECTION ( 'NONE',  ( 0.0000000000000000000, 0.0000000000000000000, 1.000000000000000000 ) ) ;
#5363 = ORIENTED_EDGE ( 'NONE', *, *, #1996, .F. ) ;
#5364 = SURFACE_STYLE_USAGE ( .BOTH. , #7053 ) ;
#5365 = DIRECTION ( 'NONE',  ( -0.1378594853070907733, 0.0000000000000000000, 0.9904517970657956694 ) ) ;
#5366 = EDGE_LOOP ( 'NONE', ( #2382, #4334, #2780, #6576 ) ) ;
#5367 = AXIS2_PLACEMENT_3D ( 'NONE', #2649, #4328, #2615 ) ;
#5368 = LINE ( 'NONE', #6988, #796 ) ;
#5369 =( LENGTH_UNIT ( ) NAMED_UNIT ( * ) SI_UNIT ( .MILLI., .METRE. ) );
#5370 = CARTESIAN_POINT ( 'NONE',  ( 2.054424841141345048, 0.1250000000000001110, 0.1799999999999997158 ) ) ;
#5371 = STYLED_ITEM ( 'NONE', ( #1964 ), #970 ) ;
#5372 = EDGE_CURVE ( 'NONE', #1286, #2971, #7060, .T. ) ;
#5373 = ORIENTED_EDGE ( 'NONE', *, *, #1435, .T. ) ;
#5374 = DIRECTION ( 'NONE',  ( 0.0000000000000000000, 0.0000000000000000000, 1.000000000000000000 ) ) ;
#5375 = LINE ( 'NONE', #2568, #3353 ) ;
#5376 = FILL_AREA_STYLE ('',( #416 ) ) ;
#5377 = CARTESIAN_POINT ( 'NONE',  ( -2.054424841141345048, -0.1250000000000000000, 0.1799999999999999101 ) ) ;
#5378 = SURFACE_STYLE_FILL_AREA ( #3098 ) ;
#5379 = PRESENTATION_STYLE_ASSIGNMENT (( #3690 ) ) ;
#5380 =( LENGTH_UNIT ( ) NAMED_UNIT ( * ) SI_UNIT ( .MILLI., .METRE. ) );
#5381 = PRESENTATION_STYLE_ASSIGNMENT (( #543 ) ) ;
#5382 = CARTESIAN_POINT ( 'NONE',  ( -2.450000000000000178, 0.6250000000000001110, 0.0000000000000000000 ) ) ;
#5383 = EDGE_LOOP ( 'NONE', ( #784, #608, #4454, #955 ) ) ;
#5384 = PLANE ( 'NONE',  #75 ) ;
#5385 = VECTOR ( 'NONE', #7181, 1000.000000000000000 ) ;
#5386 = DIRECTION ( 'NONE',  ( 0.0000000000000000000, 0.0000000000000000000, 1.000000000000000000 ) ) ;
#5387 = CARTESIAN_POINT ( 'NONE',  ( 1.640975210307352938, 1.125000000000000222, 0.4940000000000004943 ) ) ;
#5388 = VECTOR ( 'NONE', #3352, 1000.000000000000114 ) ;
#5389 = DIRECTION ( 'NONE',  ( 0.0000000000000000000, 1.000000000000000000, 0.0000000000000000000 ) ) ;
#5390 = ORIENTED_EDGE ( 'NONE', *, *, #5635, .F. ) ;
#5391 = ORIENTED_EDGE ( 'NONE', *, *, #3927, .F. ) ;
#5392 = PRESENTATION_LAYER_ASSIGNMENT (  '', '', ( #7176 ) ) ;
#5393 = EDGE_CURVE ( 'NONE', #2137, #4194, #7188, .T. ) ;
#5394 = DIRECTION ( 'NONE',  ( 0.0000000000000000000, 0.0000000000000000000, 1.000000000000000000 ) ) ;
#5395 = COLOUR_RGB ( '',0.7529411764705882248, 0.7529411764705882248, 0.7529411764705882248 ) ;
#5396 = SURFACE_STYLE_USAGE ( .BOTH. , #360 ) ;
#5397 =( NAMED_UNIT ( * ) PLANE_ANGLE_UNIT ( ) SI_UNIT ( $, .RADIAN. ) );
#5398 = VERTEX_POINT ( 'NONE', #966 ) ;
#5399 = CARTESIAN_POINT ( 'NONE',  ( 1.640975210307352938, 0.3750000000000000000, 0.4940000000000004943 ) ) ;
#5400 = CIRCLE ( 'NONE', #43, 0.09999999999999993616 ) ;
#5401 = CARTESIAN_POINT ( 'NONE',  ( 1.740020390013932605, -0.1250000000000000000, 0.5077859485307089082 ) ) ;
#5402 = CARTESIAN_POINT ( 'NONE',  ( -1.640975210307352050, 0.6250000000000001110, 0.5940000000000004166 ) ) ;
#5403 = AXIS2_PLACEMENT_3D ( 'NONE', #3146, #950, #432 ) ;
#5404 = VERTEX_POINT ( 'NONE', #2139 ) ;
#5405 = VECTOR ( 'NONE', #383, 1000.000000000000000 ) ;
#5406 = DIRECTION ( 'NONE',  ( 0.0000000000000000000, 1.000000000000000000, 0.0000000000000000000 ) ) ;
#5407 = EDGE_CURVE ( 'NONE', #6869, #3384, #1538, .T. ) ;
#5408 = CARTESIAN_POINT ( 'NONE',  ( 1.641086831975067550, 0.8750000000000000000, 0.4931980538652447343 ) ) ;
#5409 = STYLED_ITEM ( 'NONE', ( #6376 ), #5574 ) ;
#5410 = FILL_AREA_STYLE_COLOUR ( '', #2673 ) ;
#5411 = AXIS2_PLACEMENT_3D ( 'NONE', #599, #6111, #6154 ) ;
#5412 = DIRECTION ( 'NONE',  ( 0.0000000000000000000, 1.000000000000000000, 0.0000000000000000000 ) ) ;
#5413 = VECTOR ( 'NONE', #4144, 1000.000000000000000 ) ;
#5414 = PLANE ( 'NONE',  #5195 ) ;
#5415 = CARTESIAN_POINT ( 'NONE',  ( 1.955379661434764715, 0.6250000000000001110, 0.2662140514692911686 ) ) ;
#5416 = DIRECTION ( 'NONE',  ( 0.0000000000000000000, 0.0000000000000000000, -1.000000000000000000 ) ) ;
#5417 = PRESENTATION_LAYER_ASSIGNMENT (  '', '', ( #398 ) ) ;
#5418 = EDGE_CURVE ( 'NONE', #6740, #4116, #6112, .T. ) ;
#5419 = FILL_AREA_STYLE_COLOUR ( '', #1822 ) ;
#5420 = PRESENTATION_LAYER_ASSIGNMENT (  '', '', ( #536 ) ) ;
#5421 = PRESENTATION_STYLE_ASSIGNMENT (( #5487 ) ) ;
#5422 = MECHANICAL_DESIGN_GEOMETRIC_PRESENTATION_REPRESENTATION (  '', ( #6378 ), #5644 ) ;
#5423 = DIRECTION ( 'NONE',  ( 1.000000000000000000, -0.0000000000000000000, -1.370412358063294448E-16 ) ) ;
#5424 = LINE ( 'NONE', #501, #6398 ) ;
#5425 = DIRECTION ( 'NONE',  ( 0.0000000000000000000, 1.000000000000000000, 0.0000000000000000000 ) ) ;
#5426 = ORIENTED_EDGE ( 'NONE', *, *, #6383, .T. ) ;
#5427 = PLANE ( 'NONE',  #1897 ) ;
#5428 = PRESENTATION_STYLE_ASSIGNMENT (( #3149 ) ) ;
#5429 = MECHANICAL_DESIGN_GEOMETRIC_PRESENTATION_REPRESENTATION (  '', ( #4099 ), #5893 ) ;
#5430 = DIRECTION ( 'NONE',  ( 0.0000000000000000000, 0.0000000000000000000, 1.000000000000000000 ) ) ;
#5431 = PRESENTATION_LAYER_ASSIGNMENT (  '', '', ( #1358 ) ) ;
#5432 = ORIENTED_EDGE ( 'NONE', *, *, #240, .F. ) ;
#5433 = UNCERTAINTY_MEASURE_WITH_UNIT (LENGTH_MEASURE( 1.000000000000000082E-05 ), #4156, 'distance_accuracy_value', 'NONE');
#5434 = ORIENTED_EDGE ( 'NONE', *, *, #4218, .F. ) ;
#5435 = UNCERTAINTY_MEASURE_WITH_UNIT (LENGTH_MEASURE( 1.000000000000000082E-05 ), #376, 'distance_accuracy_value', 'NONE');
#5436 = DIRECTION ( 'NONE',  ( -0.0000000000000000000, -0.0000000000000000000, -1.000000000000000000 ) ) ;
#5437 = MECHANICAL_DESIGN_GEOMETRIC_PRESENTATION_REPRESENTATION (  '', ( #5318 ), #6273 ) ;
#5438 = LINE ( 'NONE', #557, #5521 ) ;
#5439 = PLANE ( 'NONE',  #7000 ) ;
#5440 = ORIENTED_EDGE ( 'NONE', *, *, #4795, .T. ) ;
#5441 = LINE ( 'NONE', #447, #5385 ) ;
#5442 = DIRECTION ( 'NONE',  ( 0.0000000000000000000, -1.000000000000000000, 0.0000000000000000000 ) ) ;
#5443 = ORIENTED_EDGE ( 'NONE', *, *, #1961, .F. ) ;
#5444 = AXIS2_PLACEMENT_3D ( 'NONE', #6276, #5116, #2326 ) ;
#5445 = UNCERTAINTY_MEASURE_WITH_UNIT (LENGTH_MEASURE( 1.000000000000000082E-05 ), #4173, 'distance_accuracy_value', 'NONE');
#5446 = LINE ( 'NONE', #3754, #7224 ) ;
#5447 = CARTESIAN_POINT ( 'NONE',  ( -2.054424841141345048, 1.125000000000000222, 0.2799999999999999711 ) ) ;
#5448 = SURFACE_STYLE_USAGE ( .BOTH. , #6677 ) ;
#5449 = VECTOR ( 'NONE', #5332, 999.9999999999998863 ) ;
#5450 = EDGE_LOOP ( 'NONE', ( #3495, #2757, #7090, #7142 ) ) ;
#5451 = EDGE_CURVE ( 'NONE', #5939, #842, #4282, .T. ) ;
#5452 =( NAMED_UNIT ( * ) PLANE_ANGLE_UNIT ( ) SI_UNIT ( $, .RADIAN. ) );
#5453 = VECTOR ( 'NONE', #6646, 1000.000000000000000 ) ;
#5454 = STYLED_ITEM ( 'NONE', ( #3455 ), #18 ) ;
#5455 = DIRECTION ( 'NONE',  ( 0.0000000000000000000, 1.000000000000000000, 0.0000000000000000000 ) ) ;
#5456 = PLANE ( 'NONE',  #47 ) ;
#5457 = AXIS2_PLACEMENT_3D ( 'NONE', #4054, #1405, #1866 ) ;
#5458 = DIRECTION ( 'NONE',  ( 0.0000000000000000000, 0.0000000000000000000, 1.000000000000000000 ) ) ;
#5459 = DIRECTION ( 'NONE',  ( 0.0000000000000000000, 1.000000000000000000, 0.0000000000000000000 ) ) ;
#5460 = EDGE_CURVE ( 'NONE', #2268, #285, #3169, .T. ) ;
#5461 = DIRECTION ( 'NONE',  ( 0.0000000000000000000, -1.000000000000000000, 0.0000000000000000000 ) ) ;
#5462 = UNCERTAINTY_MEASURE_WITH_UNIT (LENGTH_MEASURE( 1.000000000000000082E-05 ), #1014, 'distance_accuracy_value', 'NONE');
#5463 = ORIENTED_EDGE ( 'NONE', *, *, #6939, .T. ) ;
#5464 = PRESENTATION_STYLE_ASSIGNMENT (( #5351 ) ) ;
#5465 = LINE ( 'NONE', #4339, #2367 ) ;
#5466 = DIRECTION ( 'NONE',  ( 0.0000000000000000000, 1.000000000000000000, -0.0000000000000000000 ) ) ;
#5467 = EDGE_CURVE ( 'NONE', #2285, #4818, #4917, .T. ) ;
#5468 = EDGE_LOOP ( 'NONE', ( #804, #675, #5391, #5690 ) ) ;
#5469 = VERTEX_POINT ( 'NONE', #5104 ) ;
#5470 = DIRECTION ( 'NONE',  ( 0.0000000000000000000, 1.000000000000000000, 0.0000000000000000000 ) ) ;
#5471 =( LENGTH_UNIT ( ) NAMED_UNIT ( * ) SI_UNIT ( .MILLI., .METRE. ) );
#5472 = CARTESIAN_POINT ( 'NONE',  ( 1.955379661434764715, -0.3749999999999998890, 0.2662140514692911686 ) ) ;
#5473 = FILL_AREA_STYLE_COLOUR ( '', #5632 ) ;
#5474 =( NAMED_UNIT ( * ) SI_UNIT ( $, .STERADIAN. ) SOLID_ANGLE_UNIT ( ) );
#5475 = VERTEX_POINT ( 'NONE', #671 ) ;
#5476 = DIRECTION ( 'NONE',  ( -1.000000000000000000, 0.0000000000000000000, 1.453013302676229099E-18 ) ) ;
#5477 = SURFACE_SIDE_STYLE ('',( #3710 ) ) ;
#5478 = ORIENTED_EDGE ( 'NONE', *, *, #6728, .F. ) ;
#5479 = CARTESIAN_POINT ( 'NONE',  ( -2.450000000000000178, -0.8749999999999998890, 0.0000000000000000000 ) ) ;
#5480 = ORIENTED_EDGE ( 'NONE', *, *, #1700, .F. ) ;
#5481 = SURFACE_STYLE_FILL_AREA ( #3213 ) ;
#5482 = FILL_AREA_STYLE_COLOUR ( '', #7101 ) ;
#5483 = SURFACE_STYLE_FILL_AREA ( #4965 ) ;
#5484 = CARTESIAN_POINT ( 'NONE',  ( 1.350000000000000311, -1.350000000000000311, 0.6500000000000000222 ) ) ;
#5485 = FILL_AREA_STYLE ('',( #977 ) ) ;
#5486 = EDGE_CURVE ( 'NONE', #1682, #1613, #630, .T. ) ;
#5487 = SURFACE_STYLE_USAGE ( .BOTH. , #3138 ) ;
#5488 = DIRECTION ( 'NONE',  ( 0.0000000000000000000, 0.0000000000000000000, -1.000000000000000000 ) ) ;
#5489 = ORIENTED_EDGE ( 'NONE', *, *, #5316, .F. ) ;
#5490 = ADVANCED_FACE ( 'NONE', ( #5025 ), #1644, .T. ) ;
#5491 = SURFACE_STYLE_FILL_AREA ( #4862 ) ;
#5492 = FILL_AREA_STYLE_COLOUR ( '', #6502 ) ;
#5493 = ADVANCED_FACE ( 'NONE', ( #1121 ), #3, .T. ) ;
#5494 = ORIENTED_EDGE ( 'NONE', *, *, #5974, .T. ) ;
#5495 = VERTEX_POINT ( 'NONE', #6152 ) ;
#5496 = LINE ( 'NONE', #5944, #1008 ) ;
#5497 = CIRCLE ( 'NONE', #3240, 0.2799999999999998601 ) ;
#5498 = LINE ( 'NONE', #1110, #3617 ) ;
#5499 = CARTESIAN_POINT ( 'NONE',  ( 2.450000000000000178, 0.3750000000000000000, 0.1799999999999999933 ) ) ;
#5500 = VERTEX_POINT ( 'NONE', #3819 ) ;
#5501 = ORIENTED_EDGE ( 'NONE', *, *, #954, .F. ) ;
#5502 = ORIENTED_EDGE ( 'NONE', *, *, #4153, .F. ) ;
#5503 = CIRCLE ( 'NONE', #5976, 0.01602540378443820246 ) ;
#5504 = UNCERTAINTY_MEASURE_WITH_UNIT (LENGTH_MEASURE( 1.000000000000000082E-05 ), #6433, 'distance_accuracy_value', 'NONE');
#5505 = DIRECTION ( 'NONE',  ( -1.000000000000000000, 0.0000000000000000000, 1.453013302676229099E-18 ) ) ;
#5506 =( GEOMETRIC_REPRESENTATION_CONTEXT ( 3 ) GLOBAL_UNCERTAINTY_ASSIGNED_CONTEXT ( ( #1307 ) ) GLOBAL_UNIT_ASSIGNED_CONTEXT ( ( #473, #1065, #1494 ) ) REPRESENTATION_CONTEXT ( 'NONE', 'WORKASPACE' ) );
#5507 = DIRECTION ( 'NONE',  ( 0.0000000000000000000, 1.000000000000000000, 0.0000000000000000000 ) ) ;
#5508 = COLOUR_RGB ( '',0.7529411764705882248, 0.7529411764705882248, 0.7529411764705882248 ) ;
#5509 = ORIENTED_EDGE ( 'NONE', *, *, #3302, .F. ) ;
#5510 = COLOUR_RGB ( '',0.7529411764705882248, 0.7529411764705882248, 0.7529411764705882248 ) ;
#5511 = STYLED_ITEM ( 'NONE', ( #3767 ), #2572 ) ;
#5512 = CARTESIAN_POINT ( 'NONE',  ( -1.466989180957722017, 0.6250000000000001110, 0.7731980538652448720 ) ) ;
#5513 = VECTOR ( 'NONE', #290, 1000.000000000000000 ) ;
#5514 = VECTOR ( 'NONE', #2875, 1000.000000000000000 ) ;
#5515 = VECTOR ( 'NONE', #1990, 1000.000000000000000 ) ;
#5516 = FILL_AREA_STYLE ('',( #2064 ) ) ;
#5517 = ORIENTED_EDGE ( 'NONE', *, *, #2958, .F. ) ;
#5518 = MECHANICAL_DESIGN_GEOMETRIC_PRESENTATION_REPRESENTATION (  '', ( #398 ), #3140 ) ;
#5519 = CARTESIAN_POINT ( 'NONE',  ( 2.054424841141346825, 0.8750000000000000000, 5.747759680298863667E-19 ) ) ;
#5520 = UNCERTAINTY_MEASURE_WITH_UNIT (LENGTH_MEASURE( 1.000000000000000082E-05 ), #1716, 'distance_accuracy_value', 'NONE');
#5521 = VECTOR ( 'NONE', #3782, 1000.000000000000000 ) ;
#5522 = ORIENTED_EDGE ( 'NONE', *, *, #6541, .F. ) ;
#5523 = EDGE_CURVE ( 'NONE', #745, #395, #2803, .T. ) ;
#5524 = PRESENTATION_LAYER_ASSIGNMENT (  '', '', ( #3276 ) ) ;
#5526 = CIRCLE ( 'NONE', #1342, 0.09999999999999993616 ) ;
#5525 = CARTESIAN_POINT ( 'NONE',  ( -2.054424841141346825, 1.125000000000000222, 5.747759680298863667E-19 ) ) ;
#5527 = DIRECTION ( 'NONE',  ( 0.0000000000000000000, 0.1736481776669307198, -0.9848077530122080203 ) ) ;
#5528 = DIRECTION ( 'NONE',  ( 0.0000000000000000000, 0.0000000000000000000, 1.000000000000000000 ) ) ;
#5529 = EDGE_CURVE ( 'NONE', #1682, #5281, #5400, .T. ) ;
#5530 = SURFACE_SIDE_STYLE ('',( #5052 ) ) ;
#5531 = ORIENTED_EDGE ( 'NONE', *, *, #1745, .T. ) ;
#5532 = VECTOR ( 'NONE', #2050, 1000.000000000000000 ) ;
#5533 = ADVANCED_FACE ( 'NONE', ( #2783 ), #143, .T. ) ;
#5534 = ORIENTED_EDGE ( 'NONE', *, *, #3525, .F. ) ;
#5535 = SURFACE_STYLE_FILL_AREA ( #6561 ) ;
#5536 = STYLED_ITEM ( 'NONE', ( #5379 ), #3665 ) ;
#5537 = PLANE ( 'NONE',  #2245 ) ;
#5538 = AXIS2_PLACEMENT_3D ( 'NONE', #1743, #134, #1212 ) ;
#5539 = SURFACE_STYLE_USAGE ( .BOTH. , #6104 ) ;
#5540 = PRESENTATION_LAYER_ASSIGNMENT (  '', '', ( #4585 ) ) ;
#5541 = SURFACE_SIDE_STYLE ('',( #3890 ) ) ;
#5542 = ORIENTED_EDGE ( 'NONE', *, *, #2350, .F. ) ;
#5543 = EDGE_CURVE ( 'NONE', #4563, #3048, #6261, .T. ) ;
#5544 = ORIENTED_EDGE ( 'NONE', *, *, #5190, .T. ) ;
#5545 = VECTOR ( 'NONE', #613, 1000.000000000000000 ) ;
#5546 = CARTESIAN_POINT ( 'NONE',  ( 2.450000000000000178, 0.6250000000000001110, 0.0000000000000000000 ) ) ;
#5547 = VERTEX_POINT ( 'NONE', #6300 ) ;
#5548 = FILL_AREA_STYLE ('',( #6681 ) ) ;
#5549 = VECTOR ( 'NONE', #6555, 1000.000000000000000 ) ;
#5550 = CARTESIAN_POINT ( 'NONE',  ( -1.500000000000000444, -0.3749999999999998890, 0.6500000000000000222 ) ) ;
#5551 = FILL_AREA_STYLE ('',( #5653 ) ) ;
#5552 = ADVANCED_FACE ( 'NONE', ( #735 ), #1294, .F. ) ;
#5553 =( NAMED_UNIT ( * ) PLANE_ANGLE_UNIT ( ) SI_UNIT ( $, .RADIAN. ) );
#5554 =( LENGTH_UNIT ( ) NAMED_UNIT ( * ) SI_UNIT ( .MILLI., .METRE. ) );
#5555 =( NAMED_UNIT ( * ) PLANE_ANGLE_UNIT ( ) SI_UNIT ( $, .RADIAN. ) );
#5556 = AXIS2_PLACEMENT_3D ( 'NONE', #2577, #4409, #1056 ) ;
#5557 = DIRECTION ( 'NONE',  ( 1.453013302676229291E-18, 0.0000000000000000000, -1.000000000000000000 ) ) ;
#5558 = ORIENTED_EDGE ( 'NONE', *, *, #4125, .T. ) ;
#5559 = CARTESIAN_POINT ( 'NONE',  ( 1.375410794124024338, 0.3750000000000000000, 0.7731980538652447610 ) ) ;
#5560 = STYLED_ITEM ( 'NONE', ( #5024 ), #6991 ) ;
#5561 = DIRECTION ( 'NONE',  ( 0.0000000000000000000, 1.000000000000000000, 0.0000000000000000000 ) ) ;
#5562 =( GEOMETRIC_REPRESENTATION_CONTEXT ( 3 ) GLOBAL_UNCERTAINTY_ASSIGNED_CONTEXT ( ( #1927 ) ) GLOBAL_UNIT_ASSIGNED_CONTEXT ( ( #3177, #7068, #1083 ) ) REPRESENTATION_CONTEXT ( 'NONE', 'WORKASPACE' ) );
#5563 = ORIENTED_EDGE ( 'NONE', *, *, #1828, .T. ) ;
#5564 = LINE ( 'NONE', #1802, #5199 ) ;
#5565 =( GEOMETRIC_REPRESENTATION_CONTEXT ( 3 ) GLOBAL_UNCERTAINTY_ASSIGNED_CONTEXT ( ( #3124 ) ) GLOBAL_UNIT_ASSIGNED_CONTEXT ( ( #6446, #2552, #7045 ) ) REPRESENTATION_CONTEXT ( 'NONE', 'WORKASPACE' ) );
#5566 = CARTESIAN_POINT ( 'NONE',  ( -1.375410794124024338, 0.6250000000000001110, 0.7731980538652447610 ) ) ;
#5567 = SURFACE_STYLE_USAGE ( .BOTH. , #1101 ) ;
#5568 = CARTESIAN_POINT ( 'NONE',  ( -2.054424841141344604, -0.6250000000000000000, 0.2799999999999999711 ) ) ;
#5569 = LINE ( 'NONE', #6098, #2801 ) ;
#5570 = ORIENTED_EDGE ( 'NONE', *, *, #5612, .F. ) ;
#5571 = COLOUR_RGB ( '',0.7529411764705882248, 0.7529411764705882248, 0.7529411764705882248 ) ;
#5572 = ORIENTED_EDGE ( 'NONE', *, *, #111, .F. ) ;
#5573 = EDGE_CURVE ( 'NONE', #1986, #4664, #272, .T. ) ;
#5574 = ADVANCED_FACE ( 'NONE', ( #4120 ), #6361, .T. ) ;
#5575 = CARTESIAN_POINT ( 'NONE',  ( -1.955379661434764715, 1.125000000000000222, 0.2662140514692911686 ) ) ;
#5576 = SURFACE_STYLE_FILL_AREA ( #521 ) ;
#5577 = ORIENTED_EDGE ( 'NONE', *, *, #6735, .F. ) ;
#5578 = DIRECTION ( 'NONE',  ( -0.0000000000000000000, -1.000000000000000000, 0.0000000000000000000 ) ) ;
#5579 = VERTEX_POINT ( 'NONE', #4712 ) ;
#5580 = FILL_AREA_STYLE ('',( #3318 ) ) ;
#5581 = DIRECTION ( 'NONE',  ( 0.0000000000000000000, 0.0000000000000000000, -1.000000000000000000 ) ) ;
#5582 = EDGE_CURVE ( 'NONE', #7253, #1286, #6525, .T. ) ;
#5583 = DIRECTION ( 'NONE',  ( -0.1736481776669307198, 0.0000000000000000000, 0.9848077530122080203 ) ) ;
#5584 =( LENGTH_UNIT ( ) NAMED_UNIT ( * ) SI_UNIT ( .MILLI., .METRE. ) );
#5585 = EDGE_LOOP ( 'NONE', ( #1823, #4188, #3851, #5144 ) ) ;
#5586 = PRESENTATION_STYLE_ASSIGNMENT (( #2286 ) ) ;
#5587 = DIRECTION ( 'NONE',  ( 0.0000000000000000000, 0.0000000000000000000, 1.000000000000000000 ) ) ;
#5588 = FACE_OUTER_BOUND ( 'NONE', #5247, .T. ) ;
#5589 = COLOUR_RGB ( '',0.7529411764705882248, 0.7529411764705882248, 0.7529411764705882248 ) ;
#5590 = FILL_AREA_STYLE ('',( #4512 ) ) ;
#5591 = EDGE_CURVE ( 'NONE', #6642, #1608, #7048, .T. ) ;
#5592 = ORIENTED_EDGE ( 'NONE', *, *, #643, .T. ) ;
#5593 = PRESENTATION_STYLE_ASSIGNMENT (( #1760 ) ) ;
#5594 = SURFACE_STYLE_FILL_AREA ( #58 ) ;
#5595 = FILL_AREA_STYLE_COLOUR ( '', #6969 ) ;
#5596 = UNCERTAINTY_MEASURE_WITH_UNIT (LENGTH_MEASURE( 1.000000000000000082E-05 ), #3148, 'distance_accuracy_value', 'NONE');
#5597 = EDGE_LOOP ( 'NONE', ( #6566, #5764, #889, #5205 ) ) ;
#5598 = MECHANICAL_DESIGN_GEOMETRIC_PRESENTATION_REPRESENTATION (  '', ( #1524 ), #6685 ) ;
#5599 = CARTESIAN_POINT ( 'NONE',  ( 1.641086831975067550, 1.125000000000000222, 0.4931980538652447343 ) ) ;
#5600 = DIRECTION ( 'NONE',  ( -0.1736481776669307198, 0.0000000000000000000, -0.9848077530122080203 ) ) ;
#5601 = CARTESIAN_POINT ( 'NONE',  ( -2.450000000000000178, -1.125000000000000222, 0.1799999999999999933 ) ) ;
#5602 = ORIENTED_EDGE ( 'NONE', *, *, #6735, .T. ) ;
#5603 = ORIENTED_EDGE ( 'NONE', *, *, #4609, .T. ) ;
#5604 = FILL_AREA_STYLE ('',( #6734 ) ) ;
#5605 = AXIS2_PLACEMENT_3D ( 'NONE', #4997, #7, #1270 ) ;
#5606 =( LENGTH_UNIT ( ) NAMED_UNIT ( * ) SI_UNIT ( .MILLI., .METRE. ) );
#5607 = VERTEX_POINT ( 'NONE', #4870 ) ;
#5608 = CARTESIAN_POINT ( 'NONE',  ( -2.450000000000000178, 0.8750000000000000000, 0.1799999999999999933 ) ) ;
#5609 = VERTEX_POINT ( 'NONE', #7009 ) ;
#5610 = EDGE_CURVE ( 'NONE', #4804, #6303, #2117, .T. ) ;
#5611 = ORIENTED_EDGE ( 'NONE', *, *, #911, .F. ) ;
#5612 = EDGE_CURVE ( 'NONE', #6752, #4394, #1953, .T. ) ;
#5613 = DIRECTION ( 'NONE',  ( 0.0000000000000000000, 1.000000000000000000, 0.0000000000000000000 ) ) ;
#5614 = PLANE ( 'NONE',  #3367 ) ;
#5615 = ORIENTED_EDGE ( 'NONE', *, *, #3664, .T. ) ;
#5616 = FILL_AREA_STYLE_COLOUR ( '', #2439 ) ;
#5617 = VECTOR ( 'NONE', #5757, 1000.000000000000000 ) ;
#5618 =( NAMED_UNIT ( * ) PLANE_ANGLE_UNIT ( ) SI_UNIT ( $, .RADIAN. ) );
#5619 =( NAMED_UNIT ( * ) SI_UNIT ( $, .STERADIAN. ) SOLID_ANGLE_UNIT ( ) );
#5620 = PLANE ( 'NONE',  #1349 ) ;
#5621 = EDGE_CURVE ( 'NONE', #3305, #3589, #1460, .T. ) ;
#5622 = DIRECTION ( 'NONE',  ( 0.0000000000000000000, 0.0000000000000000000, 1.000000000000000000 ) ) ;
#5623 =( LENGTH_UNIT ( ) NAMED_UNIT ( * ) SI_UNIT ( .MILLI., .METRE. ) );
#5624 = PRESENTATION_LAYER_ASSIGNMENT (  '', '', ( #4661 ) ) ;
#5625 = ORIENTED_EDGE ( 'NONE', *, *, #1871, .T. ) ;
#5626 = PRESENTATION_STYLE_ASSIGNMENT (( #3439 ) ) ;
#5627 = CARTESIAN_POINT ( 'NONE',  ( -1.500000000000000444, -0.1250000000000000000, 0.6500000000000000222 ) ) ;
#5628 = EDGE_CURVE ( 'NONE', #5649, #4715, #4199, .T. ) ;
#5629 = AXIS2_PLACEMENT_3D ( 'NONE', #1246, #1663, #4485 ) ;
#5630 = VECTOR ( 'NONE', #2105, 999.9999999999998863 ) ;
#5631 = DIRECTION ( 'NONE',  ( -1.000000000000000000, 0.0000000000000000000, -1.453013302676229291E-18 ) ) ;
#5632 = COLOUR_RGB ( '',0.7529411764705882248, 0.7529411764705882248, 0.7529411764705882248 ) ;
#5633 = DIRECTION ( 'NONE',  ( -1.000000000000000000, 0.0000000000000000000, 2.041316732240672236E-15 ) ) ;
#5634 = ORIENTED_EDGE ( 'NONE', *, *, #836, .T. ) ;
#5635 = EDGE_CURVE ( 'NONE', #1654, #3315, #6599, .T. ) ;
#5636 = VERTEX_POINT ( 'NONE', #926 ) ;
#5637 = AXIS2_PLACEMENT_3D ( 'NONE', #1590, #6619, #6004 ) ;
#5638 = AXIS2_PLACEMENT_3D ( 'NONE', #2376, #2811, #5640 ) ;
#5639 = CARTESIAN_POINT ( 'NONE',  ( 2.054424841141345048, -0.6250000000000000000, 0.2799999999999999711 ) ) ;
#5640 = DIRECTION ( 'NONE',  ( 1.000000000000000000, 0.0000000000000000000, -4.080918178602890545E-16 ) ) ;
#5641 = ORIENTED_EDGE ( 'NONE', *, *, #6287, .F. ) ;
#5642 = PLANE ( 'NONE',  #4551 ) ;
#5643 = UNCERTAINTY_MEASURE_WITH_UNIT (LENGTH_MEASURE( 1.000000000000000082E-05 ), #179, 'distance_accuracy_value', 'NONE');
#5644 =( GEOMETRIC_REPRESENTATION_CONTEXT ( 3 ) GLOBAL_UNCERTAINTY_ASSIGNED_CONTEXT ( ( #4402 ) ) GLOBAL_UNIT_ASSIGNED_CONTEXT ( ( #5346, #2107, #379 ) ) REPRESENTATION_CONTEXT ( 'NONE', 'WORKASPACE' ) );
#5645 = ORIENTED_EDGE ( 'NONE', *, *, #4958, .T. ) ;
#5646 = ORIENTED_EDGE ( 'NONE', *, *, #270, .F. ) ;
#5647 = DIRECTION ( 'NONE',  ( -0.0000000000000000000, -1.000000000000000000, -0.0000000000000000000 ) ) ;
#5648 = MECHANICAL_DESIGN_GEOMETRIC_PRESENTATION_REPRESENTATION (  '', ( #3158 ), #1813 ) ;
#5649 = VERTEX_POINT ( 'NONE', #3051 ) ;
#5650 =( NAMED_UNIT ( * ) PLANE_ANGLE_UNIT ( ) SI_UNIT ( $, .RADIAN. ) );
#5651 = FILL_AREA_STYLE_COLOUR ( '', #2879 ) ;
#5652 = AXIS2_PLACEMENT_3D ( 'NONE', #4221, #3774, #1096 ) ;
#5653 = FILL_AREA_STYLE_COLOUR ( '', #1605 ) ;
#5654 = DIRECTION ( 'NONE',  ( 0.0000000000000000000, 0.0000000000000000000, 1.000000000000000000 ) ) ;
#5655 = PRESENTATION_LAYER_ASSIGNMENT (  '', '', ( #4700 ) ) ;
#5656 =( NAMED_UNIT ( * ) PLANE_ANGLE_UNIT ( ) SI_UNIT ( $, .RADIAN. ) );
#5657 =( LENGTH_UNIT ( ) NAMED_UNIT ( * ) SI_UNIT ( .MILLI., .METRE. ) );
#5658 = MECHANICAL_DESIGN_GEOMETRIC_PRESENTATION_REPRESENTATION (  '', ( #4704 ), #3762 ) ;
#5659 = EDGE_CURVE ( 'NONE', #2622, #7227, #443, .T. ) ;
#5660 = EDGE_LOOP ( 'NONE', ( #1689, #1402, #5634, #3032 ) ) ;
#5661 = DIRECTION ( 'NONE',  ( -1.453013302676229291E-18, 0.0000000000000000000, -1.000000000000000000 ) ) ;
#5662 = SURFACE_SIDE_STYLE ('',( #2186 ) ) ;
#5663 = DIRECTION ( 'NONE',  ( 0.1378594853070949366, 0.0000000000000000000, 0.9904517970657951142 ) ) ;
#5664 = COLOUR_RGB ( '',0.1176470588235294101, 0.1176470588235294101, 0.1176470588235294101 ) ;
#5665 = LINE ( 'NONE', #2368, #807 ) ;
#5666 = CARTESIAN_POINT ( 'NONE',  ( 1.500000000000000000, 0.8750000000000001110, 0.6500000000000000222 ) ) ;
#5667 = EDGE_CURVE ( 'NONE', #5880, #6845, #3082, .T. ) ;
#5668 = CIRCLE ( 'NONE', #3425, 0.09999999999999993616 ) ;
#5669 = PLANE ( 'NONE',  #556 ) ;
#5670 = PLANE ( 'NONE',  #157 ) ;
#5671 = VERTEX_POINT ( 'NONE', #5472 ) ;
#5672 = ORIENTED_EDGE ( 'NONE', *, *, #638, .T. ) ;
#5673 = LINE ( 'NONE', #2198, #538 ) ;
#5674 =( GEOMETRIC_REPRESENTATION_CONTEXT ( 3 ) GLOBAL_UNCERTAINTY_ASSIGNED_CONTEXT ( ( #3926 ) ) GLOBAL_UNIT_ASSIGNED_CONTEXT ( ( #6841, #5177, #4041 ) ) REPRESENTATION_CONTEXT ( 'NONE', 'WORKASPACE' ) );
#5675 = FACE_OUTER_BOUND ( 'NONE', #6193, .T. ) ;
#5676 = EDGE_CURVE ( 'NONE', #4230, #4132, #3747, .T. ) ;
#5677 = DIRECTION ( 'NONE',  ( 0.0000000000000000000, 1.000000000000000000, 0.0000000000000000000 ) ) ;
#5678 = FILL_AREA_STYLE ('',( #1127 ) ) ;
#5679 = PLANE ( 'NONE',  #5338 ) ;
#5680 = FACE_OUTER_BOUND ( 'NONE', #2813, .T. ) ;
#5681 = ORIENTED_EDGE ( 'NONE', *, *, #6812, .F. ) ;
#5682 = ORIENTED_EDGE ( 'NONE', *, *, #4021, .F. ) ;
#5683 = CARTESIAN_POINT ( 'NONE',  ( -1.641086831975067550, -0.3749999999999998890, 0.4931980538652447343 ) ) ;
#5684 = PLANE ( 'NONE',  #853 ) ;
#5685 = FILL_AREA_STYLE ('',( #42 ) ) ;
#5686 = ORIENTED_EDGE ( 'NONE', *, *, #1289, .T. ) ;
#5687 = DIRECTION ( 'NONE',  ( 0.9904517970657951142, -0.0000000000000000000, 0.1378594853070949366 ) ) ;
#5688 = FILL_AREA_STYLE_COLOUR ( '', #4451 ) ;
#5689 = SURFACE_STYLE_USAGE ( .BOTH. , #5810 ) ;
#5690 = ORIENTED_EDGE ( 'NONE', *, *, #1954, .T. ) ;
#5691 = PLANE ( 'NONE',  #5457 ) ;
#5692 = PRESENTATION_STYLE_ASSIGNMENT (( #6781 ) ) ;
#5693 = SURFACE_STYLE_FILL_AREA ( #6892 ) ;
#5694 =( NAMED_UNIT ( * ) PLANE_ANGLE_UNIT ( ) SI_UNIT ( $, .RADIAN. ) );
#5695 = ADVANCED_FACE ( 'NONE', ( #4232 ), #5945, .T. ) ;
#5696 = FILL_AREA_STYLE ('',( #3989 ) ) ;
#5697 =( NAMED_UNIT ( * ) PLANE_ANGLE_UNIT ( ) SI_UNIT ( $, .RADIAN. ) );
#5698 = EDGE_CURVE ( 'NONE', #7174, #3048, #517, .T. ) ;
#5699 = DIRECTION ( 'NONE',  ( -1.000000000000000000, 0.0000000000000000000, -2.041316732240672236E-15 ) ) ;
#5700 = DIRECTION ( 'NONE',  ( 1.000000000000000000, 0.0000000000000000000, 6.852061790316472241E-17 ) ) ;
#5701 = DIRECTION ( 'NONE',  ( 0.0000000000000000000, 0.0000000000000000000, -1.000000000000000000 ) ) ;
#5702 = VERTEX_POINT ( 'NONE', #590 ) ;
#5703 = STYLED_ITEM ( 'NONE', ( #4990 ), #696 ) ;
#5704 = ORIENTED_EDGE ( 'NONE', *, *, #4393, .T. ) ;
#5705 = CYLINDRICAL_SURFACE ( 'NONE', #5538, 0.1000000000000002554 ) ;
#5706 = EDGE_CURVE ( 'NONE', #3778, #647, #5870, .T. ) ;
#5707 = VERTEX_POINT ( 'NONE', #4905 ) ;
#5708 = ORIENTED_EDGE ( 'NONE', *, *, #6272, .T. ) ;
#5709 = VERTEX_POINT ( 'NONE', #2775 ) ;
#5710 = VECTOR ( 'NONE', #4286, 1000.000000000000000 ) ;
#5711 = ADVANCED_FACE ( 'NONE', ( #2809 ), #5537, .T. ) ;
#5712 = SURFACE_STYLE_FILL_AREA ( #3459 ) ;
#5713 = EDGE_LOOP ( 'NONE', ( #4720, #2499, #6634, #731 ) ) ;
#5714 = DIRECTION ( 'NONE',  ( -0.1736481776669307198, 0.0000000000000000000, -0.9848077530122080203 ) ) ;
#5715 = CARTESIAN_POINT ( 'NONE',  ( -1.500000000000000444, 0.1250000000000001110, 0.6500000000000000222 ) ) ;
#5716 = PLANE ( 'NONE',  #5049 ) ;
#5717 = ORIENTED_EDGE ( 'NONE', *, *, #2264, .F. ) ;
#5718 = DIRECTION ( 'NONE',  ( -0.0000000000000000000, -0.0000000000000000000, -1.000000000000000000 ) ) ;
#5719 = AXIS2_PLACEMENT_3D ( 'NONE', #2557, #1042, #1609 ) ;
#5720 = DIRECTION ( 'NONE',  ( 1.000000000000000000, -0.0000000000000000000, -4.080918178602890545E-16 ) ) ;
#5721 = CARTESIAN_POINT ( 'NONE',  ( 1.641086831975067550, -0.6250000000000000000, 0.4931980538652447343 ) ) ;
#5722 = CIRCLE ( 'NONE', #274, 0.2800000000000000822 ) ;
#5723 = ORIENTED_EDGE ( 'NONE', *, *, #6939, .F. ) ;
#5724 = CYLINDRICAL_SURFACE ( 'NONE', #2022, 0.2799999999999998601 ) ;
#5725 = CARTESIAN_POINT ( 'NONE',  ( 2.450000000000000178, -0.3749999999999998890, 0.1799999999999999933 ) ) ;
#5726 = CARTESIAN_POINT ( 'NONE',  ( 1.350000000000000089, 1.500000000000000000, 0.6500000000000000222 ) ) ;
#5727 = CARTESIAN_POINT ( 'NONE',  ( -1.740020390013932605, 1.125000000000000222, 0.5077859485307089082 ) ) ;
#5728 = UNCERTAINTY_MEASURE_WITH_UNIT (LENGTH_MEASURE( 1.000000000000000082E-05 ), #2266, 'distance_accuracy_value', 'NONE');
#5729 = DIRECTION ( 'NONE',  ( 0.0000000000000000000, 1.000000000000000000, -0.0000000000000000000 ) ) ;
#5730 = CARTESIAN_POINT ( 'NONE',  ( 1.350000000000000533, -1.500000000000000000, 0.6500000000000000222 ) ) ;
#5731 = CIRCLE ( 'NONE', #5031, 0.1499999999999999667 ) ;
#5732 = FILL_AREA_STYLE ('',( #3064 ) ) ;
#5733 = VECTOR ( 'NONE', #3299, 1000.000000000000000 ) ;
#5734 = VECTOR ( 'NONE', #585, 1000.000000000000000 ) ;
#5735 = CARTESIAN_POINT ( 'NONE',  ( 1.640975210307352938, -0.6250000000000000000, 0.4940000000000004943 ) ) ;
#5736 = PRESENTATION_LAYER_ASSIGNMENT (  '', '', ( #5860 ) ) ;
#5737 = EDGE_CURVE ( 'NONE', #6830, #35, #5210, .T. ) ;
#5738 = FILL_AREA_STYLE ('',( #2905 ) ) ;
#5739 = CIRCLE ( 'NONE', #5403, 0.2799999999999998601 ) ;
#5740 = MECHANICAL_DESIGN_GEOMETRIC_PRESENTATION_REPRESENTATION (  '', ( #3498 ), #4670 ) ;
#5741 = ORIENTED_EDGE ( 'NONE', *, *, #2383, .T. ) ;
#5742 = AXIS2_PLACEMENT_3D ( 'NONE', #132, #4622, #803 ) ;
#5743 = ORIENTED_EDGE ( 'NONE', *, *, #1862, .F. ) ;
#5744 = CARTESIAN_POINT ( 'NONE',  ( -1.641086831975065774, 0.3750000000000000000, 0.7731980538652448720 ) ) ;
#5745 = AXIS2_PLACEMENT_3D ( 'NONE', #5683, #4010, #4043 ) ;
#5746 = FILL_AREA_STYLE_COLOUR ( '', #1793 ) ;
#5747 = PRESENTATION_LAYER_ASSIGNMENT (  '', '', ( #3141 ) ) ;
#5748 = EDGE_CURVE ( 'NONE', #1847, #600, #3417, .T. ) ;
#5749 = ADVANCED_FACE ( 'NONE', ( #5675 ), #1288, .F. ) ;
#5750 = VERTEX_POINT ( 'NONE', #695 ) ;
#5751 = SURFACE_SIDE_STYLE ('',( #3492 ) ) ;
#5752 = ORIENTED_EDGE ( 'NONE', *, *, #2627, .F. ) ;
#5753 = STYLED_ITEM ( 'NONE', ( #7034 ), #5802 ) ;
#5754 = VERTEX_POINT ( 'NONE', #6402 ) ;
#5755 = CARTESIAN_POINT ( 'NONE',  ( 1.350000000000000089, 1.411836509645767235, 0.1499999999999999667 ) ) ;
#5756 = FILL_AREA_STYLE ('',( #1322 ) ) ;
#5757 = DIRECTION ( 'NONE',  ( 0.0000000000000000000, 1.000000000000000000, 0.0000000000000000000 ) ) ;
#5758 = COLOUR_RGB ( '',0.7529411764705882248, 0.7529411764705882248, 0.7529411764705882248 ) ;
#5759 = EDGE_CURVE ( 'NONE', #4305, #6697, #5128, .T. ) ;
#5760 = ORIENTED_EDGE ( 'NONE', *, *, #4942, .F. ) ;
#5761 = FACE_OUTER_BOUND ( 'NONE', #4462, .T. ) ;
#5762 = DIRECTION ( 'NONE',  ( -1.000000000000000000, -0.0000000000000000000, -1.453013302676229099E-18 ) ) ;
#5763 =( LENGTH_UNIT ( ) NAMED_UNIT ( * ) SI_UNIT ( .MILLI., .METRE. ) );
#5764 = ORIENTED_EDGE ( 'NONE', *, *, #1967, .F. ) ;
#5765 = PRESENTATION_LAYER_ASSIGNMENT (  '', '', ( #1245 ) ) ;
#5766 = DIRECTION ( 'NONE',  ( -0.0000000000000000000, -1.000000000000000000, -0.0000000000000000000 ) ) ;
#5767 =( GEOMETRIC_REPRESENTATION_CONTEXT ( 3 ) GLOBAL_UNCERTAINTY_ASSIGNED_CONTEXT ( ( #1589 ) ) GLOBAL_UNIT_ASSIGNED_CONTEXT ( ( #1240, #5078, #2763 ) ) REPRESENTATION_CONTEXT ( 'NONE', 'WORKASPACE' ) );
#5768 = DIRECTION ( 'NONE',  ( -0.1736481776669307198, 0.0000000000000000000, -0.9848077530122080203 ) ) ;
#5769 = CARTESIAN_POINT ( 'NONE',  ( -1.918413335153490440, 0.8750000000000000000, 0.5317987097512296701 ) ) ;
#5770 = PRESENTATION_LAYER_ASSIGNMENT (  '', '', ( #4099 ) ) ;
#5771 = VERTEX_POINT ( 'NONE', #6871 ) ;
#5772 = SURFACE_STYLE_FILL_AREA ( #3513 ) ;
#5773 = FACE_OUTER_BOUND ( 'NONE', #3188, .T. ) ;
#5774 =( NAMED_UNIT ( * ) SI_UNIT ( $, .STERADIAN. ) SOLID_ANGLE_UNIT ( ) );
#5775 = CARTESIAN_POINT ( 'NONE',  ( 1.918413335153490440, -0.1250000000000000000, 0.5317987097512297812 ) ) ;
#5776 = VECTOR ( 'NONE', #3144, 1000.000000000000114 ) ;
#5777 = SURFACE_STYLE_FILL_AREA ( #5732 ) ;
#5778 = STYLED_ITEM ( 'NONE', ( #6286 ), #4020 ) ;
#5779 =( LENGTH_UNIT ( ) NAMED_UNIT ( * ) SI_UNIT ( .MILLI., .METRE. ) );
#5780 = LINE ( 'NONE', #4030, #6117 ) ;
#5781 =( GEOMETRIC_REPRESENTATION_CONTEXT ( 3 ) GLOBAL_UNCERTAINTY_ASSIGNED_CONTEXT ( ( #6916 ) ) GLOBAL_UNIT_ASSIGNED_CONTEXT ( ( #3770, #382, #6547 ) ) REPRESENTATION_CONTEXT ( 'NONE', 'WORKASPACE' ) );
#5782 = EDGE_LOOP ( 'NONE', ( #2203, #723, #408, #4418 ) ) ;
#5783 = UNCERTAINTY_MEASURE_WITH_UNIT (LENGTH_MEASURE( 1.000000000000000082E-05 ), #1489, 'distance_accuracy_value', 'NONE');
#5784 = ORIENTED_EDGE ( 'NONE', *, *, #2607, .F. ) ;
#5785 = FACE_OUTER_BOUND ( 'NONE', #5597, .T. ) ;
#5786 = PRESENTATION_LAYER_ASSIGNMENT (  '', '', ( #2732 ) ) ;
#5787 = VECTOR ( 'NONE', #2994, 1000.000000000000000 ) ;
#5788 =( NAMED_UNIT ( * ) SI_UNIT ( $, .STERADIAN. ) SOLID_ANGLE_UNIT ( ) );
#5789 = CIRCLE ( 'NONE', #4968, 0.2799999999999998601 ) ;
#5790 = CARTESIAN_POINT ( 'NONE',  ( -1.500000000000000444, -1.125000000000000222, 0.6500000000000000222 ) ) ;
#5791 = LINE ( 'NONE', #4110, #3510 ) ;
#5792 = LINE ( 'NONE', #4778, #900 ) ;
#5793 = ORIENTED_EDGE ( 'NONE', *, *, #6081, .F. ) ;
#5794 = EDGE_LOOP ( 'NONE', ( #4948, #2484, #5509, #3915 ) ) ;
#5795 = MECHANICAL_DESIGN_GEOMETRIC_PRESENTATION_REPRESENTATION (  '', ( #5560 ), #2967 ) ;
#5796 = ORIENTED_EDGE ( 'NONE', *, *, #7015, .F. ) ;
#5797 = AXIS2_PLACEMENT_3D ( 'NONE', #6116, #83, #678 ) ;
#5798 = EDGE_CURVE ( 'NONE', #5186, #4673, #5165, .T. ) ;
#5799 =( NAMED_UNIT ( * ) PLANE_ANGLE_UNIT ( ) SI_UNIT ( $, .RADIAN. ) );
#5800 = STYLED_ITEM ( 'NONE', ( #5306 ), #7173 ) ;
#5801 = SURFACE_STYLE_FILL_AREA ( #6526 ) ;
#5802 = ADVANCED_FACE ( 'NONE', ( #1850 ), #3385, .T. ) ;
#5803 = PRESENTATION_STYLE_ASSIGNMENT (( #3532 ) ) ;
#5804 = ORIENTED_EDGE ( 'NONE', *, *, #4494, .T. ) ;
#5805 = DIRECTION ( 'NONE',  ( 0.0000000000000000000, 1.000000000000000000, 0.0000000000000000000 ) ) ;
#5806 = SURFACE_STYLE_FILL_AREA ( #1396 ) ;
#5807 = UNCERTAINTY_MEASURE_WITH_UNIT (LENGTH_MEASURE( 1.000000000000000082E-05 ), #2795, 'distance_accuracy_value', 'NONE');
#5808 = EDGE_LOOP ( 'NONE', ( #6203, #4599, #4311, #6485 ) ) ;
#5809 = UNCERTAINTY_MEASURE_WITH_UNIT (LENGTH_MEASURE( 1.000000000000000082E-05 ), #873, 'distance_accuracy_value', 'NONE');
#5810 = SURFACE_SIDE_STYLE ('',( #786 ) ) ;
#5811 = EDGE_CURVE ( 'NONE', #1654, #4543, #1413, .T. ) ;
#5812 = CARTESIAN_POINT ( 'NONE',  ( -1.740020390013932605, -0.8749999999999998890, 0.5077859485307089082 ) ) ;
#5813 = SURFACE_STYLE_USAGE ( .BOTH. , #195 ) ;
#5814 = ORIENTED_EDGE ( 'NONE', *, *, #3044, .F. ) ;
#5815 = DIRECTION ( 'NONE',  ( 0.0000000000000000000, -1.000000000000000000, 0.0000000000000000000 ) ) ;
#5816 = DIRECTION ( 'NONE',  ( 0.0000000000000000000, 1.000000000000000000, 0.0000000000000000000 ) ) ;
#5817 = DIRECTION ( 'NONE',  ( 0.0000000000000000000, 0.0000000000000000000, 1.000000000000000000 ) ) ;
#5818 = DIRECTION ( 'NONE',  ( 1.000000000000000000, 0.0000000000000000000, 4.080918178602890545E-16 ) ) ;
#5819 =( LENGTH_UNIT ( ) NAMED_UNIT ( * ) SI_UNIT ( .MILLI., .METRE. ) );
#5820 = ADVANCED_FACE ( 'NONE', ( #915 ), #5352, .T. ) ;
#5821 = PRESENTATION_STYLE_ASSIGNMENT (( #1443 ) ) ;
#5822 =( LENGTH_UNIT ( ) NAMED_UNIT ( * ) SI_UNIT ( .MILLI., .METRE. ) );
#5823 = ORIENTED_EDGE ( 'NONE', *, *, #4256, .T. ) ;
#5824 = AXIS2_PLACEMENT_3D ( 'NONE', #330, #6880, #2959 ) ;
#5825 =( LENGTH_UNIT ( ) NAMED_UNIT ( * ) SI_UNIT ( .MILLI., .METRE. ) );
#5826 = CARTESIAN_POINT ( 'NONE',  ( 2.450000000000000178, 0.1250000000000001110, 0.0000000000000000000 ) ) ;
#5827 =( NAMED_UNIT ( * ) PLANE_ANGLE_UNIT ( ) SI_UNIT ( $, .RADIAN. ) );
#5828 = FILL_AREA_STYLE ('',( #6409 ) ) ;
#5829 = FILL_AREA_STYLE_COLOUR ( '', #152 ) ;
#5830 = ORIENTED_EDGE ( 'NONE', *, *, #682, .T. ) ;
#5831 = VERTEX_POINT ( 'NONE', #1801 ) ;
#5832 = FILL_AREA_STYLE ('',( #1919 ) ) ;
#5833 = AXIS2_PLACEMENT_3D ( 'NONE', #4260, #4815, #5852 ) ;
#5834 = CARTESIAN_POINT ( 'NONE',  ( -2.054424841141346825, -0.6250000000000000000, 5.747759680298863667E-19 ) ) ;
#5835 = VERTEX_POINT ( 'NONE', #6355 ) ;
#5836 = ADVANCED_FACE ( 'NONE', ( #2401 ), #3545, .T. ) ;
#5837 = FILL_AREA_STYLE_COLOUR ( '', #4771 ) ;
#5838 = EDGE_CURVE ( 'NONE', #5287, #5835, #6315, .T. ) ;
#5839 = ORIENTED_EDGE ( 'NONE', *, *, #1569, .T. ) ;
#5840 = CARTESIAN_POINT ( 'NONE',  ( 1.466989180957721572, -0.3749999999999998890, 0.7731980538652447610 ) ) ;
#5841 =( GEOMETRIC_REPRESENTATION_CONTEXT ( 3 ) GLOBAL_UNCERTAINTY_ASSIGNED_CONTEXT ( ( #6059 ) ) GLOBAL_UNIT_ASSIGNED_CONTEXT ( ( #1753, #3430, #3863 ) ) REPRESENTATION_CONTEXT ( 'NONE', 'WORKASPACE' ) );
#5842 =( NAMED_UNIT ( * ) PLANE_ANGLE_UNIT ( ) SI_UNIT ( $, .RADIAN. ) );
#5843 = ORIENTED_EDGE ( 'NONE', *, *, #5737, .F. ) ;
#5844 = DIRECTION ( 'NONE',  ( 0.0000000000000000000, 0.0000000000000000000, 1.000000000000000000 ) ) ;
#5845 = PRESENTATION_STYLE_ASSIGNMENT (( #1934 ) ) ;
#5846 = DIRECTION ( 'NONE',  ( 0.0000000000000000000, 0.0000000000000000000, 1.000000000000000000 ) ) ;
#5847 = EDGE_CURVE ( 'NONE', #3676, #971, #2935, .T. ) ;
#5848 = CARTESIAN_POINT ( 'NONE',  ( -1.375410794124024338, -0.6250000000000000000, 0.5939999999999999725 ) ) ;
#5849 = SURFACE_SIDE_STYLE ('',( #6964 ) ) ;
#5850 = COLOUR_RGB ( '',0.7529411764705882248, 0.7529411764705882248, 0.7529411764705882248 ) ;
#5851 = CYLINDRICAL_SURFACE ( 'NONE', #1580, 0.2799999999999998601 ) ;
#5852 = DIRECTION ( 'NONE',  ( 0.0000000000000000000, 0.0000000000000000000, 1.000000000000000000 ) ) ;
#5853 = CARTESIAN_POINT ( 'NONE',  ( -1.490125689080326277, -1.125000000000000222, 0.5940000000000001945 ) ) ;
#5854 = EDGE_CURVE ( 'NONE', #1742, #3429, #126, .T. ) ;
#5855 = CARTESIAN_POINT ( 'NONE',  ( -1.955379661434764715, -0.8749999999999998890, 0.2662140514692911686 ) ) ;
#5856 = ORIENTED_EDGE ( 'NONE', *, *, #2336, .T. ) ;
#5857 = DIRECTION ( 'NONE',  ( -1.000000000000000000, 0.0000000000000000000, -1.453013302676229291E-18 ) ) ;
#5858 =( GEOMETRIC_REPRESENTATION_CONTEXT ( 3 ) GLOBAL_UNCERTAINTY_ASSIGNED_CONTEXT ( ( #4095 ) ) GLOBAL_UNIT_ASSIGNED_CONTEXT ( ( #2173, #524, #7220 ) ) REPRESENTATION_CONTEXT ( 'NONE', 'WORKASPACE' ) );
#5859 = FILL_AREA_STYLE_COLOUR ( '', #5510 ) ;
#5860 = STYLED_ITEM ( 'NONE', ( #2314 ), #5490 ) ;
#5861 =( GEOMETRIC_REPRESENTATION_CONTEXT ( 3 ) GLOBAL_UNCERTAINTY_ASSIGNED_CONTEXT ( ( #993 ) ) GLOBAL_UNIT_ASSIGNED_CONTEXT ( ( #5825, #2513, #4735 ) ) REPRESENTATION_CONTEXT ( 'NONE', 'WORKASPACE' ) );
#5862 = CARTESIAN_POINT ( 'NONE',  ( 1.955379661434764715, 0.8750000000000000000, 0.2662140514692911686 ) ) ;
#5863 =( GEOMETRIC_REPRESENTATION_CONTEXT ( 3 ) GLOBAL_UNCERTAINTY_ASSIGNED_CONTEXT ( ( #61 ) ) GLOBAL_UNIT_ASSIGNED_CONTEXT ( ( #2000, #6929, #4214 ) ) REPRESENTATION_CONTEXT ( 'NONE', 'WORKASPACE' ) );
#5864 = STYLED_ITEM ( 'NONE', ( #6288 ), #1840 ) ;
#5865 = CARTESIAN_POINT ( 'NONE',  ( -1.500000000000000444, 0.3750000000000000000, 0.6500000000000000222 ) ) ;
#5866 = EDGE_CURVE ( 'NONE', #210, #4938, #3001, .T. ) ;
#5867 = ORIENTED_EDGE ( 'NONE', *, *, #2698, .F. ) ;
#5868 = ORIENTED_EDGE ( 'NONE', *, *, #1086, .T. ) ;
#5869 = FILL_AREA_STYLE_COLOUR ( '', #7201 ) ;
#5870 = CIRCLE ( 'NONE', #2692, 0.1499999999999999667 ) ;
#5871 = AXIS2_PLACEMENT_3D ( 'NONE', #1962, #4166, #4203 ) ;
#5872 = CARTESIAN_POINT ( 'NONE',  ( -2.450000000000000178, 0.8750000000000000000, 0.0000000000000000000 ) ) ;
#5873 = CARTESIAN_POINT ( 'NONE',  ( -1.641086831975065774, -1.125000000000000222, 0.7731980538652448720 ) ) ;
#5874 = VECTOR ( 'NONE', #3962, 1000.000000000000114 ) ;
#5875 = ORIENTED_EDGE ( 'NONE', *, *, #6887, .T. ) ;
#5876 = FILL_AREA_STYLE ('',( #5837 ) ) ;
#5877 = VECTOR ( 'NONE', #5412, 1000.000000000000000 ) ;
#5879 = CIRCLE ( 'NONE', #2700, 0.1000000000000000472 ) ;
#5878 = CARTESIAN_POINT ( 'NONE',  ( -1.641086831975065774, -0.3749999999999998890, 0.7731980538652448720 ) ) ;
#5880 = VERTEX_POINT ( 'NONE', #4688 ) ;
#5881 = UNCERTAINTY_MEASURE_WITH_UNIT (LENGTH_MEASURE( 1.000000000000000082E-05 ), #19, 'distance_accuracy_value', 'NONE');
#5882 = LINE ( 'NONE', #2021, #4843 ) ;
#5883 = VECTOR ( 'NONE', #953, 1000.000000000000000 ) ;
#5884 = CARTESIAN_POINT ( 'NONE',  ( 2.450000000000000178, -0.6250000000000000000, 0.0000000000000000000 ) ) ;
#5885 = VERTEX_POINT ( 'NONE', #4136 ) ;
#5886 = DIRECTION ( 'NONE',  ( 0.1736481776669307198, 0.0000000000000000000, -0.9848077530122080203 ) ) ;
#5887 = CARTESIAN_POINT ( 'NONE',  ( -2.450000000000000178, 0.8750000000000000000, 0.1799999999999999933 ) ) ;
#5888 = PRESENTATION_STYLE_ASSIGNMENT (( #6961 ) ) ;
#5889 = VECTOR ( 'NONE', #2614, 1000.000000000000000 ) ;
#5890 = DIRECTION ( 'NONE',  ( 1.000000000000000000, 0.0000000000000000000, 4.080918178602890545E-16 ) ) ;
#5891 = FILL_AREA_STYLE ('',( #1379 ) ) ;
#5892 = EDGE_CURVE ( 'NONE', #774, #2093, #3576, .T. ) ;
#5893 =( GEOMETRIC_REPRESENTATION_CONTEXT ( 3 ) GLOBAL_UNCERTAINTY_ASSIGNED_CONTEXT ( ( #4678 ) ) GLOBAL_UNIT_ASSIGNED_CONTEXT ( ( #1180, #2270, #5091 ) ) REPRESENTATION_CONTEXT ( 'NONE', 'WORKASPACE' ) );
#5894 = EDGE_CURVE ( 'NONE', #1112, #1381, #3034, .T. ) ;
#5895 = AXIS2_PLACEMENT_3D ( 'NONE', #2324, #4544, #4583 ) ;
#5896 = FACE_OUTER_BOUND ( 'NONE', #5004, .T. ) ;
#5897 = LINE ( 'NONE', #2508, #4042 ) ;
#5898 = CARTESIAN_POINT ( 'NONE',  ( -1.641086831975067550, -0.8749999999999998890, 0.4931980538652447343 ) ) ;
#5899 = ORIENTED_EDGE ( 'NONE', *, *, #3605, .F. ) ;
#5900 = COLOUR_RGB ( '',0.1176470588235294101, 0.1176470588235294101, 0.1176470588235294101 ) ;
#5901 = DIRECTION ( 'NONE',  ( 0.2588190451025213501, -0.0000000000000000000, 0.9659258262890680902 ) ) ;
#5902 = VECTOR ( 'NONE', #5304, 999.9999999999998863 ) ;
#5903 = SURFACE_STYLE_USAGE ( .BOTH. , #2547 ) ;
#5904 = PRESENTATION_STYLE_ASSIGNMENT (( #2446 ) ) ;
#5905 = VERTEX_POINT ( 'NONE', #4289 ) ;
#5906 = ORIENTED_EDGE ( 'NONE', *, *, #54, .F. ) ;
#5907 = PRESENTATION_STYLE_ASSIGNMENT (( #6487 ) ) ;
#5908 = CIRCLE ( 'NONE', #7218, 0.2800000000000000822 ) ;
#5909 = CIRCLE ( 'NONE', #908, 0.09999999999999993616 ) ;
#5910 = COLOUR_RGB ( '',0.7529411764705882248, 0.7529411764705882248, 0.7529411764705882248 ) ;
#5911 = EDGE_CURVE ( 'NONE', #2791, #3874, #3097, .T. ) ;
#5912 = PRESENTATION_STYLE_ASSIGNMENT (( #3017 ) ) ;
#5913 =( NAMED_UNIT ( * ) SI_UNIT ( $, .STERADIAN. ) SOLID_ANGLE_UNIT ( ) );
#5914 = VECTOR ( 'NONE', #112, 1000.000000000000000 ) ;
#5915 = ORIENTED_EDGE ( 'NONE', *, *, #6192, .T. ) ;
#5916 =( NAMED_UNIT ( * ) PLANE_ANGLE_UNIT ( ) SI_UNIT ( $, .RADIAN. ) );
#5917 = ORIENTED_EDGE ( 'NONE', *, *, #4892, .F. ) ;
#5918 = DIRECTION ( 'NONE',  ( -1.000000000000000000, 0.0000000000000000000, 0.0000000000000000000 ) ) ;
#5919 = STYLED_ITEM ( 'NONE', ( #654 ), #7136 ) ;
#5920 = VECTOR ( 'NONE', #6582, 1000.000000000000000 ) ;
#5921 = LINE ( 'NONE', #7063, #3971 ) ;
#5922 = ORIENTED_EDGE ( 'NONE', *, *, #1570, .T. ) ;
#5923 = CARTESIAN_POINT ( 'NONE',  ( 1.490125689080325833, 0.3500000000000000333, 0.5940000000000001945 ) ) ;
#5924 = LINE ( 'NONE', #418, #6403 ) ;
#5925 = COLOUR_RGB ( '',0.1176470588235294101, 0.1176470588235294101, 0.1176470588235294101 ) ;
#5926 = DIRECTION ( 'NONE',  ( -0.0000000000000000000, -1.000000000000000000, 0.0000000000000000000 ) ) ;
#5927 = CARTESIAN_POINT ( 'NONE',  ( 1.740020390013932605, -0.1250000000000000000, 0.5077859485307089082 ) ) ;
#5928 = DIRECTION ( 'NONE',  ( 0.0000000000000000000, 1.000000000000000000, 0.0000000000000000000 ) ) ;
#5929 = DIRECTION ( 'NONE',  ( -1.000000000000000000, 0.0000000000000000000, 0.0000000000000000000 ) ) ;
#5930 = EDGE_CURVE ( 'NONE', #611, #35, #420, .T. ) ;
#5931 = CARTESIAN_POINT ( 'NONE',  ( -1.500000000000000444, 1.350000000000000089, 0.6500000000000000222 ) ) ;
#5932 = VERTEX_POINT ( 'NONE', #1477 ) ;
#5933 = EDGE_CURVE ( 'NONE', #3382, #3160, #5294, .T. ) ;
#5934 = DIRECTION ( 'NONE',  ( 0.0000000000000000000, 0.0000000000000000000, 1.000000000000000000 ) ) ;
#5935 = SURFACE_STYLE_FILL_AREA ( #3073 ) ;
#5936 = LINE ( 'NONE', #5790, #387 ) ;
#5937 = DIRECTION ( 'NONE',  ( 0.1736481776669307198, 0.0000000000000000000, -0.9848077530122080203 ) ) ;
#5938 = CARTESIAN_POINT ( 'NONE',  ( 1.640975210307352938, -0.8749999999999998890, 0.4940000000000004943 ) ) ;
#5939 = VERTEX_POINT ( 'NONE', #4252 ) ;
#5940 = ADVANCED_FACE ( 'NONE', ( #303 ), #1546, .T. ) ;
#5941 = VECTOR ( 'NONE', #3864, 1000.000000000000000 ) ;
#5942 = UNCERTAINTY_MEASURE_WITH_UNIT (LENGTH_MEASURE( 1.000000000000000082E-05 ), #5779, 'distance_accuracy_value', 'NONE');
#5943 = ORIENTED_EDGE ( 'NONE', *, *, #5930, .F. ) ;
#5944 = CARTESIAN_POINT ( 'NONE',  ( -1.955379661434764715, 0.3750000000000000000, 0.2662140514692911686 ) ) ;
#5945 = CYLINDRICAL_SURFACE ( 'NONE', #867, 0.2799999999999998601 ) ;
#5946 = CARTESIAN_POINT ( 'NONE',  ( -1.740020390013932605, -0.1250000000000000000, 0.5077859485307089082 ) ) ;
#5947 = DIRECTION ( 'NONE',  ( 0.0000000000000000000, 1.000000000000000000, -0.0000000000000000000 ) ) ;
#5948 = ORIENTED_EDGE ( 'NONE', *, *, #310, .T. ) ;
#5949 = LINE ( 'NONE', #4278, #3945 ) ;
#5950 = ADVANCED_FACE ( 'NONE', ( #4210 ), #4852, .T. ) ;
#5951 = CYLINDRICAL_SURFACE ( 'NONE', #511, 0.2799999999999998601 ) ;
#5952 = ORIENTED_EDGE ( 'NONE', *, *, #6772, .F. ) ;
#5953 = DIRECTION ( 'NONE',  ( 0.0000000000000000000, -1.000000000000000000, 0.0000000000000000000 ) ) ;
#5954 = DIRECTION ( 'NONE',  ( 0.0000000000000000000, 1.000000000000000000, 0.0000000000000000000 ) ) ;
#5955 = LINE ( 'NONE', #1583, #3847 ) ;
#5956 = AXIS2_PLACEMENT_3D ( 'NONE', #5150, #6780, #4616 ) ;
#5957 = EDGE_LOOP ( 'NONE', ( #3269, #1257, #5463, #1855 ) ) ;
#5958 = FILL_AREA_STYLE_COLOUR ( '', #6842 ) ;
#5959 = CARTESIAN_POINT ( 'NONE',  ( -1.500000000000000444, 1.350000000000000089, 0.6500000000000000222 ) ) ;
#5960 = SURFACE_STYLE_USAGE ( .BOTH. , #4249 ) ;
#5961 = SURFACE_STYLE_FILL_AREA ( #6618 ) ;
#5962 = SURFACE_SIDE_STYLE ('',( #5378 ) ) ;
#5963 = AXIS2_PLACEMENT_3D ( 'NONE', #5959, #6616, #3722 ) ;
#5964 =( NAMED_UNIT ( * ) PLANE_ANGLE_UNIT ( ) SI_UNIT ( $, .RADIAN. ) );
#5965 = DIRECTION ( 'NONE',  ( 0.0000000000000000000, 1.000000000000000000, 0.0000000000000000000 ) ) ;
#5966 = SURFACE_SIDE_STYLE ('',( #3289 ) ) ;
#5967 =( NAMED_UNIT ( * ) SI_UNIT ( $, .STERADIAN. ) SOLID_ANGLE_UNIT ( ) );
#5968 = FILL_AREA_STYLE ('',( #3803 ) ) ;
#5969 = CARTESIAN_POINT ( 'NONE',  ( -2.054424841141345048, 0.3750000000000000000, 0.2799999999999999711 ) ) ;
#5970 = UNCERTAINTY_MEASURE_WITH_UNIT (LENGTH_MEASURE( 1.000000000000000082E-05 ), #2066, 'distance_accuracy_value', 'NONE');
#5971 = ORIENTED_EDGE ( 'NONE', *, *, #6927, .F. ) ;
#5972 =( LENGTH_UNIT ( ) NAMED_UNIT ( * ) SI_UNIT ( .MILLI., .METRE. ) );
#5973 = PRESENTATION_STYLE_ASSIGNMENT (( #3695 ) ) ;
#5974 = EDGE_CURVE ( 'NONE', #745, #1071, #6048, .T. ) ;
#5975 = PLANE ( 'NONE',  #6626 ) ;
#5976 = AXIS2_PLACEMENT_3D ( 'NONE', #2595, #2487, #1887 ) ;
#5977 = CYLINDRICAL_SURFACE ( 'NONE', #1482, 0.1000000000000000472 ) ;
#5978 = CARTESIAN_POINT ( 'NONE',  ( -2.450000000000000178, 1.125000000000000222, 0.1799999999999999933 ) ) ;
#5979 = EDGE_LOOP ( 'NONE', ( #4147, #2816, #2567, #3423, #6835, #2559, #6838, #3916, #5615, #5625, #2012, #1815, #6231 ) ) ;
#5980 =( GEOMETRIC_REPRESENTATION_CONTEXT ( 3 ) GLOBAL_UNCERTAINTY_ASSIGNED_CONTEXT ( ( #2728 ) ) GLOBAL_UNIT_ASSIGNED_CONTEXT ( ( #1773, #3421, #1816 ) ) REPRESENTATION_CONTEXT ( 'NONE', 'WORKASPACE' ) );
#5981 = ORIENTED_EDGE ( 'NONE', *, *, #932, .F. ) ;
#5982 =( NAMED_UNIT ( * ) PLANE_ANGLE_UNIT ( ) SI_UNIT ( $, .RADIAN. ) );
#5983 = CARTESIAN_POINT ( 'NONE',  ( 1.375410794124024338, 0.6250000000000001110, 0.7731980538652447610 ) ) ;
#5984 = EDGE_CURVE ( 'NONE', #3599, #4190, #3037, .T. ) ;
#5985 = CIRCLE ( 'NONE', #3252, 0.09999999999999993616 ) ;
#5986 = EDGE_CURVE ( 'NONE', #4476, #921, #3359, .T. ) ;
#5987 = ORIENTED_EDGE ( 'NONE', *, *, #4152, .T. ) ;
#5988 = DIRECTION ( 'NONE',  ( -1.000000000000000000, -0.0000000000000000000, -1.453013302676229099E-18 ) ) ;
#5989 = VECTOR ( 'NONE', #6491, 1000.000000000000000 ) ;
#5990 = DIRECTION ( 'NONE',  ( 0.0000000000000000000, 1.000000000000000000, 0.0000000000000000000 ) ) ;
#5991 = ORIENTED_EDGE ( 'NONE', *, *, #54, .T. ) ;
#5992 = COLOUR_RGB ( '',0.7529411764705882248, 0.7529411764705882248, 0.7529411764705882248 ) ;
#5993 = VECTOR ( 'NONE', #1517, 1000.000000000000114 ) ;
#5994 = CARTESIAN_POINT ( 'NONE',  ( -1.350000000000000533, -1.350000000000000089, 1.149999999999999911 ) ) ;
#5995 = CARTESIAN_POINT ( 'NONE',  ( -2.450000000000000178, 0.3750000000000000000, 0.1799999999999999933 ) ) ;
#5996 = VECTOR ( 'NONE', #279, 1000.000000000000000 ) ;
#5997 = SURFACE_STYLE_FILL_AREA ( #5026 ) ;
#5998 = COLOUR_RGB ( '',0.7529411764705882248, 0.7529411764705882248, 0.7529411764705882248 ) ;
#5999 =( NAMED_UNIT ( * ) PLANE_ANGLE_UNIT ( ) SI_UNIT ( $, .RADIAN. ) );
#6000 = AXIS2_PLACEMENT_3D ( 'NONE', #2992, #7056, #3564 ) ;
#6001 = EDGE_LOOP ( 'NONE', ( #5432, #3225, #3234, #2993, #5136, #6274, #106, #4506, #293, #2222, #2309, #438, #7248 ) ) ;
#6002 = CARTESIAN_POINT ( 'NONE',  ( -1.955379661434764715, -1.125000000000000222, 0.2662140514692911686 ) ) ;
#6003 = DIRECTION ( 'NONE',  ( 0.0000000000000000000, 0.0000000000000000000, 1.000000000000000000 ) ) ;
#6004 = DIRECTION ( 'NONE',  ( 1.000000000000000000, 0.0000000000000000000, 6.852061790316472241E-17 ) ) ;
#6005 = PRESENTATION_LAYER_ASSIGNMENT (  '', '', ( #6620 ) ) ;
#6006 = VECTOR ( 'NONE', #6873, 1000.000000000000000 ) ;
#6007 =( NAMED_UNIT ( * ) PLANE_ANGLE_UNIT ( ) SI_UNIT ( $, .RADIAN. ) );
#6008 = ADVANCED_FACE ( 'NONE', ( #4403 ), #3904, .T. ) ;
#6009 =( NAMED_UNIT ( * ) SI_UNIT ( $, .STERADIAN. ) SOLID_ANGLE_UNIT ( ) );
#6010 = COLOUR_RGB ( '',0.1176470588235294101, 0.1176470588235294101, 0.1176470588235294101 ) ;
#6011 = MECHANICAL_DESIGN_GEOMETRIC_PRESENTATION_REPRESENTATION (  '', ( #2938 ), #6141 ) ;
#6012 = CARTESIAN_POINT ( 'NONE',  ( 2.450000000000000178, 0.6250000000000001110, 0.0000000000000000000 ) ) ;
#6013 = CARTESIAN_POINT ( 'NONE',  ( 1.777098337962921937, -0.8749999999999998890, 0.2413993441140163398 ) ) ;
#6014 = CARTESIAN_POINT ( 'NONE',  ( -2.450000000000000178, -1.125000000000000222, 0.0000000000000000000 ) ) ;
#6015 = ORIENTED_EDGE ( 'NONE', *, *, #6760, .F. ) ;
#6016 = UNCERTAINTY_MEASURE_WITH_UNIT (LENGTH_MEASURE( 1.000000000000000082E-05 ), #5344, 'distance_accuracy_value', 'NONE');
#6017 =( NAMED_UNIT ( * ) SI_UNIT ( $, .STERADIAN. ) SOLID_ANGLE_UNIT ( ) );
#6018 = VECTOR ( 'NONE', #5314, 1000.000000000000000 ) ;
#6019 = MECHANICAL_DESIGN_GEOMETRIC_PRESENTATION_REPRESENTATION (  '', ( #4579 ), #5767 ) ;
#6020 = DIRECTION ( 'NONE',  ( 0.0000000000000000000, 1.000000000000000000, 0.0000000000000000000 ) ) ;
#6021 = CIRCLE ( 'NONE', #5652, 0.2800000000000000266 ) ;
#6022 = CARTESIAN_POINT ( 'NONE',  ( 2.450000000000000178, 0.8750000000000000000, 0.1799999999999999933 ) ) ;
#6023 = LINE ( 'NONE', #4900, #623 ) ;
#6024 = COLOUR_RGB ( '',0.7529411764705882248, 0.7529411764705882248, 0.7529411764705882248 ) ;
#6025 = EDGE_LOOP ( 'NONE', ( #6944, #6045, #1991, #2525 ) ) ;
#6026 = EDGE_LOOP ( 'NONE', ( #4953, #6766, #551, #5028 ) ) ;
#6027 = PLANE ( 'NONE',  #1135 ) ;
#6028 = STYLED_ITEM ( 'NONE', ( #1243 ), #6474 ) ;
#6029 = FILL_AREA_STYLE_COLOUR ( '', #1681 ) ;
#6030 =( GEOMETRIC_REPRESENTATION_CONTEXT ( 3 ) GLOBAL_UNCERTAINTY_ASSIGNED_CONTEXT ( ( #4851 ) ) GLOBAL_UNIT_ASSIGNED_CONTEXT ( ( #3372, #2943, #5050 ) ) REPRESENTATION_CONTEXT ( 'NONE', 'WORKASPACE' ) );
#6031 = LINE ( 'NONE', #6699, #7046 ) ;
#6032 = ORIENTED_EDGE ( 'NONE', *, *, #6337, .F. ) ;
#6033 = LINE ( 'NONE', #3085, #3366 ) ;
#6034 = VECTOR ( 'NONE', #642, 1000.000000000000114 ) ;
#6035 = CARTESIAN_POINT ( 'NONE',  ( -1.640975210307352938, -0.3749999999999998890, 0.4940000000000004943 ) ) ;
#6036 = SURFACE_STYLE_USAGE ( .BOTH. , #2056 ) ;
#6037 = EDGE_CURVE ( 'NONE', #6692, #841, #2702, .T. ) ;
#6038 = ORIENTED_EDGE ( 'NONE', *, *, #1996, .T. ) ;
#6039 =( GEOMETRIC_REPRESENTATION_CONTEXT ( 3 ) GLOBAL_UNCERTAINTY_ASSIGNED_CONTEXT ( ( #255 ) ) GLOBAL_UNIT_ASSIGNED_CONTEXT ( ( #4686, #3033, #6392 ) ) REPRESENTATION_CONTEXT ( 'NONE', 'WORKASPACE' ) );
#6040 = EDGE_CURVE ( 'NONE', #892, #2285, #1625, .T. ) ;
#6041 = DIRECTION ( 'NONE',  ( 0.0000000000000000000, 1.000000000000000000, 0.0000000000000000000 ) ) ;
#6042 = SURFACE_STYLE_USAGE ( .BOTH. , #1469 ) ;
#6043 = FILL_AREA_STYLE_COLOUR ( '', #3604 ) ;
#6044 = DIRECTION ( 'NONE',  ( -0.2588190451025213501, -0.0000000000000000000, 0.9659258262890680902 ) ) ;
#6045 = ORIENTED_EDGE ( 'NONE', *, *, #2433, .F. ) ;
#6046 = PLANE ( 'NONE',  #5605 ) ;
#6047 = DIRECTION ( 'NONE',  ( 0.0000000000000000000, 1.000000000000000000, 0.0000000000000000000 ) ) ;
#6048 = LINE ( 'NONE', #49, #6500 ) ;
#6049 = MECHANICAL_DESIGN_GEOMETRIC_PRESENTATION_REPRESENTATION (  '', ( #1274 ), #1488 ) ;
#6050 = ADVANCED_FACE ( 'NONE', ( #3215 ), #5620, .T. ) ;
#6051 = COLOUR_RGB ( '',0.7529411764705882248, 0.7529411764705882248, 0.7529411764705882248 ) ;
#6052 = CARTESIAN_POINT ( 'NONE',  ( -2.450000000000000178, -0.6250000000000000000, 0.0000000000000000000 ) ) ;
#6053 =( GEOMETRIC_REPRESENTATION_CONTEXT ( 3 ) GLOBAL_UNCERTAINTY_ASSIGNED_CONTEXT ( ( #931 ) ) GLOBAL_UNIT_ASSIGNED_CONTEXT ( ( #4588, #306, #5200 ) ) REPRESENTATION_CONTEXT ( 'NONE', 'WORKASPACE' ) );
#6054 = FILL_AREA_STYLE ('',( #4931 ) ) ;
#6055 = CARTESIAN_POINT ( 'NONE',  ( -1.640975210307352938, -0.3749999999999998890, 0.4940000000000004943 ) ) ;
#6056 = PRESENTATION_STYLE_ASSIGNMENT (( #1597 ) ) ;
#6057 = CARTESIAN_POINT ( 'NONE',  ( -1.350000000000000533, -1.366025403784438375, 1.149999999999999911 ) ) ;
#6058 = DIRECTION ( 'NONE',  ( 0.0000000000000000000, 1.000000000000000000, 0.0000000000000000000 ) ) ;
#6059 = UNCERTAINTY_MEASURE_WITH_UNIT (LENGTH_MEASURE( 1.000000000000000082E-05 ), #1753, 'distance_accuracy_value', 'NONE');
#6060 = ORIENTED_EDGE ( 'NONE', *, *, #6513, .F. ) ;
#6061 = EDGE_CURVE ( 'NONE', #5017, #1058, #85, .T. ) ;
#6062 = FILL_AREA_STYLE_COLOUR ( '', #6480 ) ;
#6063 = FILL_AREA_STYLE ('',( #2116 ) ) ;
#6064 = DIRECTION ( 'NONE',  ( 0.0000000000000000000, 1.000000000000000000, 0.0000000000000000000 ) ) ;
#6065 =( NAMED_UNIT ( * ) SI_UNIT ( $, .STERADIAN. ) SOLID_ANGLE_UNIT ( ) );
#6066 = ORIENTED_EDGE ( 'NONE', *, *, #92, .T. ) ;
#6067 = ORIENTED_EDGE ( 'NONE', *, *, #2094, .F. ) ;
#6068 = DIRECTION ( 'NONE',  ( 0.0000000000000000000, 1.000000000000000000, 0.0000000000000000000 ) ) ;
#6069 =( NAMED_UNIT ( * ) PLANE_ANGLE_UNIT ( ) SI_UNIT ( $, .RADIAN. ) );
#6070 = FACE_OUTER_BOUND ( 'NONE', #5090, .T. ) ;
#6071 = AXIS2_PLACEMENT_3D ( 'NONE', #5069, #3979, #5587 ) ;
#6072 = ORIENTED_EDGE ( 'NONE', *, *, #6772, .T. ) ;
#6073 = VERTEX_POINT ( 'NONE', #843 ) ;
#6074 = LINE ( 'NONE', #1611, #2469 ) ;
#6075 = ORIENTED_EDGE ( 'NONE', *, *, #465, .F. ) ;
#6076 = DIRECTION ( 'NONE',  ( -1.000000000000000000, -0.0000000000000000000, -2.041316732240672236E-15 ) ) ;
#6077 =( GEOMETRIC_REPRESENTATION_CONTEXT ( 3 ) GLOBAL_UNCERTAINTY_ASSIGNED_CONTEXT ( ( #700 ) ) GLOBAL_UNIT_ASSIGNED_CONTEXT ( ( #4276, #5397, #5913 ) ) REPRESENTATION_CONTEXT ( 'NONE', 'WORKASPACE' ) );
#6078 = FILL_AREA_STYLE ('',( #3239 ) ) ;
#6079 = FILL_AREA_STYLE_COLOUR ( '', #2907 ) ;
#6080 = CARTESIAN_POINT ( 'NONE',  ( -1.918413335153490440, -0.6250000000000000000, 0.5317987097512297812 ) ) ;
#6081 = EDGE_CURVE ( 'NONE', #1495, #539, #4093, .T. ) ;
#6082 = VERTEX_POINT ( 'NONE', #6270 ) ;
#6083 = FILL_AREA_STYLE_COLOUR ( '', #135 ) ;
#6084 = FACE_OUTER_BOUND ( 'NONE', #403, .T. ) ;
#6085 = DIRECTION ( 'NONE',  ( -0.1378594853070907733, 0.0000000000000000000, 0.9904517970657956694 ) ) ;
#6086 = LINE ( 'NONE', #3400, #5082 ) ;
#6087 = MECHANICAL_DESIGN_GEOMETRIC_PRESENTATION_REPRESENTATION (  '', ( #2893 ), #6201 ) ;
#6088 = SURFACE_STYLE_USAGE ( .BOTH. , #1020 ) ;
#6089 = EDGE_CURVE ( 'NONE', #2706, #3850, #3081, .T. ) ;
#6090 = ORIENTED_EDGE ( 'NONE', *, *, #911, .T. ) ;
#6091 = CARTESIAN_POINT ( 'NONE',  ( -1.777098337962921937, 0.8750000000000000000, 0.2413993441140163121 ) ) ;
#6092 = DIRECTION ( 'NONE',  ( 0.0000000000000000000, 1.000000000000000000, 0.0000000000000000000 ) ) ;
#6093 = ORIENTED_EDGE ( 'NONE', *, *, #995, .F. ) ;
#6094 = FILL_AREA_STYLE_COLOUR ( '', #4950 ) ;
#6095 = LINE ( 'NONE', #1100, #862 ) ;
#6096 = FILL_AREA_STYLE_COLOUR ( '', #5395 ) ;
#6097 = DIRECTION ( 'NONE',  ( 0.0000000000000000000, 1.000000000000000000, 0.0000000000000000000 ) ) ;
#6098 = CARTESIAN_POINT ( 'NONE',  ( -1.350000000000000533, -1.500000000000000000, 0.6500000000000000222 ) ) ;
#6099 = ORIENTED_EDGE ( 'NONE', *, *, #932, .T. ) ;
#6100 = EDGE_LOOP ( 'NONE', ( #1950, #4567, #7193, #4706 ) ) ;
#6101 =( NAMED_UNIT ( * ) SI_UNIT ( $, .STERADIAN. ) SOLID_ANGLE_UNIT ( ) );
#6102 = AXIS2_PLACEMENT_3D ( 'NONE', #2784, #1582, #2096 ) ;
#6103 = ADVANCED_FACE ( 'NONE', ( #4539, #1791 ), #5249, .F. ) ;
#6104 = SURFACE_SIDE_STYLE ('',( #3813 ) ) ;
#6105 = ORIENTED_EDGE ( 'NONE', *, *, #2273, .F. ) ;
#6106 = LINE ( 'NONE', #1218, #31 ) ;
#6107 = ORIENTED_EDGE ( 'NONE', *, *, #3476, .F. ) ;
#6108 = ORIENTED_EDGE ( 'NONE', *, *, #3656, .T. ) ;
#6109 =( GEOMETRIC_REPRESENTATION_CONTEXT ( 3 ) GLOBAL_UNCERTAINTY_ASSIGNED_CONTEXT ( ( #6559 ) ) GLOBAL_UNIT_ASSIGNED_CONTEXT ( ( #4672, #4233, #1393 ) ) REPRESENTATION_CONTEXT ( 'NONE', 'WORKASPACE' ) );
#6110 = CARTESIAN_POINT ( 'NONE',  ( 1.641086831975065774, -1.125000000000000222, 0.7731980538652448720 ) ) ;
#6111 = DIRECTION ( 'NONE',  ( 1.370412358063294448E-16, -0.0000000000000000000, 1.000000000000000000 ) ) ;
#6112 = CIRCLE ( 'NONE', #3954, 0.2800000000000000266 ) ;
#6113 = VERTEX_POINT ( 'NONE', #4151 ) ;
#6114 = AXIS2_PLACEMENT_3D ( 'NONE', #5212, #6440, #3010 ) ;
#6115 = AXIS2_PLACEMENT_3D ( 'NONE', #3984, #3437, #5146 ) ;
#6117 = VECTOR ( 'NONE', #209, 1000.000000000000000 ) ;
#6116 = CARTESIAN_POINT ( 'NONE',  ( -1.740020390013932605, -1.125000000000000222, 0.5077859485307089082 ) ) ;
#6118 = FILL_AREA_STYLE_COLOUR ( '', #3390 ) ;
#6119 = SURFACE_STYLE_USAGE ( .BOTH. , #1236 ) ;
#6120 = COLOUR_RGB ( '',0.7529411764705882248, 0.7529411764705882248, 0.7529411764705882248 ) ;
#6121 = VECTOR ( 'NONE', #7203, 1000.000000000000000 ) ;
#6122 = FACE_OUTER_BOUND ( 'NONE', #1642, .T. ) ;
#6123 = ORIENTED_EDGE ( 'NONE', *, *, #5029, .F. ) ;
#6124 = FILL_AREA_STYLE_COLOUR ( '', #4350 ) ;
#6125 = CARTESIAN_POINT ( 'NONE',  ( 2.054424841141345048, 0.3750000000000000000, 0.2799999999999999711 ) ) ;
#6126 =( NAMED_UNIT ( * ) SI_UNIT ( $, .STERADIAN. ) SOLID_ANGLE_UNIT ( ) );
#6127 = CARTESIAN_POINT ( 'NONE',  ( 1.918413335153490440, 0.8750000000000000000, 0.5317987097512297812 ) ) ;
#6128 = PRESENTATION_LAYER_ASSIGNMENT (  '', '', ( #4681 ) ) ;
#6129 = ORIENTED_EDGE ( 'NONE', *, *, #2383, .F. ) ;
#6130 = EDGE_CURVE ( 'NONE', #6421, #5754, #1272, .T. ) ;
#6131 = EDGE_CURVE ( 'NONE', #2549, #35, #1389, .T. ) ;
#6132 =( GEOMETRIC_REPRESENTATION_CONTEXT ( 3 ) GLOBAL_UNCERTAINTY_ASSIGNED_CONTEXT ( ( #1411 ) ) GLOBAL_UNIT_ASSIGNED_CONTEXT ( ( #1965, #5452, #3178 ) ) REPRESENTATION_CONTEXT ( 'NONE', 'WORKASPACE' ) );
#6134 = PRESENTATION_LAYER_ASSIGNMENT (  '', '', ( #4573 ) ) ;
#6133 =( NAMED_UNIT ( * ) PLANE_ANGLE_UNIT ( ) SI_UNIT ( $, .RADIAN. ) );
#6135 = FILL_AREA_STYLE ('',( #6096 ) ) ;
#6136 =( LENGTH_UNIT ( ) NAMED_UNIT ( * ) SI_UNIT ( .MILLI., .METRE. ) );
#6137 = VERTEX_POINT ( 'NONE', #3590 ) ;
#6138 = PRESENTATION_LAYER_ASSIGNMENT (  '', '', ( #6732 ) ) ;
#6139 = VERTEX_POINT ( 'NONE', #2485 ) ;
#6140 = DIRECTION ( 'NONE',  ( 0.0000000000000000000, 0.0000000000000000000, 1.000000000000000000 ) ) ;
#6141 =( GEOMETRIC_REPRESENTATION_CONTEXT ( 3 ) GLOBAL_UNCERTAINTY_ASSIGNED_CONTEXT ( ( #118 ) ) GLOBAL_UNIT_ASSIGNED_CONTEXT ( ( #1807, #3333, #3992 ) ) REPRESENTATION_CONTEXT ( 'NONE', 'WORKASPACE' ) );
#6142 = ADVANCED_FACE ( 'NONE', ( #6978 ), #1951, .T. ) ;
#6143 =( LENGTH_UNIT ( ) NAMED_UNIT ( * ) SI_UNIT ( .MILLI., .METRE. ) );
#6144 = CIRCLE ( 'NONE', #2948, 0.2800000000000000822 ) ;
#6145 = FILL_AREA_STYLE ('',( #1184 ) ) ;
#6146 = ORIENTED_EDGE ( 'NONE', *, *, #4431, .F. ) ;
#6147 = FILL_AREA_STYLE ('',( #2308 ) ) ;
#6148 = VERTEX_POINT ( 'NONE', #2632 ) ;
#6149 = VECTOR ( 'NONE', #4644, 1000.000000000000000 ) ;
#6150 = CARTESIAN_POINT ( 'NONE',  ( 1.375410794124024338, 0.1250000000000001110, 0.5939999999999999725 ) ) ;
#6151 = AXIS2_PLACEMENT_3D ( 'NONE', #3739, #5466, #4865 ) ;
#6152 = CARTESIAN_POINT ( 'NONE',  ( 2.450000000000000178, -0.3749999999999998890, 0.1799999999999999933 ) ) ;
#6153 = LINE ( 'NONE', #3319, #2453 ) ;
#6154 = DIRECTION ( 'NONE',  ( 1.000000000000000000, 0.0000000000000000000, -1.370412358063294448E-16 ) ) ;
#6155 = ORIENTED_EDGE ( 'NONE', *, *, #1283, .F. ) ;
#6156 = CARTESIAN_POINT ( 'NONE',  ( -2.054424841141345048, 0.1250000000000001110, 0.1799999999999999101 ) ) ;
#6157 = FILL_AREA_STYLE ('',( #3866 ) ) ;
#6158 =( NAMED_UNIT ( * ) PLANE_ANGLE_UNIT ( ) SI_UNIT ( $, .RADIAN. ) );
#6159 = MECHANICAL_DESIGN_GEOMETRIC_PRESENTATION_REPRESENTATION (  '', ( #309 ), #4596 ) ;
#6160 = VECTOR ( 'NONE', #2871, 1000.000000000000114 ) ;
#6161 = CARTESIAN_POINT ( 'NONE',  ( -1.466989180957722017, 0.3500000000000000333, 0.7731980538652448720 ) ) ;
#6162 = EDGE_LOOP ( 'NONE', ( #3788, #7139, #2372, #6604 ) ) ;
#6163 = PLANE ( 'NONE',  #5895 ) ;
#6164 =( LENGTH_UNIT ( ) NAMED_UNIT ( * ) SI_UNIT ( .MILLI., .METRE. ) );
#6165 = COLOUR_RGB ( '',0.7960784313725489669, 0.8235294117647058432, 0.9372549019607843146 ) ;
#6166 = PRESENTATION_LAYER_ASSIGNMENT (  '', '', ( #319 ) ) ;
#6167 = ORIENTED_EDGE ( 'NONE', *, *, #240, .T. ) ;
#6168 = PLANE ( 'NONE',  #96 ) ;
#6169 =( GEOMETRIC_REPRESENTATION_CONTEXT ( 3 ) GLOBAL_UNCERTAINTY_ASSIGNED_CONTEXT ( ( #5311 ) ) GLOBAL_UNIT_ASSIGNED_CONTEXT ( ( #4134, #5300, #4725 ) ) REPRESENTATION_CONTEXT ( 'NONE', 'WORKASPACE' ) );
#6170 = PRESENTATION_STYLE_ASSIGNMENT (( #3370 ) ) ;
#6171 = PRESENTATION_STYLE_ASSIGNMENT (( #65 ) ) ;
#6172 = EDGE_CURVE ( 'NONE', #3113, #3582, #5496, .T. ) ;
#6173 =( LENGTH_UNIT ( ) NAMED_UNIT ( * ) SI_UNIT ( .MILLI., .METRE. ) );
#6174 = ORIENTED_EDGE ( 'NONE', *, *, #4218, .T. ) ;
#6175 = VERTEX_POINT ( 'NONE', #6523 ) ;
#6176 = CARTESIAN_POINT ( 'NONE',  ( -2.450000000000000178, -0.3749999999999998890, 0.0000000000000000000 ) ) ;
#6177 = FILL_AREA_STYLE_COLOUR ( '', #1908 ) ;
#6178 = EDGE_CURVE ( 'NONE', #6529, #4410, #4231, .T. ) ;
#6179 = EDGE_LOOP ( 'NONE', ( #2205, #2532, #4947, #5140 ) ) ;
#6180 =( NAMED_UNIT ( * ) SI_UNIT ( $, .STERADIAN. ) SOLID_ANGLE_UNIT ( ) );
#6181 = ORIENTED_EDGE ( 'NONE', *, *, #2645, .F. ) ;
#6182 = FACE_OUTER_BOUND ( 'NONE', #5023, .T. ) ;
#6183 =( LENGTH_UNIT ( ) NAMED_UNIT ( * ) SI_UNIT ( .MILLI., .METRE. ) );
#6184 = VERTEX_POINT ( 'NONE', #3232 ) ;
#6185 = SURFACE_STYLE_USAGE ( .BOTH. , #677 ) ;
#6186 = SURFACE_SIDE_STYLE ('',( #1163 ) ) ;
#6187 = DIRECTION ( 'NONE',  ( 0.0000000000000000000, 1.000000000000000000, 0.0000000000000000000 ) ) ;
#6188 = CIRCLE ( 'NONE', #5824, 0.2799999999999998601 ) ;
#6189 = LINE ( 'NONE', #572, #2496 ) ;
#6190 = FACE_OUTER_BOUND ( 'NONE', #2163, .T. ) ;
#6191 = AXIS2_PLACEMENT_3D ( 'NONE', #2130, #7098, #5362 ) ;
#6192 = EDGE_CURVE ( 'NONE', #1026, #683, #4465, .T. ) ;
#6193 = EDGE_LOOP ( 'NONE', ( #4665, #4600, #1818, #3555 ) ) ;
#6194 = CARTESIAN_POINT ( 'NONE',  ( -1.918413335153490440, 0.3750000000000000000, 0.5317987097512297812 ) ) ;
#6195 = UNCERTAINTY_MEASURE_WITH_UNIT (LENGTH_MEASURE( 1.000000000000000082E-05 ), #1352, 'distance_accuracy_value', 'NONE');
#6196 = FILL_AREA_STYLE ('',( #1762 ) ) ;
#6197 = COLOUR_RGB ( '',0.7529411764705882248, 0.7529411764705882248, 0.7529411764705882248 ) ;
#6198 = PRESENTATION_STYLE_ASSIGNMENT (( #3843 ) ) ;
#6199 = SURFACE_SIDE_STYLE ('',( #3912 ) ) ;
#6201 =( GEOMETRIC_REPRESENTATION_CONTEXT ( 3 ) GLOBAL_UNCERTAINTY_ASSIGNED_CONTEXT ( ( #3733 ) ) GLOBAL_UNIT_ASSIGNED_CONTEXT ( ( #5194, #3440, #160 ) ) REPRESENTATION_CONTEXT ( 'NONE', 'WORKASPACE' ) );
#6200 = SURFACE_STYLE_FILL_AREA ( #5738 ) ;
#6202 = DIRECTION ( 'NONE',  ( 1.000000000000000000, 0.0000000000000000000, 6.852061790316472241E-17 ) ) ;
#6203 = ORIENTED_EDGE ( 'NONE', *, *, #5051, .T. ) ;
#6204 = ORIENTED_EDGE ( 'NONE', *, *, #2829, .F. ) ;
#6205 = CARTESIAN_POINT ( 'NONE',  ( -1.500000000000000444, -0.6250000000000000000, 0.6500000000000000222 ) ) ;
#6206 =( LENGTH_UNIT ( ) NAMED_UNIT ( * ) SI_UNIT ( .MILLI., .METRE. ) );
#6207 = LINE ( 'NONE', #5020, #884 ) ;
#6208 = DIRECTION ( 'NONE',  ( 0.0000000000000000000, 1.000000000000000000, 0.0000000000000000000 ) ) ;
#6209 = ORIENTED_EDGE ( 'NONE', *, *, #5986, .T. ) ;
#6210 = CARTESIAN_POINT ( 'NONE',  ( -1.641086831975065774, -0.1250000000000000000, 0.7731980538652448720 ) ) ;
#6211 = VECTOR ( 'NONE', #5714, 1000.000000000000114 ) ;
#6212 = ORIENTED_EDGE ( 'NONE', *, *, #2026, .F. ) ;
#6213 = SURFACE_STYLE_FILL_AREA ( #5580 ) ;
#6214 = COLOUR_RGB ( '',0.7529411764705882248, 0.7529411764705882248, 0.7529411764705882248 ) ;
#6215 = EDGE_CURVE ( 'NONE', #3895, #1033, #1565, .T. ) ;
#6216 = DIRECTION ( 'NONE',  ( -0.0000000000000000000, -1.000000000000000000, 0.0000000000000000000 ) ) ;
#6217 = COLOUR_RGB ( '',0.7529411764705882248, 0.7529411764705882248, 0.7529411764705882248 ) ;
#6218 = CARTESIAN_POINT ( 'NONE',  ( 1.640975210307352938, 0.8750000000000000000, 0.4940000000000004943 ) ) ;
#6219 = EDGE_LOOP ( 'NONE', ( #2658, #3941, #1971, #4513 ) ) ;
#6220 = CARTESIAN_POINT ( 'NONE',  ( 1.366025403784438819, -1.350000000000000089, 1.149999999999999911 ) ) ;
#6221 = COLOUR_RGB ( '',0.7529411764705882248, 0.7529411764705882248, 0.7529411764705882248 ) ;
#6222 =( LENGTH_UNIT ( ) NAMED_UNIT ( * ) SI_UNIT ( .MILLI., .METRE. ) );
#6223 = LINE ( 'NONE', #679, #169 ) ;
#6224 = AXIS2_PLACEMENT_3D ( 'NONE', #1301, #1756, #2926 ) ;
#6225 = VECTOR ( 'NONE', #5133, 1000.000000000000114 ) ;
#6226 = FACE_OUTER_BOUND ( 'NONE', #4038, .T. ) ;
#6227 = ADVANCED_FACE ( 'NONE', ( #7133 ), #6027, .F. ) ;
#6228 = VECTOR ( 'NONE', #1400, 1000.000000000000000 ) ;
#6229 = COLOUR_RGB ( '',0.7529411764705882248, 0.7529411764705882248, 0.7529411764705882248 ) ;
#6230 = CIRCLE ( 'NONE', #5278, 0.1000000000000000472 ) ;
#6231 = ORIENTED_EDGE ( 'NONE', *, *, #6603, .T. ) ;
#6232 = FILL_AREA_STYLE_COLOUR ( '', #6837 ) ;
#6233 = FACE_OUTER_BOUND ( 'NONE', #2164, .T. ) ;
#6234 = PLANE ( 'NONE',  #4984 ) ;
#6235 = SURFACE_STYLE_USAGE ( .BOTH. , #1698 ) ;
#6236 = VECTOR ( 'NONE', #5361, 1000.000000000000000 ) ;
#6237 =( GEOMETRIC_REPRESENTATION_CONTEXT ( 3 ) GLOBAL_UNCERTAINTY_ASSIGNED_CONTEXT ( ( #4149 ) ) GLOBAL_UNIT_ASSIGNED_CONTEXT ( ( #98, #5697, #1764 ) ) REPRESENTATION_CONTEXT ( 'NONE', 'WORKASPACE' ) );
#6238 = CARTESIAN_POINT ( 'NONE',  ( -1.918413335153490440, 0.3750000000000000000, 0.5317987097512297812 ) ) ;
#6239 = VECTOR ( 'NONE', #852, 1000.000000000000000 ) ;
#6240 = ADVANCED_FACE ( 'NONE', ( #477 ), #4829, .F. ) ;
#6241 = CARTESIAN_POINT ( 'NONE',  ( 1.350000000000000533, -1.411836509645767235, 0.1499999999999999667 ) ) ;
#6242 = SURFACE_SIDE_STYLE ('',( #6693 ) ) ;
#6243 = MECHANICAL_DESIGN_GEOMETRIC_PRESENTATION_REPRESENTATION (  '', ( #1125 ), #4084 ) ;
#6244 = DIRECTION ( 'NONE',  ( 0.0000000000000000000, -0.0000000000000000000, -1.000000000000000000 ) ) ;
#6245 = ORIENTED_EDGE ( 'NONE', *, *, #6317, .F. ) ;
#6246 = EDGE_LOOP ( 'NONE', ( #1574, #5981, #6803, #6066 ) ) ;
#6247 = DIRECTION ( 'NONE',  ( 0.1736481776669307198, 0.0000000000000000000, -0.9848077530122080203 ) ) ;
#6248 = PRESENTATION_LAYER_ASSIGNMENT (  '', '', ( #3974 ) ) ;
#6249 = COLOUR_RGB ( '',0.7529411764705882248, 0.7529411764705882248, 0.7529411764705882248 ) ;
#6250 = DIRECTION ( 'NONE',  ( 0.0000000000000000000, 1.000000000000000000, 0.0000000000000000000 ) ) ;
#6251 = PRESENTATION_STYLE_ASSIGNMENT (( #3488 ) ) ;
#6252 = PRESENTATION_STYLE_ASSIGNMENT (( #1215 ) ) ;
#6253 =( GEOMETRIC_REPRESENTATION_CONTEXT ( 3 ) GLOBAL_UNCERTAINTY_ASSIGNED_CONTEXT ( ( #2424 ) ) GLOBAL_UNIT_ASSIGNED_CONTEXT ( ( #2591, #5982, #6101 ) ) REPRESENTATION_CONTEXT ( 'NONE', 'WORKASPACE' ) );
#6254 = PRESENTATION_STYLE_ASSIGNMENT (( #4070 ) ) ;
#6255 = ORIENTED_EDGE ( 'NONE', *, *, #6840, .T. ) ;
#6256 = FILL_AREA_STYLE_COLOUR ( '', #736 ) ;
#6257 = ORIENTED_EDGE ( 'NONE', *, *, #5529, .F. ) ;
#6258 = ORIENTED_EDGE ( 'NONE', *, *, #2761, .F. ) ;
#6259 = UNCERTAINTY_MEASURE_WITH_UNIT (LENGTH_MEASURE( 1.000000000000000082E-05 ), #5471, 'distance_accuracy_value', 'NONE');
#6260 = DIRECTION ( 'NONE',  ( 0.0000000000000000000, 0.9848077530122080203, -0.1736481776669307198 ) ) ;
#6261 = LINE ( 'NONE', #1265, #5513 ) ;
#6262 = FILL_AREA_STYLE ('',( #6301 ) ) ;
#6263 = ORIENTED_EDGE ( 'NONE', *, *, #2438, .T. ) ;
#6264 = DIRECTION ( 'NONE',  ( 0.0000000000000000000, 1.000000000000000000, -0.0000000000000000000 ) ) ;
#6265 =( NAMED_UNIT ( * ) PLANE_ANGLE_UNIT ( ) SI_UNIT ( $, .RADIAN. ) );
#6266 = EDGE_CURVE ( 'NONE', #4715, #1298, #5673, .T. ) ;
#6267 = CARTESIAN_POINT ( 'NONE',  ( 2.450000000000000178, -0.1250000000000000000, 0.1799999999999999933 ) ) ;
#6268 = UNCERTAINTY_MEASURE_WITH_UNIT (LENGTH_MEASURE( 1.000000000000000082E-05 ), #6834, 'distance_accuracy_value', 'NONE');
#6269 =( GEOMETRIC_REPRESENTATION_CONTEXT ( 3 ) GLOBAL_UNCERTAINTY_ASSIGNED_CONTEXT ( ( #4251 ) ) GLOBAL_UNIT_ASSIGNED_CONTEXT ( ( #6408, #920, #840 ) ) REPRESENTATION_CONTEXT ( 'NONE', 'WORKASPACE' ) );
#6270 = CARTESIAN_POINT ( 'NONE',  ( 1.777098337962921937, -0.6250000000000000000, 0.2413993441140163398 ) ) ;
#6271 = CARTESIAN_POINT ( 'NONE',  ( 1.918413335153490440, -0.6250000000000000000, 0.5317987097512297812 ) ) ;
#6272 = EDGE_CURVE ( 'NONE', #2580, #3895, #3157, .T. ) ;
#6273 =( GEOMETRIC_REPRESENTATION_CONTEXT ( 3 ) GLOBAL_UNCERTAINTY_ASSIGNED_CONTEXT ( ( #2927 ) ) GLOBAL_UNIT_ASSIGNED_CONTEXT ( ( #273, #1874, #3622 ) ) REPRESENTATION_CONTEXT ( 'NONE', 'WORKASPACE' ) );
#6274 = ORIENTED_EDGE ( 'NONE', *, *, #5467, .T. ) ;
#6275 = PRESENTATION_STYLE_ASSIGNMENT (( #5114 ) ) ;
#6276 = CARTESIAN_POINT ( 'NONE',  ( -1.050000000000000044, 0.9000000000000000222, 1.149999999999999911 ) ) ;
#6277 = EDGE_CURVE ( 'NONE', #6449, #5175, #5018, .T. ) ;
#6278 =( GEOMETRIC_REPRESENTATION_CONTEXT ( 3 ) GLOBAL_UNCERTAINTY_ASSIGNED_CONTEXT ( ( #5504 ) ) GLOBAL_UNIT_ASSIGNED_CONTEXT ( ( #6433, #3578, #6996 ) ) REPRESENTATION_CONTEXT ( 'NONE', 'WORKASPACE' ) );
#6279 = SURFACE_SIDE_STYLE ('',( #5693 ) ) ;
#6280 = MECHANICAL_DESIGN_GEOMETRIC_PRESENTATION_REPRESENTATION (  '', ( #3759 ), #4487 ) ;
#6281 =( LENGTH_UNIT ( ) NAMED_UNIT ( * ) SI_UNIT ( .MILLI., .METRE. ) );
#6282 = CARTESIAN_POINT ( 'NONE',  ( -1.641086831975067550, -0.1250000000000000000, 0.4931980538652447343 ) ) ;
#6283 = PRESENTATION_LAYER_ASSIGNMENT (  '', '', ( #5328 ) ) ;
#6284 = DIRECTION ( 'NONE',  ( 2.041316732240672236E-15, 0.0000000000000000000, -1.000000000000000000 ) ) ;
#6285 = AXIS2_PLACEMENT_3D ( 'NONE', #1691, #6712, #1755 ) ;
#6286 = PRESENTATION_STYLE_ASSIGNMENT (( #3447 ) ) ;
#6287 = EDGE_CURVE ( 'NONE', #6845, #1148, #3280, .T. ) ;
#6288 = PRESENTATION_STYLE_ASSIGNMENT (( #5203 ) ) ;
#6289 = ORIENTED_EDGE ( 'NONE', *, *, #5659, .F. ) ;
#6290 = VERTEX_POINT ( 'NONE', #588 ) ;
#6291 =( NAMED_UNIT ( * ) PLANE_ANGLE_UNIT ( ) SI_UNIT ( $, .RADIAN. ) );
#6292 = AXIS2_PLACEMENT_3D ( 'NONE', #5599, #3200, #6726 ) ;
#6293 = PRESENTATION_LAYER_ASSIGNMENT (  '', '', ( #571 ) ) ;
#6294 = SURFACE_STYLE_FILL_AREA ( #6997 ) ;
#6295 = VERTEX_POINT ( 'NONE', #1770 ) ;
#6296 = STYLED_ITEM ( 'NONE', ( #2535 ), #358 ) ;
#6297 = ORIENTED_EDGE ( 'NONE', *, *, #2745, .F. ) ;
#6298 = ORIENTED_EDGE ( 'NONE', *, *, #4809, .F. ) ;
#6299 = FACE_OUTER_BOUND ( 'NONE', #2774, .T. ) ;
#6300 = CARTESIAN_POINT ( 'NONE',  ( 1.500000000000000222, -0.3749999999999994449, 0.6500000000000000222 ) ) ;
#6301 = FILL_AREA_STYLE_COLOUR ( '', #6221 ) ;
#6302 = CARTESIAN_POINT ( 'NONE',  ( -1.640975210307352938, 0.6250000000000001110, 0.4940000000000004943 ) ) ;
#6303 = VERTEX_POINT ( 'NONE', #661 ) ;
#6304 = DIRECTION ( 'NONE',  ( -1.000000000000000000, -0.0000000000000000000, -1.453013302676229099E-18 ) ) ;
#6305 = CARTESIAN_POINT ( 'NONE',  ( 2.450000000000000178, 0.8750000000000000000, 0.0000000000000000000 ) ) ;
#6306 = ORIENTED_EDGE ( 'NONE', *, *, #905, .F. ) ;
#6307 = EDGE_CURVE ( 'NONE', #4342, #1742, #4455, .T. ) ;
#6308 = ADVANCED_FACE ( 'NONE', ( #28 ), #5705, .F. ) ;
#6309 = DIRECTION ( 'NONE',  ( 0.0000000000000000000, 1.000000000000000000, 0.0000000000000000000 ) ) ;
#6310 = VERTEX_POINT ( 'NONE', #3917 ) ;
#6311 = FACE_OUTER_BOUND ( 'NONE', #5239, .T. ) ;
#6312 = CARTESIAN_POINT ( 'NONE',  ( 1.375410794124024338, -0.8749999999999998890, 0.5939999999999999725 ) ) ;
#6313 = DIRECTION ( 'NONE',  ( 1.000000000000000000, 0.0000000000000000000, 4.080918178602890545E-16 ) ) ;
#6314 = VECTOR ( 'NONE', #6806, 1000.000000000000114 ) ;
#6315 = LINE ( 'NONE', #1936, #1566 ) ;
#6316 = SURFACE_STYLE_FILL_AREA ( #4137 ) ;
#6317 = EDGE_CURVE ( 'NONE', #6082, #2580, #3377, .T. ) ;
#6318 = ADVANCED_FACE ( 'NONE', ( #6831 ), #1812, .T. ) ;
#6319 = CIRCLE ( 'NONE', #1407, 0.2800000000000000266 ) ;
#6320 = FILL_AREA_STYLE ('',( #5410 ) ) ;
#6321 = CARTESIAN_POINT ( 'NONE',  ( -1.640975210307352050, -0.6250000000000000000, 0.5940000000000004166 ) ) ;
#6322 = SURFACE_SIDE_STYLE ('',( #5269 ) ) ;
#6323 = VERTEX_POINT ( 'NONE', #4595 ) ;
#6324 = STYLED_ITEM ( 'NONE', ( #6545 ), #777 ) ;
#6325 = UNCERTAINTY_MEASURE_WITH_UNIT (LENGTH_MEASURE( 1.000000000000000082E-05 ), #5057, 'distance_accuracy_value', 'NONE');
#6326 = ORIENTED_EDGE ( 'NONE', *, *, #829, .T. ) ;
#6327 = EDGE_CURVE ( 'NONE', #3832, #581, #4065, .T. ) ;
#6328 = CARTESIAN_POINT ( 'NONE',  ( -1.955379661434764715, 0.8750000000000000000, 0.2662140514692911686 ) ) ;
#6329 = MECHANICAL_DESIGN_GEOMETRIC_PRESENTATION_REPRESENTATION (  '', ( #5371 ), #958 ) ;
#6330 = SURFACE_STYLE_FILL_AREA ( #1771 ) ;
#6331 = DIRECTION ( 'NONE',  ( 0.9904517970657951142, -0.0000000000000000000, 0.1378594853070949366 ) ) ;
#6332 = SURFACE_STYLE_FILL_AREA ( #4006 ) ;
#6333 = VERTEX_POINT ( 'NONE', #6870 ) ;
#6334 = ORIENTED_EDGE ( 'NONE', *, *, #5305, .F. ) ;
#6335 = STYLED_ITEM ( 'NONE', ( #4400 ), #1200 ) ;
#6337 = EDGE_CURVE ( 'NONE', #6674, #3883, #2512, .T. ) ;
#6336 = CARTESIAN_POINT ( 'NONE',  ( -1.350000000000000533, -1.350000000000000089, 0.6500000000000000222 ) ) ;
#6338 = DIRECTION ( 'NONE',  ( -1.606225440719265627E-16, 1.000000000000000000, -6.554874599965691086E-32 ) ) ;
#6339 = PRODUCT ( '92690D80-4E04-4185-8830-B78D61E8077D', '92690D80-4E04-4185-8830-B78D61E8077D', '', ( #4438 ) ) ;
#6340 = FILL_AREA_STYLE_COLOUR ( '', #2647 ) ;
#6341 = ORIENTED_EDGE ( 'NONE', *, *, #5854, .T. ) ;
#6342 =( NAMED_UNIT ( * ) PLANE_ANGLE_UNIT ( ) SI_UNIT ( $, .RADIAN. ) );
#6343 = CARTESIAN_POINT ( 'NONE',  ( 2.054424841141345048, -0.8749999999999998890, 0.2799999999999999711 ) ) ;
#6344 = VERTEX_POINT ( 'NONE', #5744 ) ;
#6345 = UNCERTAINTY_MEASURE_WITH_UNIT (LENGTH_MEASURE( 1.000000000000000082E-05 ), #1131, 'distance_accuracy_value', 'NONE');
#6346 = CYLINDRICAL_SURFACE ( 'NONE', #200, 0.09999999999999993616 ) ;
#6347 = PRESENTATION_LAYER_ASSIGNMENT (  '', '', ( #1426 ) ) ;
#6348 = CARTESIAN_POINT ( 'NONE',  ( -1.740020390013932605, 0.8750000000000000000, 0.5077859485307089082 ) ) ;
#6349 = FILL_AREA_STYLE ('',( #2530 ) ) ;
#6350 = ORIENTED_EDGE ( 'NONE', *, *, #4057, .T. ) ;
#6351 = LINE ( 'NONE', #1373, #3749 ) ;
#6352 = DIRECTION ( 'NONE',  ( 0.0000000000000000000, 0.0000000000000000000, 1.000000000000000000 ) ) ;
#6353 = DIRECTION ( 'NONE',  ( 1.000000000000000000, 0.0000000000000000000, 6.852061790316472241E-17 ) ) ;
#6354 = SURFACE_STYLE_FILL_AREA ( #4055 ) ;
#6355 = CARTESIAN_POINT ( 'NONE',  ( 1.641086831975065774, -0.3749999999999998890, 0.7731980538652448720 ) ) ;
#6356 = PLANE ( 'NONE',  #672 ) ;
#6357 = MECHANICAL_DESIGN_GEOMETRIC_PRESENTATION_REPRESENTATION (  '', ( #38 ), #1894 ) ;
#6358 = FILL_AREA_STYLE ('',( #7062 ) ) ;
#6359 = CARTESIAN_POINT ( 'NONE',  ( 1.740020390013932605, -1.125000000000000222, 0.5077859485307089082 ) ) ;
#6360 = FILL_AREA_STYLE ('',( #4768 ) ) ;
#6361 = CONICAL_SURFACE ( 'NONE', #1896, 0.1499999999999999667, 0.2617993877991500740 ) ;
#6362 =( GEOMETRIC_REPRESENTATION_CONTEXT ( 3 ) GLOBAL_UNCERTAINTY_ASSIGNED_CONTEXT ( ( #3336 ) ) GLOBAL_UNIT_ASSIGNED_CONTEXT ( ( #4790, #6872, #1945 ) ) REPRESENTATION_CONTEXT ( 'NONE', 'WORKASPACE' ) );
#6363 = EDGE_CURVE ( 'NONE', #1161, #6670, #2262, .T. ) ;
#6364 = VECTOR ( 'NONE', #2866, 1000.000000000000114 ) ;
#6365 = ORIENTED_EDGE ( 'NONE', *, *, #565, .T. ) ;
#6366 = ORIENTED_EDGE ( 'NONE', *, *, #5029, .T. ) ;
#6367 = DIRECTION ( 'NONE',  ( -0.0000000000000000000, -1.000000000000000000, 0.0000000000000000000 ) ) ;
#6368 = ADVANCED_FACE ( 'NONE', ( #5785 ), #806, .T. ) ;
#6369 =( NAMED_UNIT ( * ) SI_UNIT ( $, .STERADIAN. ) SOLID_ANGLE_UNIT ( ) );
#6370 = ORIENTED_EDGE ( 'NONE', *, *, #5167, .T. ) ;
#6371 = VERTEX_POINT ( 'NONE', #5272 ) ;
#6372 = ADVANCED_FACE ( 'NONE', ( #315 ), #507, .F. ) ;
#6373 = ORIENTED_EDGE ( 'NONE', *, *, #1878, .T. ) ;
#6374 = MECHANICAL_DESIGN_GEOMETRIC_PRESENTATION_REPRESENTATION (  '', ( #4573 ), #62 ) ;
#6375 = CARTESIAN_POINT ( 'NONE',  ( 1.375410794124024338, -0.6250000000000000000, 0.7731980538652447610 ) ) ;
#6376 = PRESENTATION_STYLE_ASSIGNMENT (( #3558 ) ) ;
#6377 = FILL_AREA_STYLE_COLOUR ( '', #3478 ) ;
#6378 = STYLED_ITEM ( 'NONE', ( #1440 ), #3654 ) ;
#6379 = SURFACE_STYLE_FILL_AREA ( #4079 ) ;
#6380 = EDGE_LOOP ( 'NONE', ( #1889, #5067, #6703, #6410 ) ) ;
#6381 = SURFACE_STYLE_USAGE ( .BOTH. , #3562 ) ;
#6382 = DIRECTION ( 'NONE',  ( 0.0000000000000000000, 0.0000000000000000000, 1.000000000000000000 ) ) ;
#6383 = EDGE_CURVE ( 'NONE', #1381, #4052, #6021, .T. ) ;
#6384 = ORIENTED_EDGE ( 'NONE', *, *, #5316, .T. ) ;
#6385 = CARTESIAN_POINT ( 'NONE',  ( 2.450000000000000178, 0.3750000000000000000, 0.0000000000000000000 ) ) ;
#6386 = VECTOR ( 'NONE', #197, 1000.000000000000000 ) ;
#6387 = CARTESIAN_POINT ( 'NONE',  ( -1.640975210307352938, 0.3750000000000000000, 0.4940000000000004943 ) ) ;
#6388 =( GEOMETRIC_REPRESENTATION_CONTEXT ( 3 ) GLOBAL_UNCERTAINTY_ASSIGNED_CONTEXT ( ( #5809 ) ) GLOBAL_UNIT_ASSIGNED_CONTEXT ( ( #873, #912, #765 ) ) REPRESENTATION_CONTEXT ( 'NONE', 'WORKASPACE' ) );
#6389 = ORIENTED_EDGE ( 'NONE', *, *, #5635, .T. ) ;
#6390 = CARTESIAN_POINT ( 'NONE',  ( 1.777098337962921937, -1.125000000000000222, 0.2413993441140163398 ) ) ;
#6391 = STYLED_ITEM ( 'NONE', ( #3823 ), #3796 ) ;
#6392 =( NAMED_UNIT ( * ) SI_UNIT ( $, .STERADIAN. ) SOLID_ANGLE_UNIT ( ) );
#6393 = FILL_AREA_STYLE ('',( #5154 ) ) ;
#6394 = LINE ( 'NONE', #3003, #2863 ) ;
#6395 = PRESENTATION_LAYER_ASSIGNMENT (  '', '', ( #5318 ) ) ;
#6396 = LINE ( 'NONE', #6932, #1713 ) ;
#6397 =( NAMED_UNIT ( * ) SI_UNIT ( $, .STERADIAN. ) SOLID_ANGLE_UNIT ( ) );
#6398 = VECTOR ( 'NONE', #2035, 1000.000000000000000 ) ;
#6399 = ORIENTED_EDGE ( 'NONE', *, *, #2142, .F. ) ;
#6400 =( NAMED_UNIT ( * ) PLANE_ANGLE_UNIT ( ) SI_UNIT ( $, .RADIAN. ) );
#6401 = VECTOR ( 'NONE', #4198, 1000.000000000000000 ) ;
#6402 = CARTESIAN_POINT ( 'NONE',  ( 1.641086831975065774, -0.6250000000000000000, 0.7731980538652448720 ) ) ;
#6403 = VECTOR ( 'NONE', #1052, 1000.000000000000000 ) ;
#6404 = SURFACE_SIDE_STYLE ('',( #4107 ) ) ;
#6405 = DIRECTION ( 'NONE',  ( 0.0000000000000000000, 0.0000000000000000000, -1.000000000000000000 ) ) ;
#6406 = EDGE_CURVE ( 'NONE', #4356, #56, #5313, .T. ) ;
#6407 = DIRECTION ( 'NONE',  ( 0.0000000000000000000, 0.0000000000000000000, 1.000000000000000000 ) ) ;
#6408 =( LENGTH_UNIT ( ) NAMED_UNIT ( * ) SI_UNIT ( .MILLI., .METRE. ) );
#6409 = FILL_AREA_STYLE_COLOUR ( '', #212 ) ;
#6410 = ORIENTED_EDGE ( 'NONE', *, *, #4257, .F. ) ;
#6411 = VECTOR ( 'NONE', #1045, 1000.000000000000000 ) ;
#6412 = MECHANICAL_DESIGN_GEOMETRIC_PRESENTATION_REPRESENTATION (  '', ( #571 ), #2400 ) ;
#6413 = ORIENTED_EDGE ( 'NONE', *, *, #954, .T. ) ;
#6414 = CARTESIAN_POINT ( 'NONE',  ( 1.350000000000000311, -1.350000000000000311, 1.149999999999999911 ) ) ;
#6415 = UNCERTAINTY_MEASURE_WITH_UNIT (LENGTH_MEASURE( 1.000000000000000082E-05 ), #5623, 'distance_accuracy_value', 'NONE');
#6416 =( NAMED_UNIT ( * ) PLANE_ANGLE_UNIT ( ) SI_UNIT ( $, .RADIAN. ) );
#6417 =( LENGTH_UNIT ( ) NAMED_UNIT ( * ) SI_UNIT ( .MILLI., .METRE. ) );
#6418 = EDGE_CURVE ( 'NONE', #1977, #3329, #348, .T. ) ;
#6419 = VECTOR ( 'NONE', #755, 1000.000000000000000 ) ;
#6420 = SURFACE_STYLE_FILL_AREA ( #3501 ) ;
#6421 = VERTEX_POINT ( 'NONE', #2687 ) ;
#6422 = FILL_AREA_STYLE_COLOUR ( '', #616 ) ;
#6423 = DIRECTION ( 'NONE',  ( 0.0000000000000000000, 1.000000000000000000, -0.0000000000000000000 ) ) ;
#6424 = FILL_AREA_STYLE_COLOUR ( '', #7192 ) ;
#6425 = ORIENTED_EDGE ( 'NONE', *, *, #4306, .F. ) ;
#6426 = FACE_OUTER_BOUND ( 'NONE', #4970, .T. ) ;
#6427 = EDGE_CURVE ( 'NONE', #4410, #5609, #187, .T. ) ;
#6428 = CYLINDRICAL_SURFACE ( 'NONE', #3380, 0.09999999999999993616 ) ;
#6429 = VERTEX_POINT ( 'NONE', #1027 ) ;
#6430 = CARTESIAN_POINT ( 'NONE',  ( -2.054424841141345048, -1.125000000000000222, 0.2799999999999999711 ) ) ;
#6431 = CARTESIAN_POINT ( 'NONE',  ( 2.450000000000000178, -0.3749999999999998890, 0.0000000000000000000 ) ) ;
#6432 = CARTESIAN_POINT ( 'NONE',  ( -1.350000000000000533, 1.411836509645767235, 0.1499999999999999667 ) ) ;
#6433 =( LENGTH_UNIT ( ) NAMED_UNIT ( * ) SI_UNIT ( .MILLI., .METRE. ) );
#6434 = ADVANCED_FACE ( 'NONE', ( #2039 ), #5384, .T. ) ;
#6435 =( NAMED_UNIT ( * ) SI_UNIT ( $, .STERADIAN. ) SOLID_ANGLE_UNIT ( ) );
#6436 = LINE ( 'NONE', #1344, #5076 ) ;
#6437 = LINE ( 'NONE', #2371, #5161 ) ;
#6438 = EDGE_LOOP ( 'NONE', ( #7210, #6, #2230, #3924, #5258, #2488, #2998, #2787, #6105, #835, #4344, #5280, #6075 ) ) ;
#6439 = DIRECTION ( 'NONE',  ( 1.000000000000000000, 0.0000000000000000000, 0.0000000000000000000 ) ) ;
#6440 = DIRECTION ( 'NONE',  ( -6.852061790316472241E-17, 0.0000000000000000000, 1.000000000000000000 ) ) ;
#6441 = DIRECTION ( 'NONE',  ( 0.0000000000000000000, 1.000000000000000000, 0.0000000000000000000 ) ) ;
#6442 = SURFACE_STYLE_FILL_AREA ( #4145 ) ;
#6443 = PRESENTATION_LAYER_ASSIGNMENT (  '', '', ( #4037 ) ) ;
#6444 = VERTEX_POINT ( 'NONE', #2731 ) ;
#6445 = ORIENTED_EDGE ( 'NONE', *, *, #3568, .F. ) ;
#6446 =( LENGTH_UNIT ( ) NAMED_UNIT ( * ) SI_UNIT ( .MILLI., .METRE. ) );
#6447 = DIRECTION ( 'NONE',  ( 0.0000000000000000000, 0.0000000000000000000, -1.000000000000000000 ) ) ;
#6448 = DIRECTION ( 'NONE',  ( -0.0000000000000000000, -1.000000000000000000, -0.0000000000000000000 ) ) ;
#6449 = VERTEX_POINT ( 'NONE', #582 ) ;
#6450 = DIRECTION ( 'NONE',  ( 0.0000000000000000000, 1.000000000000000000, 0.0000000000000000000 ) ) ;
#6451 = CARTESIAN_POINT ( 'NONE',  ( 2.450000000000000178, 0.3750000000000000000, 0.0000000000000000000 ) ) ;
#6452 = SURFACE_STYLE_FILL_AREA ( #254 ) ;
#6453 = EDGE_CURVE ( 'NONE', #3376, #1325, #3406, .T. ) ;
#6454 = ORIENTED_EDGE ( 'NONE', *, *, #2563, .T. ) ;
#6455 = ADVANCED_FACE ( 'NONE', ( #1660 ), #4445, .F. ) ;
#6456 = CARTESIAN_POINT ( 'NONE',  ( -1.500000000000000444, 1.350000000000000089, 0.6500000000000000222 ) ) ;
#6457 = LINE ( 'NONE', #1861, #6228 ) ;
#6458 = PRESENTATION_LAYER_ASSIGNMENT (  '', '', ( #2327 ) ) ;
#6459 =( LENGTH_UNIT ( ) NAMED_UNIT ( * ) SI_UNIT ( .MILLI., .METRE. ) );
#6460 = EDGE_LOOP ( 'NONE', ( #5544, #3734, #6855, #2323 ) ) ;
#6461 = FILL_AREA_STYLE_COLOUR ( '', #4467 ) ;
#6462 = SURFACE_SIDE_STYLE ('',( #6992 ) ) ;
#6463 = CARTESIAN_POINT ( 'NONE',  ( -1.500000000000000444, 1.125000000000000222, 0.6500000000000000222 ) ) ;
#6464 = LINE ( 'NONE', #857, #4711 ) ;
#6465 = SURFACE_SIDE_STYLE ('',( #7153 ) ) ;
#6466 = AXIS2_PLACEMENT_3D ( 'NONE', #1326, #781, #4674 ) ;
#6467 = EDGE_CURVE ( 'NONE', #6303, #6593, #545, .T. ) ;
#6468 =( GEOMETRIC_REPRESENTATION_CONTEXT ( 3 ) GLOBAL_UNCERTAINTY_ASSIGNED_CONTEXT ( ( #2154 ) ) GLOBAL_UNIT_ASSIGNED_CONTEXT ( ( #2090, #1072, #1575 ) ) REPRESENTATION_CONTEXT ( 'NONE', 'WORKASPACE' ) );
#6469 = LINE ( 'NONE', #6514, #6782 ) ;
#6470 = CARTESIAN_POINT ( 'NONE',  ( -2.450000000000000178, -1.125000000000000222, 0.0000000000000000000 ) ) ;
#6471 = CARTESIAN_POINT ( 'NONE',  ( -1.918413335153490440, -1.125000000000000222, 0.5317987097512297812 ) ) ;
#6472 = EDGE_LOOP ( 'NONE', ( #219, #211, #248, #771, #6245, #3610, #2729, #6297, #6701, #6093, #1141, #4308, #4000 ) ) ;
#6473 =( GEOMETRIC_REPRESENTATION_CONTEXT ( 3 ) GLOBAL_UNCERTAINTY_ASSIGNED_CONTEXT ( ( #1210 ) ) GLOBAL_UNIT_ASSIGNED_CONTEXT ( ( #1751, #1225, #4044 ) ) REPRESENTATION_CONTEXT ( 'NONE', 'WORKASPACE' ) );
#6474 = ADVANCED_FACE ( 'NONE', ( #4412 ), #3877, .T. ) ;
#6475 = AXIS2_PLACEMENT_3D ( 'NONE', #4266, #6441, #4184 ) ;
#6476 = SURFACE_STYLE_USAGE ( .BOTH. , #1913 ) ;
#6477 = SURFACE_STYLE_USAGE ( .BOTH. , #875 ) ;
#6478 = CARTESIAN_POINT ( 'NONE',  ( 2.450000000000000178, -1.125000000000000222, 0.0000000000000000000 ) ) ;
#6479 = VECTOR ( 'NONE', #3644, 1000.000000000000000 ) ;
#6480 = COLOUR_RGB ( '',0.7529411764705882248, 0.7529411764705882248, 0.7529411764705882248 ) ;
#6481 = PLANE ( 'NONE',  #3737 ) ;
#6482 = MECHANICAL_DESIGN_GEOMETRIC_PRESENTATION_REPRESENTATION (  '', ( #5511 ), #2917 ) ;
#6483 = AXIS2_PLACEMENT_3D ( 'NONE', #241, #2475, #5701 ) ;
#6484 = LINE ( 'NONE', #5865, #191 ) ;
#6485 = ORIENTED_EDGE ( 'NONE', *, *, #6657, .T. ) ;
#6486 = ORIENTED_EDGE ( 'NONE', *, *, #5085, .T. ) ;
#6487 = SURFACE_STYLE_USAGE ( .BOTH. , #1979 ) ;
#6488 =( GEOMETRIC_REPRESENTATION_CONTEXT ( 3 ) GLOBAL_UNCERTAINTY_ASSIGNED_CONTEXT ( ( #3999 ) ) GLOBAL_UNIT_ASSIGNED_CONTEXT ( ( #184, #5799, #6800 ) ) REPRESENTATION_CONTEXT ( 'NONE', 'WORKASPACE' ) );
#6489 = AXIS2_PLACEMENT_3D ( 'NONE', #968, #3717, #896 ) ;
#6490 = VECTOR ( 'NONE', #6650, 1000.000000000000114 ) ;
#6491 = DIRECTION ( 'NONE',  ( -1.000000000000000000, -0.0000000000000000000, -1.453013302676229099E-18 ) ) ;
#6492 = CARTESIAN_POINT ( 'NONE',  ( 1.375410794124024338, -1.125000000000000222, 0.5939999999999999725 ) ) ;
#6493 = COLOUR_RGB ( '',0.7529411764705882248, 0.7529411764705882248, 0.7529411764705882248 ) ;
#6494 = VERTEX_POINT ( 'NONE', #3295 ) ;
#6495 = CARTESIAN_POINT ( 'NONE',  ( -1.490125689080326277, 0.1250000000000001110, 0.5940000000000001945 ) ) ;
#6496 = VECTOR ( 'NONE', #2747, 1000.000000000000114 ) ;
#6497 = STYLED_ITEM ( 'NONE', ( #4159 ), #2211 ) ;
#6498 = VERTEX_POINT ( 'NONE', #686 ) ;
#6499 = DIRECTION ( 'NONE',  ( 0.0000000000000000000, 1.000000000000000000, 0.0000000000000000000 ) ) ;
#6500 = VECTOR ( 'NONE', #6187, 1000.000000000000000 ) ;
#6501 = CARTESIAN_POINT ( 'NONE',  ( 1.375410794124024338, 1.125000000000000222, 0.7731980538652447610 ) ) ;
#6502 = COLOUR_RGB ( '',0.1176470588235294101, 0.1176470588235294101, 0.1176470588235294101 ) ;
#6503 = CARTESIAN_POINT ( 'NONE',  ( 1.777098337962921937, 1.125000000000000222, 0.2413993441140163398 ) ) ;
#6504 = EDGE_CURVE ( 'NONE', #764, #964, #4549, .T. ) ;
#6505 = ORIENTED_EDGE ( 'NONE', *, *, #1048, .F. ) ;
#6506 = LINE ( 'NONE', #6431, #720 ) ;
#6507 = FACE_OUTER_BOUND ( 'NONE', #1328, .T. ) ;
#6508 = VECTOR ( 'NONE', #694, 1000.000000000000000 ) ;
#6509 = LINE ( 'NONE', #5377, #3310 ) ;
#6510 = UNCERTAINTY_MEASURE_WITH_UNIT (LENGTH_MEASURE( 1.000000000000000082E-05 ), #2218, 'distance_accuracy_value', 'NONE');
#6511 = AXIS2_PLACEMENT_3D ( 'NONE', #3953, #6284, #5699 ) ;
#6512 = DIRECTION ( 'NONE',  ( 0.0000000000000000000, 1.000000000000000000, 0.0000000000000000000 ) ) ;
#6513 = EDGE_CURVE ( 'NONE', #1847, #210, #5564, .T. ) ;
#6514 = CARTESIAN_POINT ( 'NONE',  ( 1.740020390013932605, 0.3750000000000000000, 0.5077859485307089082 ) ) ;
#6515 = FACE_OUTER_BOUND ( 'NONE', #3708, .T. ) ;
#6516 = VERTEX_POINT ( 'NONE', #5266 ) ;
#6517 = SURFACE_STYLE_FILL_AREA ( #4336 ) ;
#6518 =( GEOMETRIC_REPRESENTATION_CONTEXT ( 3 ) GLOBAL_UNCERTAINTY_ASSIGNED_CONTEXT ( ( #2571 ) ) GLOBAL_UNIT_ASSIGNED_CONTEXT ( ( #1081, #2914, #1256 ) ) REPRESENTATION_CONTEXT ( 'NONE', 'WORKASPACE' ) );
#6519 = EDGE_CURVE ( 'NONE', #7148, #2978, #2403, .T. ) ;
#6520 = PRESENTATION_LAYER_ASSIGNMENT (  '', '', ( #6637 ) ) ;
#6521 = EDGE_LOOP ( 'NONE', ( #4975, #1883, #6454, #384 ) ) ;
#6522 = ORIENTED_EDGE ( 'NONE', *, *, #2874, .T. ) ;
#6523 = CARTESIAN_POINT ( 'NONE',  ( 1.466989180957721794, 0.3749999999999998890, 0.7731980538652448720 ) ) ;
#6524 = CIRCLE ( 'NONE', #5444, 0.1499999999999999667 ) ;
#6525 = LINE ( 'NONE', #6979, #5282 ) ;
#6526 = FILL_AREA_STYLE ('',( #844 ) ) ;
#6527 = PLANE ( 'NONE',  #10 ) ;
#6528 =( GEOMETRIC_REPRESENTATION_CONTEXT ( 3 ) GLOBAL_UNCERTAINTY_ASSIGNED_CONTEXT ( ( #5064 ) ) GLOBAL_UNIT_ASSIGNED_CONTEXT ( ( #3125, #7144, #488 ) ) REPRESENTATION_CONTEXT ( 'NONE', 'WORKASPACE' ) );
#6529 = VERTEX_POINT ( 'NONE', #6432 ) ;
#6530 = CARTESIAN_POINT ( 'NONE',  ( -1.375410794124024338, 0.8750000000000000000, 0.7731980538652447610 ) ) ;
#6531 = CIRCLE ( 'NONE', #5217, 0.1000000000000000472 ) ;
#6532 = LINE ( 'NONE', #1535, #3388 ) ;
#6533 = ORIENTED_EDGE ( 'NONE', *, *, #2847, .T. ) ;
#6534 = FILL_AREA_STYLE_COLOUR ( '', #6165 ) ;
#6535 = FACE_OUTER_BOUND ( 'NONE', #6472, .T. ) ;
#6536 = AXIS2_PLACEMENT_3D ( 'NONE', #2576, #3691, #4817 ) ;
#6537 = CARTESIAN_POINT ( 'NONE',  ( -2.450000000000000178, 0.6250000000000001110, 0.0000000000000000000 ) ) ;
#6538 = EDGE_LOOP ( 'NONE', ( #6897, #3334, #2703, #3123 ) ) ;
#6539 =( NAMED_UNIT ( * ) SI_UNIT ( $, .STERADIAN. ) SOLID_ANGLE_UNIT ( ) );
#6540 = CARTESIAN_POINT ( 'NONE',  ( 1.640975210307352050, 1.125000000000000222, 0.5940000000000004166 ) ) ;
#6541 = EDGE_CURVE ( 'NONE', #4432, #6633, #5198, .T. ) ;
#6542 = DIRECTION ( 'NONE',  ( -1.000000000000000000, 0.0000000000000000000, 0.0000000000000000000 ) ) ;
#6543 = SURFACE_SIDE_STYLE ('',( #4291 ) ) ;
#6544 = DIRECTION ( 'NONE',  ( -6.852061790316472241E-17, 0.0000000000000000000, 1.000000000000000000 ) ) ;
#6545 = PRESENTATION_STYLE_ASSIGNMENT (( #1483 ) ) ;
#6546 = CARTESIAN_POINT ( 'NONE',  ( 1.500000000000000000, -0.1250000000000000000, 0.6500000000000000222 ) ) ;
#6547 =( NAMED_UNIT ( * ) SI_UNIT ( $, .STERADIAN. ) SOLID_ANGLE_UNIT ( ) );
#6548 = CARTESIAN_POINT ( 'NONE',  ( -2.054424841141345048, 0.8750000000000000000, 0.1799999999999999101 ) ) ;
#6549 = ORIENTED_EDGE ( 'NONE', *, *, #1862, .T. ) ;
#6550 = ADVANCED_FACE ( 'NONE', ( #4586 ), #2468, .F. ) ;
#6551 = EDGE_CURVE ( 'NONE', #5932, #6692, #1966, .T. ) ;
#6552 = SURFACE_SIDE_STYLE ('',( #5491 ) ) ;
#6553 = CARTESIAN_POINT ( 'NONE',  ( 2.450000000000000178, 0.6250000000000001110, 0.1799999999999999933 ) ) ;
#6554 = CARTESIAN_POINT ( 'NONE',  ( 1.490125689080325833, -0.1499999999999999667, 0.5940000000000001945 ) ) ;
#6555 = DIRECTION ( 'NONE',  ( 1.000000000000000000, 0.0000000000000000000, 6.852061790316472241E-17 ) ) ;
#6556 = CARTESIAN_POINT ( 'NONE',  ( -2.450000000000000178, 0.8750000000000000000, 0.0000000000000000000 ) ) ;
#6557 = ORIENTED_EDGE ( 'NONE', *, *, #2781, .F. ) ;
#6558 = COLOUR_RGB ( '',0.7529411764705882248, 0.7529411764705882248, 0.7529411764705882248 ) ;
#6559 = UNCERTAINTY_MEASURE_WITH_UNIT (LENGTH_MEASURE( 1.000000000000000082E-05 ), #4672, 'distance_accuracy_value', 'NONE');
#6560 = ORIENTED_EDGE ( 'NONE', *, *, #2229, .F. ) ;
#6561 = FILL_AREA_STYLE ('',( #7175 ) ) ;
#6562 = EDGE_CURVE ( 'NONE', #7253, #3778, #2901, .T. ) ;
#6563 = SURFACE_STYLE_FILL_AREA ( #2486 ) ;
#6564 = CARTESIAN_POINT ( 'NONE',  ( -2.450000000000000178, 0.1250000000000001110, 0.0000000000000000000 ) ) ;
#6565 = DIRECTION ( 'NONE',  ( -1.000000000000000000, 0.0000000000000000000, 0.0000000000000000000 ) ) ;
#6566 = ORIENTED_EDGE ( 'NONE', *, *, #4153, .T. ) ;
#6567 = LINE ( 'NONE', #4309, #2450 ) ;
#6568 = CARTESIAN_POINT ( 'NONE',  ( -1.955379661434764715, -1.125000000000000222, 0.2662140514692911686 ) ) ;
#6569 = ORIENTED_EDGE ( 'NONE', *, *, #4109, .T. ) ;
#6570 = UNCERTAINTY_MEASURE_WITH_UNIT (LENGTH_MEASURE( 1.000000000000000082E-05 ), #3389, 'distance_accuracy_value', 'NONE');
#6571 =( GEOMETRIC_REPRESENTATION_CONTEXT ( 3 ) GLOBAL_UNCERTAINTY_ASSIGNED_CONTEXT ( ( #1445 ) ) GLOBAL_UNIT_ASSIGNED_CONTEXT ( ( #345, #5347, #6435 ) ) REPRESENTATION_CONTEXT ( 'NONE', 'WORKASPACE' ) );
#6572 = EDGE_CURVE ( 'NONE', #4578, #2989, #6893, .T. ) ;
#6573 = CARTESIAN_POINT ( 'NONE',  ( -1.490125689080326277, 0.3500000000000000333, 0.5940000000000001945 ) ) ;
#6574 = CARTESIAN_POINT ( 'NONE',  ( 2.450000000000000178, -0.8749999999999998890, 0.0000000000000000000 ) ) ;
#6575 = VECTOR ( 'NONE', #3943, 1000.000000000000000 ) ;
#6576 = ORIENTED_EDGE ( 'NONE', *, *, #3117, .F. ) ;
#6577 = SURFACE_SIDE_STYLE ('',( #2608 ) ) ;
#6578 = LINE ( 'NONE', #6652, #6908 ) ;
#6579 = PRESENTATION_STYLE_ASSIGNMENT (( #5960 ) ) ;
#6580 = SURFACE_STYLE_USAGE ( .BOTH. , #3652 ) ;
#6581 =( LENGTH_UNIT ( ) NAMED_UNIT ( * ) SI_UNIT ( .MILLI., .METRE. ) );
#6582 = DIRECTION ( 'NONE',  ( 0.0000000000000000000, 1.000000000000000000, 0.0000000000000000000 ) ) ;
#6583 = LINE ( 'NONE', #425, #4244 ) ;
#6584 = DIRECTION ( 'NONE',  ( 0.0000000000000000000, 0.0000000000000000000, 1.000000000000000000 ) ) ;
#6585 = UNCERTAINTY_MEASURE_WITH_UNIT (LENGTH_MEASURE( 1.000000000000000082E-05 ), #2793, 'distance_accuracy_value', 'NONE');
#6586 = ORIENTED_EDGE ( 'NONE', *, *, #4718, .F. ) ;
#6587 = SURFACE_STYLE_USAGE ( .BOTH. , #2581 ) ;
#6588 = PLANE ( 'NONE',  #3723 ) ;
#6589 = ADVANCED_FACE ( 'NONE', ( #2435 ), #6962, .T. ) ;
#6590 = CARTESIAN_POINT ( 'NONE',  ( -1.640975210307352050, -1.125000000000000222, 0.5940000000000004166 ) ) ;
#6591 = EDGE_CURVE ( 'NONE', #4632, #109, #3217, .T. ) ;
#6592 = FILL_AREA_STYLE ('',( #1523 ) ) ;
#6593 = VERTEX_POINT ( 'NONE', #6540 ) ;
#6594 = VECTOR ( 'NONE', #4460, 999.9999999999998863 ) ;
#6595 = EDGE_LOOP ( 'NONE', ( #3084, #3277, #2188, #566 ) ) ;
#6596 = DIRECTION ( 'NONE',  ( -0.0000000000000000000, -1.000000000000000000, 0.0000000000000000000 ) ) ;
#6597 = SURFACE_SIDE_STYLE ('',( #2328 ) ) ;
#6598 = VECTOR ( 'NONE', #934, 999.9999999999998863 ) ;
#6599 = LINE ( 'NONE', #5872, #2463 ) ;
#6600 = PRESENTATION_LAYER_ASSIGNMENT (  '', '', ( #4440 ) ) ;
#6601 = DIRECTION ( 'NONE',  ( 0.1378594853070949089, 0.0000000000000000000, -0.9904517970657951142 ) ) ;
#6602 = DIRECTION ( 'NONE',  ( 0.0000000000000000000, 0.0000000000000000000, 1.000000000000000000 ) ) ;
#6603 = EDGE_CURVE ( 'NONE', #4664, #5186, #1591, .T. ) ;
#6604 = ORIENTED_EDGE ( 'NONE', *, *, #1545, .T. ) ;
#6605 = DIRECTION ( 'NONE',  ( -1.000000000000000000, 0.0000000000000000000, 2.041316732240672236E-15 ) ) ;
#6606 =( GEOMETRIC_REPRESENTATION_CONTEXT ( 3 ) GLOBAL_UNCERTAINTY_ASSIGNED_CONTEXT ( ( #6325 ) ) GLOBAL_UNIT_ASSIGNED_CONTEXT ( ( #5057, #2661, #4422 ) ) REPRESENTATION_CONTEXT ( 'NONE', 'WORKASPACE' ) );
#6607 =( NAMED_UNIT ( * ) SI_UNIT ( $, .STERADIAN. ) SOLID_ANGLE_UNIT ( ) );
#6608 = AXIS2_PLACEMENT_3D ( 'NONE', #2265, #4552, #3911 ) ;
#6609 = ORIENTED_EDGE ( 'NONE', *, *, #2611, .F. ) ;
#6610 = VECTOR ( 'NONE', #1370, 1000.000000000000000 ) ;
#6611 = DIRECTION ( 'NONE',  ( 0.0000000000000000000, 1.000000000000000000, 0.0000000000000000000 ) ) ;
#6612 = CIRCLE ( 'NONE', #4211, 0.09999999999999993616 ) ;
#6613 = LINE ( 'NONE', #7108, #1683 ) ;
#6614 = VECTOR ( 'NONE', #5990, 1000.000000000000000 ) ;
#6615 = EDGE_CURVE ( 'NONE', #3237, #4432, #7114, .T. ) ;
#6616 = DIRECTION ( 'NONE',  ( -0.9848077530122080203, 0.0000000000000000000, -0.1736481776669307198 ) ) ;
#6617 = PLANE ( 'NONE',  #2190 ) ;
#6618 = FILL_AREA_STYLE ('',( #5482 ) ) ;
#6619 = DIRECTION ( 'NONE',  ( -6.852061790316472241E-17, 0.0000000000000000000, 1.000000000000000000 ) ) ;
#6620 = STYLED_ITEM ( 'NONE', ( #4763 ), #5950 ) ;
#6621 = PRESENTATION_STYLE_ASSIGNMENT (( #1547 ) ) ;
#6622 =( GEOMETRIC_REPRESENTATION_CONTEXT ( 3 ) GLOBAL_UNCERTAINTY_ASSIGNED_CONTEXT ( ( #2366 ) ) GLOBAL_UNIT_ASSIGNED_CONTEXT ( ( #2411, #3076, #6369 ) ) REPRESENTATION_CONTEXT ( 'NONE', 'WORKASPACE' ) );
#6623 = SURFACE_STYLE_USAGE ( .BOTH. , #4324 ) ;
#6624 = CARTESIAN_POINT ( 'NONE',  ( -1.740020390013932605, 0.8750000000000000000, 0.5077859485307089082 ) ) ;
#6625 = CARTESIAN_POINT ( 'NONE',  ( -1.350000000000000533, -1.350000000000000089, 0.1499999999999999667 ) ) ;
#6626 = AXIS2_PLACEMENT_3D ( 'NONE', #4943, #3265, #5527 ) ;
#6627 = DIRECTION ( 'NONE',  ( -1.606225440719265627E-16, 1.000000000000000000, -6.554874599965691086E-32 ) ) ;
#6628 = CARTESIAN_POINT ( 'NONE',  ( 1.366025403784438597, 1.350000000000000533, 1.149999999999999911 ) ) ;
#6629 = EDGE_LOOP ( 'NONE', ( #2415, #4229, #4392, #5226 ) ) ;
#6630 = PLANE ( 'NONE',  #3956 ) ;
#6631 =( GEOMETRIC_REPRESENTATION_CONTEXT ( 3 ) GLOBAL_UNCERTAINTY_ASSIGNED_CONTEXT ( ( #5881 ) ) GLOBAL_UNIT_ASSIGNED_CONTEXT ( ( #19, #3330, #93 ) ) REPRESENTATION_CONTEXT ( 'NONE', 'WORKASPACE' ) );
#6632 =( GEOMETRIC_REPRESENTATION_CONTEXT ( 3 ) GLOBAL_UNCERTAINTY_ASSIGNED_CONTEXT ( ( #6268 ) ) GLOBAL_UNIT_ASSIGNED_CONTEXT ( ( #6834, #2377, #6795 ) ) REPRESENTATION_CONTEXT ( 'NONE', 'WORKASPACE' ) );
#6633 = VERTEX_POINT ( 'NONE', #3135 ) ;
#6634 = ORIENTED_EDGE ( 'NONE', *, *, #5748, .F. ) ;
#6635 = EDGE_CURVE ( 'NONE', #2098, #5063, #462, .T. ) ;
#6636 = FILL_AREA_STYLE_COLOUR ( '', #2241 ) ;
#6637 = STYLED_ITEM ( 'NONE', ( #3410 ), #4027 ) ;
#6638 = DIRECTION ( 'NONE',  ( 0.0000000000000000000, 1.000000000000000000, 0.0000000000000000000 ) ) ;
#6639 = ORIENTED_EDGE ( 'NONE', *, *, #4296, .F. ) ;
#6640 = PRESENTATION_STYLE_ASSIGNMENT (( #5364 ) ) ;
#6641 =( GEOMETRIC_REPRESENTATION_CONTEXT ( 3 ) GLOBAL_UNCERTAINTY_ASSIGNED_CONTEXT ( ( #4840 ) ) GLOBAL_UNIT_ASSIGNED_CONTEXT ( ( #343, #5964, #4765 ) ) REPRESENTATION_CONTEXT ( 'NONE', 'WORKASPACE' ) );
#6642 = VERTEX_POINT ( 'NONE', #1997 ) ;
#6643 = DIRECTION ( 'NONE',  ( 0.0000000000000000000, -0.0000000000000000000, -1.000000000000000000 ) ) ;
#6644 = ORIENTED_EDGE ( 'NONE', *, *, #6973, .F. ) ;
#6645 = VECTOR ( 'NONE', #3731, 999.9999999999998863 ) ;
#6646 = DIRECTION ( 'NONE',  ( 0.0000000000000000000, 1.000000000000000000, 0.0000000000000000000 ) ) ;
#6647 = ADVANCED_FACE ( 'NONE', ( #1478 ), #3875, .T. ) ;
#6648 = VECTOR ( 'NONE', #6948, 999.9999999999998863 ) ;
#6649 =( NAMED_UNIT ( * ) PLANE_ANGLE_UNIT ( ) SI_UNIT ( $, .RADIAN. ) );
#6650 = DIRECTION ( 'NONE',  ( 0.2588190451025213501, -0.0000000000000000000, 0.9659258262890680902 ) ) ;
#6651 = ORIENTED_EDGE ( 'NONE', *, *, #527, .F. ) ;
#6652 = CARTESIAN_POINT ( 'NONE',  ( -1.955379661434764715, -0.1250000000000000000, 0.2662140514692911686 ) ) ;
#6653 = CARTESIAN_POINT ( 'NONE',  ( 1.641086831975067550, 0.8750000000000000000, 0.4931980538652447343 ) ) ;
#6654 = DIRECTION ( 'NONE',  ( 0.0000000000000000000, 0.0000000000000000000, -1.000000000000000000 ) ) ;
#6655 = MECHANICAL_DESIGN_GEOMETRIC_PRESENTATION_REPRESENTATION (  '', ( #5328 ), #5565 ) ;
#6656 = VECTOR ( 'NONE', #542, 1000.000000000000000 ) ;
#6657 = EDGE_CURVE ( 'NONE', #3672, #6444, #6086, .T. ) ;
#6658 = SURFACE_STYLE_FILL_AREA ( #4371 ) ;
#6659 = DIRECTION ( 'NONE',  ( -0.1378594853070907456, 0.0000000000000000000, -0.9904517970657956694 ) ) ;
#6660 = CARTESIAN_POINT ( 'NONE',  ( 2.054424841141345048, -0.1250000000000000000, 0.1799999999999997158 ) ) ;
#6661 = DIRECTION ( 'NONE',  ( 0.0000000000000000000, 1.000000000000000000, 0.0000000000000000000 ) ) ;
#6662 = ORIENTED_EDGE ( 'NONE', *, *, #2428, .T. ) ;
#6663 = EDGE_CURVE ( 'NONE', #3014, #147, #2253, .T. ) ;
#6664 = FILL_AREA_STYLE ('',( #2115 ) ) ;
#6665 = DIRECTION ( 'NONE',  ( -0.9904517970657956694, 0.0000000000000000000, -0.1378594853070907733 ) ) ;
#6666 = DIRECTION ( 'NONE',  ( 0.0000000000000000000, 1.000000000000000000, 0.0000000000000000000 ) ) ;
#6667 = FILL_AREA_STYLE ('',( #4268 ) ) ;
#6668 = CARTESIAN_POINT ( 'NONE',  ( -1.375410794124024338, 0.3750000000000000000, 0.5939999999999999725 ) ) ;
#6669 = ORIENTED_EDGE ( 'NONE', *, *, #2470, .F. ) ;
#6670 = VERTEX_POINT ( 'NONE', #6749 ) ;
#6671 = CARTESIAN_POINT ( 'NONE',  ( -1.777098337962921937, 0.6250000000000001110, 0.2413993441140163121 ) ) ;
#6672 = ORIENTED_EDGE ( 'NONE', *, *, #6427, .F. ) ;
#6673 = PLANE ( 'NONE',  #3250 ) ;
#6674 = VERTEX_POINT ( 'NONE', #4472 ) ;
#6675 = STYLED_ITEM ( 'NONE', ( #1607 ), #604 ) ;
#6676 =( NAMED_UNIT ( * ) PLANE_ANGLE_UNIT ( ) SI_UNIT ( $, .RADIAN. ) );
#6677 = SURFACE_SIDE_STYLE ('',( #1619 ) ) ;
#6678 = LINE ( 'NONE', #1620, #5877 ) ;
#6679 = EDGE_LOOP ( 'NONE', ( #2344, #1136, #1959, #1193 ) ) ;
#6680 = ADVANCED_FACE ( 'NONE', ( #7233 ), #1198, .T. ) ;
#6681 = FILL_AREA_STYLE_COLOUR ( '', #3990 ) ;
#6682 = DIRECTION ( 'NONE',  ( 0.0000000000000000000, 1.000000000000000000, 0.0000000000000000000 ) ) ;
#6683 = PLANE ( 'NONE',  #5797 ) ;
#6684 = EDGE_CURVE ( 'NONE', #2932, #5102, #6189, .T. ) ;
#6685 =( GEOMETRIC_REPRESENTATION_CONTEXT ( 3 ) GLOBAL_UNCERTAINTY_ASSIGNED_CONTEXT ( ( #3069 ) ) GLOBAL_UNIT_ASSIGNED_CONTEXT ( ( #5380, #4004, #1969 ) ) REPRESENTATION_CONTEXT ( 'NONE', 'WORKASPACE' ) );
#6686 = FILL_AREA_STYLE ('',( #6118 ) ) ;
#6687 = AXIS2_PLACEMENT_3D ( 'NONE', #57, #5661, #684 ) ;
#6688 = ORIENTED_EDGE ( 'NONE', *, *, #1653, .T. ) ;
#6689 = FACE_OUTER_BOUND ( 'NONE', #469, .T. ) ;
#6690 = LINE ( 'NONE', #3185, #435 ) ;
#6691 = EDGE_CURVE ( 'NONE', #2232, #7180, #5909, .T. ) ;
#6692 = VERTEX_POINT ( 'NONE', #86 ) ;
#6693 = SURFACE_STYLE_FILL_AREA ( #3408 ) ;
#6694 = CARTESIAN_POINT ( 'NONE',  ( -1.641086831975065774, 0.8750000000000000000, 0.7731980538652448720 ) ) ;
#6695 = ADVANCED_FACE ( 'NONE', ( #6226 ), #2293, .T. ) ;
#6696 = ORIENTED_EDGE ( 'NONE', *, *, #3395, .F. ) ;
#6697 = VERTEX_POINT ( 'NONE', #1398 ) ;
#6698 = PRESENTATION_LAYER_ASSIGNMENT (  '', '', ( #4542 ) ) ;
#6699 = CARTESIAN_POINT ( 'NONE',  ( 1.918413335153490440, -0.3749999999999998890, 0.5317987097512297812 ) ) ;
#6700 = COLOUR_RGB ( '',0.7529411764705882248, 0.7529411764705882248, 0.7529411764705882248 ) ;
#6701 = ORIENTED_EDGE ( 'NONE', *, *, #92, .F. ) ;
#6702 = LINE ( 'NONE', #2779, #6594 ) ;
#6703 = ORIENTED_EDGE ( 'NONE', *, *, #6337, .T. ) ;
#6704 = VERTEX_POINT ( 'NONE', #2357 ) ;
#6705 = AXIS2_PLACEMENT_3D ( 'NONE', #329, #4786, #2520 ) ;
#6706 =( NAMED_UNIT ( * ) PLANE_ANGLE_UNIT ( ) SI_UNIT ( $, .RADIAN. ) );
#6707 = VECTOR ( 'NONE', #4224, 1000.000000000000114 ) ;
#6708 = VECTOR ( 'NONE', #1707, 1000.000000000000000 ) ;
#6709 = CARTESIAN_POINT ( 'NONE',  ( 1.918413335153490440, 0.8750000000000000000, 0.5317987097512297812 ) ) ;
#6710 = ORIENTED_EDGE ( 'NONE', *, *, #6406, .F. ) ;
#6711 = SURFACE_STYLE_USAGE ( .BOTH. , #4433 ) ;
#6713 = COLOUR_RGB ( '',0.7529411764705882248, 0.7529411764705882248, 0.7529411764705882248 ) ;
#6712 = DIRECTION ( 'NONE',  ( 0.0000000000000000000, 1.000000000000000000, -0.0000000000000000000 ) ) ;
#6714 = SURFACE_SIDE_STYLE ('',( #4511 ) ) ;
#6715 = PRESENTATION_LAYER_ASSIGNMENT (  '', '', ( #3845 ) ) ;
#6716 = SURFACE_STYLE_USAGE ( .BOTH. , #7234 ) ;
#6717 = PRODUCT_DEFINITION ( 'UNKNOWN', '', #3182, #5283 ) ;
#6718 = CARTESIAN_POINT ( 'NONE',  ( 2.450000000000000178, 1.125000000000000222, 0.1799999999999999933 ) ) ;
#6719 = ORIENTED_EDGE ( 'NONE', *, *, #456, .T. ) ;
#6720 = CARTESIAN_POINT ( 'NONE',  ( -2.054424841141345048, 0.3750000000000000000, 0.1799999999999999101 ) ) ;
#6721 = CARTESIAN_POINT ( 'NONE',  ( 1.366025403784438375, 1.350000000000000089, 1.149999999999999911 ) ) ;
#6722 = AXIS2_PLACEMENT_3D ( 'NONE', #3485, #3666, #6439 ) ;
#6723 = CARTESIAN_POINT ( 'NONE',  ( -1.740020390013932605, -0.1250000000000000000, 0.5077859485307089082 ) ) ;
#6724 =( GEOMETRIC_REPRESENTATION_CONTEXT ( 3 ) GLOBAL_UNCERTAINTY_ASSIGNED_CONTEXT ( ( #6195 ) ) GLOBAL_UNIT_ASSIGNED_CONTEXT ( ( #1352, #2445, #919 ) ) REPRESENTATION_CONTEXT ( 'NONE', 'WORKASPACE' ) );
#6725 = ORIENTED_EDGE ( 'NONE', *, *, #5393, .T. ) ;
#6726 = DIRECTION ( 'NONE',  ( 0.0000000000000000000, 0.0000000000000000000, -1.000000000000000000 ) ) ;
#6727 = AXIS2_PLACEMENT_3D ( 'NONE', #5072, #3797, #2147 ) ;
#6728 = EDGE_CURVE ( 'NONE', #4959, #1978, #1792, .T. ) ;
#6729 = LINE ( 'NONE', #2838, #5514 ) ;
#6730 = DIRECTION ( 'NONE',  ( 0.0000000000000000000, -1.000000000000000000, 0.0000000000000000000 ) ) ;
#6731 = ORIENTED_EDGE ( 'NONE', *, *, #1156, .T. ) ;
#6732 = STYLED_ITEM ( 'NONE', ( #5907 ), #6142 ) ;
#6733 = ORIENTED_EDGE ( 'NONE', *, *, #4227, .F. ) ;
#6734 = FILL_AREA_STYLE_COLOUR ( '', #7067 ) ;
#6735 = EDGE_CURVE ( 'NONE', #5500, #4632, #2929, .T. ) ;
#6736 = LINE ( 'NONE', #727, #3976 ) ;
#6737 = CARTESIAN_POINT ( 'NONE',  ( 1.740020390013932605, -0.6250000000000000000, 0.5077859485307089082 ) ) ;
#6738 = VERTEX_POINT ( 'NONE', #1830 ) ;
#6739 = SURFACE_STYLE_USAGE ( .BOTH. , #667 ) ;
#6740 = VERTEX_POINT ( 'NONE', #5293 ) ;
#6741 = EDGE_LOOP ( 'NONE', ( #4425, #7162, #4652, #2928 ) ) ;
#6742 = STYLED_ITEM ( 'NONE', ( #1556 ), #6434 ) ;
#6743 = SURFACE_SIDE_STYLE ('',( #5 ) ) ;
#6744 = ORIENTED_EDGE ( 'NONE', *, *, #1758, .T. ) ;
#6745 = VECTOR ( 'NONE', #3442, 1000.000000000000000 ) ;
#6746 = SURFACE_STYLE_FILL_AREA ( #1690 ) ;
#6747 = DIRECTION ( 'NONE',  ( -0.0000000000000000000, -1.000000000000000000, 0.0000000000000000000 ) ) ;
#6748 = PRESENTATION_STYLE_ASSIGNMENT (( #5000 ) ) ;
#6749 = CARTESIAN_POINT ( 'NONE',  ( 2.054424841141345048, 0.6250000000000001110, 0.1799999999999997158 ) ) ;
#6750 = VECTOR ( 'NONE', #3908, 1000.000000000000000 ) ;
#6751 = DIRECTION ( 'NONE',  ( -1.000000000000000000, 0.0000000000000000000, 2.041316732240672236E-15 ) ) ;
#6752 = VERTEX_POINT ( 'NONE', #2321 ) ;
#6753 = DIRECTION ( 'NONE',  ( 0.9904517970657951142, -0.0000000000000000000, 0.1378594853070949366 ) ) ;
#6754 = CARTESIAN_POINT ( 'NONE',  ( -1.490125689080326277, 1.125000000000000222, 0.5940000000000001945 ) ) ;
#6755 = MECHANICAL_DESIGN_GEOMETRIC_PRESENTATION_REPRESENTATION (  '', ( #801 ), #1998 ) ;
#6756 = DIRECTION ( 'NONE',  ( -0.1378594853070907733, 0.0000000000000000000, -0.9904517970657956694 ) ) ;
#6757 = SURFACE_STYLE_FILL_AREA ( #5696 ) ;
#6758 = DIRECTION ( 'NONE',  ( -4.080918178602890545E-16, 0.0000000000000000000, 1.000000000000000000 ) ) ;
#6759 = FILL_AREA_STYLE_COLOUR ( '', #1366 ) ;
#6760 = EDGE_CURVE ( 'NONE', #6148, #4442, #2461, .T. ) ;
#6761 = CARTESIAN_POINT ( 'NONE',  ( -2.450000000000000178, -0.1250000000000000000, 0.1799999999999999933 ) ) ;
#6762 = ORIENTED_EDGE ( 'NONE', *, *, #5190, .F. ) ;
#6763 = UNCERTAINTY_MEASURE_WITH_UNIT (LENGTH_MEASURE( 1.000000000000000082E-05 ), #490, 'distance_accuracy_value', 'NONE');
#6764 = ORIENTED_EDGE ( 'NONE', *, *, #1278, .F. ) ;
#6765 = PRESENTATION_STYLE_ASSIGNMENT (( #6739 ) ) ;
#6766 = ORIENTED_EDGE ( 'NONE', *, *, #5984, .F. ) ;
#6767 = ADVANCED_FACE ( 'NONE', ( #6954 ), #6346, .F. ) ;
#6768 = ORIENTED_EDGE ( 'NONE', *, *, #3614, .T. ) ;
#6769 = UNCERTAINTY_MEASURE_WITH_UNIT (LENGTH_MEASURE( 1.000000000000000082E-05 ), #4503, 'distance_accuracy_value', 'NONE');
#6770 = ORIENTED_EDGE ( 'NONE', *, *, #6172, .F. ) ;
#6771 = CARTESIAN_POINT ( 'NONE',  ( -2.054424841141345048, -0.8749999999999998890, 0.1799999999999999101 ) ) ;
#6772 = EDGE_CURVE ( 'NONE', #4442, #3793, #1330, .T. ) ;
#6773 = CARTESIAN_POINT ( 'NONE',  ( -1.500000000000000444, 0.8750000000000000000, 0.6500000000000000222 ) ) ;
#6774 = FILL_AREA_STYLE_COLOUR ( '', #3619 ) ;
#6775 = STYLED_ITEM ( 'NONE', ( #5803 ), #595 ) ;
#6776 = SURFACE_STYLE_FILL_AREA ( #5590 ) ;
#6777 = LINE ( 'NONE', #6161, #5285 ) ;
#6778 = EDGE_LOOP ( 'NONE', ( #5830, #1150, #3638, #3207 ) ) ;
#6779 =( NAMED_UNIT ( * ) SI_UNIT ( $, .STERADIAN. ) SOLID_ANGLE_UNIT ( ) );
#6780 = DIRECTION ( 'NONE',  ( -4.080918178602890545E-16, 0.0000000000000000000, 1.000000000000000000 ) ) ;
#6781 = SURFACE_STYLE_USAGE ( .BOTH. , #6858 ) ;
#6782 = VECTOR ( 'NONE', #697, 1000.000000000000114 ) ;
#6783 = PRESENTATION_STYLE_ASSIGNMENT (( #1244 ) ) ;
#6784 = CARTESIAN_POINT ( 'NONE',  ( -1.375410794124024338, -0.8749999999999998890, 0.5939999999999999725 ) ) ;
#6786 =( GEOMETRIC_REPRESENTATION_CONTEXT ( 3 ) GLOBAL_UNCERTAINTY_ASSIGNED_CONTEXT ( ( #6585 ) ) GLOBAL_UNIT_ASSIGNED_CONTEXT ( ( #2793, #4477, #3469 ) ) REPRESENTATION_CONTEXT ( 'NONE', 'WORKASPACE' ) );
#6785 = DIRECTION ( 'NONE',  ( 0.0000000000000000000, 1.000000000000000000, 0.0000000000000000000 ) ) ;
#6787 = ORIENTED_EDGE ( 'NONE', *, *, #1311, .T. ) ;
#6788 = ORIENTED_EDGE ( 'NONE', *, *, #3614, .F. ) ;
#6789 = CARTESIAN_POINT ( 'NONE',  ( -1.640975210307352938, -0.6250000000000000000, 0.4940000000000004943 ) ) ;
#6790 = AXIS2_PLACEMENT_3D ( 'NONE', #4364, #533, #3684 ) ;
#6791 = SURFACE_STYLE_FILL_AREA ( #5094 ) ;
#6792 = EDGE_CURVE ( 'NONE', #2137, #4352, #2966, .T. ) ;
#6793 = EDGE_CURVE ( 'NONE', #3960, #2951, #5368, .T. ) ;
#6794 = LINE ( 'NONE', #1183, #6006 ) ;
#6795 =( NAMED_UNIT ( * ) SI_UNIT ( $, .STERADIAN. ) SOLID_ANGLE_UNIT ( ) );
#6796 = FILL_AREA_STYLE_COLOUR ( '', #2507 ) ;
#6797 = ORIENTED_EDGE ( 'NONE', *, *, #1399, .T. ) ;
#6798 = ORIENTED_EDGE ( 'NONE', *, *, #4265, .T. ) ;
#6799 = CARTESIAN_POINT ( 'NONE',  ( -1.500000000000000444, 1.350000000000000089, 0.6500000000000000222 ) ) ;
#6800 =( NAMED_UNIT ( * ) SI_UNIT ( $, .STERADIAN. ) SOLID_ANGLE_UNIT ( ) );
#6801 = EDGE_CURVE ( 'NONE', #842, #2430, #5882, .T. ) ;
#6802 = CARTESIAN_POINT ( 'NONE',  ( 1.500000000000000000, -0.6250000000000000000, 0.6500000000000000222 ) ) ;
#6803 = ORIENTED_EDGE ( 'NONE', *, *, #3279, .F. ) ;
#6804 = CARTESIAN_POINT ( 'NONE',  ( 2.054424841141345048, 0.1250000000000001110, 0.2799999999999999711 ) ) ;
#6805 = EDGE_CURVE ( 'NONE', #4565, #6333, #1467, .T. ) ;
#6806 = DIRECTION ( 'NONE',  ( 0.2588190451025213501, -0.0000000000000000000, 0.9659258262890680902 ) ) ;
#6807 = LINE ( 'NONE', #9, #5331 ) ;
#6808 = DIRECTION ( 'NONE',  ( -0.0000000000000000000, -1.000000000000000000, -0.0000000000000000000 ) ) ;
#6809 =( LENGTH_UNIT ( ) NAMED_UNIT ( * ) SI_UNIT ( .MILLI., .METRE. ) );
#6810 = CIRCLE ( 'NONE', #3593, 0.09999999999999993616 ) ;
#6811 = MECHANICAL_DESIGN_GEOMETRIC_PRESENTATION_REPRESENTATION (  '', ( #5860 ), #4068 ) ;
#6812 = EDGE_CURVE ( 'NONE', #5609, #3014, #3643, .T. ) ;
#6813 = COLOUR_RGB ( '',0.1176470588235294101, 0.1176470588235294101, 0.1176470588235294101 ) ;
#6814 = VECTOR ( 'NONE', #6659, 1000.000000000000114 ) ;
#6815 = DIRECTION ( 'NONE',  ( 1.000000000000000000, -0.0000000000000000000, -1.370412358063294448E-16 ) ) ;
#6816 = ORIENTED_EDGE ( 'NONE', *, *, #4571, .F. ) ;
#6817 =( NAMED_UNIT ( * ) PLANE_ANGLE_UNIT ( ) SI_UNIT ( $, .RADIAN. ) );
#6818 = LINE ( 'NONE', #5725, #2436 ) ;
#6819 = SURFACE_SIDE_STYLE ('',( #5594 ) ) ;
#6820 = SURFACE_STYLE_FILL_AREA ( #3405 ) ;
#6821 =( GEOMETRIC_REPRESENTATION_CONTEXT ( 3 ) GLOBAL_UNCERTAINTY_ASSIGNED_CONTEXT ( ( #172 ) ) GLOBAL_UNIT_ASSIGNED_CONTEXT ( ( #959, #5325, #4273 ) ) REPRESENTATION_CONTEXT ( 'NONE', 'WORKASPACE' ) );
#6822 = CARTESIAN_POINT ( 'NONE',  ( 1.375410794124024338, -1.125000000000000222, 0.5939999999999999725 ) ) ;
#6823 = AXIS2_PLACEMENT_3D ( 'NONE', #5721, #5261, #258 ) ;
#6824 = VECTOR ( 'NONE', #2510, 1000.000000000000000 ) ;
#6825 = DIRECTION ( 'NONE',  ( -1.000000000000000000, 0.0000000000000000000, 1.453013302676229291E-18 ) ) ;
#6826 = FACE_OUTER_BOUND ( 'NONE', #6867, .T. ) ;
#6827 = AXIS2_PLACEMENT_3D ( 'NONE', #4182, #4548, #2434 ) ;
#6828 = CARTESIAN_POINT ( 'NONE',  ( -1.918413335153490440, -1.125000000000000222, 0.5317987097512296701 ) ) ;
#6829 = EDGE_LOOP ( 'NONE', ( #1636, #5922, #6762, #3087, #2353, #413, #3326, #122, #2378, #4985, #331, #3306, #3493 ) ) ;
#6830 = VERTEX_POINT ( 'NONE', #409 ) ;
#6831 = FACE_OUTER_BOUND ( 'NONE', #2413, .T. ) ;
#6832 = VECTOR ( 'NONE', #2216, 1000.000000000000000 ) ;
#6833 =( GEOMETRIC_REPRESENTATION_CONTEXT ( 3 ) GLOBAL_UNCERTAINTY_ASSIGNED_CONTEXT ( ( #6918 ) ) GLOBAL_UNIT_ASSIGNED_CONTEXT ( ( #2699, #6291, #4001 ) ) REPRESENTATION_CONTEXT ( 'NONE', 'WORKASPACE' ) );
#6834 =( LENGTH_UNIT ( ) NAMED_UNIT ( * ) SI_UNIT ( .MILLI., .METRE. ) );
#6835 = ORIENTED_EDGE ( 'NONE', *, *, #4056, .T. ) ;
#6836 = SURFACE_STYLE_FILL_AREA ( #6147 ) ;
#6837 = COLOUR_RGB ( '',0.7529411764705882248, 0.7529411764705882248, 0.7529411764705882248 ) ;
#6838 = ORIENTED_EDGE ( 'NONE', *, *, #6277, .T. ) ;
#6839 = ORIENTED_EDGE ( 'NONE', *, *, #2074, .T. ) ;
#6840 = EDGE_CURVE ( 'NONE', #1356, #6697, #1960, .T. ) ;
#6841 =( LENGTH_UNIT ( ) NAMED_UNIT ( * ) SI_UNIT ( .MILLI., .METRE. ) );
#6842 = COLOUR_RGB ( '',0.7529411764705882248, 0.7529411764705882248, 0.7529411764705882248 ) ;
#6843 =( NAMED_UNIT ( * ) PLANE_ANGLE_UNIT ( ) SI_UNIT ( $, .RADIAN. ) );
#6844 = FACE_OUTER_BOUND ( 'NONE', #2386, .T. ) ;
#6845 = VERTEX_POINT ( 'NONE', #4841 ) ;
#6846 = PLANE ( 'NONE',  #4532 ) ;
#6847 = COLOUR_RGB ( '',0.7529411764705882248, 0.7529411764705882248, 0.7529411764705882248 ) ;
#6848 = LINE ( 'NONE', #5715, #6971 ) ;
#6849 = CARTESIAN_POINT ( 'NONE',  ( -2.054424841141345048, -0.1250000000000000000, 0.2799999999999999711 ) ) ;
#6850 = EDGE_CURVE ( 'NONE', #841, #2953, #3088, .T. ) ;
#6851 = VERTEX_POINT ( 'NONE', #336 ) ;
#6852 =( NAMED_UNIT ( * ) PLANE_ANGLE_UNIT ( ) SI_UNIT ( $, .RADIAN. ) );
#6853 = CARTESIAN_POINT ( 'NONE',  ( 1.350000000000000311, -1.350000000000000311, 0.6500000000000000222 ) ) ;
#6854 = AXIS2_PLACEMENT_3D ( 'NONE', #6470, #5929, #3660 ) ;
#6855 = ORIENTED_EDGE ( 'NONE', *, *, #1343, .F. ) ;
#6856 = SURFACE_STYLE_USAGE ( .BOTH. , #2361 ) ;
#6857 =( LENGTH_UNIT ( ) NAMED_UNIT ( * ) SI_UNIT ( .MILLI., .METRE. ) );
#6858 = SURFACE_SIDE_STYLE ('',( #16 ) ) ;
#6859 = UNCERTAINTY_MEASURE_WITH_UNIT (LENGTH_MEASURE( 1.000000000000000082E-05 ), #3846, 'distance_accuracy_value', 'NONE');
#6860 = DIRECTION ( 'NONE',  ( -2.041316732240672236E-15, 0.0000000000000000000, -1.000000000000000000 ) ) ;
#6861 = AXIS2_PLACEMENT_3D ( 'NONE', #228, #1273, #3027 ) ;
#6862 = DIRECTION ( 'NONE',  ( 0.0000000000000000000, 1.000000000000000000, 0.0000000000000000000 ) ) ;
#6863 = CIRCLE ( 'NONE', #4003, 0.2800000000000000822 ) ;
#6864 = SURFACE_STYLE_USAGE ( .BOTH. , #4026 ) ;
#6865 = VECTOR ( 'NONE', #5505, 1000.000000000000000 ) ;
#6866 = DIRECTION ( 'NONE',  ( -4.080918178602890545E-16, 0.0000000000000000000, 1.000000000000000000 ) ) ;
#6867 = EDGE_LOOP ( 'NONE', ( #1532, #3822, #5717, #1152 ) ) ;
#6868 = EDGE_CURVE ( 'NONE', #587, #4697, #7105, .T. ) ;
#6869 = VERTEX_POINT ( 'NONE', #2058 ) ;
#6870 = CARTESIAN_POINT ( 'NONE',  ( 1.411836509645767235, 1.350000000000000089, 0.1499999999999999667 ) ) ;
#6871 = CARTESIAN_POINT ( 'NONE',  ( -1.366025403784438597, -1.350000000000000089, 1.149999999999999911 ) ) ;
#6872 =( NAMED_UNIT ( * ) PLANE_ANGLE_UNIT ( ) SI_UNIT ( $, .RADIAN. ) );
#6873 = DIRECTION ( 'NONE',  ( 0.0000000000000000000, 1.000000000000000000, 0.0000000000000000000 ) ) ;
#6874 = FACE_OUTER_BOUND ( 'NONE', #7006, .T. ) ;
#6875 = ORIENTED_EDGE ( 'NONE', *, *, #6061, .T. ) ;
#6876 = AXIS2_PLACEMENT_3D ( 'NONE', #1586, #1510, #1476 ) ;
#6877 = ORIENTED_EDGE ( 'NONE', *, *, #3620, .F. ) ;
#6878 = ORIENTED_EDGE ( 'NONE', *, *, #689, .T. ) ;
#6879 = LINE ( 'NONE', #6910, #385 ) ;
#6880 = DIRECTION ( 'NONE',  ( 0.0000000000000000000, 1.000000000000000000, -0.0000000000000000000 ) ) ;
#6881 = ORIENTED_EDGE ( 'NONE', *, *, #4798, .F. ) ;
#6882 = LINE ( 'NONE', #4158, #2393 ) ;
#6883 = PRESENTATION_STYLE_ASSIGNMENT (( #2389 ) ) ;
#6884 = ORIENTED_EDGE ( 'NONE', *, *, #4587, .F. ) ;
#6885 =( NAMED_UNIT ( * ) SI_UNIT ( $, .STERADIAN. ) SOLID_ANGLE_UNIT ( ) );
#6886 = EDGE_CURVE ( 'NONE', #5500, #6516, #4162, .T. ) ;
#6887 = EDGE_CURVE ( 'NONE', #5707, #2360, #2493, .T. ) ;
#6888 = EDGE_LOOP ( 'NONE', ( #1394, #2038, #4490, #4954 ) ) ;
#6889 = SURFACE_SIDE_STYLE ('',( #6993 ) ) ;
#6890 = SURFACE_STYLE_FILL_AREA ( #7022 ) ;
#6891 = EDGE_CURVE ( 'NONE', #5771, #4115, #2040, .T. ) ;
#6892 = FILL_AREA_STYLE ('',( #1308 ) ) ;
#6893 = LINE ( 'NONE', #4025, #4702 ) ;
#6894 = FACE_OUTER_BOUND ( 'NONE', #2517, .T. ) ;
#6895 =( NAMED_UNIT ( * ) PLANE_ANGLE_UNIT ( ) SI_UNIT ( $, .RADIAN. ) );
#6896 = EDGE_CURVE ( 'NONE', #446, #5636, #5446, .T. ) ;
#6897 = ORIENTED_EDGE ( 'NONE', *, *, #4431, .T. ) ;
#6898 = CARTESIAN_POINT ( 'NONE',  ( 1.500000000000000000, 0.6250000000000001110, 0.6500000000000000222 ) ) ;
#6899 = FILL_AREA_STYLE_COLOUR ( '', #1776 ) ;
#6900 = MECHANICAL_DESIGN_GEOMETRIC_PRESENTATION_REPRESENTATION (  '', ( #2660 ), #4756 ) ;
#6901 = EDGE_CURVE ( 'NONE', #2183, #2750, #3602, .T. ) ;
#6902 = FACE_OUTER_BOUND ( 'NONE', #5333, .T. ) ;
#6903 = DIRECTION ( 'NONE',  ( 0.0000000000000000000, 1.000000000000000000, 0.0000000000000000000 ) ) ;
#6904 = VERTEX_POINT ( 'NONE', #3168 ) ;
#6905 = MANIFOLD_SOLID_BREP ( '????????3', #4977 ) ;
#6906 = ORIENTED_EDGE ( 'NONE', *, *, #480, .T. ) ;
#6907 = ORIENTED_EDGE ( 'NONE', *, *, #836, .F. ) ;
#6908 = VECTOR ( 'NONE', #459, 1000.000000000000000 ) ;
#6909 = FILL_AREA_STYLE ('',( #1778 ) ) ;
#6910 = CARTESIAN_POINT ( 'NONE',  ( 1.466989180957721572, -0.6500000000000000222, 0.7731980538652448720 ) ) ;
#6911 = SURFACE_SIDE_STYLE ('',( #6420 ) ) ;
#6912 = ORIENTED_EDGE ( 'NONE', *, *, #5706, .T. ) ;
#6913 = LINE ( 'NONE', #2962, #1207 ) ;
#6914 = DIRECTION ( 'NONE',  ( -0.0000000000000000000, -1.000000000000000000, -0.0000000000000000000 ) ) ;
#6915 =( NAMED_UNIT ( * ) PLANE_ANGLE_UNIT ( ) SI_UNIT ( $, .RADIAN. ) );
#6916 = UNCERTAINTY_MEASURE_WITH_UNIT (LENGTH_MEASURE( 1.000000000000000082E-05 ), #3770, 'distance_accuracy_value', 'NONE');
#6917 = ORIENTED_EDGE ( 'NONE', *, *, #2655, .F. ) ;
#6918 = UNCERTAINTY_MEASURE_WITH_UNIT (LENGTH_MEASURE( 1.000000000000000082E-05 ), #2699, 'distance_accuracy_value', 'NONE');
#6919 = SURFACE_SIDE_STYLE ('',( #153 ) ) ;
#6920 = COLOUR_RGB ( '',0.1176470588235294101, 0.1176470588235294101, 0.1176470588235294101 ) ;
#6921 = ORIENTED_EDGE ( 'NONE', *, *, #1870, .T. ) ;
#6922 =( NAMED_UNIT ( * ) PLANE_ANGLE_UNIT ( ) SI_UNIT ( $, .RADIAN. ) );
#6923 = CARTESIAN_POINT ( 'NONE',  ( 2.054424841141345048, -0.6250000000000000000, 0.2799999999999999711 ) ) ;
#6925 = PRESENTATION_LAYER_ASSIGNMENT (  '', '', ( #1995 ) ) ;
#6924 = PRESENTATION_STYLE_ASSIGNMENT (( #235 ) ) ;
#6926 = CIRCLE ( 'NONE', #4789, 0.2799999999999998601 ) ;
#6927 = EDGE_CURVE ( 'NONE', #2057, #1963, #894, .T. ) ;
#6928 = SURFACE_STYLE_FILL_AREA ( #5891 ) ;
#6929 =( NAMED_UNIT ( * ) PLANE_ANGLE_UNIT ( ) SI_UNIT ( $, .RADIAN. ) );
#6930 = SURFACE_SIDE_STYLE ('',( #239 ) ) ;
#6931 = AXIS2_PLACEMENT_3D ( 'NONE', #814, #1782, #3973 ) ;
#6932 = CARTESIAN_POINT ( 'NONE',  ( -1.740020390013932605, -0.3749999999999998890, 0.5077859485307089082 ) ) ;
#6933 = VECTOR ( 'NONE', #7206, 1000.000000000000000 ) ;
#6934 = PRESENTATION_STYLE_ASSIGNMENT (( #1345 ) ) ;
#6935 = PRESENTATION_LAYER_ASSIGNMENT (  '', '', ( #3498 ) ) ;
#6936 = ORIENTED_EDGE ( 'NONE', *, *, #5854, .F. ) ;
#6937 = AXIS2_PLACEMENT_3D ( 'NONE', #2153, #6747, #5488 ) ;
#6938 = SURFACE_STYLE_FILL_AREA ( #5241 ) ;
#6939 = EDGE_CURVE ( 'NONE', #3449, #1381, #37, .T. ) ;
#6940 = MECHANICAL_DESIGN_GEOMETRIC_PRESENTATION_REPRESENTATION (  '', ( #3616 ), #4566 ) ;
#6941 = STYLED_ITEM ( 'NONE', ( #1725 ), #3109 ) ;
#6942 = PRESENTATION_LAYER_ASSIGNMENT (  '', '', ( #6497 ) ) ;
#6943 = CARTESIAN_POINT ( 'NONE',  ( 1.640975210307352050, -0.6250000000000000000, 0.5940000000000004166 ) ) ;
#6944 = ORIENTED_EDGE ( 'NONE', *, *, #6886, .T. ) ;
#6945 = ORIENTED_EDGE ( 'NONE', *, *, #1490, .F. ) ;
#6946 = ORIENTED_EDGE ( 'NONE', *, *, #3006, .T. ) ;
#6947 = EDGE_CURVE ( 'NONE', #115, #3960, #1721, .T. ) ;
#6948 = DIRECTION ( 'NONE',  ( 0.1378594853070949089, -0.0000000000000000000, 0.9904517970657951142 ) ) ;
#6949 = PRESENTATION_LAYER_ASSIGNMENT (  '', '', ( #3624 ) ) ;
#6950 = COLOUR_RGB ( '',0.7529411764705882248, 0.7529411764705882248, 0.7529411764705882248 ) ;
#6951 = ORIENTED_EDGE ( 'NONE', *, *, #3609, .F. ) ;
#6952 = DIRECTION ( 'NONE',  ( -1.000000000000000000, -0.0000000000000000000, -1.453013302676229099E-18 ) ) ;
#6953 = ORIENTED_EDGE ( 'NONE', *, *, #5933, .T. ) ;
#6954 = FACE_OUTER_BOUND ( 'NONE', #6179, .T. ) ;
#6955 =( GEOMETRIC_REPRESENTATION_CONTEXT ( 3 ) GLOBAL_UNCERTAINTY_ASSIGNED_CONTEXT ( ( #3358 ) ) GLOBAL_UNIT_ASSIGNED_CONTEXT ( ( #824, #6922, #261 ) ) REPRESENTATION_CONTEXT ( 'NONE', 'WORKASPACE' ) );
#6956 = CARTESIAN_POINT ( 'NONE',  ( -2.450000000000000178, -0.3749999999999998890, 0.0000000000000000000 ) ) ;
#6957 = CARTESIAN_POINT ( 'NONE',  ( 2.054424841141346825, -0.6250000000000000000, 5.747759680298863667E-19 ) ) ;
#6958 = ORIENTED_EDGE ( 'NONE', *, *, #5142, .F. ) ;
#6959 = DIRECTION ( 'NONE',  ( 0.0000000000000000000, -1.000000000000000000, 0.0000000000000000000 ) ) ;
#6960 = DIRECTION ( 'NONE',  ( 0.0000000000000000000, 0.0000000000000000000, -1.000000000000000000 ) ) ;
#6961 = SURFACE_STYLE_USAGE ( .BOTH. , #4761 ) ;
#6962 = PLANE ( 'NONE',  #2031 ) ;
#6963 = MECHANICAL_DESIGN_GEOMETRIC_PRESENTATION_REPRESENTATION (  '', ( #2840 ), #1369 ) ;
#6964 = SURFACE_STYLE_FILL_AREA ( #3518 ) ;
#6965 = COLOUR_RGB ( '',0.7529411764705882248, 0.7529411764705882248, 0.7529411764705882248 ) ;
#6966 = SURFACE_STYLE_FILL_AREA ( #5172 ) ;
#6967 = VECTOR ( 'NONE', #7024, 1000.000000000000000 ) ;
#6968 = DIRECTION ( 'NONE',  ( -0.1378594853070907456, 0.0000000000000000000, -0.9904517970657956694 ) ) ;
#6969 = COLOUR_RGB ( '',0.7529411764705882248, 0.7529411764705882248, 0.7529411764705882248 ) ;
#6970 = VECTOR ( 'NONE', #4242, 1000.000000000000000 ) ;
#6971 = VECTOR ( 'NONE', #1827, 1000.000000000000114 ) ;
#6972 = DIRECTION ( 'NONE',  ( -0.1378594853070907456, 0.0000000000000000000, -0.9904517970657956694 ) ) ;
#6973 = EDGE_CURVE ( 'NONE', #109, #6184, #3896, .T. ) ;
#6974 = ADVANCED_FACE ( 'NONE', ( #6182 ), #4913, .T. ) ;
#6975 = DIRECTION ( 'NONE',  ( 0.0000000000000000000, 0.9659258262890680902, 0.2588190451025213501 ) ) ;
#6976 = ORIENTED_EDGE ( 'NONE', *, *, #4175, .F. ) ;
#6977 = ORIENTED_EDGE ( 'NONE', *, *, #3756, .F. ) ;
#6978 = FACE_OUTER_BOUND ( 'NONE', #6829, .T. ) ;
#6979 = CARTESIAN_POINT ( 'NONE',  ( 1.500000000000000000, 1.125000000000000222, 0.6500000000000000222 ) ) ;
#6980 = MECHANICAL_DESIGN_GEOMETRIC_PRESENTATION_REPRESENTATION (  '', ( #5919 ), #3891 ) ;
#6981 = VECTOR ( 'NONE', #6353, 1000.000000000000000 ) ;
#6982 = PRESENTATION_STYLE_ASSIGNMENT (( #5396 ) ) ;
#6983 = PRESENTATION_STYLE_ASSIGNMENT (( #1888 ) ) ;
#6984 = VERTEX_POINT ( 'NONE', #1750 ) ;
#6985 = SURFACE_STYLE_USAGE ( .BOTH. , #2524 ) ;
#6986 = UNCERTAINTY_MEASURE_WITH_UNIT (LENGTH_MEASURE( 1.000000000000000082E-05 ), #6222, 'distance_accuracy_value', 'NONE');
#6987 = ORIENTED_EDGE ( 'NONE', *, *, #6467, .T. ) ;
#6988 = CARTESIAN_POINT ( 'NONE',  ( 2.450000000000000178, -0.8749999999999998890, 0.0000000000000000000 ) ) ;
#6989 = CARTESIAN_POINT ( 'NONE',  ( -1.366025403784438597, 1.350000000000000089, 1.149999999999999911 ) ) ;
#6990 = DIRECTION ( 'NONE',  ( -0.0000000000000000000, -0.0000000000000000000, -1.000000000000000000 ) ) ;
#6991 = ADVANCED_FACE ( 'NONE', ( #2709 ), #2754, .T. ) ;
#6992 = SURFACE_STYLE_FILL_AREA ( #792 ) ;
#6993 = SURFACE_STYLE_FILL_AREA ( #1901 ) ;
#6994 = SURFACE_STYLE_FILL_AREA ( #4728 ) ;
#6995 = DIRECTION ( 'NONE',  ( -1.606225440719265874E-16, 1.000000000000000000, -0.0000000000000000000 ) ) ;
#6996 =( NAMED_UNIT ( * ) SI_UNIT ( $, .STERADIAN. ) SOLID_ANGLE_UNIT ( ) );
#6997 = FILL_AREA_STYLE ('',( #3102 ) ) ;
#6998 = UNCERTAINTY_MEASURE_WITH_UNIT (LENGTH_MEASURE( 1.000000000000000082E-05 ), #6164, 'distance_accuracy_value', 'NONE');
#6999 = ORIENTED_EDGE ( 'NONE', *, *, #6615, .F. ) ;
#7000 = AXIS2_PLACEMENT_3D ( 'NONE', #6492, #3750, #4833 ) ;
#7001 = PLANE ( 'NONE',  #6114 ) ;
#7002 = FACE_OUTER_BOUND ( 'NONE', #7064, .T. ) ;
#7004 = COLOUR_RGB ( '',0.7529411764705882248, 0.7529411764705882248, 0.7529411764705882248 ) ;
#7003 = CARTESIAN_POINT ( 'NONE',  ( -2.450000000000000178, 0.6250000000000001110, 0.1799999999999999933 ) ) ;
#7005 = ORIENTED_EDGE ( 'NONE', *, *, #5612, .T. ) ;
#7006 = EDGE_LOOP ( 'NONE', ( #1536, #3693, #2010, #1251 ) ) ;
#7007 = DIRECTION ( 'NONE',  ( 0.0000000000000000000, 1.000000000000000000, 0.0000000000000000000 ) ) ;
#7008 = EDGE_CURVE ( 'NONE', #849, #6148, #5103, .T. ) ;
#7009 = CARTESIAN_POINT ( 'NONE',  ( -1.500000000000000444, 1.350000000000000089, 0.6500000000000000222 ) ) ;
#7010 = ORIENTED_EDGE ( 'NONE', *, *, #3609, .T. ) ;
#7011 = CARTESIAN_POINT ( 'NONE',  ( -1.640975210307352050, -0.3749999999999998890, 0.5940000000000004166 ) ) ;
#7012 = COLOUR_RGB ( '',0.1176470588235294101, 0.1176470588235294101, 0.1176470588235294101 ) ;
#7013 = EDGE_LOOP ( 'NONE', ( #7091, #3549, #1600, #1361 ) ) ;
#7014 = CARTESIAN_POINT ( 'NONE',  ( 1.411836509645767235, 1.350000000000000089, 0.1499999999999999667 ) ) ;
#7015 = EDGE_CURVE ( 'NONE', #2171, #1986, #4669, .T. ) ;
#7016 = CARTESIAN_POINT ( 'NONE',  ( 2.450000000000000178, 0.8750000000000000000, 0.0000000000000000000 ) ) ;
#7017 = COLOUR_RGB ( '',0.7529411764705882248, 0.7529411764705882248, 0.7529411764705882248 ) ;
#7018 = PRESENTATION_STYLE_ASSIGNMENT (( #3091 ) ) ;
#7019 = CARTESIAN_POINT ( 'NONE',  ( 2.450000000000000178, -0.6250000000000000000, 0.0000000000000000000 ) ) ;
#7020 = CARTESIAN_POINT ( 'NONE',  ( 1.500000000000000000, 1.350000000000000089, 0.6500000000000000222 ) ) ;
#7021 = DIRECTION ( 'NONE',  ( 0.0000000000000000000, 1.000000000000000000, 0.0000000000000000000 ) ) ;
#7022 = FILL_AREA_STYLE ('',( #1338 ) ) ;
#7023 = PRODUCT_DEFINITION_SHAPE ( 'NONE', 'NONE',  #6717 ) ;
#7024 = DIRECTION ( 'NONE',  ( -0.0000000000000000000, -0.0000000000000000000, -1.000000000000000000 ) ) ;
#7025 = DIRECTION ( 'NONE',  ( 0.0000000000000000000, 1.000000000000000000, 0.0000000000000000000 ) ) ;
#7026 = DIRECTION ( 'NONE',  ( -0.1736481776669307198, 0.0000000000000000000, -0.9848077530122080203 ) ) ;
#7027 = CARTESIAN_POINT ( 'NONE',  ( -2.450000000000000178, -0.8749999999999998890, 0.1799999999999999933 ) ) ;
#7028 = DIRECTION ( 'NONE',  ( 0.1378594853070949366, 0.0000000000000000000, 0.9904517970657951142 ) ) ;
#7029 = ORIENTED_EDGE ( 'NONE', *, *, #3842, .T. ) ;
#7030 =( GEOMETRIC_REPRESENTATION_CONTEXT ( 3 ) GLOBAL_UNCERTAINTY_ASSIGNED_CONTEXT ( ( #5433 ) ) GLOBAL_UNIT_ASSIGNED_CONTEXT ( ( #4156, #400, #960 ) ) REPRESENTATION_CONTEXT ( 'NONE', 'WORKASPACE' ) );
#7031 = DIRECTION ( 'NONE',  ( 0.0000000000000000000, 1.000000000000000000, 0.0000000000000000000 ) ) ;
#7032 = PRESENTATION_LAYER_ASSIGNMENT (  '', '', ( #38 ) ) ;
#7033 = AXIS2_PLACEMENT_3D ( 'NONE', #5938, #2548, #7040 ) ;
#7034 = PRESENTATION_STYLE_ASSIGNMENT (( #6476 ) ) ;
#7035 = CARTESIAN_POINT ( 'NONE',  ( 1.918413335153490440, -1.125000000000000222, 0.5317987097512297812 ) ) ;
#7036 = DIRECTION ( 'NONE',  ( -0.0000000000000000000, -1.000000000000000000, 0.0000000000000000000 ) ) ;
#7037 = VECTOR ( 'NONE', #1009, 1000.000000000000000 ) ;
#7038 = MECHANICAL_DESIGN_GEOMETRIC_PRESENTATION_REPRESENTATION (  '', ( #46 ), #6362 ) ;
#7039 = CIRCLE ( 'NONE', #2235, 0.06183650964576722225 ) ;
#7040 = DIRECTION ( 'NONE',  ( 0.0000000000000000000, 0.0000000000000000000, -1.000000000000000000 ) ) ;
#7041 = ORIENTED_EDGE ( 'NONE', *, *, #3479, .F. ) ;
#7042 = UNCERTAINTY_MEASURE_WITH_UNIT (LENGTH_MEASURE( 1.000000000000000082E-05 ), #1061, 'distance_accuracy_value', 'NONE');
#7043 = ORIENTED_EDGE ( 'NONE', *, *, #3189, .T. ) ;
#7044 =( GEOMETRIC_REPRESENTATION_CONTEXT ( 3 ) GLOBAL_UNCERTAINTY_ASSIGNED_CONTEXT ( ( #2908 ) ) GLOBAL_UNIT_ASSIGNED_CONTEXT ( ( #6417, #2416, #1820 ) ) REPRESENTATION_CONTEXT ( 'NONE', 'WORKASPACE' ) );
#7045 =( NAMED_UNIT ( * ) SI_UNIT ( $, .STERADIAN. ) SOLID_ANGLE_UNIT ( ) );
#7046 = VECTOR ( 'NONE', #6601, 999.9999999999998863 ) ;
#7047 = VECTOR ( 'NONE', #3186, 1000.000000000000000 ) ;
#7048 = LINE ( 'NONE', #6564, #5989 ) ;
#7049 = DIRECTION ( 'NONE',  ( 0.0000000000000000000, -1.000000000000000000, 0.0000000000000000000 ) ) ;
#7050 = LINE ( 'NONE', #5499, #3096 ) ;
#7051 = COLOUR_RGB ( '',0.7529411764705882248, 0.7529411764705882248, 0.7529411764705882248 ) ;
#7052 = ORIENTED_EDGE ( 'NONE', *, *, #3068, .T. ) ;
#7053 = SURFACE_SIDE_STYLE ('',( #7140 ) ) ;
#7054 = STYLED_ITEM ( 'NONE', ( #3586 ), #3411 ) ;
#7055 = ADVANCED_FACE ( 'NONE', ( #6299 ), #1884, .T. ) ;
#7056 = DIRECTION ( 'NONE',  ( -0.0000000000000000000, -0.0000000000000000000, 1.000000000000000000 ) ) ;
#7057 = UNCERTAINTY_MEASURE_WITH_UNIT (LENGTH_MEASURE( 1.000000000000000082E-05 ), #1502, 'distance_accuracy_value', 'NONE');
#7058 = VERTEX_POINT ( 'NONE', #5755 ) ;
#7059 = CARTESIAN_POINT ( 'NONE',  ( 1.777098337962921937, -0.1250000000000000000, 0.2413993441140163398 ) ) ;
#7060 = LINE ( 'NONE', #6501, #6479 ) ;
#7061 = PRESENTATION_LAYER_ASSIGNMENT (  '', '', ( #2938 ) ) ;
#7062 = FILL_AREA_STYLE_COLOUR ( '', #3029 ) ;
#7063 = CARTESIAN_POINT ( 'NONE',  ( -1.641086831975065774, 0.8750000000000000000, 0.7731980538652448720 ) ) ;
#7064 = EDGE_LOOP ( 'NONE', ( #5357, #2653, #4991, #514 ) ) ;
#7065 = SURFACE_STYLE_FILL_AREA ( #2672 ) ;
#7066 = LINE ( 'NONE', #4760, #3216 ) ;
#7067 = COLOUR_RGB ( '',0.7529411764705882248, 0.7529411764705882248, 0.7529411764705882248 ) ;
#7068 =( NAMED_UNIT ( * ) PLANE_ANGLE_UNIT ( ) SI_UNIT ( $, .RADIAN. ) );
#7069 = ADVANCED_FACE ( 'NONE', ( #775 ), #2954, .T. ) ;
#7070 = UNCERTAINTY_MEASURE_WITH_UNIT (LENGTH_MEASURE( 1.000000000000000082E-05 ), #4662, 'distance_accuracy_value', 'NONE');
#7071 =( GEOMETRIC_REPRESENTATION_CONTEXT ( 3 ) GLOBAL_UNCERTAINTY_ASSIGNED_CONTEXT ( ( #2290 ) ) GLOBAL_UNIT_ASSIGNED_CONTEXT ( ( #2473, #4028, #800 ) ) REPRESENTATION_CONTEXT ( 'NONE', 'WORKASPACE' ) );
#7072 = DIRECTION ( 'NONE',  ( -0.0000000000000000000, -1.000000000000000000, -0.0000000000000000000 ) ) ;
#7073 =( NAMED_UNIT ( * ) PLANE_ANGLE_UNIT ( ) SI_UNIT ( $, .RADIAN. ) );
#7074 = DIRECTION ( 'NONE',  ( 0.0000000000000000000, 0.0000000000000000000, 1.000000000000000000 ) ) ;
#7075 = STYLED_ITEM ( 'NONE', ( #1412 ), #6368 ) ;
#7076 = VECTOR ( 'NONE', #2671, 1000.000000000000114 ) ;
#7077 = DIRECTION ( 'NONE',  ( 1.000000000000000000, 0.0000000000000000000, -1.370412358063294448E-16 ) ) ;
#7078 = PRESENTATION_STYLE_ASSIGNMENT (( #4769 ) ) ;
#7079 = CARTESIAN_POINT ( 'NONE',  ( -1.490125689080326277, 0.8750000000000000000, 0.5940000000000001945 ) ) ;
#7080 = EDGE_CURVE ( 'NONE', #708, #5702, #1391, .T. ) ;
#7081 = PLANE ( 'NONE',  #5045 ) ;
#7082 = UNCERTAINTY_MEASURE_WITH_UNIT (LENGTH_MEASURE( 1.000000000000000082E-05 ), #5096, 'distance_accuracy_value', 'NONE');
#7083 = VERTEX_POINT ( 'NONE', #5284 ) ;
#7084 = COLOUR_RGB ( '',0.7529411764705882248, 0.7529411764705882248, 0.7529411764705882248 ) ;
#7085 =( LENGTH_UNIT ( ) NAMED_UNIT ( * ) SI_UNIT ( .MILLI., .METRE. ) );
#7086 = VECTOR ( 'NONE', #6512, 1000.000000000000000 ) ;
#7087 = LINE ( 'NONE', #2045, #5883 ) ;
#7088 = CARTESIAN_POINT ( 'NONE',  ( -1.350000000000000533, 1.500000000000000000, 0.6500000000000000222 ) ) ;
#7089 = FILL_AREA_STYLE_COLOUR ( '', #6700 ) ;
#7090 = ORIENTED_EDGE ( 'NONE', *, *, #4206, .F. ) ;
#7091 = ORIENTED_EDGE ( 'NONE', *, *, #722, .T. ) ;
#7092 = DIRECTION ( 'NONE',  ( 0.0000000000000000000, 0.1736481776669307198, 0.9848077530122080203 ) ) ;
#7093 = MECHANICAL_DESIGN_GEOMETRIC_PRESENTATION_REPRESENTATION (  '', ( #2957 ), #6641 ) ;
#7094 = COLOUR_RGB ( '',0.7529411764705882248, 0.7529411764705882248, 0.7529411764705882248 ) ;
#7095 = CARTESIAN_POINT ( 'NONE',  ( -1.641086831975067550, -0.6250000000000000000, 0.4931980538652447343 ) ) ;
#7096 = STYLED_ITEM ( 'NONE', ( #6924 ), #4349 ) ;
#7097 = DIRECTION ( 'NONE',  ( -1.606225440719265627E-16, 1.000000000000000000, -6.554874599965691086E-32 ) ) ;
#7098 = DIRECTION ( 'NONE',  ( -0.0000000000000000000, -1.000000000000000000, -0.0000000000000000000 ) ) ;
#7099 = ORIENTED_EDGE ( 'NONE', *, *, #2094, .T. ) ;
#7100 =( GEOMETRIC_REPRESENTATION_CONTEXT ( 3 ) GLOBAL_UNCERTAINTY_ASSIGNED_CONTEXT ( ( #5643 ) ) GLOBAL_UNIT_ASSIGNED_CONTEXT ( ( #179, #1853, #5967 ) ) REPRESENTATION_CONTEXT ( 'NONE', 'WORKASPACE' ) );
#7101 = COLOUR_RGB ( '',0.7529411764705882248, 0.7529411764705882248, 0.7529411764705882248 ) ;
#7102 = CARTESIAN_POINT ( 'NONE',  ( -1.466989180957722017, -0.6250000000000000000, 0.7731980538652447610 ) ) ;
#7103 = SURFACE_STYLE_FILL_AREA ( #2136 ) ;
#7104 = ORIENTED_EDGE ( 'NONE', *, *, #2789, .F. ) ;
#7105 = LINE ( 'NONE', #1537, #5086 ) ;
#7106 = DIRECTION ( 'NONE',  ( 0.0000000000000000000, 1.000000000000000000, -0.0000000000000000000 ) ) ;
#7107 = MECHANICAL_DESIGN_GEOMETRIC_PRESENTATION_REPRESENTATION (  '', ( #4264 ), #6169 ) ;
#7108 = CARTESIAN_POINT ( 'NONE',  ( 1.375410794124024338, 0.3750000000000000000, 0.5939999999999999725 ) ) ;
#7109 = ORIENTED_EDGE ( 'NONE', *, *, #2072, .T. ) ;
#7110 = CARTESIAN_POINT ( 'NONE',  ( 1.500000000000000000, -0.3749999999999998890, 0.6500000000000000222 ) ) ;
#7111 = DIRECTION ( 'NONE',  ( -0.0000000000000000000, -1.000000000000000000, 0.0000000000000000000 ) ) ;
#7112 = CARTESIAN_POINT ( 'NONE',  ( 1.740020390013932605, -0.6250000000000000000, 0.5077859485307089082 ) ) ;
#7113 = CARTESIAN_POINT ( 'NONE',  ( -1.641086831975067550, 0.8750000000000000000, 0.4931980538652447343 ) ) ;
#7114 = LINE ( 'NONE', #342, #555 ) ;
#7115 = ADVANCED_FACE ( 'NONE', ( #289 ), #1419, .T. ) ;
#7116 = EDGE_CURVE ( 'NONE', #2971, #4362, #1730, .T. ) ;
#7117 = CARTESIAN_POINT ( 'NONE',  ( 1.350000000000000311, -1.350000000000000311, 0.1499999999999999667 ) ) ;
#7118 = FILL_AREA_STYLE ('',( #1656 ) ) ;
#7119 = ADVANCED_FACE ( 'NONE', ( #128 ), #20, .T. ) ;
#7120 = CARTESIAN_POINT ( 'NONE',  ( -1.918413335153490440, 1.125000000000000222, 0.5317987097512297812 ) ) ;
#7121 = DIRECTION ( 'NONE',  ( 0.0000000000000000000, 0.0000000000000000000, 1.000000000000000000 ) ) ;
#7122 = DIRECTION ( 'NONE',  ( 0.0000000000000000000, 1.000000000000000000, 0.0000000000000000000 ) ) ;
#7123 = CARTESIAN_POINT ( 'NONE',  ( -2.054424841141344604, 0.8750000000000000000, 0.2799999999999999711 ) ) ;
#7124 = EDGE_CURVE ( 'NONE', #5063, #3384, #615, .T. ) ;
#7125 = SURFACE_STYLE_USAGE ( .BOTH. , #3107 ) ;
#7126 = CARTESIAN_POINT ( 'NONE',  ( -1.641086831975065774, 0.6250000000000001110, 0.7731980538652448720 ) ) ;
#7127 = LINE ( 'NONE', #6590, #4810 ) ;
#7128 = SURFACE_SIDE_STYLE ('',( #7245 ) ) ;
#7129 = ORIENTED_EDGE ( 'NONE', *, *, #5676, .F. ) ;
#7130 = VECTOR ( 'NONE', #2213, 1000.000000000000000 ) ;
#7131 = UNCERTAINTY_MEASURE_WITH_UNIT (LENGTH_MEASURE( 1.000000000000000082E-05 ), #1989, 'distance_accuracy_value', 'NONE');
#7132 = ORIENTED_EDGE ( 'NONE', *, *, #2255, .F. ) ;
#7133 = FACE_OUTER_BOUND ( 'NONE', #4031, .T. ) ;
#7134 = UNCERTAINTY_MEASURE_WITH_UNIT (LENGTH_MEASURE( 1.000000000000000082E-05 ), #422, 'distance_accuracy_value', 'NONE');
#7136 = ADVANCED_FACE ( 'NONE', ( #1702 ), #6168, .T. ) ;
#7135 = DIRECTION ( 'NONE',  ( 1.000000000000000000, 0.0000000000000000000, 0.0000000000000000000 ) ) ;
#7137 = LINE ( 'NONE', #2088, #52 ) ;
#7138 = FILL_AREA_STYLE ('',( #401 ) ) ;
#7139 = ORIENTED_EDGE ( 'NONE', *, *, #4533, .F. ) ;
#7140 = SURFACE_STYLE_FILL_AREA ( #4908 ) ;
#7141 = LINE ( 'NONE', #4310, #1796 ) ;
#7142 = ORIENTED_EDGE ( 'NONE', *, *, #767, .T. ) ;
#7143 = CIRCLE ( 'NONE', #5250, 0.06183650964576722225 ) ;
#7144 =( NAMED_UNIT ( * ) PLANE_ANGLE_UNIT ( ) SI_UNIT ( $, .RADIAN. ) );
#7145 = DIRECTION ( 'NONE',  ( 0.0000000000000000000, 1.000000000000000000, 0.0000000000000000000 ) ) ;
#7146 = LINE ( 'NONE', #3171, #1097 ) ;
#7147 = COLOUR_RGB ( '',0.7529411764705882248, 0.7529411764705882248, 0.7529411764705882248 ) ;
#7148 = VERTEX_POINT ( 'NONE', #6241 ) ;
#7149 = PLANE ( 'NONE',  #5963 ) ;
#7150 = DIRECTION ( 'NONE',  ( -1.000000000000000000, -0.0000000000000000000, -1.453013302676229099E-18 ) ) ;
#7151 = DIRECTION ( 'NONE',  ( 0.0000000000000000000, 0.0000000000000000000, 1.000000000000000000 ) ) ;
#7152 = UNCERTAINTY_MEASURE_WITH_UNIT (LENGTH_MEASURE( 1.000000000000000082E-05 ), #6136, 'distance_accuracy_value', 'NONE');
#7153 = SURFACE_STYLE_FILL_AREA ( #4807 ) ;
#7154 = CARTESIAN_POINT ( 'NONE',  ( 2.450000000000000178, 0.3750000000000000000, 0.0000000000000000000 ) ) ;
#7155 = VECTOR ( 'NONE', #6959, 1000.000000000000000 ) ;
#7156 = LINE ( 'NONE', #1596, #5889 ) ;
#7157 = DIRECTION ( 'NONE',  ( 0.0000000000000000000, 0.0000000000000000000, -1.000000000000000000 ) ) ;
#7158 = LINE ( 'NONE', #3222, #6656 ) ;
#7159 = STYLED_ITEM ( 'NONE', ( #890 ), #1309 ) ;
#7160 = CARTESIAN_POINT ( 'NONE',  ( -2.054424841141345048, -0.6250000000000000000, 0.1799999999999999101 ) ) ;
#7161 = UNCERTAINTY_MEASURE_WITH_UNIT (LENGTH_MEASURE( 1.000000000000000082E-05 ), #3724, 'distance_accuracy_value', 'NONE');
#7162 = ORIENTED_EDGE ( 'NONE', *, *, #1235, .F. ) ;
#7163 = EDGE_CURVE ( 'NONE', #712, #6740, #5665, .T. ) ;
#7164 = CARTESIAN_POINT ( 'NONE',  ( -1.500000000000000444, -0.8749999999999998890, 0.6500000000000000222 ) ) ;
#7165 = STYLED_ITEM ( 'NONE', ( #4879 ), #4994 ) ;
#7166 = MECHANICAL_DESIGN_GEOMETRIC_PRESENTATION_REPRESENTATION (  '', ( #1426 ), #6468 ) ;
#7167 = DIRECTION ( 'NONE',  ( -1.606225440719266367E-16, 1.000000000000000000, -3.278814867890886907E-31 ) ) ;
#7168 = MECHANICAL_DESIGN_GEOMETRIC_PRESENTATION_REPRESENTATION (  '', ( #3948 ), #1429 ) ;
#7169 = LINE ( 'NONE', #6022, #670 ) ;
#7170 = SURFACE_STYLE_FILL_AREA ( #4341 ) ;
#7171 = ORIENTED_EDGE ( 'NONE', *, *, #5582, .T. ) ;
#7172 = VECTOR ( 'NONE', #3809, 1000.000000000000114 ) ;
#7173 = ADVANCED_FACE ( 'NONE', ( #3745 ), #1869, .T. ) ;
#7174 = VERTEX_POINT ( 'NONE', #2504 ) ;
#7175 = FILL_AREA_STYLE_COLOUR ( '', #2257 ) ;
#7176 = STYLED_ITEM ( 'NONE', ( #1505 ), #5354 ) ;
#7177 = MECHANICAL_DESIGN_GEOMETRIC_PRESENTATION_REPRESENTATION (  '', ( #4196 ), #3839 ) ;
#7178 = MECHANICAL_DESIGN_GEOMETRIC_PRESENTATION_REPRESENTATION (  '', ( #4661 ), #5863 ) ;
#7179 = DIRECTION ( 'NONE',  ( 0.0000000000000000000, 0.0000000000000000000, 1.000000000000000000 ) ) ;
#7180 = VERTEX_POINT ( 'NONE', #4058 ) ;
#7181 = DIRECTION ( 'NONE',  ( 0.0000000000000000000, 1.000000000000000000, 0.0000000000000000000 ) ) ;
#7182 = EDGE_CURVE ( 'NONE', #948, #34, #6394, .T. ) ;
#7183 = DIRECTION ( 'NONE',  ( 1.000000000000000000, -0.0000000000000000000, -4.080918178602890545E-16 ) ) ;
#7184 = PRESENTATION_LAYER_ASSIGNMENT (  '', '', ( #3824 ) ) ;
#7185 = ORIENTED_EDGE ( 'NONE', *, *, #2922, .T. ) ;
#7186 = MECHANICAL_DESIGN_GEOMETRIC_PRESENTATION_REPRESENTATION (  '', ( #4076 ), #3606 ) ;
#7187 = CIRCLE ( 'NONE', #3964, 0.2800000000000000822 ) ;
#7188 = LINE ( 'NONE', #7016, #1554 ) ;
#7189 = FILL_AREA_STYLE ('',( #6043 ) ) ;
#7190 = COLOUR_RGB ( '',0.7529411764705882248, 0.7529411764705882248, 0.7529411764705882248 ) ;
#7191 = CARTESIAN_POINT ( 'NONE',  ( -1.777098337962921937, 0.1250000000000001110, 0.2413993441140163121 ) ) ;
#7192 = COLOUR_RGB ( '',0.1176470588235294101, 0.1176470588235294101, 0.1176470588235294101 ) ;
#7193 = ORIENTED_EDGE ( 'NONE', *, *, #6901, .F. ) ;
#7194 = PRESENTATION_STYLE_ASSIGNMENT (( #1508 ) ) ;
#7195 = CARTESIAN_POINT ( 'NONE',  ( -1.500000000000000444, 1.350000000000000089, 0.6500000000000000222 ) ) ;
#7196 = SURFACE_STYLE_FILL_AREA ( #5376 ) ;
#7197 = SURFACE_SIDE_STYLE ('',( #5961 ) ) ;
#7198 = DIRECTION ( 'NONE',  ( 0.0000000000000000000, 1.000000000000000000, -0.0000000000000000000 ) ) ;
#7199 = PRESENTATION_STYLE_ASSIGNMENT (( #2644 ) ) ;
#7200 = LINE ( 'NONE', #4373, #5630 ) ;
#7201 = COLOUR_RGB ( '',0.7529411764705882248, 0.7529411764705882248, 0.7529411764705882248 ) ;
#7202 = SURFACE_SIDE_STYLE ('',( #1514 ) ) ;
#7203 = DIRECTION ( 'NONE',  ( -0.0000000000000000000, -0.0000000000000000000, -1.000000000000000000 ) ) ;
#7204 = ORIENTED_EDGE ( 'NONE', *, *, #2254, .F. ) ;
#7205 =( LENGTH_UNIT ( ) NAMED_UNIT ( * ) SI_UNIT ( .MILLI., .METRE. ) );
#7206 = DIRECTION ( 'NONE',  ( 0.0000000000000000000, 1.000000000000000000, 0.0000000000000000000 ) ) ;
#7207 = FILL_AREA_STYLE ('',( #5492 ) ) ;
#7208 = CARTESIAN_POINT ( 'NONE',  ( -2.450000000000000178, -0.6250000000000000000, 0.1799999999999999933 ) ) ;
#7209 = ORIENTED_EDGE ( 'NONE', *, *, #3583, .T. ) ;
#7210 = ORIENTED_EDGE ( 'NONE', *, *, #1057, .F. ) ;
#7211 = SURFACE_STYLE_FILL_AREA ( #4869 ) ;
#7212 = ADVANCED_FACE ( 'NONE', ( #6894 ), #6356, .F. ) ;
#7213 = PRESENTATION_LAYER_ASSIGNMENT (  '', '', ( #3058 ) ) ;
#7214 = ADVANCED_FACE ( 'NONE', ( #1844 ), #4645, .T. ) ;
#7215 = CARTESIAN_POINT ( 'NONE',  ( 2.450000000000000178, -1.125000000000000222, 0.0000000000000000000 ) ) ;
#7216 = ORIENTED_EDGE ( 'NONE', *, *, #614, .T. ) ;
#7217 = CARTESIAN_POINT ( 'NONE',  ( 1.350000000000000311, -1.366025403784438597, 1.149999999999999911 ) ) ;
#7218 = AXIS2_PLACEMENT_3D ( 'NONE', #1512, #1480, #7074 ) ;
#7219 = ORIENTED_EDGE ( 'NONE', *, *, #5142, .T. ) ;
#7220 =( NAMED_UNIT ( * ) SI_UNIT ( $, .STERADIAN. ) SOLID_ANGLE_UNIT ( ) );
#7221 = EDGE_LOOP ( 'NONE', ( #3925, #6067, #3270, #4558 ) ) ;
#7222 =( GEOMETRIC_REPRESENTATION_CONTEXT ( 3 ) GLOBAL_UNCERTAINTY_ASSIGNED_CONTEXT ( ( #5807 ) ) GLOBAL_UNIT_ASSIGNED_CONTEXT ( ( #2795, #60, #2766 ) ) REPRESENTATION_CONTEXT ( 'NONE', 'WORKASPACE' ) );
#7223 = DIRECTION ( 'NONE',  ( 0.9904517970657951142, -0.0000000000000000000, 0.1378594853070949366 ) ) ;
#7224 = VECTOR ( 'NONE', #4796, 1000.000000000000114 ) ;
#7225 = ADVANCED_FACE ( 'NONE', ( #4213 ), #3726, .T. ) ;
#7226 = COLOUR_RGB ( '',0.7529411764705882248, 0.7529411764705882248, 0.7529411764705882248 ) ;
#7227 = VERTEX_POINT ( 'NONE', #3099 ) ;
#7228 = FACE_OUTER_BOUND ( 'NONE', #1759, .T. ) ;
#7229 = DIRECTION ( 'NONE',  ( 1.000000000000000000, -0.0000000000000000000, -4.080918178602890545E-16 ) ) ;
#7230 = PRESENTATION_STYLE_ASSIGNMENT (( #1017 ) ) ;
#7231 =( GEOMETRIC_REPRESENTATION_CONTEXT ( 3 ) GLOBAL_UNCERTAINTY_ASSIGNED_CONTEXT ( ( #6259 ) ) GLOBAL_UNIT_ASSIGNED_CONTEXT ( ( #5471, #5011, #478 ) ) REPRESENTATION_CONTEXT ( 'NONE', 'WORKASPACE' ) );
#7232 = VECTOR ( 'NONE', #6627, 1000.000000000000000 ) ;
#7233 = FACE_OUTER_BOUND ( 'NONE', #3884, .T. ) ;
#7234 = SURFACE_SIDE_STYLE ('',( #1199 ) ) ;
#7235 = EDGE_CURVE ( 'NONE', #3278, #587, #5908, .T. ) ;
#7236 = ORIENTED_EDGE ( 'NONE', *, *, #5322, .T. ) ;
#7237 = SURFACE_STYLE_USAGE ( .BOTH. , #2868 ) ;
#7238 = DIRECTION ( 'NONE',  ( -1.000000000000000000, 0.0000000000000000000, 0.0000000000000000000 ) ) ;
#7239 = CARTESIAN_POINT ( 'NONE',  ( -1.500000000000000444, 0.8750000000000000000, 0.6500000000000000222 ) ) ;
#7240 = ORIENTED_EDGE ( 'NONE', *, *, #508, .F. ) ;
#7241 = SURFACE_SIDE_STYLE ('',( #4976 ) ) ;
#7242 = CARTESIAN_POINT ( 'NONE',  ( 1.350000000000000089, 1.350000000000000089, 0.1499999999999999667 ) ) ;
#7243 = FACE_OUTER_BOUND ( 'NONE', #1410, .T. ) ;
#7244 = PLANE ( 'NONE',  #4949 ) ;
#7245 = SURFACE_STYLE_FILL_AREA ( #6667 ) ;
#7246 = CARTESIAN_POINT ( 'NONE',  ( 1.777098337962921937, -0.6250000000000000000, 0.2413993441140163398 ) ) ;
#7247 = ORIENTED_EDGE ( 'NONE', *, *, #5628, .T. ) ;
#7248 = ORIENTED_EDGE ( 'NONE', *, *, #1085, .T. ) ;
#7249 = DIRECTION ( 'NONE',  ( 0.0000000000000000000, 1.000000000000000000, 0.0000000000000000000 ) ) ;
#7250 = ORIENTED_EDGE ( 'NONE', *, *, #4131, .T. ) ;
#7251 = DIRECTION ( 'NONE',  ( 0.0000000000000000000, 1.000000000000000000, 0.0000000000000000000 ) ) ;
#7252 = ADVANCED_FACE ( 'NONE', ( #3657 ), #4811, .T. ) ;
#7253 = VERTEX_POINT ( 'NONE', #3361 ) ;
ENDSEC;
END-ISO-10303-21;
