ISO-10303-21;
HEADER;
/* Generated by software containing ST-Developer
 * from STEP Tools, Inc. (www.steptools.com) 
 */
/* OPTION: strings as raw bytes, not using required /X/ escapes */

FILE_DESCRIPTION(
/* description */ ('Unknown'),
/* implementation_level */ '2;1');

FILE_NAME(
/* name */ '7442335xxx_0504H',
/* time_stamp */ '2022-03-04T13:27:18+01:00',
/* author */ ('Unknown'),
/* organization */ ('Unknown'),
/* preprocessor_version */ 'ST-DEVELOPER v16.7',
/* originating_system */ 'Solid Edge',
/* authorisation */ 'Unknown');

FILE_SCHEMA (('AUTOMOTIVE_DESIGN {1 0 10303 214 3 1 1}'));
ENDSEC;

DATA;
#10=PROPERTY_DEFINITION_REPRESENTATION(#14,#12);
#11=PROPERTY_DEFINITION_REPRESENTATION(#15,#13);
#12=REPRESENTATION('',(#16),#4468);
#13=REPRESENTATION('',(#17),#4468);
#14=PROPERTY_DEFINITION('pmi validation property','',#4479);
#15=PROPERTY_DEFINITION('pmi validation property','',#4479);
#16=VALUE_REPRESENTATION_ITEM('number of annotations',COUNT_MEASURE(0.));
#17=VALUE_REPRESENTATION_ITEM('number of views',COUNT_MEASURE(0.));
#18=(
BOUNDED_SURFACE()
B_SPLINE_SURFACE(3,3,((#2931,#2932,#2933,#2934,#2935,#2936,#2937,#2938,
#2939,#2940,#2941,#2942,#2943,#2944),(#2945,#2946,#2947,#2948,#2949,#2950,
#2951,#2952,#2953,#2954,#2955,#2956,#2957,#2958),(#2959,#2960,#2961,#2962,
#2963,#2964,#2965,#2966,#2967,#2968,#2969,#2970,#2971,#2972),(#2973,#2974,
#2975,#2976,#2977,#2978,#2979,#2980,#2981,#2982,#2983,#2984,#2985,#2986),
(#2987,#2988,#2989,#2990,#2991,#2992,#2993,#2994,#2995,#2996,#2997,#2998,
#2999,#3000),(#3001,#3002,#3003,#3004,#3005,#3006,#3007,#3008,#3009,#3010,
#3011,#3012,#3013,#3014),(#3015,#3016,#3017,#3018,#3019,#3020,#3021,#3022,
#3023,#3024,#3025,#3026,#3027,#3028)),.UNSPECIFIED.,.T.,.F.,.F.)
B_SPLINE_SURFACE_WITH_KNOTS((4,3,4),(4,2,2,2,2,2,4),(0.,0.5,1.),(0.936021084344805,
0.93994003537048,0.943858986396155,0.951696888447504,0.959534790498853,
0.963453741524528,0.967372692550203),.UNSPECIFIED.)
GEOMETRIC_REPRESENTATION_ITEM()
RATIONAL_B_SPLINE_SURFACE(((1.,1.,1.,1.,1.,1.,1.,1.,1.,1.,1.,1.,1.,1.),
(0.333333333333333,0.333333333333333,0.333333333333333,0.333333333333333,
0.333333333333333,0.333333333333333,0.333333333333333,0.333333333333333,
0.333333333333333,0.333333333333333,0.333333333333333,0.333333333333333,
0.333333333333333,0.333333333333333),(0.333333333333333,0.333333333333333,
0.333333333333333,0.333333333333333,0.333333333333333,0.333333333333333,
0.333333333333333,0.333333333333333,0.333333333333333,0.333333333333333,
0.333333333333333,0.333333333333333,0.333333333333333,0.333333333333333),
(1.,1.,1.,1.,1.,1.,1.,1.,1.,1.,1.,1.,1.,1.),(0.333333333333333,0.333333333333333,
0.333333333333333,0.333333333333333,0.333333333333333,0.333333333333333,
0.333333333333333,0.333333333333333,0.333333333333333,0.333333333333333,
0.333333333333333,0.333333333333333,0.333333333333333,0.333333333333333),
(0.333333333333333,0.333333333333333,0.333333333333333,0.333333333333333,
0.333333333333333,0.333333333333333,0.333333333333333,0.333333333333333,
0.333333333333333,0.333333333333333,0.333333333333333,0.333333333333333,
0.333333333333333,0.333333333333333),(1.,1.,1.,1.,1.,1.,1.,1.,1.,1.,1.,
1.,1.,1.)))
REPRESENTATION_ITEM('')
SURFACE()
);
#19=(
BOUNDED_SURFACE()
B_SPLINE_SURFACE(3,3,((#3034,#3035,#3036,#3037,#3038,#3039,#3040,#3041,
#3042,#3043,#3044,#3045,#3046,#3047),(#3048,#3049,#3050,#3051,#3052,#3053,
#3054,#3055,#3056,#3057,#3058,#3059,#3060,#3061),(#3062,#3063,#3064,#3065,
#3066,#3067,#3068,#3069,#3070,#3071,#3072,#3073,#3074,#3075),(#3076,#3077,
#3078,#3079,#3080,#3081,#3082,#3083,#3084,#3085,#3086,#3087,#3088,#3089),
(#3090,#3091,#3092,#3093,#3094,#3095,#3096,#3097,#3098,#3099,#3100,#3101,
#3102,#3103),(#3104,#3105,#3106,#3107,#3108,#3109,#3110,#3111,#3112,#3113,
#3114,#3115,#3116,#3117),(#3118,#3119,#3120,#3121,#3122,#3123,#3124,#3125,
#3126,#3127,#3128,#3129,#3130,#3131)),.UNSPECIFIED.,.T.,.F.,.F.)
B_SPLINE_SURFACE_WITH_KNOTS((4,3,4),(4,2,2,2,2,2,4),(0.,0.5,1.),(0.806232617501609,
0.810151568506268,0.814070519510928,0.821908421520248,0.829746323529567,
0.833665274534227,0.837584225538887),.UNSPECIFIED.)
GEOMETRIC_REPRESENTATION_ITEM()
RATIONAL_B_SPLINE_SURFACE(((1.,1.,1.,1.,1.,1.,1.,1.,1.,1.,1.,1.,1.,1.),
(0.333333333333333,0.333333333333333,0.333333333333333,0.333333333333333,
0.333333333333333,0.333333333333333,0.333333333333333,0.333333333333333,
0.333333333333333,0.333333333333333,0.333333333333333,0.333333333333333,
0.333333333333333,0.333333333333333),(0.333333333333333,0.333333333333333,
0.333333333333333,0.333333333333333,0.333333333333333,0.333333333333333,
0.333333333333333,0.333333333333333,0.333333333333333,0.333333333333333,
0.333333333333333,0.333333333333333,0.333333333333333,0.333333333333333),
(1.,1.,1.,1.,1.,1.,1.,1.,1.,1.,1.,1.,1.,1.),(0.333333333333333,0.333333333333333,
0.333333333333333,0.333333333333333,0.333333333333333,0.333333333333333,
0.333333333333333,0.333333333333333,0.333333333333333,0.333333333333333,
0.333333333333333,0.333333333333333,0.333333333333333,0.333333333333333),
(0.333333333333333,0.333333333333333,0.333333333333333,0.333333333333333,
0.333333333333333,0.333333333333333,0.333333333333333,0.333333333333333,
0.333333333333333,0.333333333333333,0.333333333333333,0.333333333333333,
0.333333333333333,0.333333333333333),(1.,1.,1.,1.,1.,1.,1.,1.,1.,1.,1.,
1.,1.,1.)))
REPRESENTATION_ITEM('')
SURFACE()
);
#20=(
BOUNDED_SURFACE()
B_SPLINE_SURFACE(3,3,((#3149,#3150,#3151,#3152,#3153,#3154,#3155,#3156,
#3157,#3158,#3159,#3160,#3161,#3162),(#3163,#3164,#3165,#3166,#3167,#3168,
#3169,#3170,#3171,#3172,#3173,#3174,#3175,#3176),(#3177,#3178,#3179,#3180,
#3181,#3182,#3183,#3184,#3185,#3186,#3187,#3188,#3189,#3190),(#3191,#3192,
#3193,#3194,#3195,#3196,#3197,#3198,#3199,#3200,#3201,#3202,#3203,#3204),
(#3205,#3206,#3207,#3208,#3209,#3210,#3211,#3212,#3213,#3214,#3215,#3216,
#3217,#3218),(#3219,#3220,#3221,#3222,#3223,#3224,#3225,#3226,#3227,#3228,
#3229,#3230,#3231,#3232),(#3233,#3234,#3235,#3236,#3237,#3238,#3239,#3240,
#3241,#3242,#3243,#3244,#3245,#3246)),.UNSPECIFIED.,.T.,.F.,.F.)
B_SPLINE_SURFACE_WITH_KNOTS((4,3,4),(4,2,2,2,2,2,4),(0.,0.5,1.),(0.549218429318899,
0.553137380344574,0.557056331370249,0.564894233421598,0.572732135472948,
0.576651086498623,0.580570037524297),.UNSPECIFIED.)
GEOMETRIC_REPRESENTATION_ITEM()
RATIONAL_B_SPLINE_SURFACE(((1.,1.,1.,1.,1.,1.,1.,1.,1.,1.,1.,1.,1.,1.),
(0.333333333333333,0.333333333333333,0.333333333333333,0.333333333333333,
0.333333333333333,0.333333333333333,0.333333333333333,0.333333333333333,
0.333333333333333,0.333333333333333,0.333333333333333,0.333333333333333,
0.333333333333333,0.333333333333333),(0.333333333333333,0.333333333333333,
0.333333333333333,0.333333333333333,0.333333333333333,0.333333333333333,
0.333333333333333,0.333333333333333,0.333333333333333,0.333333333333333,
0.333333333333333,0.333333333333333,0.333333333333333,0.333333333333333),
(1.,1.,1.,1.,1.,1.,1.,1.,1.,1.,1.,1.,1.,1.),(0.333333333333333,0.333333333333333,
0.333333333333333,0.333333333333333,0.333333333333333,0.333333333333333,
0.333333333333333,0.333333333333333,0.333333333333333,0.333333333333333,
0.333333333333333,0.333333333333333,0.333333333333333,0.333333333333333),
(0.333333333333333,0.333333333333333,0.333333333333333,0.333333333333333,
0.333333333333333,0.333333333333333,0.333333333333333,0.333333333333333,
0.333333333333333,0.333333333333333,0.333333333333333,0.333333333333333,
0.333333333333333,0.333333333333333),(1.,1.,1.,1.,1.,1.,1.,1.,1.,1.,1.,
1.,1.,1.)))
REPRESENTATION_ITEM('')
SURFACE()
);
#21=(
BOUNDED_SURFACE()
B_SPLINE_SURFACE(3,3,((#3252,#3253,#3254,#3255,#3256,#3257,#3258,#3259,
#3260,#3261,#3262,#3263,#3264,#3265),(#3266,#3267,#3268,#3269,#3270,#3271,
#3272,#3273,#3274,#3275,#3276,#3277,#3278,#3279),(#3280,#3281,#3282,#3283,
#3284,#3285,#3286,#3287,#3288,#3289,#3290,#3291,#3292,#3293),(#3294,#3295,
#3296,#3297,#3298,#3299,#3300,#3301,#3302,#3303,#3304,#3305,#3306,#3307),
(#3308,#3309,#3310,#3311,#3312,#3313,#3314,#3315,#3316,#3317,#3318,#3319,
#3320,#3321),(#3322,#3323,#3324,#3325,#3326,#3327,#3328,#3329,#3330,#3331,
#3332,#3333,#3334,#3335),(#3336,#3337,#3338,#3339,#3340,#3341,#3342,#3343,
#3344,#3345,#3346,#3347,#3348,#3349)),.UNSPECIFIED.,.T.,.F.,.F.)
B_SPLINE_SURFACE_WITH_KNOTS((4,3,4),(4,2,2,2,2,2,4),(0.,0.5,1.),(0.419429962475703,
0.423348913480363,0.427267864485022,0.435105766494342,0.442943668503661,
0.446862619508321,0.450781570512981),.UNSPECIFIED.)
GEOMETRIC_REPRESENTATION_ITEM()
RATIONAL_B_SPLINE_SURFACE(((1.,1.,1.,1.,1.,1.,1.,1.,1.,1.,1.,1.,1.,1.),
(0.333333333333333,0.333333333333333,0.333333333333333,0.333333333333333,
0.333333333333333,0.333333333333333,0.333333333333333,0.333333333333333,
0.333333333333333,0.333333333333333,0.333333333333333,0.333333333333333,
0.333333333333333,0.333333333333333),(0.333333333333333,0.333333333333333,
0.333333333333333,0.333333333333333,0.333333333333333,0.333333333333333,
0.333333333333333,0.333333333333333,0.333333333333333,0.333333333333333,
0.333333333333333,0.333333333333333,0.333333333333333,0.333333333333333),
(1.,1.,1.,1.,1.,1.,1.,1.,1.,1.,1.,1.,1.,1.),(0.333333333333333,0.333333333333333,
0.333333333333333,0.333333333333333,0.333333333333333,0.333333333333333,
0.333333333333333,0.333333333333333,0.333333333333333,0.333333333333333,
0.333333333333333,0.333333333333333,0.333333333333333,0.333333333333333),
(0.333333333333333,0.333333333333333,0.333333333333333,0.333333333333333,
0.333333333333333,0.333333333333333,0.333333333333333,0.333333333333333,
0.333333333333333,0.333333333333333,0.333333333333333,0.333333333333333,
0.333333333333333,0.333333333333333),(1.,1.,1.,1.,1.,1.,1.,1.,1.,1.,1.,
1.,1.,1.)))
REPRESENTATION_ITEM('')
SURFACE()
);
#22=(
BOUNDED_SURFACE()
B_SPLINE_SURFACE(3,3,((#3367,#3368,#3369,#3370,#3371,#3372,#3373,#3374,
#3375,#3376,#3377,#3378,#3379,#3380),(#3381,#3382,#3383,#3384,#3385,#3386,
#3387,#3388,#3389,#3390,#3391,#3392,#3393,#3394),(#3395,#3396,#3397,#3398,
#3399,#3400,#3401,#3402,#3403,#3404,#3405,#3406,#3407,#3408),(#3409,#3410,
#3411,#3412,#3413,#3414,#3415,#3416,#3417,#3418,#3419,#3420,#3421,#3422),
(#3423,#3424,#3425,#3426,#3427,#3428,#3429,#3430,#3431,#3432,#3433,#3434,
#3435,#3436),(#3437,#3438,#3439,#3440,#3441,#3442,#3443,#3444,#3445,#3446,
#3447,#3448,#3449,#3450),(#3451,#3452,#3453,#3454,#3455,#3456,#3457,#3458,
#3459,#3460,#3461,#3462,#3463,#3464)),.UNSPECIFIED.,.T.,.F.,.F.)
B_SPLINE_SURFACE_WITH_KNOTS((4,3,4),(4,2,2,2,2,2,4),(0.,0.5,1.),(0.162415774292994,
0.166334725318668,0.170253676344343,0.178091578395693,0.185929480447042,
0.189848431472717,0.193767382498392),.UNSPECIFIED.)
GEOMETRIC_REPRESENTATION_ITEM()
RATIONAL_B_SPLINE_SURFACE(((1.,1.,1.,1.,1.,1.,1.,1.,1.,1.,1.,1.,1.,1.),
(0.333333333333333,0.333333333333333,0.333333333333333,0.333333333333333,
0.333333333333333,0.333333333333333,0.333333333333333,0.333333333333333,
0.333333333333333,0.333333333333333,0.333333333333333,0.333333333333333,
0.333333333333333,0.333333333333333),(0.333333333333333,0.333333333333333,
0.333333333333333,0.333333333333333,0.333333333333333,0.333333333333333,
0.333333333333333,0.333333333333333,0.333333333333333,0.333333333333333,
0.333333333333333,0.333333333333333,0.333333333333333,0.333333333333333),
(1.,1.,1.,1.,1.,1.,1.,1.,1.,1.,1.,1.,1.,1.),(0.333333333333333,0.333333333333333,
0.333333333333333,0.333333333333333,0.333333333333333,0.333333333333333,
0.333333333333333,0.333333333333333,0.333333333333333,0.333333333333333,
0.333333333333333,0.333333333333333,0.333333333333333,0.333333333333333),
(0.333333333333333,0.333333333333333,0.333333333333333,0.333333333333333,
0.333333333333333,0.333333333333333,0.333333333333333,0.333333333333333,
0.333333333333333,0.333333333333333,0.333333333333333,0.333333333333333,
0.333333333333333,0.333333333333333),(1.,1.,1.,1.,1.,1.,1.,1.,1.,1.,1.,
1.,1.,1.)))
REPRESENTATION_ITEM('')
SURFACE()
);
#23=(
BOUNDED_SURFACE()
B_SPLINE_SURFACE(3,3,((#3470,#3471,#3472,#3473,#3474,#3475,#3476,#3477,
#3478,#3479,#3480,#3481,#3482,#3483),(#3484,#3485,#3486,#3487,#3488,#3489,
#3490,#3491,#3492,#3493,#3494,#3495,#3496,#3497),(#3498,#3499,#3500,#3501,
#3502,#3503,#3504,#3505,#3506,#3507,#3508,#3509,#3510,#3511),(#3512,#3513,
#3514,#3515,#3516,#3517,#3518,#3519,#3520,#3521,#3522,#3523,#3524,#3525),
(#3526,#3527,#3528,#3529,#3530,#3531,#3532,#3533,#3534,#3535,#3536,#3537,
#3538,#3539),(#3540,#3541,#3542,#3543,#3544,#3545,#3546,#3547,#3548,#3549,
#3550,#3551,#3552,#3553),(#3554,#3555,#3556,#3557,#3558,#3559,#3560,#3561,
#3562,#3563,#3564,#3565,#3566,#3567)),.UNSPECIFIED.,.T.,.F.,.F.)
B_SPLINE_SURFACE_WITH_KNOTS((4,3,4),(4,2,2,2,2,2,4),(0.,0.5,1.),(0.0326273074497971,
0.0365462584544568,0.0404652094591166,0.0483031114684362,0.0561410134777557,
0.0600599644824155,0.0639789154870753),.UNSPECIFIED.)
GEOMETRIC_REPRESENTATION_ITEM()
RATIONAL_B_SPLINE_SURFACE(((1.,1.,1.,1.,1.,1.,1.,1.,1.,1.,1.,1.,1.,1.),
(0.333333333333333,0.333333333333333,0.333333333333333,0.333333333333333,
0.333333333333333,0.333333333333333,0.333333333333333,0.333333333333333,
0.333333333333333,0.333333333333333,0.333333333333333,0.333333333333333,
0.333333333333333,0.333333333333333),(0.333333333333333,0.333333333333333,
0.333333333333333,0.333333333333333,0.333333333333333,0.333333333333333,
0.333333333333333,0.333333333333333,0.333333333333333,0.333333333333333,
0.333333333333333,0.333333333333333,0.333333333333333,0.333333333333333),
(1.,1.,1.,1.,1.,1.,1.,1.,1.,1.,1.,1.,1.,1.),(0.333333333333333,0.333333333333333,
0.333333333333333,0.333333333333333,0.333333333333333,0.333333333333333,
0.333333333333333,0.333333333333333,0.333333333333333,0.333333333333333,
0.333333333333333,0.333333333333333,0.333333333333333,0.333333333333333),
(0.333333333333333,0.333333333333333,0.333333333333333,0.333333333333333,
0.333333333333333,0.333333333333333,0.333333333333333,0.333333333333333,
0.333333333333333,0.333333333333333,0.333333333333333,0.333333333333333,
0.333333333333333,0.333333333333333),(1.,1.,1.,1.,1.,1.,1.,1.,1.,1.,1.,
1.,1.,1.)))
REPRESENTATION_ITEM('')
SURFACE()
);
#24=(
BOUNDED_SURFACE()
B_SPLINE_SURFACE(3,3,((#3645,#3646,#3647,#3648,#3649,#3650,#3651,#3652,
#3653,#3654,#3655,#3656,#3657,#3658),(#3659,#3660,#3661,#3662,#3663,#3664,
#3665,#3666,#3667,#3668,#3669,#3670,#3671,#3672),(#3673,#3674,#3675,#3676,
#3677,#3678,#3679,#3680,#3681,#3682,#3683,#3684,#3685,#3686),(#3687,#3688,
#3689,#3690,#3691,#3692,#3693,#3694,#3695,#3696,#3697,#3698,#3699,#3700),
(#3701,#3702,#3703,#3704,#3705,#3706,#3707,#3708,#3709,#3710,#3711,#3712,
#3713,#3714),(#3715,#3716,#3717,#3718,#3719,#3720,#3721,#3722,#3723,#3724,
#3725,#3726,#3727,#3728),(#3729,#3730,#3731,#3732,#3733,#3734,#3735,#3736,
#3737,#3738,#3739,#3740,#3741,#3742)),.UNSPECIFIED.,.T.,.F.,.F.)
B_SPLINE_SURFACE_WITH_KNOTS((4,3,4),(4,2,2,2,2,2,4),(0.,0.5,1.),(0.936021084344805,
0.93994003537048,0.943858986396155,0.951696888447504,0.959534790498853,
0.963453741524528,0.967372692550203),.UNSPECIFIED.)
GEOMETRIC_REPRESENTATION_ITEM()
RATIONAL_B_SPLINE_SURFACE(((1.,1.,1.,1.,1.,1.,1.,1.,1.,1.,1.,1.,1.,1.),
(0.333333333333333,0.333333333333333,0.333333333333333,0.333333333333333,
0.333333333333333,0.333333333333333,0.333333333333333,0.333333333333333,
0.333333333333333,0.333333333333333,0.333333333333333,0.333333333333333,
0.333333333333333,0.333333333333333),(0.333333333333333,0.333333333333333,
0.333333333333333,0.333333333333333,0.333333333333333,0.333333333333333,
0.333333333333333,0.333333333333333,0.333333333333333,0.333333333333333,
0.333333333333333,0.333333333333333,0.333333333333333,0.333333333333333),
(1.,1.,1.,1.,1.,1.,1.,1.,1.,1.,1.,1.,1.,1.),(0.333333333333333,0.333333333333333,
0.333333333333333,0.333333333333333,0.333333333333333,0.333333333333333,
0.333333333333333,0.333333333333333,0.333333333333333,0.333333333333333,
0.333333333333333,0.333333333333333,0.333333333333333,0.333333333333333),
(0.333333333333333,0.333333333333333,0.333333333333333,0.333333333333333,
0.333333333333333,0.333333333333333,0.333333333333333,0.333333333333333,
0.333333333333333,0.333333333333333,0.333333333333333,0.333333333333333,
0.333333333333333,0.333333333333333),(1.,1.,1.,1.,1.,1.,1.,1.,1.,1.,1.,
1.,1.,1.)))
REPRESENTATION_ITEM('')
SURFACE()
);
#25=(
BOUNDED_SURFACE()
B_SPLINE_SURFACE(3,3,((#3748,#3749,#3750,#3751,#3752,#3753,#3754,#3755,
#3756,#3757,#3758,#3759,#3760,#3761),(#3762,#3763,#3764,#3765,#3766,#3767,
#3768,#3769,#3770,#3771,#3772,#3773,#3774,#3775),(#3776,#3777,#3778,#3779,
#3780,#3781,#3782,#3783,#3784,#3785,#3786,#3787,#3788,#3789),(#3790,#3791,
#3792,#3793,#3794,#3795,#3796,#3797,#3798,#3799,#3800,#3801,#3802,#3803),
(#3804,#3805,#3806,#3807,#3808,#3809,#3810,#3811,#3812,#3813,#3814,#3815,
#3816,#3817),(#3818,#3819,#3820,#3821,#3822,#3823,#3824,#3825,#3826,#3827,
#3828,#3829,#3830,#3831),(#3832,#3833,#3834,#3835,#3836,#3837,#3838,#3839,
#3840,#3841,#3842,#3843,#3844,#3845)),.UNSPECIFIED.,.T.,.F.,.F.)
B_SPLINE_SURFACE_WITH_KNOTS((4,3,4),(4,2,2,2,2,2,4),(0.,0.5,1.),(0.806232617501609,
0.810151568506268,0.814070519510928,0.821908421520248,0.829746323529567,
0.833665274534227,0.837584225538887),.UNSPECIFIED.)
GEOMETRIC_REPRESENTATION_ITEM()
RATIONAL_B_SPLINE_SURFACE(((1.,1.,1.,1.,1.,1.,1.,1.,1.,1.,1.,1.,1.,1.),
(0.333333333333333,0.333333333333333,0.333333333333333,0.333333333333333,
0.333333333333333,0.333333333333333,0.333333333333333,0.333333333333333,
0.333333333333333,0.333333333333333,0.333333333333333,0.333333333333333,
0.333333333333333,0.333333333333333),(0.333333333333333,0.333333333333333,
0.333333333333333,0.333333333333333,0.333333333333333,0.333333333333333,
0.333333333333333,0.333333333333333,0.333333333333333,0.333333333333333,
0.333333333333333,0.333333333333333,0.333333333333333,0.333333333333333),
(1.,1.,1.,1.,1.,1.,1.,1.,1.,1.,1.,1.,1.,1.),(0.333333333333333,0.333333333333333,
0.333333333333333,0.333333333333333,0.333333333333333,0.333333333333333,
0.333333333333333,0.333333333333333,0.333333333333333,0.333333333333333,
0.333333333333333,0.333333333333333,0.333333333333333,0.333333333333333),
(0.333333333333333,0.333333333333333,0.333333333333333,0.333333333333333,
0.333333333333333,0.333333333333333,0.333333333333333,0.333333333333333,
0.333333333333333,0.333333333333333,0.333333333333333,0.333333333333333,
0.333333333333333,0.333333333333333),(1.,1.,1.,1.,1.,1.,1.,1.,1.,1.,1.,
1.,1.,1.)))
REPRESENTATION_ITEM('')
SURFACE()
);
#26=(
BOUNDED_SURFACE()
B_SPLINE_SURFACE(3,3,((#3863,#3864,#3865,#3866,#3867,#3868,#3869,#3870,
#3871,#3872,#3873,#3874,#3875,#3876),(#3877,#3878,#3879,#3880,#3881,#3882,
#3883,#3884,#3885,#3886,#3887,#3888,#3889,#3890),(#3891,#3892,#3893,#3894,
#3895,#3896,#3897,#3898,#3899,#3900,#3901,#3902,#3903,#3904),(#3905,#3906,
#3907,#3908,#3909,#3910,#3911,#3912,#3913,#3914,#3915,#3916,#3917,#3918),
(#3919,#3920,#3921,#3922,#3923,#3924,#3925,#3926,#3927,#3928,#3929,#3930,
#3931,#3932),(#3933,#3934,#3935,#3936,#3937,#3938,#3939,#3940,#3941,#3942,
#3943,#3944,#3945,#3946),(#3947,#3948,#3949,#3950,#3951,#3952,#3953,#3954,
#3955,#3956,#3957,#3958,#3959,#3960)),.UNSPECIFIED.,.T.,.F.,.F.)
B_SPLINE_SURFACE_WITH_KNOTS((4,3,4),(4,2,2,2,2,2,4),(0.,0.5,1.),(0.549218429318899,
0.553137380344574,0.557056331370249,0.564894233421598,0.572732135472948,
0.576651086498623,0.580570037524297),.UNSPECIFIED.)
GEOMETRIC_REPRESENTATION_ITEM()
RATIONAL_B_SPLINE_SURFACE(((1.,1.,1.,1.,1.,1.,1.,1.,1.,1.,1.,1.,1.,1.),
(0.333333333333333,0.333333333333333,0.333333333333333,0.333333333333333,
0.333333333333333,0.333333333333333,0.333333333333333,0.333333333333333,
0.333333333333333,0.333333333333333,0.333333333333333,0.333333333333333,
0.333333333333333,0.333333333333333),(0.333333333333333,0.333333333333333,
0.333333333333333,0.333333333333333,0.333333333333333,0.333333333333333,
0.333333333333333,0.333333333333333,0.333333333333333,0.333333333333333,
0.333333333333333,0.333333333333333,0.333333333333333,0.333333333333333),
(1.,1.,1.,1.,1.,1.,1.,1.,1.,1.,1.,1.,1.,1.),(0.333333333333333,0.333333333333333,
0.333333333333333,0.333333333333333,0.333333333333333,0.333333333333333,
0.333333333333333,0.333333333333333,0.333333333333333,0.333333333333333,
0.333333333333333,0.333333333333333,0.333333333333333,0.333333333333333),
(0.333333333333333,0.333333333333333,0.333333333333333,0.333333333333333,
0.333333333333333,0.333333333333333,0.333333333333333,0.333333333333333,
0.333333333333333,0.333333333333333,0.333333333333333,0.333333333333333,
0.333333333333333,0.333333333333333),(1.,1.,1.,1.,1.,1.,1.,1.,1.,1.,1.,
1.,1.,1.)))
REPRESENTATION_ITEM('')
SURFACE()
);
#27=(
BOUNDED_SURFACE()
B_SPLINE_SURFACE(3,3,((#3966,#3967,#3968,#3969,#3970,#3971,#3972,#3973,
#3974,#3975,#3976,#3977,#3978,#3979),(#3980,#3981,#3982,#3983,#3984,#3985,
#3986,#3987,#3988,#3989,#3990,#3991,#3992,#3993),(#3994,#3995,#3996,#3997,
#3998,#3999,#4000,#4001,#4002,#4003,#4004,#4005,#4006,#4007),(#4008,#4009,
#4010,#4011,#4012,#4013,#4014,#4015,#4016,#4017,#4018,#4019,#4020,#4021),
(#4022,#4023,#4024,#4025,#4026,#4027,#4028,#4029,#4030,#4031,#4032,#4033,
#4034,#4035),(#4036,#4037,#4038,#4039,#4040,#4041,#4042,#4043,#4044,#4045,
#4046,#4047,#4048,#4049),(#4050,#4051,#4052,#4053,#4054,#4055,#4056,#4057,
#4058,#4059,#4060,#4061,#4062,#4063)),.UNSPECIFIED.,.T.,.F.,.F.)
B_SPLINE_SURFACE_WITH_KNOTS((4,3,4),(4,2,2,2,2,2,4),(0.,0.5,1.),(0.419429962475703,
0.423348913480363,0.427267864485022,0.435105766494342,0.442943668503662,
0.446862619508321,0.450781570512981),.UNSPECIFIED.)
GEOMETRIC_REPRESENTATION_ITEM()
RATIONAL_B_SPLINE_SURFACE(((1.,1.,1.,1.,1.,1.,1.,1.,1.,1.,1.,1.,1.,1.),
(0.333333333333333,0.333333333333333,0.333333333333333,0.333333333333333,
0.333333333333333,0.333333333333333,0.333333333333333,0.333333333333333,
0.333333333333333,0.333333333333333,0.333333333333333,0.333333333333333,
0.333333333333333,0.333333333333333),(0.333333333333333,0.333333333333333,
0.333333333333333,0.333333333333333,0.333333333333333,0.333333333333333,
0.333333333333333,0.333333333333333,0.333333333333333,0.333333333333333,
0.333333333333333,0.333333333333333,0.333333333333333,0.333333333333333),
(1.,1.,1.,1.,1.,1.,1.,1.,1.,1.,1.,1.,1.,1.),(0.333333333333333,0.333333333333333,
0.333333333333333,0.333333333333333,0.333333333333333,0.333333333333333,
0.333333333333333,0.333333333333333,0.333333333333333,0.333333333333333,
0.333333333333333,0.333333333333333,0.333333333333333,0.333333333333333),
(0.333333333333333,0.333333333333333,0.333333333333333,0.333333333333333,
0.333333333333333,0.333333333333333,0.333333333333333,0.333333333333333,
0.333333333333333,0.333333333333333,0.333333333333333,0.333333333333333,
0.333333333333333,0.333333333333333),(1.,1.,1.,1.,1.,1.,1.,1.,1.,1.,1.,
1.,1.,1.)))
REPRESENTATION_ITEM('')
SURFACE()
);
#28=(
BOUNDED_SURFACE()
B_SPLINE_SURFACE(3,3,((#4081,#4082,#4083,#4084,#4085,#4086,#4087,#4088,
#4089,#4090,#4091,#4092,#4093,#4094),(#4095,#4096,#4097,#4098,#4099,#4100,
#4101,#4102,#4103,#4104,#4105,#4106,#4107,#4108),(#4109,#4110,#4111,#4112,
#4113,#4114,#4115,#4116,#4117,#4118,#4119,#4120,#4121,#4122),(#4123,#4124,
#4125,#4126,#4127,#4128,#4129,#4130,#4131,#4132,#4133,#4134,#4135,#4136),
(#4137,#4138,#4139,#4140,#4141,#4142,#4143,#4144,#4145,#4146,#4147,#4148,
#4149,#4150),(#4151,#4152,#4153,#4154,#4155,#4156,#4157,#4158,#4159,#4160,
#4161,#4162,#4163,#4164),(#4165,#4166,#4167,#4168,#4169,#4170,#4171,#4172,
#4173,#4174,#4175,#4176,#4177,#4178)),.UNSPECIFIED.,.T.,.F.,.F.)
B_SPLINE_SURFACE_WITH_KNOTS((4,3,4),(4,2,2,2,2,2,4),(0.,0.5,1.),(0.162415774292994,
0.166334725318668,0.170253676344343,0.178091578395693,0.185929480447042,
0.189848431472717,0.193767382498392),.UNSPECIFIED.)
GEOMETRIC_REPRESENTATION_ITEM()
RATIONAL_B_SPLINE_SURFACE(((1.,1.,1.,1.,1.,1.,1.,1.,1.,1.,1.,1.,1.,1.),
(0.333333333333333,0.333333333333333,0.333333333333333,0.333333333333333,
0.333333333333333,0.333333333333333,0.333333333333333,0.333333333333333,
0.333333333333333,0.333333333333333,0.333333333333333,0.333333333333333,
0.333333333333333,0.333333333333333),(0.333333333333333,0.333333333333333,
0.333333333333333,0.333333333333333,0.333333333333333,0.333333333333333,
0.333333333333333,0.333333333333333,0.333333333333333,0.333333333333333,
0.333333333333333,0.333333333333333,0.333333333333333,0.333333333333333),
(1.,1.,1.,1.,1.,1.,1.,1.,1.,1.,1.,1.,1.,1.),(0.333333333333333,0.333333333333333,
0.333333333333333,0.333333333333333,0.333333333333333,0.333333333333333,
0.333333333333333,0.333333333333333,0.333333333333333,0.333333333333333,
0.333333333333333,0.333333333333333,0.333333333333333,0.333333333333333),
(0.333333333333333,0.333333333333333,0.333333333333333,0.333333333333333,
0.333333333333333,0.333333333333333,0.333333333333333,0.333333333333333,
0.333333333333333,0.333333333333333,0.333333333333333,0.333333333333333,
0.333333333333333,0.333333333333333),(1.,1.,1.,1.,1.,1.,1.,1.,1.,1.,1.,
1.,1.,1.)))
REPRESENTATION_ITEM('')
SURFACE()
);
#29=(
BOUNDED_SURFACE()
B_SPLINE_SURFACE(3,3,((#4184,#4185,#4186,#4187,#4188,#4189,#4190,#4191,
#4192,#4193,#4194,#4195,#4196,#4197),(#4198,#4199,#4200,#4201,#4202,#4203,
#4204,#4205,#4206,#4207,#4208,#4209,#4210,#4211),(#4212,#4213,#4214,#4215,
#4216,#4217,#4218,#4219,#4220,#4221,#4222,#4223,#4224,#4225),(#4226,#4227,
#4228,#4229,#4230,#4231,#4232,#4233,#4234,#4235,#4236,#4237,#4238,#4239),
(#4240,#4241,#4242,#4243,#4244,#4245,#4246,#4247,#4248,#4249,#4250,#4251,
#4252,#4253),(#4254,#4255,#4256,#4257,#4258,#4259,#4260,#4261,#4262,#4263,
#4264,#4265,#4266,#4267),(#4268,#4269,#4270,#4271,#4272,#4273,#4274,#4275,
#4276,#4277,#4278,#4279,#4280,#4281)),.UNSPECIFIED.,.T.,.F.,.F.)
B_SPLINE_SURFACE_WITH_KNOTS((4,3,4),(4,2,2,2,2,2,4),(0.,0.5,1.),(0.0326273074497971,
0.0365462584544568,0.0404652094591166,0.0483031114684362,0.0561410134777557,
0.0600599644824155,0.0639789154870753),.UNSPECIFIED.)
GEOMETRIC_REPRESENTATION_ITEM()
RATIONAL_B_SPLINE_SURFACE(((1.,1.,1.,1.,1.,1.,1.,1.,1.,1.,1.,1.,1.,1.),
(0.333333333333333,0.333333333333333,0.333333333333333,0.333333333333333,
0.333333333333333,0.333333333333333,0.333333333333333,0.333333333333333,
0.333333333333333,0.333333333333333,0.333333333333333,0.333333333333333,
0.333333333333333,0.333333333333333),(0.333333333333333,0.333333333333333,
0.333333333333333,0.333333333333333,0.333333333333333,0.333333333333333,
0.333333333333333,0.333333333333333,0.333333333333333,0.333333333333333,
0.333333333333333,0.333333333333333,0.333333333333333,0.333333333333333),
(1.,1.,1.,1.,1.,1.,1.,1.,1.,1.,1.,1.,1.,1.),(0.333333333333333,0.333333333333333,
0.333333333333333,0.333333333333333,0.333333333333333,0.333333333333333,
0.333333333333333,0.333333333333333,0.333333333333333,0.333333333333333,
0.333333333333333,0.333333333333333,0.333333333333333,0.333333333333333),
(0.333333333333333,0.333333333333333,0.333333333333333,0.333333333333333,
0.333333333333333,0.333333333333333,0.333333333333333,0.333333333333333,
0.333333333333333,0.333333333333333,0.333333333333333,0.333333333333333,
0.333333333333333,0.333333333333333),(1.,1.,1.,1.,1.,1.,1.,1.,1.,1.,1.,
1.,1.,1.)))
REPRESENTATION_ITEM('')
SURFACE()
);
#30=B_SPLINE_CURVE_WITH_KNOTS('',3,(#2919,#2920,#2921,#2922,#2923,#2924,
#2925),.UNSPECIFIED.,.F.,.F.,(4,1,1,1,4),(0.000292591068121905,0.000348352368222879,
0.000404113668323852,0.000459874968424826,0.000515636268525799),
 .UNSPECIFIED.);
#31=B_SPLINE_CURVE_WITH_KNOTS('',3,(#3575,#3576,#3577,#3578,#3579),
 .UNSPECIFIED.,.F.,.F.,(4,1,4),(0.000128536232141567,0.000171341875647901,
0.000214147519154234),.UNSPECIFIED.);
#32=B_SPLINE_CURVE_WITH_KNOTS('',3,(#3610,#3611,#3612,#3613,#3614,#3615,
#3616),.UNSPECIFIED.,.F.,.F.,(4,1,1,1,4),(0.000378549365985491,0.00043466810500481,
0.000490786844024129,0.000546905583043448,0.000603024322062767),
 .UNSPECIFIED.);
#33=B_SPLINE_CURVE_WITH_KNOTS('',3,(#3623,#3624,#3625,#3626,#3627),
 .UNSPECIFIED.,.F.,.F.,(4,1,4),(0.000128536232141568,0.000171341875647901,
0.000214147519154234),.UNSPECIFIED.);
#34=TOROIDAL_SURFACE('',#2045,0.15,0.02);
#35=TOROIDAL_SURFACE('',#2050,0.5,0.02);
#36=TOROIDAL_SURFACE('',#2060,0.122,0.02);
#37=TOROIDAL_SURFACE('',#2064,0.122,0.02);
#38=TOROIDAL_SURFACE('',#2074,0.122,0.02);
#39=TOROIDAL_SURFACE('',#2078,0.122,0.02);
#40=TOROIDAL_SURFACE('',#2087,0.04,0.02);
#41=TOROIDAL_SURFACE('',#2092,0.3,0.02);
#42=TOROIDAL_SURFACE('',#2102,0.5,0.02);
#43=TOROIDAL_SURFACE('',#2104,0.04,0.0199999999999999);
#44=TOROIDAL_SURFACE('',#2110,0.15,0.02);
#45=TOROIDAL_SURFACE('',#2122,0.122,0.02);
#46=TOROIDAL_SURFACE('',#2126,0.122,0.02);
#47=TOROIDAL_SURFACE('',#2136,0.122,0.02);
#48=TOROIDAL_SURFACE('',#2140,0.122,0.02);
#49=TOROIDAL_SURFACE('',#2150,0.3,0.0199999999999999);
#50=CONTEXT_DEPENDENT_SHAPE_REPRESENTATION(#56,#4481);
#51=CONTEXT_DEPENDENT_SHAPE_REPRESENTATION(#57,#4483);
#52=CONTEXT_DEPENDENT_SHAPE_REPRESENTATION(#58,#4485);
#53=NEXT_ASSEMBLY_USAGE_OCCURRENCE('solder contacts','solder contacts',
'solder contacts',#4486,#4487,'');
#54=NEXT_ASSEMBLY_USAGE_OCCURRENCE('core','core','core',#4486,#4488,'');
#55=NEXT_ASSEMBLY_USAGE_OCCURRENCE('Ferrite','Ferrite','Ferrite',#4486,
#4489,'');
#56=(
REPRESENTATION_RELATIONSHIP(' ',' ',#1995,#1996)
REPRESENTATION_RELATIONSHIP_WITH_TRANSFORMATION(#59)
SHAPE_REPRESENTATION_RELATIONSHIP()
);
#57=(
REPRESENTATION_RELATIONSHIP(' ',' ',#1997,#1996)
REPRESENTATION_RELATIONSHIP_WITH_TRANSFORMATION(#60)
SHAPE_REPRESENTATION_RELATIONSHIP()
);
#58=(
REPRESENTATION_RELATIONSHIP(' ',' ',#1998,#1996)
REPRESENTATION_RELATIONSHIP_WITH_TRANSFORMATION(#61)
SHAPE_REPRESENTATION_RELATIONSHIP()
);
#59=ITEM_DEFINED_TRANSFORMATION(' ',' ',#1999,#2040);
#60=ITEM_DEFINED_TRANSFORMATION(' ',' ',#1999,#2189);
#61=ITEM_DEFINED_TRANSFORMATION(' ',' ',#1999,#2196);
#62=SHAPE_REPRESENTATION_RELATIONSHIP('','',#1995,#65);
#63=SHAPE_REPRESENTATION_RELATIONSHIP('','',#1997,#66);
#64=SHAPE_REPRESENTATION_RELATIONSHIP('','',#1998,#67);
#65=ADVANCED_BREP_SHAPE_REPRESENTATION('',(#1983,#1984,#1985,#1986),#4469);
#66=ADVANCED_BREP_SHAPE_REPRESENTATION('',(#1987,#1988,#1989),#4470);
#67=ADVANCED_BREP_SHAPE_REPRESENTATION('',(#1990),#4471);
#68=PLANE('',#2003);
#69=PLANE('',#2004);
#70=PLANE('',#2005);
#71=PLANE('',#2006);
#72=PLANE('',#2007);
#73=PLANE('',#2008);
#74=PLANE('',#2009);
#75=PLANE('',#2013);
#76=PLANE('',#2014);
#77=PLANE('',#2015);
#78=PLANE('',#2016);
#79=PLANE('',#2017);
#80=PLANE('',#2018);
#81=PLANE('',#2019);
#82=PLANE('',#2020);
#83=PLANE('',#2024);
#84=PLANE('',#2025);
#85=PLANE('',#2026);
#86=PLANE('',#2027);
#87=PLANE('',#2028);
#88=PLANE('',#2029);
#89=PLANE('',#2033);
#90=PLANE('',#2034);
#91=PLANE('',#2035);
#92=PLANE('',#2036);
#93=PLANE('',#2037);
#94=PLANE('',#2038);
#95=PLANE('',#2039);
#96=PLANE('',#2044);
#97=PLANE('',#2095);
#98=PLANE('',#2096);
#99=PLANE('',#2097);
#100=PLANE('',#2098);
#101=PLANE('',#2107);
#102=PLANE('',#2153);
#103=PLANE('',#2154);
#104=PLANE('',#2155);
#105=PLANE('',#2156);
#106=PLANE('',#2161);
#107=PLANE('',#2162);
#108=PLANE('',#2163);
#109=PLANE('',#2164);
#110=PLANE('',#2165);
#111=PLANE('',#2166);
#112=PLANE('',#2167);
#113=PLANE('',#2168);
#114=PLANE('',#2169);
#115=PLANE('',#2170);
#116=PLANE('',#2171);
#117=PLANE('',#2176);
#118=PLANE('',#2177);
#119=PLANE('',#2178);
#120=PLANE('',#2179);
#121=PLANE('',#2180);
#122=PLANE('',#2181);
#123=PLANE('',#2182);
#124=PLANE('',#2187);
#125=PLANE('',#2188);
#126=PLANE('',#2190);
#127=PLANE('',#2191);
#128=PLANE('',#2192);
#129=PLANE('',#2193);
#130=PLANE('',#2194);
#131=PLANE('',#2195);
#132=CIRCLE('',#2002,0.0199999999999999);
#133=CIRCLE('',#2011,0.02);
#134=CIRCLE('',#2021,0.02);
#135=CIRCLE('',#2031,0.02);
#136=CIRCLE('',#2042,0.02);
#137=CIRCLE('',#2043,0.02);
#138=CIRCLE('',#2046,0.02);
#139=CIRCLE('',#2047,0.02);
#140=CIRCLE('',#2049,0.02);
#141=CIRCLE('',#2052,0.02);
#142=CIRCLE('',#2053,0.02);
#143=CIRCLE('',#2054,0.02);
#144=CIRCLE('',#2056,0.02);
#145=CIRCLE('',#2057,0.02);
#146=CIRCLE('',#2059,0.02);
#147=CIRCLE('',#2061,0.02);
#148=CIRCLE('',#2063,0.02);
#149=CIRCLE('',#2065,0.02);
#150=CIRCLE('',#2067,0.02);
#151=CIRCLE('',#2068,0.02);
#152=CIRCLE('',#2070,0.02);
#153=CIRCLE('',#2071,0.02);
#154=CIRCLE('',#2073,0.02);
#155=CIRCLE('',#2075,0.02);
#156=CIRCLE('',#2077,0.02);
#157=CIRCLE('',#2079,0.02);
#158=CIRCLE('',#2081,0.02);
#159=CIRCLE('',#2082,0.02);
#160=CIRCLE('',#2084,0.02);
#161=CIRCLE('',#2085,0.02);
#162=CIRCLE('',#2088,0.02);
#163=CIRCLE('',#2089,0.02);
#164=CIRCLE('',#2091,0.02);
#165=CIRCLE('',#2094,0.02);
#166=CIRCLE('',#2099,0.02);
#167=CIRCLE('',#2101,0.02);
#168=CIRCLE('',#2103,0.02);
#169=CIRCLE('',#2105,0.0199999999999999);
#170=CIRCLE('',#2106,0.0199999999999999);
#171=CIRCLE('',#2108,0.0199999999999999);
#172=CIRCLE('',#2111,0.02);
#173=CIRCLE('',#2112,0.02);
#174=CIRCLE('',#2115,0.02);
#175=CIRCLE('',#2116,0.02);
#176=CIRCLE('',#2118,0.02);
#177=CIRCLE('',#2119,0.02);
#178=CIRCLE('',#2121,0.02);
#179=CIRCLE('',#2123,0.02);
#180=CIRCLE('',#2125,0.02);
#181=CIRCLE('',#2127,0.02);
#182=CIRCLE('',#2129,0.02);
#183=CIRCLE('',#2130,0.02);
#184=CIRCLE('',#2132,0.02);
#185=CIRCLE('',#2133,0.02);
#186=CIRCLE('',#2135,0.02);
#187=CIRCLE('',#2137,0.02);
#188=CIRCLE('',#2139,0.02);
#189=CIRCLE('',#2141,0.02);
#190=CIRCLE('',#2143,0.02);
#191=CIRCLE('',#2144,0.02);
#192=CIRCLE('',#2146,0.02);
#193=CIRCLE('',#2147,0.02);
#194=CIRCLE('',#2149,0.0199999999999999);
#195=CIRCLE('',#2151,0.0199999999999999);
#196=CIRCLE('',#2157,0.1);
#197=CIRCLE('',#2158,0.1);
#198=CIRCLE('',#2159,0.1);
#199=CIRCLE('',#2160,0.1);
#200=CIRCLE('',#2172,0.1);
#201=CIRCLE('',#2173,0.1);
#202=CIRCLE('',#2174,0.1);
#203=CIRCLE('',#2175,0.1);
#204=LINE('',#2750,#356);
#205=LINE('',#2754,#357);
#206=LINE('',#2756,#358);
#207=LINE('',#2758,#359);
#208=LINE('',#2761,#360);
#209=LINE('',#2763,#361);
#210=LINE('',#2765,#362);
#211=LINE('',#2767,#363);
#212=LINE('',#2769,#364);
#213=LINE('',#2771,#365);
#214=LINE('',#2773,#366);
#215=LINE('',#2775,#367);
#216=LINE('',#2777,#368);
#217=LINE('',#2779,#369);
#218=LINE('',#2780,#370);
#219=LINE('',#2781,#371);
#220=LINE('',#2785,#372);
#221=LINE('',#2790,#373);
#222=LINE('',#2794,#374);
#223=LINE('',#2796,#375);
#224=LINE('',#2799,#376);
#225=LINE('',#2801,#377);
#226=LINE('',#2803,#378);
#227=LINE('',#2805,#379);
#228=LINE('',#2807,#380);
#229=LINE('',#2809,#381);
#230=LINE('',#2811,#382);
#231=LINE('',#2813,#383);
#232=LINE('',#2815,#384);
#233=LINE('',#2817,#385);
#234=LINE('',#2818,#386);
#235=LINE('',#2819,#387);
#236=LINE('',#2826,#388);
#237=LINE('',#2831,#389);
#238=LINE('',#2832,#390);
#239=LINE('',#2834,#391);
#240=LINE('',#2837,#392);
#241=LINE('',#2839,#393);
#242=LINE('',#2841,#394);
#243=LINE('',#2843,#395);
#244=LINE('',#2845,#396);
#245=LINE('',#2847,#397);
#246=LINE('',#2849,#398);
#247=LINE('',#2851,#399);
#248=LINE('',#2853,#400);
#249=LINE('',#2855,#401);
#250=LINE('',#2856,#402);
#251=LINE('',#2857,#403);
#252=LINE('',#2861,#404);
#253=LINE('',#2866,#405);
#254=LINE('',#2870,#406);
#255=LINE('',#2872,#407);
#256=LINE('',#2875,#408);
#257=LINE('',#2877,#409);
#258=LINE('',#2879,#410);
#259=LINE('',#2881,#411);
#260=LINE('',#2883,#412);
#261=LINE('',#2885,#413);
#262=LINE('',#2887,#414);
#263=LINE('',#2889,#415);
#264=LINE('',#2891,#416);
#265=LINE('',#2893,#417);
#266=LINE('',#2894,#418);
#267=LINE('',#2895,#419);
#268=LINE('',#2900,#420);
#269=LINE('',#2905,#421);
#270=LINE('',#2909,#422);
#271=LINE('',#3587,#423);
#272=LINE('',#3591,#424);
#273=LINE('',#3593,#425);
#274=LINE('',#3597,#426);
#275=LINE('',#3602,#427);
#276=LINE('',#3606,#428);
#277=LINE('',#3629,#429);
#278=LINE('',#3634,#430);
#279=LINE('',#3635,#431);
#280=LINE('',#4294,#432);
#281=LINE('',#4297,#433);
#282=LINE('',#4299,#434);
#283=LINE('',#4301,#435);
#284=LINE('',#4303,#436);
#285=LINE('',#4306,#437);
#286=LINE('',#4308,#438);
#287=LINE('',#4310,#439);
#288=LINE('',#4314,#440);
#289=LINE('',#4319,#441);
#290=LINE('',#4323,#442);
#291=LINE('',#4325,#443);
#292=LINE('',#4327,#444);
#293=LINE('',#4329,#445);
#294=LINE('',#4331,#446);
#295=LINE('',#4333,#447);
#296=LINE('',#4335,#448);
#297=LINE('',#4337,#449);
#298=LINE('',#4339,#450);
#299=LINE('',#4342,#451);
#300=LINE('',#4344,#452);
#301=LINE('',#4346,#453);
#302=LINE('',#4348,#454);
#303=LINE('',#4350,#455);
#304=LINE('',#4351,#456);
#305=LINE('',#4353,#457);
#306=LINE('',#4354,#458);
#307=LINE('',#4357,#459);
#308=LINE('',#4359,#460);
#309=LINE('',#4361,#461);
#310=LINE('',#4363,#462);
#311=LINE('',#4365,#463);
#312=LINE('',#4367,#464);
#313=LINE('',#4369,#465);
#314=LINE('',#4372,#466);
#315=LINE('',#4373,#467);
#316=LINE('',#4374,#468);
#317=LINE('',#4376,#469);
#318=LINE('',#4378,#470);
#319=LINE('',#4380,#471);
#320=LINE('',#4382,#472);
#321=LINE('',#4384,#473);
#322=LINE('',#4386,#474);
#323=LINE('',#4387,#475);
#324=LINE('',#4393,#476);
#325=LINE('',#4395,#477);
#326=LINE('',#4397,#478);
#327=LINE('',#4399,#479);
#328=LINE('',#4401,#480);
#329=LINE('',#4403,#481);
#330=LINE('',#4405,#482);
#331=LINE('',#4408,#483);
#332=LINE('',#4410,#484);
#333=LINE('',#4412,#485);
#334=LINE('',#4414,#486);
#335=LINE('',#4416,#487);
#336=LINE('',#4418,#488);
#337=LINE('',#4420,#489);
#338=LINE('',#4422,#490);
#339=LINE('',#4424,#491);
#340=LINE('',#4425,#492);
#341=LINE('',#4428,#493);
#342=LINE('',#4430,#494);
#343=LINE('',#4431,#495);
#344=LINE('',#4441,#496);
#345=LINE('',#4444,#497);
#346=LINE('',#4446,#498);
#347=LINE('',#4448,#499);
#348=LINE('',#4450,#500);
#349=LINE('',#4452,#501);
#350=LINE('',#4454,#502);
#351=LINE('',#4456,#503);
#352=LINE('',#4458,#504);
#353=LINE('',#4460,#505);
#354=LINE('',#4462,#506);
#355=LINE('',#4463,#507);
#356=VECTOR('',#2203,1000.);
#357=VECTOR('',#2206,1000.);
#358=VECTOR('',#2209,1000.);
#359=VECTOR('',#2212,1000.);
#360=VECTOR('',#2213,1000.);
#361=VECTOR('',#2214,1000.);
#362=VECTOR('',#2215,1000.);
#363=VECTOR('',#2218,1000.);
#364=VECTOR('',#2219,1000.);
#365=VECTOR('',#2220,1000.);
#366=VECTOR('',#2223,1000.);
#367=VECTOR('',#2224,1000.);
#368=VECTOR('',#2225,1000.);
#369=VECTOR('',#2228,1000.);
#370=VECTOR('',#2229,1000.);
#371=VECTOR('',#2230,1000.);
#372=VECTOR('',#2237,1000.);
#373=VECTOR('',#2240,1000.);
#374=VECTOR('',#2245,1000.);
#375=VECTOR('',#2248,1000.);
#376=VECTOR('',#2249,1000.);
#377=VECTOR('',#2250,1000.);
#378=VECTOR('',#2251,1000.);
#379=VECTOR('',#2254,1000.);
#380=VECTOR('',#2255,1000.);
#381=VECTOR('',#2256,1000.);
#382=VECTOR('',#2259,1000.);
#383=VECTOR('',#2260,1000.);
#384=VECTOR('',#2261,1000.);
#385=VECTOR('',#2264,1000.);
#386=VECTOR('',#2265,1000.);
#387=VECTOR('',#2266,1000.);
#388=VECTOR('',#2275,1000.);
#389=VECTOR('',#2280,1000.);
#390=VECTOR('',#2281,1000.);
#391=VECTOR('',#2284,1000.);
#392=VECTOR('',#2285,1000.);
#393=VECTOR('',#2286,1000.);
#394=VECTOR('',#2287,1000.);
#395=VECTOR('',#2290,1000.);
#396=VECTOR('',#2291,1000.);
#397=VECTOR('',#2292,1000.);
#398=VECTOR('',#2295,1000.);
#399=VECTOR('',#2296,1000.);
#400=VECTOR('',#2297,1000.);
#401=VECTOR('',#2300,1000.);
#402=VECTOR('',#2301,1000.);
#403=VECTOR('',#2302,1000.);
#404=VECTOR('',#2309,1000.);
#405=VECTOR('',#2312,1000.);
#406=VECTOR('',#2317,1000.);
#407=VECTOR('',#2320,1000.);
#408=VECTOR('',#2321,1000.);
#409=VECTOR('',#2322,1000.);
#410=VECTOR('',#2323,1000.);
#411=VECTOR('',#2326,1000.);
#412=VECTOR('',#2327,1000.);
#413=VECTOR('',#2328,1000.);
#414=VECTOR('',#2331,1000.);
#415=VECTOR('',#2332,1000.);
#416=VECTOR('',#2333,1000.);
#417=VECTOR('',#2336,1000.);
#418=VECTOR('',#2337,1000.);
#419=VECTOR('',#2338,1000.);
#420=VECTOR('',#2347,1000.);
#421=VECTOR('',#2350,1000.);
#422=VECTOR('',#2355,1000.);
#423=VECTOR('',#2454,1000.);
#424=VECTOR('',#2457,1000.);
#425=VECTOR('',#2460,1000.);
#426=VECTOR('',#2467,1000.);
#427=VECTOR('',#2472,1000.);
#428=VECTOR('',#2475,1000.);
#429=VECTOR('',#2488,1000.);
#430=VECTOR('',#2493,1000.);
#431=VECTOR('',#2494,1000.);
#432=VECTOR('',#2587,1000.);
#433=VECTOR('',#2588,1000.);
#434=VECTOR('',#2589,1000.);
#435=VECTOR('',#2590,1000.);
#436=VECTOR('',#2593,1000.);
#437=VECTOR('',#2594,1000.);
#438=VECTOR('',#2595,1000.);
#439=VECTOR('',#2596,1000.);
#440=VECTOR('',#2599,1000.);
#441=VECTOR('',#2604,1000.);
#442=VECTOR('',#2607,1000.);
#443=VECTOR('',#2608,1000.);
#444=VECTOR('',#2609,1000.);
#445=VECTOR('',#2610,1000.);
#446=VECTOR('',#2611,1000.);
#447=VECTOR('',#2614,1000.);
#448=VECTOR('',#2615,1000.);
#449=VECTOR('',#2616,1000.);
#450=VECTOR('',#2619,1000.);
#451=VECTOR('',#2620,1000.);
#452=VECTOR('',#2621,1000.);
#453=VECTOR('',#2622,1000.);
#454=VECTOR('',#2623,1000.);
#455=VECTOR('',#2624,1000.);
#456=VECTOR('',#2625,1000.);
#457=VECTOR('',#2628,1000.);
#458=VECTOR('',#2629,1000.);
#459=VECTOR('',#2634,1000.);
#460=VECTOR('',#2635,1000.);
#461=VECTOR('',#2636,1000.);
#462=VECTOR('',#2639,1000.);
#463=VECTOR('',#2640,1000.);
#464=VECTOR('',#2641,1000.);
#465=VECTOR('',#2644,1000.);
#466=VECTOR('',#2645,1000.);
#467=VECTOR('',#2646,1000.);
#468=VECTOR('',#2647,1000.);
#469=VECTOR('',#2648,1000.);
#470=VECTOR('',#2649,1000.);
#471=VECTOR('',#2650,1000.);
#472=VECTOR('',#2651,1000.);
#473=VECTOR('',#2654,1000.);
#474=VECTOR('',#2657,1000.);
#475=VECTOR('',#2658,1000.);
#476=VECTOR('',#2669,1000.);
#477=VECTOR('',#2670,1000.);
#478=VECTOR('',#2671,1000.);
#479=VECTOR('',#2672,1000.);
#480=VECTOR('',#2673,1000.);
#481=VECTOR('',#2674,1000.);
#482=VECTOR('',#2675,1000.);
#483=VECTOR('',#2680,1000.);
#484=VECTOR('',#2681,1000.);
#485=VECTOR('',#2684,1000.);
#486=VECTOR('',#2685,1000.);
#487=VECTOR('',#2686,1000.);
#488=VECTOR('',#2687,1000.);
#489=VECTOR('',#2688,1000.);
#490=VECTOR('',#2689,1000.);
#491=VECTOR('',#2692,1000.);
#492=VECTOR('',#2693,1000.);
#493=VECTOR('',#2698,1000.);
#494=VECTOR('',#2701,1000.);
#495=VECTOR('',#2702,1000.);
#496=VECTOR('',#2721,1000.);
#497=VECTOR('',#2722,1000.);
#498=VECTOR('',#2723,1000.);
#499=VECTOR('',#2724,1000.);
#500=VECTOR('',#2727,1000.);
#501=VECTOR('',#2728,1000.);
#502=VECTOR('',#2729,1000.);
#503=VECTOR('',#2732,1000.);
#504=VECTOR('',#2733,1000.);
#505=VECTOR('',#2734,1000.);
#506=VECTOR('',#2737,1000.);
#507=VECTOR('',#2738,1000.);
#508=ORIENTED_EDGE('',*,*,#972,.T.);
#509=ORIENTED_EDGE('',*,*,#973,.F.);
#510=ORIENTED_EDGE('',*,*,#974,.T.);
#511=ORIENTED_EDGE('',*,*,#975,.F.);
#512=ORIENTED_EDGE('',*,*,#976,.F.);
#513=ORIENTED_EDGE('',*,*,#974,.F.);
#514=ORIENTED_EDGE('',*,*,#977,.F.);
#515=ORIENTED_EDGE('',*,*,#978,.F.);
#516=ORIENTED_EDGE('',*,*,#979,.T.);
#517=ORIENTED_EDGE('',*,*,#980,.T.);
#518=ORIENTED_EDGE('',*,*,#981,.F.);
#519=ORIENTED_EDGE('',*,*,#982,.F.);
#520=ORIENTED_EDGE('',*,*,#983,.T.);
#521=ORIENTED_EDGE('',*,*,#978,.T.);
#522=ORIENTED_EDGE('',*,*,#984,.F.);
#523=ORIENTED_EDGE('',*,*,#985,.F.);
#524=ORIENTED_EDGE('',*,*,#986,.T.);
#525=ORIENTED_EDGE('',*,*,#982,.T.);
#526=ORIENTED_EDGE('',*,*,#972,.F.);
#527=ORIENTED_EDGE('',*,*,#987,.F.);
#528=ORIENTED_EDGE('',*,*,#980,.F.);
#529=ORIENTED_EDGE('',*,*,#988,.T.);
#530=ORIENTED_EDGE('',*,*,#985,.T.);
#531=ORIENTED_EDGE('',*,*,#989,.F.);
#532=ORIENTED_EDGE('',*,*,#987,.T.);
#533=ORIENTED_EDGE('',*,*,#975,.T.);
#534=ORIENTED_EDGE('',*,*,#976,.T.);
#535=ORIENTED_EDGE('',*,*,#973,.T.);
#536=ORIENTED_EDGE('',*,*,#989,.T.);
#537=ORIENTED_EDGE('',*,*,#984,.T.);
#538=ORIENTED_EDGE('',*,*,#981,.T.);
#539=ORIENTED_EDGE('',*,*,#977,.T.);
#540=ORIENTED_EDGE('',*,*,#983,.F.);
#541=ORIENTED_EDGE('',*,*,#986,.F.);
#542=ORIENTED_EDGE('',*,*,#988,.F.);
#543=ORIENTED_EDGE('',*,*,#979,.F.);
#544=ORIENTED_EDGE('',*,*,#990,.T.);
#545=ORIENTED_EDGE('',*,*,#991,.T.);
#546=ORIENTED_EDGE('',*,*,#992,.T.);
#547=ORIENTED_EDGE('',*,*,#993,.F.);
#548=ORIENTED_EDGE('',*,*,#991,.F.);
#549=ORIENTED_EDGE('',*,*,#994,.T.);
#550=ORIENTED_EDGE('',*,*,#995,.T.);
#551=ORIENTED_EDGE('',*,*,#996,.F.);
#552=ORIENTED_EDGE('',*,*,#997,.F.);
#553=ORIENTED_EDGE('',*,*,#998,.T.);
#554=ORIENTED_EDGE('',*,*,#999,.T.);
#555=ORIENTED_EDGE('',*,*,#1000,.F.);
#556=ORIENTED_EDGE('',*,*,#1001,.F.);
#557=ORIENTED_EDGE('',*,*,#996,.T.);
#558=ORIENTED_EDGE('',*,*,#1002,.T.);
#559=ORIENTED_EDGE('',*,*,#1003,.F.);
#560=ORIENTED_EDGE('',*,*,#1004,.F.);
#561=ORIENTED_EDGE('',*,*,#1000,.T.);
#562=ORIENTED_EDGE('',*,*,#1005,.T.);
#563=ORIENTED_EDGE('',*,*,#993,.T.);
#564=ORIENTED_EDGE('',*,*,#1006,.T.);
#565=ORIENTED_EDGE('',*,*,#998,.F.);
#566=ORIENTED_EDGE('',*,*,#1007,.F.);
#567=ORIENTED_EDGE('',*,*,#1003,.T.);
#568=ORIENTED_EDGE('',*,*,#992,.F.);
#569=ORIENTED_EDGE('',*,*,#994,.F.);
#570=ORIENTED_EDGE('',*,*,#990,.F.);
#571=ORIENTED_EDGE('',*,*,#1005,.F.);
#572=ORIENTED_EDGE('',*,*,#1002,.F.);
#573=ORIENTED_EDGE('',*,*,#999,.F.);
#574=ORIENTED_EDGE('',*,*,#995,.F.);
#575=ORIENTED_EDGE('',*,*,#1006,.F.);
#576=ORIENTED_EDGE('',*,*,#997,.T.);
#577=ORIENTED_EDGE('',*,*,#1001,.T.);
#578=ORIENTED_EDGE('',*,*,#1004,.T.);
#579=ORIENTED_EDGE('',*,*,#1007,.T.);
#580=ORIENTED_EDGE('',*,*,#1008,.F.);
#581=ORIENTED_EDGE('',*,*,#1009,.F.);
#582=ORIENTED_EDGE('',*,*,#1010,.T.);
#583=ORIENTED_EDGE('',*,*,#1011,.T.);
#584=ORIENTED_EDGE('',*,*,#1008,.T.);
#585=ORIENTED_EDGE('',*,*,#1012,.T.);
#586=ORIENTED_EDGE('',*,*,#1013,.F.);
#587=ORIENTED_EDGE('',*,*,#1014,.F.);
#588=ORIENTED_EDGE('',*,*,#1015,.T.);
#589=ORIENTED_EDGE('',*,*,#1016,.T.);
#590=ORIENTED_EDGE('',*,*,#1017,.F.);
#591=ORIENTED_EDGE('',*,*,#1018,.F.);
#592=ORIENTED_EDGE('',*,*,#1019,.T.);
#593=ORIENTED_EDGE('',*,*,#1014,.T.);
#594=ORIENTED_EDGE('',*,*,#1020,.F.);
#595=ORIENTED_EDGE('',*,*,#1021,.F.);
#596=ORIENTED_EDGE('',*,*,#1022,.T.);
#597=ORIENTED_EDGE('',*,*,#1018,.T.);
#598=ORIENTED_EDGE('',*,*,#1010,.F.);
#599=ORIENTED_EDGE('',*,*,#1023,.F.);
#600=ORIENTED_EDGE('',*,*,#1016,.F.);
#601=ORIENTED_EDGE('',*,*,#1024,.T.);
#602=ORIENTED_EDGE('',*,*,#1021,.T.);
#603=ORIENTED_EDGE('',*,*,#1025,.F.);
#604=ORIENTED_EDGE('',*,*,#1012,.F.);
#605=ORIENTED_EDGE('',*,*,#1009,.T.);
#606=ORIENTED_EDGE('',*,*,#1011,.F.);
#607=ORIENTED_EDGE('',*,*,#1025,.T.);
#608=ORIENTED_EDGE('',*,*,#1020,.T.);
#609=ORIENTED_EDGE('',*,*,#1017,.T.);
#610=ORIENTED_EDGE('',*,*,#1013,.T.);
#611=ORIENTED_EDGE('',*,*,#1023,.T.);
#612=ORIENTED_EDGE('',*,*,#1019,.F.);
#613=ORIENTED_EDGE('',*,*,#1022,.F.);
#614=ORIENTED_EDGE('',*,*,#1024,.F.);
#615=ORIENTED_EDGE('',*,*,#1015,.F.);
#616=ORIENTED_EDGE('',*,*,#1026,.F.);
#617=ORIENTED_EDGE('',*,*,#1027,.T.);
#618=ORIENTED_EDGE('',*,*,#1028,.F.);
#619=ORIENTED_EDGE('',*,*,#1029,.F.);
#620=ORIENTED_EDGE('',*,*,#1030,.T.);
#621=ORIENTED_EDGE('',*,*,#1027,.F.);
#622=ORIENTED_EDGE('',*,*,#1031,.T.);
#623=ORIENTED_EDGE('',*,*,#1032,.F.);
#624=ORIENTED_EDGE('',*,*,#1033,.F.);
#625=ORIENTED_EDGE('',*,*,#1034,.T.);
#626=ORIENTED_EDGE('',*,*,#1035,.T.);
#627=ORIENTED_EDGE('',*,*,#1036,.F.);
#628=ORIENTED_EDGE('',*,*,#1037,.F.);
#629=ORIENTED_EDGE('',*,*,#1032,.T.);
#630=ORIENTED_EDGE('',*,*,#1038,.T.);
#631=ORIENTED_EDGE('',*,*,#1039,.F.);
#632=ORIENTED_EDGE('',*,*,#1040,.F.);
#633=ORIENTED_EDGE('',*,*,#1036,.T.);
#634=ORIENTED_EDGE('',*,*,#1041,.T.);
#635=ORIENTED_EDGE('',*,*,#1029,.T.);
#636=ORIENTED_EDGE('',*,*,#1042,.T.);
#637=ORIENTED_EDGE('',*,*,#1034,.F.);
#638=ORIENTED_EDGE('',*,*,#1043,.F.);
#639=ORIENTED_EDGE('',*,*,#1039,.T.);
#640=ORIENTED_EDGE('',*,*,#1042,.F.);
#641=ORIENTED_EDGE('',*,*,#1028,.T.);
#642=ORIENTED_EDGE('',*,*,#1030,.F.);
#643=ORIENTED_EDGE('',*,*,#1026,.T.);
#644=ORIENTED_EDGE('',*,*,#1041,.F.);
#645=ORIENTED_EDGE('',*,*,#1038,.F.);
#646=ORIENTED_EDGE('',*,*,#1035,.F.);
#647=ORIENTED_EDGE('',*,*,#1031,.F.);
#648=ORIENTED_EDGE('',*,*,#1033,.T.);
#649=ORIENTED_EDGE('',*,*,#1037,.T.);
#650=ORIENTED_EDGE('',*,*,#1040,.T.);
#651=ORIENTED_EDGE('',*,*,#1043,.T.);
#652=ORIENTED_EDGE('',*,*,#1044,.F.);
#653=ORIENTED_EDGE('',*,*,#1045,.F.);
#654=ORIENTED_EDGE('',*,*,#1046,.F.);
#655=ORIENTED_EDGE('',*,*,#1047,.F.);
#656=ORIENTED_EDGE('',*,*,#1045,.T.);
#657=ORIENTED_EDGE('',*,*,#1048,.T.);
#658=ORIENTED_EDGE('',*,*,#1049,.T.);
#659=ORIENTED_EDGE('',*,*,#1050,.T.);
#660=ORIENTED_EDGE('',*,*,#1050,.F.);
#661=ORIENTED_EDGE('',*,*,#1051,.T.);
#662=ORIENTED_EDGE('',*,*,#1052,.F.);
#663=ORIENTED_EDGE('',*,*,#1047,.T.);
#664=ORIENTED_EDGE('',*,*,#1051,.F.);
#665=ORIENTED_EDGE('',*,*,#1053,.T.);
#666=ORIENTED_EDGE('',*,*,#1054,.F.);
#667=ORIENTED_EDGE('',*,*,#1054,.T.);
#668=ORIENTED_EDGE('',*,*,#1055,.F.);
#669=ORIENTED_EDGE('',*,*,#1055,.T.);
#670=ORIENTED_EDGE('',*,*,#1056,.F.);
#671=ORIENTED_EDGE('',*,*,#1056,.T.);
#672=ORIENTED_EDGE('',*,*,#1057,.F.);
#673=ORIENTED_EDGE('',*,*,#1057,.T.);
#674=ORIENTED_EDGE('',*,*,#1058,.F.);
#675=ORIENTED_EDGE('',*,*,#1058,.T.);
#676=ORIENTED_EDGE('',*,*,#1059,.F.);
#677=ORIENTED_EDGE('',*,*,#1059,.T.);
#678=ORIENTED_EDGE('',*,*,#1060,.F.);
#679=ORIENTED_EDGE('',*,*,#1060,.T.);
#680=ORIENTED_EDGE('',*,*,#1061,.F.);
#681=ORIENTED_EDGE('',*,*,#1061,.T.);
#682=ORIENTED_EDGE('',*,*,#1062,.F.);
#683=ORIENTED_EDGE('',*,*,#1062,.T.);
#684=ORIENTED_EDGE('',*,*,#1063,.F.);
#685=ORIENTED_EDGE('',*,*,#1063,.T.);
#686=ORIENTED_EDGE('',*,*,#1064,.F.);
#687=ORIENTED_EDGE('',*,*,#1064,.T.);
#688=ORIENTED_EDGE('',*,*,#1065,.F.);
#689=ORIENTED_EDGE('',*,*,#1065,.T.);
#690=ORIENTED_EDGE('',*,*,#1066,.F.);
#691=ORIENTED_EDGE('',*,*,#1066,.T.);
#692=ORIENTED_EDGE('',*,*,#1067,.F.);
#693=ORIENTED_EDGE('',*,*,#1067,.T.);
#694=ORIENTED_EDGE('',*,*,#1068,.F.);
#695=ORIENTED_EDGE('',*,*,#1068,.T.);
#696=ORIENTED_EDGE('',*,*,#1069,.F.);
#697=ORIENTED_EDGE('',*,*,#1069,.T.);
#698=ORIENTED_EDGE('',*,*,#1070,.F.);
#699=ORIENTED_EDGE('',*,*,#1070,.T.);
#700=ORIENTED_EDGE('',*,*,#1071,.F.);
#701=ORIENTED_EDGE('',*,*,#1071,.T.);
#702=ORIENTED_EDGE('',*,*,#1072,.F.);
#703=ORIENTED_EDGE('',*,*,#1072,.T.);
#704=ORIENTED_EDGE('',*,*,#1073,.F.);
#705=ORIENTED_EDGE('',*,*,#1073,.T.);
#706=ORIENTED_EDGE('',*,*,#1049,.F.);
#707=ORIENTED_EDGE('',*,*,#1074,.T.);
#708=ORIENTED_EDGE('',*,*,#1075,.T.);
#709=ORIENTED_EDGE('',*,*,#1076,.F.);
#710=ORIENTED_EDGE('',*,*,#1076,.T.);
#711=ORIENTED_EDGE('',*,*,#1077,.F.);
#712=ORIENTED_EDGE('',*,*,#1077,.T.);
#713=ORIENTED_EDGE('',*,*,#1053,.F.);
#714=ORIENTED_EDGE('',*,*,#1078,.F.);
#715=ORIENTED_EDGE('',*,*,#1079,.F.);
#716=ORIENTED_EDGE('',*,*,#1080,.F.);
#717=ORIENTED_EDGE('',*,*,#1074,.F.);
#718=ORIENTED_EDGE('',*,*,#1079,.T.);
#719=ORIENTED_EDGE('',*,*,#1081,.T.);
#720=ORIENTED_EDGE('',*,*,#1044,.T.);
#721=ORIENTED_EDGE('',*,*,#1052,.T.);
#722=ORIENTED_EDGE('',*,*,#1046,.T.);
#723=ORIENTED_EDGE('',*,*,#1048,.F.);
#724=ORIENTED_EDGE('',*,*,#1078,.T.);
#725=ORIENTED_EDGE('',*,*,#1075,.F.);
#726=ORIENTED_EDGE('',*,*,#1080,.T.);
#727=ORIENTED_EDGE('',*,*,#1081,.F.);
#728=ORIENTED_EDGE('',*,*,#1082,.F.);
#729=ORIENTED_EDGE('',*,*,#1083,.T.);
#730=ORIENTED_EDGE('',*,*,#1083,.F.);
#731=ORIENTED_EDGE('',*,*,#1084,.T.);
#732=ORIENTED_EDGE('',*,*,#1085,.F.);
#733=ORIENTED_EDGE('',*,*,#1086,.T.);
#734=ORIENTED_EDGE('',*,*,#1087,.F.);
#735=ORIENTED_EDGE('',*,*,#1085,.T.);
#736=ORIENTED_EDGE('',*,*,#1088,.T.);
#737=ORIENTED_EDGE('',*,*,#1089,.F.);
#738=ORIENTED_EDGE('',*,*,#1090,.T.);
#739=ORIENTED_EDGE('',*,*,#1091,.T.);
#740=ORIENTED_EDGE('',*,*,#1092,.F.);
#741=ORIENTED_EDGE('',*,*,#1093,.T.);
#742=ORIENTED_EDGE('',*,*,#1093,.F.);
#743=ORIENTED_EDGE('',*,*,#1094,.T.);
#744=ORIENTED_EDGE('',*,*,#1090,.F.);
#745=ORIENTED_EDGE('',*,*,#1095,.T.);
#746=ORIENTED_EDGE('',*,*,#1096,.T.);
#747=ORIENTED_EDGE('',*,*,#1097,.T.);
#748=ORIENTED_EDGE('',*,*,#1097,.F.);
#749=ORIENTED_EDGE('',*,*,#1087,.T.);
#750=ORIENTED_EDGE('',*,*,#1096,.F.);
#751=ORIENTED_EDGE('',*,*,#1098,.T.);
#752=ORIENTED_EDGE('',*,*,#1098,.F.);
#753=ORIENTED_EDGE('',*,*,#1099,.T.);
#754=ORIENTED_EDGE('',*,*,#1099,.F.);
#755=ORIENTED_EDGE('',*,*,#1100,.T.);
#756=ORIENTED_EDGE('',*,*,#1100,.F.);
#757=ORIENTED_EDGE('',*,*,#1101,.T.);
#758=ORIENTED_EDGE('',*,*,#1101,.F.);
#759=ORIENTED_EDGE('',*,*,#1102,.T.);
#760=ORIENTED_EDGE('',*,*,#1102,.F.);
#761=ORIENTED_EDGE('',*,*,#1103,.T.);
#762=ORIENTED_EDGE('',*,*,#1103,.F.);
#763=ORIENTED_EDGE('',*,*,#1104,.T.);
#764=ORIENTED_EDGE('',*,*,#1104,.F.);
#765=ORIENTED_EDGE('',*,*,#1105,.T.);
#766=ORIENTED_EDGE('',*,*,#1105,.F.);
#767=ORIENTED_EDGE('',*,*,#1106,.T.);
#768=ORIENTED_EDGE('',*,*,#1106,.F.);
#769=ORIENTED_EDGE('',*,*,#1107,.T.);
#770=ORIENTED_EDGE('',*,*,#1107,.F.);
#771=ORIENTED_EDGE('',*,*,#1108,.T.);
#772=ORIENTED_EDGE('',*,*,#1108,.F.);
#773=ORIENTED_EDGE('',*,*,#1109,.T.);
#774=ORIENTED_EDGE('',*,*,#1109,.F.);
#775=ORIENTED_EDGE('',*,*,#1110,.T.);
#776=ORIENTED_EDGE('',*,*,#1110,.F.);
#777=ORIENTED_EDGE('',*,*,#1111,.T.);
#778=ORIENTED_EDGE('',*,*,#1111,.F.);
#779=ORIENTED_EDGE('',*,*,#1112,.T.);
#780=ORIENTED_EDGE('',*,*,#1112,.F.);
#781=ORIENTED_EDGE('',*,*,#1113,.T.);
#782=ORIENTED_EDGE('',*,*,#1113,.F.);
#783=ORIENTED_EDGE('',*,*,#1114,.T.);
#784=ORIENTED_EDGE('',*,*,#1114,.F.);
#785=ORIENTED_EDGE('',*,*,#1115,.T.);
#786=ORIENTED_EDGE('',*,*,#1115,.F.);
#787=ORIENTED_EDGE('',*,*,#1116,.T.);
#788=ORIENTED_EDGE('',*,*,#1116,.F.);
#789=ORIENTED_EDGE('',*,*,#1117,.T.);
#790=ORIENTED_EDGE('',*,*,#1117,.F.);
#791=ORIENTED_EDGE('',*,*,#1118,.T.);
#792=ORIENTED_EDGE('',*,*,#1118,.F.);
#793=ORIENTED_EDGE('',*,*,#1119,.T.);
#794=ORIENTED_EDGE('',*,*,#1119,.F.);
#795=ORIENTED_EDGE('',*,*,#1089,.T.);
#796=ORIENTED_EDGE('',*,*,#1082,.T.);
#797=ORIENTED_EDGE('',*,*,#1086,.F.);
#798=ORIENTED_EDGE('',*,*,#1088,.F.);
#799=ORIENTED_EDGE('',*,*,#1084,.F.);
#800=ORIENTED_EDGE('',*,*,#1092,.T.);
#801=ORIENTED_EDGE('',*,*,#1095,.F.);
#802=ORIENTED_EDGE('',*,*,#1091,.F.);
#803=ORIENTED_EDGE('',*,*,#1094,.F.);
#804=ORIENTED_EDGE('',*,*,#1120,.F.);
#805=ORIENTED_EDGE('',*,*,#1121,.T.);
#806=ORIENTED_EDGE('',*,*,#1122,.T.);
#807=ORIENTED_EDGE('',*,*,#1123,.T.);
#808=ORIENTED_EDGE('',*,*,#1124,.T.);
#809=ORIENTED_EDGE('',*,*,#1125,.T.);
#810=ORIENTED_EDGE('',*,*,#1126,.F.);
#811=ORIENTED_EDGE('',*,*,#1127,.F.);
#812=ORIENTED_EDGE('',*,*,#1128,.T.);
#813=ORIENTED_EDGE('',*,*,#1129,.F.);
#814=ORIENTED_EDGE('',*,*,#1130,.T.);
#815=ORIENTED_EDGE('',*,*,#1122,.F.);
#816=ORIENTED_EDGE('',*,*,#1131,.T.);
#817=ORIENTED_EDGE('',*,*,#1132,.T.);
#818=ORIENTED_EDGE('',*,*,#1133,.T.);
#819=ORIENTED_EDGE('',*,*,#1134,.T.);
#820=ORIENTED_EDGE('',*,*,#1135,.T.);
#821=ORIENTED_EDGE('',*,*,#1136,.F.);
#822=ORIENTED_EDGE('',*,*,#1137,.F.);
#823=ORIENTED_EDGE('',*,*,#1138,.F.);
#824=ORIENTED_EDGE('',*,*,#1139,.F.);
#825=ORIENTED_EDGE('',*,*,#1126,.T.);
#826=ORIENTED_EDGE('',*,*,#1140,.T.);
#827=ORIENTED_EDGE('',*,*,#1141,.F.);
#828=ORIENTED_EDGE('',*,*,#1142,.F.);
#829=ORIENTED_EDGE('',*,*,#1143,.F.);
#830=ORIENTED_EDGE('',*,*,#1144,.T.);
#831=ORIENTED_EDGE('',*,*,#1145,.F.);
#832=ORIENTED_EDGE('',*,*,#1146,.F.);
#833=ORIENTED_EDGE('',*,*,#1147,.F.);
#834=ORIENTED_EDGE('',*,*,#1141,.T.);
#835=ORIENTED_EDGE('',*,*,#1148,.T.);
#836=ORIENTED_EDGE('',*,*,#1142,.T.);
#837=ORIENTED_EDGE('',*,*,#1149,.T.);
#838=ORIENTED_EDGE('',*,*,#1124,.F.);
#839=ORIENTED_EDGE('',*,*,#1150,.F.);
#840=ORIENTED_EDGE('',*,*,#1148,.F.);
#841=ORIENTED_EDGE('',*,*,#1140,.F.);
#842=ORIENTED_EDGE('',*,*,#1125,.F.);
#843=ORIENTED_EDGE('',*,*,#1149,.F.);
#844=ORIENTED_EDGE('',*,*,#1132,.F.);
#845=ORIENTED_EDGE('',*,*,#1151,.T.);
#846=ORIENTED_EDGE('',*,*,#1152,.T.);
#847=ORIENTED_EDGE('',*,*,#1153,.T.);
#848=ORIENTED_EDGE('',*,*,#1129,.T.);
#849=ORIENTED_EDGE('',*,*,#1154,.T.);
#850=ORIENTED_EDGE('',*,*,#1155,.F.);
#851=ORIENTED_EDGE('',*,*,#1156,.T.);
#852=ORIENTED_EDGE('',*,*,#1157,.F.);
#853=ORIENTED_EDGE('',*,*,#1158,.T.);
#854=ORIENTED_EDGE('',*,*,#1127,.T.);
#855=ORIENTED_EDGE('',*,*,#1139,.T.);
#856=ORIENTED_EDGE('',*,*,#1147,.T.);
#857=ORIENTED_EDGE('',*,*,#1159,.F.);
#858=ORIENTED_EDGE('',*,*,#1134,.F.);
#859=ORIENTED_EDGE('',*,*,#1160,.T.);
#860=ORIENTED_EDGE('',*,*,#1161,.T.);
#861=ORIENTED_EDGE('',*,*,#1162,.T.);
#862=ORIENTED_EDGE('',*,*,#1163,.F.);
#863=ORIENTED_EDGE('',*,*,#1164,.F.);
#864=ORIENTED_EDGE('',*,*,#1135,.F.);
#865=ORIENTED_EDGE('',*,*,#1159,.T.);
#866=ORIENTED_EDGE('',*,*,#1146,.T.);
#867=ORIENTED_EDGE('',*,*,#1165,.F.);
#868=ORIENTED_EDGE('',*,*,#1137,.T.);
#869=ORIENTED_EDGE('',*,*,#1166,.F.);
#870=ORIENTED_EDGE('',*,*,#1144,.F.);
#871=ORIENTED_EDGE('',*,*,#1167,.F.);
#872=ORIENTED_EDGE('',*,*,#1145,.T.);
#873=ORIENTED_EDGE('',*,*,#1166,.T.);
#874=ORIENTED_EDGE('',*,*,#1136,.T.);
#875=ORIENTED_EDGE('',*,*,#1165,.T.);
#876=ORIENTED_EDGE('',*,*,#1152,.F.);
#877=ORIENTED_EDGE('',*,*,#1168,.T.);
#878=ORIENTED_EDGE('',*,*,#1120,.T.);
#879=ORIENTED_EDGE('',*,*,#1169,.T.);
#880=ORIENTED_EDGE('',*,*,#1155,.T.);
#881=ORIENTED_EDGE('',*,*,#1170,.T.);
#882=ORIENTED_EDGE('',*,*,#1157,.T.);
#883=ORIENTED_EDGE('',*,*,#1171,.T.);
#884=ORIENTED_EDGE('',*,*,#1172,.F.);
#885=ORIENTED_EDGE('',*,*,#1173,.F.);
#886=ORIENTED_EDGE('',*,*,#1174,.T.);
#887=ORIENTED_EDGE('',*,*,#1175,.T.);
#888=ORIENTED_EDGE('',*,*,#1176,.T.);
#889=ORIENTED_EDGE('',*,*,#1177,.F.);
#890=ORIENTED_EDGE('',*,*,#1161,.F.);
#891=ORIENTED_EDGE('',*,*,#1178,.T.);
#892=ORIENTED_EDGE('',*,*,#1162,.F.);
#893=ORIENTED_EDGE('',*,*,#1177,.T.);
#894=ORIENTED_EDGE('',*,*,#1179,.T.);
#895=ORIENTED_EDGE('',*,*,#1180,.F.);
#896=ORIENTED_EDGE('',*,*,#1181,.T.);
#897=ORIENTED_EDGE('',*,*,#1182,.F.);
#898=ORIENTED_EDGE('',*,*,#1183,.T.);
#899=ORIENTED_EDGE('',*,*,#1184,.T.);
#900=ORIENTED_EDGE('',*,*,#1185,.F.);
#901=ORIENTED_EDGE('',*,*,#1186,.F.);
#902=ORIENTED_EDGE('',*,*,#1163,.T.);
#903=ORIENTED_EDGE('',*,*,#1180,.T.);
#904=ORIENTED_EDGE('',*,*,#1187,.T.);
#905=ORIENTED_EDGE('',*,*,#1175,.F.);
#906=ORIENTED_EDGE('',*,*,#1188,.T.);
#907=ORIENTED_EDGE('',*,*,#1182,.T.);
#908=ORIENTED_EDGE('',*,*,#1181,.F.);
#909=ORIENTED_EDGE('',*,*,#1179,.F.);
#910=ORIENTED_EDGE('',*,*,#1176,.F.);
#911=ORIENTED_EDGE('',*,*,#1187,.F.);
#912=ORIENTED_EDGE('',*,*,#1171,.F.);
#913=ORIENTED_EDGE('',*,*,#1164,.T.);
#914=ORIENTED_EDGE('',*,*,#1186,.T.);
#915=ORIENTED_EDGE('',*,*,#1189,.F.);
#916=ORIENTED_EDGE('',*,*,#1190,.F.);
#917=ORIENTED_EDGE('',*,*,#1184,.F.);
#918=ORIENTED_EDGE('',*,*,#1191,.T.);
#919=ORIENTED_EDGE('',*,*,#1173,.T.);
#920=ORIENTED_EDGE('',*,*,#1185,.T.);
#921=ORIENTED_EDGE('',*,*,#1190,.T.);
#922=ORIENTED_EDGE('',*,*,#1172,.T.);
#923=ORIENTED_EDGE('',*,*,#1189,.T.);
#924=ORIENTED_EDGE('',*,*,#1178,.F.);
#925=ORIENTED_EDGE('',*,*,#1160,.F.);
#926=ORIENTED_EDGE('',*,*,#1133,.F.);
#927=ORIENTED_EDGE('',*,*,#1153,.F.);
#928=ORIENTED_EDGE('',*,*,#1169,.F.);
#929=ORIENTED_EDGE('',*,*,#1123,.F.);
#930=ORIENTED_EDGE('',*,*,#1130,.F.);
#931=ORIENTED_EDGE('',*,*,#1156,.F.);
#932=ORIENTED_EDGE('',*,*,#1170,.F.);
#933=ORIENTED_EDGE('',*,*,#1154,.F.);
#934=ORIENTED_EDGE('',*,*,#1128,.F.);
#935=ORIENTED_EDGE('',*,*,#1158,.F.);
#936=ORIENTED_EDGE('',*,*,#1168,.F.);
#937=ORIENTED_EDGE('',*,*,#1151,.F.);
#938=ORIENTED_EDGE('',*,*,#1131,.F.);
#939=ORIENTED_EDGE('',*,*,#1121,.F.);
#940=ORIENTED_EDGE('',*,*,#1143,.T.);
#941=ORIENTED_EDGE('',*,*,#1150,.T.);
#942=ORIENTED_EDGE('',*,*,#1138,.T.);
#943=ORIENTED_EDGE('',*,*,#1167,.T.);
#944=ORIENTED_EDGE('',*,*,#1183,.F.);
#945=ORIENTED_EDGE('',*,*,#1188,.F.);
#946=ORIENTED_EDGE('',*,*,#1174,.F.);
#947=ORIENTED_EDGE('',*,*,#1191,.F.);
#948=ORIENTED_EDGE('',*,*,#1192,.T.);
#949=ORIENTED_EDGE('',*,*,#1193,.F.);
#950=ORIENTED_EDGE('',*,*,#1194,.F.);
#951=ORIENTED_EDGE('',*,*,#1195,.T.);
#952=ORIENTED_EDGE('',*,*,#1196,.T.);
#953=ORIENTED_EDGE('',*,*,#1197,.F.);
#954=ORIENTED_EDGE('',*,*,#1198,.F.);
#955=ORIENTED_EDGE('',*,*,#1193,.T.);
#956=ORIENTED_EDGE('',*,*,#1199,.T.);
#957=ORIENTED_EDGE('',*,*,#1200,.F.);
#958=ORIENTED_EDGE('',*,*,#1201,.F.);
#959=ORIENTED_EDGE('',*,*,#1197,.T.);
#960=ORIENTED_EDGE('',*,*,#1202,.T.);
#961=ORIENTED_EDGE('',*,*,#1195,.F.);
#962=ORIENTED_EDGE('',*,*,#1203,.F.);
#963=ORIENTED_EDGE('',*,*,#1200,.T.);
#964=ORIENTED_EDGE('',*,*,#1194,.T.);
#965=ORIENTED_EDGE('',*,*,#1198,.T.);
#966=ORIENTED_EDGE('',*,*,#1201,.T.);
#967=ORIENTED_EDGE('',*,*,#1203,.T.);
#968=ORIENTED_EDGE('',*,*,#1192,.F.);
#969=ORIENTED_EDGE('',*,*,#1202,.F.);
#970=ORIENTED_EDGE('',*,*,#1199,.F.);
#971=ORIENTED_EDGE('',*,*,#1196,.F.);
#972=EDGE_CURVE('',#1204,#1205,#1376,.T.);
#973=EDGE_CURVE('',#1206,#1205,#204,.F.);
#974=EDGE_CURVE('',#1206,#1207,#132,.F.);
#975=EDGE_CURVE('',#1204,#1207,#205,.T.);
#976=EDGE_CURVE('',#1207,#1206,#206,.T.);
#977=EDGE_CURVE('',#1208,#1209,#207,.T.);
#978=EDGE_CURVE('',#1210,#1208,#208,.T.);
#979=EDGE_CURVE('',#1210,#1211,#209,.T.);
#980=EDGE_CURVE('',#1211,#1209,#210,.T.);
#981=EDGE_CURVE('',#1212,#1208,#211,.T.);
#982=EDGE_CURVE('',#1213,#1212,#212,.T.);
#983=EDGE_CURVE('',#1213,#1210,#213,.T.);
#984=EDGE_CURVE('',#1214,#1212,#214,.T.);
#985=EDGE_CURVE('',#1215,#1214,#215,.T.);
#986=EDGE_CURVE('',#1215,#1213,#216,.T.);
#987=EDGE_CURVE('',#1209,#1204,#217,.T.);
#988=EDGE_CURVE('',#1211,#1215,#218,.T.);
#989=EDGE_CURVE('',#1205,#1214,#219,.T.);
#990=EDGE_CURVE('',#1216,#1217,#220,.T.);
#991=EDGE_CURVE('',#1217,#1218,#133,.F.);
#992=EDGE_CURVE('',#1218,#1219,#221,.F.);
#993=EDGE_CURVE('',#1216,#1219,#1377,.T.);
#994=EDGE_CURVE('',#1217,#1218,#222,.T.);
#995=EDGE_CURVE('',#1220,#1221,#223,.T.);
#996=EDGE_CURVE('',#1222,#1221,#224,.T.);
#997=EDGE_CURVE('',#1223,#1222,#225,.T.);
#998=EDGE_CURVE('',#1223,#1220,#226,.T.);
#999=EDGE_CURVE('',#1221,#1224,#227,.T.);
#1000=EDGE_CURVE('',#1225,#1224,#228,.T.);
#1001=EDGE_CURVE('',#1222,#1225,#229,.T.);
#1002=EDGE_CURVE('',#1224,#1226,#230,.T.);
#1003=EDGE_CURVE('',#1227,#1226,#231,.T.);
#1004=EDGE_CURVE('',#1225,#1227,#232,.T.);
#1005=EDGE_CURVE('',#1226,#1216,#233,.T.);
#1006=EDGE_CURVE('',#1219,#1220,#234,.T.);
#1007=EDGE_CURVE('',#1227,#1223,#235,.T.);
#1008=EDGE_CURVE('',#1228,#1229,#134,.F.);
#1009=EDGE_CURVE('',#1229,#1228,#236,.T.);
#1010=EDGE_CURVE('',#1230,#1231,#1378,.T.);
#1011=EDGE_CURVE('',#1231,#1228,#237,.T.);
#1012=EDGE_CURVE('',#1229,#1230,#238,.F.);
#1013=EDGE_CURVE('',#1232,#1233,#239,.T.);
#1014=EDGE_CURVE('',#1234,#1232,#240,.T.);
#1015=EDGE_CURVE('',#1234,#1235,#241,.T.);
#1016=EDGE_CURVE('',#1235,#1233,#242,.T.);
#1017=EDGE_CURVE('',#1236,#1232,#243,.T.);
#1018=EDGE_CURVE('',#1237,#1236,#244,.T.);
#1019=EDGE_CURVE('',#1237,#1234,#245,.T.);
#1020=EDGE_CURVE('',#1238,#1236,#246,.T.);
#1021=EDGE_CURVE('',#1239,#1238,#247,.T.);
#1022=EDGE_CURVE('',#1239,#1237,#248,.T.);
#1023=EDGE_CURVE('',#1233,#1230,#249,.T.);
#1024=EDGE_CURVE('',#1235,#1239,#250,.T.);
#1025=EDGE_CURVE('',#1231,#1238,#251,.T.);
#1026=EDGE_CURVE('',#1240,#1241,#252,.F.);
#1027=EDGE_CURVE('',#1240,#1242,#135,.F.);
#1028=EDGE_CURVE('',#1243,#1242,#253,.T.);
#1029=EDGE_CURVE('',#1241,#1243,#1379,.T.);
#1030=EDGE_CURVE('',#1240,#1242,#254,.T.);
#1031=EDGE_CURVE('',#1244,#1245,#255,.T.);
#1032=EDGE_CURVE('',#1246,#1245,#256,.T.);
#1033=EDGE_CURVE('',#1247,#1246,#257,.T.);
#1034=EDGE_CURVE('',#1247,#1244,#258,.T.);
#1035=EDGE_CURVE('',#1245,#1248,#259,.T.);
#1036=EDGE_CURVE('',#1249,#1248,#260,.T.);
#1037=EDGE_CURVE('',#1246,#1249,#261,.T.);
#1038=EDGE_CURVE('',#1248,#1250,#262,.T.);
#1039=EDGE_CURVE('',#1251,#1250,#263,.T.);
#1040=EDGE_CURVE('',#1249,#1251,#264,.T.);
#1041=EDGE_CURVE('',#1250,#1241,#265,.T.);
#1042=EDGE_CURVE('',#1243,#1244,#266,.T.);
#1043=EDGE_CURVE('',#1251,#1247,#267,.T.);
#1044=EDGE_CURVE('',#1252,#1253,#268,.F.);
#1045=EDGE_CURVE('',#1254,#1252,#136,.F.);
#1046=EDGE_CURVE('',#1255,#1254,#269,.T.);
#1047=EDGE_CURVE('',#1253,#1255,#137,.T.);
#1048=EDGE_CURVE('',#1252,#1254,#270,.T.);
#1049=EDGE_CURVE('',#1256,#1256,#138,.F.);
#1050=EDGE_CURVE('',#1257,#1257,#139,.T.);
#1051=EDGE_CURVE('',#1258,#1258,#140,.T.);
#1052=EDGE_CURVE('',#1253,#1255,#30,.T.);
#1053=EDGE_CURVE('',#1259,#1259,#141,.T.);
#1054=EDGE_CURVE('',#1260,#1260,#142,.F.);
#1055=EDGE_CURVE('',#1261,#1261,#143,.F.);
#1056=EDGE_CURVE('',#1262,#1262,#144,.F.);
#1057=EDGE_CURVE('',#1263,#1263,#145,.F.);
#1058=EDGE_CURVE('',#1264,#1264,#146,.F.);
#1059=EDGE_CURVE('',#1265,#1265,#147,.F.);
#1060=EDGE_CURVE('',#1266,#1266,#148,.F.);
#1061=EDGE_CURVE('',#1267,#1267,#149,.F.);
#1062=EDGE_CURVE('',#1268,#1268,#150,.F.);
#1063=EDGE_CURVE('',#1269,#1269,#151,.F.);
#1064=EDGE_CURVE('',#1270,#1270,#152,.F.);
#1065=EDGE_CURVE('',#1271,#1271,#153,.F.);
#1066=EDGE_CURVE('',#1272,#1272,#154,.F.);
#1067=EDGE_CURVE('',#1273,#1273,#155,.F.);
#1068=EDGE_CURVE('',#1274,#1274,#156,.F.);
#1069=EDGE_CURVE('',#1275,#1275,#157,.F.);
#1070=EDGE_CURVE('',#1276,#1276,#158,.F.);
#1071=EDGE_CURVE('',#1277,#1277,#159,.F.);
#1072=EDGE_CURVE('',#1278,#1278,#160,.F.);
#1073=EDGE_CURVE('',#1279,#1279,#161,.F.);
#1074=EDGE_CURVE('',#1280,#1281,#162,.T.);
#1075=EDGE_CURVE('',#1281,#1280,#31,.T.);
#1076=EDGE_CURVE('',#1282,#1282,#163,.T.);
#1077=EDGE_CURVE('',#1283,#1283,#164,.T.);
#1078=EDGE_CURVE('',#1284,#1280,#271,.F.);
#1079=EDGE_CURVE('',#1285,#1284,#165,.F.);
#1080=EDGE_CURVE('',#1281,#1285,#272,.T.);
#1081=EDGE_CURVE('',#1284,#1285,#273,.T.);
#1082=EDGE_CURVE('',#1286,#1287,#274,.T.);
#1083=EDGE_CURVE('',#1286,#1287,#166,.F.);
#1084=EDGE_CURVE('',#1286,#1288,#275,.F.);
#1085=EDGE_CURVE('',#1289,#1288,#167,.T.);
#1086=EDGE_CURVE('',#1289,#1287,#276,.T.);
#1087=EDGE_CURVE('',#1290,#1290,#168,.T.);
#1088=EDGE_CURVE('',#1288,#1289,#32,.T.);
#1089=EDGE_CURVE('',#1291,#1291,#169,.T.);
#1090=EDGE_CURVE('',#1292,#1293,#170,.T.);
#1091=EDGE_CURVE('',#1293,#1292,#33,.T.);
#1092=EDGE_CURVE('',#1294,#1295,#277,.T.);
#1093=EDGE_CURVE('',#1294,#1295,#171,.F.);
#1094=EDGE_CURVE('',#1294,#1293,#278,.F.);
#1095=EDGE_CURVE('',#1292,#1295,#279,.T.);
#1096=EDGE_CURVE('',#1296,#1296,#172,.F.);
#1097=EDGE_CURVE('',#1297,#1297,#173,.T.);
#1098=EDGE_CURVE('',#1298,#1298,#174,.F.);
#1099=EDGE_CURVE('',#1299,#1299,#175,.F.);
#1100=EDGE_CURVE('',#1300,#1300,#176,.F.);
#1101=EDGE_CURVE('',#1301,#1301,#177,.F.);
#1102=EDGE_CURVE('',#1302,#1302,#178,.F.);
#1103=EDGE_CURVE('',#1303,#1303,#179,.F.);
#1104=EDGE_CURVE('',#1304,#1304,#180,.F.);
#1105=EDGE_CURVE('',#1305,#1305,#181,.F.);
#1106=EDGE_CURVE('',#1306,#1306,#182,.F.);
#1107=EDGE_CURVE('',#1307,#1307,#183,.F.);
#1108=EDGE_CURVE('',#1308,#1308,#184,.F.);
#1109=EDGE_CURVE('',#1309,#1309,#185,.F.);
#1110=EDGE_CURVE('',#1310,#1310,#186,.F.);
#1111=EDGE_CURVE('',#1311,#1311,#187,.F.);
#1112=EDGE_CURVE('',#1312,#1312,#188,.F.);
#1113=EDGE_CURVE('',#1313,#1313,#189,.F.);
#1114=EDGE_CURVE('',#1314,#1314,#190,.F.);
#1115=EDGE_CURVE('',#1315,#1315,#191,.F.);
#1116=EDGE_CURVE('',#1316,#1316,#192,.F.);
#1117=EDGE_CURVE('',#1317,#1317,#193,.F.);
#1118=EDGE_CURVE('',#1318,#1318,#194,.T.);
#1119=EDGE_CURVE('',#1319,#1319,#195,.T.);
#1120=EDGE_CURVE('',#1320,#1321,#280,.T.);
#1121=EDGE_CURVE('',#1320,#1322,#281,.T.);
#1122=EDGE_CURVE('',#1322,#1323,#282,.T.);
#1123=EDGE_CURVE('',#1323,#1321,#283,.F.);
#1124=EDGE_CURVE('',#1324,#1325,#284,.T.);
#1125=EDGE_CURVE('',#1325,#1326,#285,.T.);
#1126=EDGE_CURVE('',#1327,#1326,#286,.T.);
#1127=EDGE_CURVE('',#1328,#1327,#287,.T.);
#1128=EDGE_CURVE('',#1328,#1329,#196,.T.);
#1129=EDGE_CURVE('',#1330,#1329,#288,.T.);
#1130=EDGE_CURVE('',#1330,#1323,#197,.T.);
#1131=EDGE_CURVE('',#1322,#1331,#198,.T.);
#1132=EDGE_CURVE('',#1331,#1332,#289,.T.);
#1133=EDGE_CURVE('',#1332,#1333,#199,.T.);
#1134=EDGE_CURVE('',#1333,#1334,#290,.T.);
#1135=EDGE_CURVE('',#1334,#1335,#291,.T.);
#1136=EDGE_CURVE('',#1336,#1335,#292,.T.);
#1137=EDGE_CURVE('',#1337,#1336,#293,.T.);
#1138=EDGE_CURVE('',#1324,#1337,#294,.T.);
#1139=EDGE_CURVE('',#1327,#1338,#295,.T.);
#1140=EDGE_CURVE('',#1326,#1339,#296,.T.);
#1141=EDGE_CURVE('',#1338,#1339,#297,.T.);
#1142=EDGE_CURVE('',#1340,#1341,#298,.T.);
#1143=EDGE_CURVE('',#1342,#1340,#299,.T.);
#1144=EDGE_CURVE('',#1342,#1343,#300,.T.);
#1145=EDGE_CURVE('',#1344,#1343,#301,.T.);
#1146=EDGE_CURVE('',#1345,#1344,#302,.T.);
#1147=EDGE_CURVE('',#1338,#1345,#303,.T.);
#1148=EDGE_CURVE('',#1339,#1341,#304,.T.);
#1149=EDGE_CURVE('',#1341,#1325,#305,.T.);
#1150=EDGE_CURVE('',#1340,#1324,#306,.T.);
#1151=EDGE_CURVE('',#1331,#1346,#307,.F.);
#1152=EDGE_CURVE('',#1346,#1347,#308,.T.);
#1153=EDGE_CURVE('',#1347,#1332,#309,.T.);
#1154=EDGE_CURVE('',#1329,#1348,#310,.F.);
#1155=EDGE_CURVE('',#1349,#1348,#311,.T.);
#1156=EDGE_CURVE('',#1349,#1330,#312,.T.);
#1157=EDGE_CURVE('',#1350,#1351,#313,.T.);
#1158=EDGE_CURVE('',#1350,#1328,#314,.T.);
#1159=EDGE_CURVE('',#1334,#1345,#315,.T.);
#1160=EDGE_CURVE('',#1333,#1352,#316,.F.);
#1161=EDGE_CURVE('',#1352,#1353,#317,.T.);
#1162=EDGE_CURVE('',#1353,#1354,#318,.T.);
#1163=EDGE_CURVE('',#1355,#1354,#319,.T.);
#1164=EDGE_CURVE('',#1351,#1355,#320,.T.);
#1165=EDGE_CURVE('',#1335,#1344,#321,.T.);
#1166=EDGE_CURVE('',#1343,#1336,#322,.T.);
#1167=EDGE_CURVE('',#1337,#1342,#323,.T.);
#1168=EDGE_CURVE('',#1346,#1320,#200,.T.);
#1169=EDGE_CURVE('',#1321,#1349,#201,.T.);
#1170=EDGE_CURVE('',#1348,#1350,#202,.T.);
#1171=EDGE_CURVE('',#1351,#1356,#324,.T.);
#1172=EDGE_CURVE('',#1357,#1356,#325,.T.);
#1173=EDGE_CURVE('',#1358,#1357,#326,.T.);
#1174=EDGE_CURVE('',#1358,#1359,#327,.T.);
#1175=EDGE_CURVE('',#1359,#1360,#328,.T.);
#1176=EDGE_CURVE('',#1360,#1361,#329,.T.);
#1177=EDGE_CURVE('',#1353,#1361,#330,.T.);
#1178=EDGE_CURVE('',#1352,#1347,#203,.T.);
#1179=EDGE_CURVE('',#1361,#1362,#331,.T.);
#1180=EDGE_CURVE('',#1354,#1362,#332,.T.);
#1181=EDGE_CURVE('',#1362,#1363,#333,.T.);
#1182=EDGE_CURVE('',#1364,#1363,#334,.T.);
#1183=EDGE_CURVE('',#1364,#1365,#335,.T.);
#1184=EDGE_CURVE('',#1365,#1366,#336,.T.);
#1185=EDGE_CURVE('',#1367,#1366,#337,.T.);
#1186=EDGE_CURVE('',#1355,#1367,#338,.T.);
#1187=EDGE_CURVE('',#1363,#1360,#339,.T.);
#1188=EDGE_CURVE('',#1359,#1364,#340,.T.);
#1189=EDGE_CURVE('',#1356,#1367,#341,.T.);
#1190=EDGE_CURVE('',#1366,#1357,#342,.T.);
#1191=EDGE_CURVE('',#1365,#1358,#343,.T.);
#1192=EDGE_CURVE('',#1368,#1369,#344,.T.);
#1193=EDGE_CURVE('',#1370,#1369,#345,.T.);
#1194=EDGE_CURVE('',#1371,#1370,#346,.T.);
#1195=EDGE_CURVE('',#1371,#1368,#347,.T.);
#1196=EDGE_CURVE('',#1369,#1372,#348,.T.);
#1197=EDGE_CURVE('',#1373,#1372,#349,.T.);
#1198=EDGE_CURVE('',#1370,#1373,#350,.T.);
#1199=EDGE_CURVE('',#1372,#1374,#351,.T.);
#1200=EDGE_CURVE('',#1375,#1374,#352,.T.);
#1201=EDGE_CURVE('',#1373,#1375,#353,.T.);
#1202=EDGE_CURVE('',#1374,#1368,#354,.T.);
#1203=EDGE_CURVE('',#1375,#1371,#355,.T.);
#1204=VERTEX_POINT('',#2748);
#1205=VERTEX_POINT('',#2749);
#1206=VERTEX_POINT('',#2751);
#1207=VERTEX_POINT('',#2753);
#1208=VERTEX_POINT('',#2759);
#1209=VERTEX_POINT('',#2760);
#1210=VERTEX_POINT('',#2762);
#1211=VERTEX_POINT('',#2764);
#1212=VERTEX_POINT('',#2768);
#1213=VERTEX_POINT('',#2770);
#1214=VERTEX_POINT('',#2774);
#1215=VERTEX_POINT('',#2776);
#1216=VERTEX_POINT('',#2786);
#1217=VERTEX_POINT('',#2787);
#1218=VERTEX_POINT('',#2789);
#1219=VERTEX_POINT('',#2791);
#1220=VERTEX_POINT('',#2797);
#1221=VERTEX_POINT('',#2798);
#1222=VERTEX_POINT('',#2800);
#1223=VERTEX_POINT('',#2802);
#1224=VERTEX_POINT('',#2806);
#1225=VERTEX_POINT('',#2808);
#1226=VERTEX_POINT('',#2812);
#1227=VERTEX_POINT('',#2814);
#1228=VERTEX_POINT('',#2824);
#1229=VERTEX_POINT('',#2825);
#1230=VERTEX_POINT('',#2829);
#1231=VERTEX_POINT('',#2830);
#1232=VERTEX_POINT('',#2835);
#1233=VERTEX_POINT('',#2836);
#1234=VERTEX_POINT('',#2838);
#1235=VERTEX_POINT('',#2840);
#1236=VERTEX_POINT('',#2844);
#1237=VERTEX_POINT('',#2846);
#1238=VERTEX_POINT('',#2850);
#1239=VERTEX_POINT('',#2852);
#1240=VERTEX_POINT('',#2862);
#1241=VERTEX_POINT('',#2863);
#1242=VERTEX_POINT('',#2865);
#1243=VERTEX_POINT('',#2867);
#1244=VERTEX_POINT('',#2873);
#1245=VERTEX_POINT('',#2874);
#1246=VERTEX_POINT('',#2876);
#1247=VERTEX_POINT('',#2878);
#1248=VERTEX_POINT('',#2882);
#1249=VERTEX_POINT('',#2884);
#1250=VERTEX_POINT('',#2888);
#1251=VERTEX_POINT('',#2890);
#1252=VERTEX_POINT('',#2901);
#1253=VERTEX_POINT('',#2902);
#1254=VERTEX_POINT('',#2904);
#1255=VERTEX_POINT('',#2906);
#1256=VERTEX_POINT('',#2912);
#1257=VERTEX_POINT('',#2914);
#1258=VERTEX_POINT('',#2917);
#1259=VERTEX_POINT('',#2928);
#1260=VERTEX_POINT('',#2930);
#1261=VERTEX_POINT('',#3030);
#1262=VERTEX_POINT('',#3033);
#1263=VERTEX_POINT('',#3133);
#1264=VERTEX_POINT('',#3136);
#1265=VERTEX_POINT('',#3139);
#1266=VERTEX_POINT('',#3142);
#1267=VERTEX_POINT('',#3145);
#1268=VERTEX_POINT('',#3148);
#1269=VERTEX_POINT('',#3248);
#1270=VERTEX_POINT('',#3251);
#1271=VERTEX_POINT('',#3351);
#1272=VERTEX_POINT('',#3354);
#1273=VERTEX_POINT('',#3357);
#1274=VERTEX_POINT('',#3360);
#1275=VERTEX_POINT('',#3363);
#1276=VERTEX_POINT('',#3366);
#1277=VERTEX_POINT('',#3466);
#1278=VERTEX_POINT('',#3469);
#1279=VERTEX_POINT('',#3569);
#1280=VERTEX_POINT('',#3573);
#1281=VERTEX_POINT('',#3574);
#1282=VERTEX_POINT('',#3581);
#1283=VERTEX_POINT('',#3584);
#1284=VERTEX_POINT('',#3588);
#1285=VERTEX_POINT('',#3590);
#1286=VERTEX_POINT('',#3598);
#1287=VERTEX_POINT('',#3599);
#1288=VERTEX_POINT('',#3603);
#1289=VERTEX_POINT('',#3605);
#1290=VERTEX_POINT('',#3609);
#1291=VERTEX_POINT('',#3619);
#1292=VERTEX_POINT('',#3621);
#1293=VERTEX_POINT('',#3622);
#1294=VERTEX_POINT('',#3630);
#1295=VERTEX_POINT('',#3631);
#1296=VERTEX_POINT('',#3638);
#1297=VERTEX_POINT('',#3640);
#1298=VERTEX_POINT('',#3644);
#1299=VERTEX_POINT('',#3744);
#1300=VERTEX_POINT('',#3747);
#1301=VERTEX_POINT('',#3847);
#1302=VERTEX_POINT('',#3850);
#1303=VERTEX_POINT('',#3853);
#1304=VERTEX_POINT('',#3856);
#1305=VERTEX_POINT('',#3859);
#1306=VERTEX_POINT('',#3862);
#1307=VERTEX_POINT('',#3962);
#1308=VERTEX_POINT('',#3965);
#1309=VERTEX_POINT('',#4065);
#1310=VERTEX_POINT('',#4068);
#1311=VERTEX_POINT('',#4071);
#1312=VERTEX_POINT('',#4074);
#1313=VERTEX_POINT('',#4077);
#1314=VERTEX_POINT('',#4080);
#1315=VERTEX_POINT('',#4180);
#1316=VERTEX_POINT('',#4183);
#1317=VERTEX_POINT('',#4283);
#1318=VERTEX_POINT('',#4286);
#1319=VERTEX_POINT('',#4289);
#1320=VERTEX_POINT('',#4295);
#1321=VERTEX_POINT('',#4296);
#1322=VERTEX_POINT('',#4298);
#1323=VERTEX_POINT('',#4300);
#1324=VERTEX_POINT('',#4304);
#1325=VERTEX_POINT('',#4305);
#1326=VERTEX_POINT('',#4307);
#1327=VERTEX_POINT('',#4309);
#1328=VERTEX_POINT('',#4311);
#1329=VERTEX_POINT('',#4313);
#1330=VERTEX_POINT('',#4315);
#1331=VERTEX_POINT('',#4318);
#1332=VERTEX_POINT('',#4320);
#1333=VERTEX_POINT('',#4322);
#1334=VERTEX_POINT('',#4324);
#1335=VERTEX_POINT('',#4326);
#1336=VERTEX_POINT('',#4328);
#1337=VERTEX_POINT('',#4330);
#1338=VERTEX_POINT('',#4334);
#1339=VERTEX_POINT('',#4336);
#1340=VERTEX_POINT('',#4340);
#1341=VERTEX_POINT('',#4341);
#1342=VERTEX_POINT('',#4343);
#1343=VERTEX_POINT('',#4345);
#1344=VERTEX_POINT('',#4347);
#1345=VERTEX_POINT('',#4349);
#1346=VERTEX_POINT('',#4358);
#1347=VERTEX_POINT('',#4360);
#1348=VERTEX_POINT('',#4364);
#1349=VERTEX_POINT('',#4366);
#1350=VERTEX_POINT('',#4370);
#1351=VERTEX_POINT('',#4371);
#1352=VERTEX_POINT('',#4375);
#1353=VERTEX_POINT('',#4377);
#1354=VERTEX_POINT('',#4379);
#1355=VERTEX_POINT('',#4381);
#1356=VERTEX_POINT('',#4394);
#1357=VERTEX_POINT('',#4396);
#1358=VERTEX_POINT('',#4398);
#1359=VERTEX_POINT('',#4400);
#1360=VERTEX_POINT('',#4402);
#1361=VERTEX_POINT('',#4404);
#1362=VERTEX_POINT('',#4409);
#1363=VERTEX_POINT('',#4413);
#1364=VERTEX_POINT('',#4415);
#1365=VERTEX_POINT('',#4417);
#1366=VERTEX_POINT('',#4419);
#1367=VERTEX_POINT('',#4421);
#1368=VERTEX_POINT('',#4442);
#1369=VERTEX_POINT('',#4443);
#1370=VERTEX_POINT('',#4445);
#1371=VERTEX_POINT('',#4447);
#1372=VERTEX_POINT('',#4451);
#1373=VERTEX_POINT('',#4453);
#1374=VERTEX_POINT('',#4457);
#1375=VERTEX_POINT('',#4459);
#1376=ELLIPSE('',#2001,0.0282842712474618,0.0199999999999999);
#1377=ELLIPSE('',#2012,0.0212835554495182,0.02);
#1378=ELLIPSE('',#2023,0.0282842712474619,0.02);
#1379=ELLIPSE('',#2032,0.0212835554495182,0.02);
#1380=EDGE_LOOP('',(#508,#509,#510,#511));
#1381=EDGE_LOOP('',(#512,#513));
#1382=EDGE_LOOP('',(#514,#515,#516,#517));
#1383=EDGE_LOOP('',(#518,#519,#520,#521));
#1384=EDGE_LOOP('',(#522,#523,#524,#525));
#1385=EDGE_LOOP('',(#526,#527,#528,#529,#530,#531));
#1386=EDGE_LOOP('',(#532,#533,#534,#535,#536,#537,#538,#539));
#1387=EDGE_LOOP('',(#540,#541,#542,#543));
#1388=EDGE_LOOP('',(#544,#545,#546,#547));
#1389=EDGE_LOOP('',(#548,#549));
#1390=EDGE_LOOP('',(#550,#551,#552,#553));
#1391=EDGE_LOOP('',(#554,#555,#556,#557));
#1392=EDGE_LOOP('',(#558,#559,#560,#561));
#1393=EDGE_LOOP('',(#562,#563,#564,#565,#566,#567));
#1394=EDGE_LOOP('',(#568,#569,#570,#571,#572,#573,#574,#575));
#1395=EDGE_LOOP('',(#576,#577,#578,#579));
#1396=EDGE_LOOP('',(#580,#581));
#1397=EDGE_LOOP('',(#582,#583,#584,#585));
#1398=EDGE_LOOP('',(#586,#587,#588,#589));
#1399=EDGE_LOOP('',(#590,#591,#592,#593));
#1400=EDGE_LOOP('',(#594,#595,#596,#597));
#1401=EDGE_LOOP('',(#598,#599,#600,#601,#602,#603));
#1402=EDGE_LOOP('',(#604,#605,#606,#607,#608,#609,#610,#611));
#1403=EDGE_LOOP('',(#612,#613,#614,#615));
#1404=EDGE_LOOP('',(#616,#617,#618,#619));
#1405=EDGE_LOOP('',(#620,#621));
#1406=EDGE_LOOP('',(#622,#623,#624,#625));
#1407=EDGE_LOOP('',(#626,#627,#628,#629));
#1408=EDGE_LOOP('',(#630,#631,#632,#633));
#1409=EDGE_LOOP('',(#634,#635,#636,#637,#638,#639));
#1410=EDGE_LOOP('',(#640,#641,#642,#643,#644,#645,#646,#647));
#1411=EDGE_LOOP('',(#648,#649,#650,#651));
#1412=EDGE_LOOP('',(#652,#653,#654,#655));
#1413=EDGE_LOOP('',(#656,#657));
#1414=EDGE_LOOP('',(#658));
#1415=EDGE_LOOP('',(#659));
#1416=EDGE_LOOP('',(#660));
#1417=EDGE_LOOP('',(#661));
#1418=EDGE_LOOP('',(#662,#663));
#1419=EDGE_LOOP('',(#664));
#1420=EDGE_LOOP('',(#665));
#1421=EDGE_LOOP('',(#666));
#1422=EDGE_LOOP('',(#667));
#1423=EDGE_LOOP('',(#668));
#1424=EDGE_LOOP('',(#669));
#1425=EDGE_LOOP('',(#670));
#1426=EDGE_LOOP('',(#671));
#1427=EDGE_LOOP('',(#672));
#1428=EDGE_LOOP('',(#673));
#1429=EDGE_LOOP('',(#674));
#1430=EDGE_LOOP('',(#675));
#1431=EDGE_LOOP('',(#676));
#1432=EDGE_LOOP('',(#677));
#1433=EDGE_LOOP('',(#678));
#1434=EDGE_LOOP('',(#679));
#1435=EDGE_LOOP('',(#680));
#1436=EDGE_LOOP('',(#681));
#1437=EDGE_LOOP('',(#682));
#1438=EDGE_LOOP('',(#683));
#1439=EDGE_LOOP('',(#684));
#1440=EDGE_LOOP('',(#685));
#1441=EDGE_LOOP('',(#686));
#1442=EDGE_LOOP('',(#687));
#1443=EDGE_LOOP('',(#688));
#1444=EDGE_LOOP('',(#689));
#1445=EDGE_LOOP('',(#690));
#1446=EDGE_LOOP('',(#691));
#1447=EDGE_LOOP('',(#692));
#1448=EDGE_LOOP('',(#693));
#1449=EDGE_LOOP('',(#694));
#1450=EDGE_LOOP('',(#695));
#1451=EDGE_LOOP('',(#696));
#1452=EDGE_LOOP('',(#697));
#1453=EDGE_LOOP('',(#698));
#1454=EDGE_LOOP('',(#699));
#1455=EDGE_LOOP('',(#700));
#1456=EDGE_LOOP('',(#701));
#1457=EDGE_LOOP('',(#702));
#1458=EDGE_LOOP('',(#703));
#1459=EDGE_LOOP('',(#704));
#1460=EDGE_LOOP('',(#705));
#1461=EDGE_LOOP('',(#706));
#1462=EDGE_LOOP('',(#707,#708));
#1463=EDGE_LOOP('',(#709));
#1464=EDGE_LOOP('',(#710));
#1465=EDGE_LOOP('',(#711));
#1466=EDGE_LOOP('',(#712));
#1467=EDGE_LOOP('',(#713));
#1468=EDGE_LOOP('',(#714,#715,#716,#717));
#1469=EDGE_LOOP('',(#718,#719));
#1470=EDGE_LOOP('',(#720,#721,#722,#723));
#1471=EDGE_LOOP('',(#724,#725,#726,#727));
#1472=EDGE_LOOP('',(#728,#729));
#1473=EDGE_LOOP('',(#730,#731,#732,#733));
#1474=EDGE_LOOP('',(#734));
#1475=EDGE_LOOP('',(#735,#736));
#1476=EDGE_LOOP('',(#737));
#1477=EDGE_LOOP('',(#738,#739));
#1478=EDGE_LOOP('',(#740,#741));
#1479=EDGE_LOOP('',(#742,#743,#744,#745));
#1480=EDGE_LOOP('',(#746));
#1481=EDGE_LOOP('',(#747));
#1482=EDGE_LOOP('',(#748));
#1483=EDGE_LOOP('',(#749));
#1484=EDGE_LOOP('',(#750));
#1485=EDGE_LOOP('',(#751));
#1486=EDGE_LOOP('',(#752));
#1487=EDGE_LOOP('',(#753));
#1488=EDGE_LOOP('',(#754));
#1489=EDGE_LOOP('',(#755));
#1490=EDGE_LOOP('',(#756));
#1491=EDGE_LOOP('',(#757));
#1492=EDGE_LOOP('',(#758));
#1493=EDGE_LOOP('',(#759));
#1494=EDGE_LOOP('',(#760));
#1495=EDGE_LOOP('',(#761));
#1496=EDGE_LOOP('',(#762));
#1497=EDGE_LOOP('',(#763));
#1498=EDGE_LOOP('',(#764));
#1499=EDGE_LOOP('',(#765));
#1500=EDGE_LOOP('',(#766));
#1501=EDGE_LOOP('',(#767));
#1502=EDGE_LOOP('',(#768));
#1503=EDGE_LOOP('',(#769));
#1504=EDGE_LOOP('',(#770));
#1505=EDGE_LOOP('',(#771));
#1506=EDGE_LOOP('',(#772));
#1507=EDGE_LOOP('',(#773));
#1508=EDGE_LOOP('',(#774));
#1509=EDGE_LOOP('',(#775));
#1510=EDGE_LOOP('',(#776));
#1511=EDGE_LOOP('',(#777));
#1512=EDGE_LOOP('',(#778));
#1513=EDGE_LOOP('',(#779));
#1514=EDGE_LOOP('',(#780));
#1515=EDGE_LOOP('',(#781));
#1516=EDGE_LOOP('',(#782));
#1517=EDGE_LOOP('',(#783));
#1518=EDGE_LOOP('',(#784));
#1519=EDGE_LOOP('',(#785));
#1520=EDGE_LOOP('',(#786));
#1521=EDGE_LOOP('',(#787));
#1522=EDGE_LOOP('',(#788));
#1523=EDGE_LOOP('',(#789));
#1524=EDGE_LOOP('',(#790));
#1525=EDGE_LOOP('',(#791));
#1526=EDGE_LOOP('',(#792));
#1527=EDGE_LOOP('',(#793));
#1528=EDGE_LOOP('',(#794));
#1529=EDGE_LOOP('',(#795));
#1530=EDGE_LOOP('',(#796,#797,#798,#799));
#1531=EDGE_LOOP('',(#800,#801,#802,#803));
#1532=EDGE_LOOP('',(#804,#805,#806,#807));
#1533=EDGE_LOOP('',(#808,#809,#810,#811,#812,#813,#814,#815,#816,#817,#818,
#819,#820,#821,#822,#823));
#1534=EDGE_LOOP('',(#824,#825,#826,#827));
#1535=EDGE_LOOP('',(#828,#829,#830,#831,#832,#833,#834,#835));
#1536=EDGE_LOOP('',(#836,#837,#838,#839));
#1537=EDGE_LOOP('',(#840,#841,#842,#843));
#1538=EDGE_LOOP('',(#844,#845,#846,#847));
#1539=EDGE_LOOP('',(#848,#849,#850,#851));
#1540=EDGE_LOOP('',(#852,#853,#854,#855,#856,#857,#858,#859,#860,#861,#862,
#863));
#1541=EDGE_LOOP('',(#864,#865,#866,#867));
#1542=EDGE_LOOP('',(#868,#869,#870,#871));
#1543=EDGE_LOOP('',(#872,#873,#874,#875));
#1544=EDGE_LOOP('',(#876,#877,#878,#879,#880,#881,#882,#883,#884,#885,#886,
#887,#888,#889,#890,#891));
#1545=EDGE_LOOP('',(#892,#893,#894,#895));
#1546=EDGE_LOOP('',(#896,#897,#898,#899,#900,#901,#902,#903));
#1547=EDGE_LOOP('',(#904,#905,#906,#907));
#1548=EDGE_LOOP('',(#908,#909,#910,#911));
#1549=EDGE_LOOP('',(#912,#913,#914,#915));
#1550=EDGE_LOOP('',(#916,#917,#918,#919));
#1551=EDGE_LOOP('',(#920,#921,#922,#923));
#1552=EDGE_LOOP('',(#924,#925,#926,#927));
#1553=EDGE_LOOP('',(#928,#929,#930,#931));
#1554=EDGE_LOOP('',(#932,#933,#934,#935));
#1555=EDGE_LOOP('',(#936,#937,#938,#939));
#1556=EDGE_LOOP('',(#940,#941,#942,#943));
#1557=EDGE_LOOP('',(#944,#945,#946,#947));
#1558=EDGE_LOOP('',(#948,#949,#950,#951));
#1559=EDGE_LOOP('',(#952,#953,#954,#955));
#1560=EDGE_LOOP('',(#956,#957,#958,#959));
#1561=EDGE_LOOP('',(#960,#961,#962,#963));
#1562=EDGE_LOOP('',(#964,#965,#966,#967));
#1563=EDGE_LOOP('',(#968,#969,#970,#971));
#1564=FACE_BOUND('',#1380,.T.);
#1565=FACE_BOUND('',#1381,.T.);
#1566=FACE_BOUND('',#1382,.T.);
#1567=FACE_BOUND('',#1383,.T.);
#1568=FACE_BOUND('',#1384,.T.);
#1569=FACE_BOUND('',#1385,.T.);
#1570=FACE_BOUND('',#1386,.T.);
#1571=FACE_BOUND('',#1387,.T.);
#1572=FACE_BOUND('',#1388,.T.);
#1573=FACE_BOUND('',#1389,.T.);
#1574=FACE_BOUND('',#1390,.T.);
#1575=FACE_BOUND('',#1391,.T.);
#1576=FACE_BOUND('',#1392,.T.);
#1577=FACE_BOUND('',#1393,.T.);
#1578=FACE_BOUND('',#1394,.T.);
#1579=FACE_BOUND('',#1395,.T.);
#1580=FACE_BOUND('',#1396,.T.);
#1581=FACE_BOUND('',#1397,.T.);
#1582=FACE_BOUND('',#1398,.T.);
#1583=FACE_BOUND('',#1399,.T.);
#1584=FACE_BOUND('',#1400,.T.);
#1585=FACE_BOUND('',#1401,.T.);
#1586=FACE_BOUND('',#1402,.T.);
#1587=FACE_BOUND('',#1403,.T.);
#1588=FACE_BOUND('',#1404,.T.);
#1589=FACE_BOUND('',#1405,.T.);
#1590=FACE_BOUND('',#1406,.T.);
#1591=FACE_BOUND('',#1407,.T.);
#1592=FACE_BOUND('',#1408,.T.);
#1593=FACE_BOUND('',#1409,.T.);
#1594=FACE_BOUND('',#1410,.T.);
#1595=FACE_BOUND('',#1411,.T.);
#1596=FACE_BOUND('',#1412,.T.);
#1597=FACE_BOUND('',#1413,.T.);
#1598=FACE_BOUND('',#1414,.T.);
#1599=FACE_BOUND('',#1415,.T.);
#1600=FACE_BOUND('',#1416,.T.);
#1601=FACE_BOUND('',#1417,.T.);
#1602=FACE_BOUND('',#1418,.T.);
#1603=FACE_BOUND('',#1419,.T.);
#1604=FACE_BOUND('',#1420,.T.);
#1605=FACE_BOUND('',#1421,.T.);
#1606=FACE_BOUND('',#1422,.T.);
#1607=FACE_BOUND('',#1423,.T.);
#1608=FACE_BOUND('',#1424,.T.);
#1609=FACE_BOUND('',#1425,.T.);
#1610=FACE_BOUND('',#1426,.T.);
#1611=FACE_BOUND('',#1427,.T.);
#1612=FACE_BOUND('',#1428,.T.);
#1613=FACE_BOUND('',#1429,.T.);
#1614=FACE_BOUND('',#1430,.T.);
#1615=FACE_BOUND('',#1431,.T.);
#1616=FACE_BOUND('',#1432,.T.);
#1617=FACE_BOUND('',#1433,.T.);
#1618=FACE_BOUND('',#1434,.T.);
#1619=FACE_BOUND('',#1435,.T.);
#1620=FACE_BOUND('',#1436,.T.);
#1621=FACE_BOUND('',#1437,.T.);
#1622=FACE_BOUND('',#1438,.T.);
#1623=FACE_BOUND('',#1439,.T.);
#1624=FACE_BOUND('',#1440,.T.);
#1625=FACE_BOUND('',#1441,.T.);
#1626=FACE_BOUND('',#1442,.T.);
#1627=FACE_BOUND('',#1443,.T.);
#1628=FACE_BOUND('',#1444,.T.);
#1629=FACE_BOUND('',#1445,.T.);
#1630=FACE_BOUND('',#1446,.T.);
#1631=FACE_BOUND('',#1447,.T.);
#1632=FACE_BOUND('',#1448,.T.);
#1633=FACE_BOUND('',#1449,.T.);
#1634=FACE_BOUND('',#1450,.T.);
#1635=FACE_BOUND('',#1451,.T.);
#1636=FACE_BOUND('',#1452,.T.);
#1637=FACE_BOUND('',#1453,.T.);
#1638=FACE_BOUND('',#1454,.T.);
#1639=FACE_BOUND('',#1455,.T.);
#1640=FACE_BOUND('',#1456,.T.);
#1641=FACE_BOUND('',#1457,.T.);
#1642=FACE_BOUND('',#1458,.T.);
#1643=FACE_BOUND('',#1459,.T.);
#1644=FACE_BOUND('',#1460,.T.);
#1645=FACE_BOUND('',#1461,.T.);
#1646=FACE_BOUND('',#1462,.T.);
#1647=FACE_BOUND('',#1463,.T.);
#1648=FACE_BOUND('',#1464,.T.);
#1649=FACE_BOUND('',#1465,.T.);
#1650=FACE_BOUND('',#1466,.T.);
#1651=FACE_BOUND('',#1467,.T.);
#1652=FACE_BOUND('',#1468,.T.);
#1653=FACE_BOUND('',#1469,.T.);
#1654=FACE_BOUND('',#1470,.T.);
#1655=FACE_BOUND('',#1471,.T.);
#1656=FACE_BOUND('',#1472,.T.);
#1657=FACE_BOUND('',#1473,.T.);
#1658=FACE_BOUND('',#1474,.T.);
#1659=FACE_BOUND('',#1475,.T.);
#1660=FACE_BOUND('',#1476,.T.);
#1661=FACE_BOUND('',#1477,.T.);
#1662=FACE_BOUND('',#1478,.T.);
#1663=FACE_BOUND('',#1479,.T.);
#1664=FACE_BOUND('',#1480,.T.);
#1665=FACE_BOUND('',#1481,.T.);
#1666=FACE_BOUND('',#1482,.T.);
#1667=FACE_BOUND('',#1483,.T.);
#1668=FACE_BOUND('',#1484,.T.);
#1669=FACE_BOUND('',#1485,.T.);
#1670=FACE_BOUND('',#1486,.T.);
#1671=FACE_BOUND('',#1487,.T.);
#1672=FACE_BOUND('',#1488,.T.);
#1673=FACE_BOUND('',#1489,.T.);
#1674=FACE_BOUND('',#1490,.T.);
#1675=FACE_BOUND('',#1491,.T.);
#1676=FACE_BOUND('',#1492,.T.);
#1677=FACE_BOUND('',#1493,.T.);
#1678=FACE_BOUND('',#1494,.T.);
#1679=FACE_BOUND('',#1495,.T.);
#1680=FACE_BOUND('',#1496,.T.);
#1681=FACE_BOUND('',#1497,.T.);
#1682=FACE_BOUND('',#1498,.T.);
#1683=FACE_BOUND('',#1499,.T.);
#1684=FACE_BOUND('',#1500,.T.);
#1685=FACE_BOUND('',#1501,.T.);
#1686=FACE_BOUND('',#1502,.T.);
#1687=FACE_BOUND('',#1503,.T.);
#1688=FACE_BOUND('',#1504,.T.);
#1689=FACE_BOUND('',#1505,.T.);
#1690=FACE_BOUND('',#1506,.T.);
#1691=FACE_BOUND('',#1507,.T.);
#1692=FACE_BOUND('',#1508,.T.);
#1693=FACE_BOUND('',#1509,.T.);
#1694=FACE_BOUND('',#1510,.T.);
#1695=FACE_BOUND('',#1511,.T.);
#1696=FACE_BOUND('',#1512,.T.);
#1697=FACE_BOUND('',#1513,.T.);
#1698=FACE_BOUND('',#1514,.T.);
#1699=FACE_BOUND('',#1515,.T.);
#1700=FACE_BOUND('',#1516,.T.);
#1701=FACE_BOUND('',#1517,.T.);
#1702=FACE_BOUND('',#1518,.T.);
#1703=FACE_BOUND('',#1519,.T.);
#1704=FACE_BOUND('',#1520,.T.);
#1705=FACE_BOUND('',#1521,.T.);
#1706=FACE_BOUND('',#1522,.T.);
#1707=FACE_BOUND('',#1523,.T.);
#1708=FACE_BOUND('',#1524,.T.);
#1709=FACE_BOUND('',#1525,.T.);
#1710=FACE_BOUND('',#1526,.T.);
#1711=FACE_BOUND('',#1527,.T.);
#1712=FACE_BOUND('',#1528,.T.);
#1713=FACE_BOUND('',#1529,.T.);
#1714=FACE_BOUND('',#1530,.T.);
#1715=FACE_BOUND('',#1531,.T.);
#1716=FACE_BOUND('',#1532,.T.);
#1717=FACE_BOUND('',#1533,.T.);
#1718=FACE_BOUND('',#1534,.T.);
#1719=FACE_BOUND('',#1535,.T.);
#1720=FACE_BOUND('',#1536,.T.);
#1721=FACE_BOUND('',#1537,.T.);
#1722=FACE_BOUND('',#1538,.T.);
#1723=FACE_BOUND('',#1539,.T.);
#1724=FACE_BOUND('',#1540,.T.);
#1725=FACE_BOUND('',#1541,.T.);
#1726=FACE_BOUND('',#1542,.T.);
#1727=FACE_BOUND('',#1543,.T.);
#1728=FACE_BOUND('',#1544,.T.);
#1729=FACE_BOUND('',#1545,.T.);
#1730=FACE_BOUND('',#1546,.T.);
#1731=FACE_BOUND('',#1547,.T.);
#1732=FACE_BOUND('',#1548,.T.);
#1733=FACE_BOUND('',#1549,.T.);
#1734=FACE_BOUND('',#1550,.T.);
#1735=FACE_BOUND('',#1551,.T.);
#1736=FACE_BOUND('',#1552,.T.);
#1737=FACE_BOUND('',#1553,.T.);
#1738=FACE_BOUND('',#1554,.T.);
#1739=FACE_BOUND('',#1555,.T.);
#1740=FACE_BOUND('',#1556,.T.);
#1741=FACE_BOUND('',#1557,.T.);
#1742=FACE_BOUND('',#1558,.T.);
#1743=FACE_BOUND('',#1559,.T.);
#1744=FACE_BOUND('',#1560,.T.);
#1745=FACE_BOUND('',#1561,.T.);
#1746=FACE_BOUND('',#1562,.T.);
#1747=FACE_BOUND('',#1563,.T.);
#1748=CYLINDRICAL_SURFACE('',#2000,0.0199999999999999);
#1749=CYLINDRICAL_SURFACE('',#2010,0.02);
#1750=CYLINDRICAL_SURFACE('',#2022,0.02);
#1751=CYLINDRICAL_SURFACE('',#2030,0.02);
#1752=CYLINDRICAL_SURFACE('',#2041,0.02);
#1753=CYLINDRICAL_SURFACE('',#2048,0.02);
#1754=CYLINDRICAL_SURFACE('',#2051,0.02);
#1755=CYLINDRICAL_SURFACE('',#2055,0.02);
#1756=CYLINDRICAL_SURFACE('',#2058,0.02);
#1757=CYLINDRICAL_SURFACE('',#2062,0.02);
#1758=CYLINDRICAL_SURFACE('',#2066,0.02);
#1759=CYLINDRICAL_SURFACE('',#2069,0.02);
#1760=CYLINDRICAL_SURFACE('',#2072,0.02);
#1761=CYLINDRICAL_SURFACE('',#2076,0.02);
#1762=CYLINDRICAL_SURFACE('',#2080,0.02);
#1763=CYLINDRICAL_SURFACE('',#2083,0.02);
#1764=CYLINDRICAL_SURFACE('',#2086,0.02);
#1765=CYLINDRICAL_SURFACE('',#2090,0.02);
#1766=CYLINDRICAL_SURFACE('',#2093,0.02);
#1767=CYLINDRICAL_SURFACE('',#2100,0.02);
#1768=CYLINDRICAL_SURFACE('',#2109,0.0199999999999999);
#1769=CYLINDRICAL_SURFACE('',#2113,0.02);
#1770=CYLINDRICAL_SURFACE('',#2114,0.02);
#1771=CYLINDRICAL_SURFACE('',#2117,0.02);
#1772=CYLINDRICAL_SURFACE('',#2120,0.02);
#1773=CYLINDRICAL_SURFACE('',#2124,0.02);
#1774=CYLINDRICAL_SURFACE('',#2128,0.02);
#1775=CYLINDRICAL_SURFACE('',#2131,0.02);
#1776=CYLINDRICAL_SURFACE('',#2134,0.02);
#1777=CYLINDRICAL_SURFACE('',#2138,0.02);
#1778=CYLINDRICAL_SURFACE('',#2142,0.02);
#1779=CYLINDRICAL_SURFACE('',#2145,0.02);
#1780=CYLINDRICAL_SURFACE('',#2148,0.02);
#1781=CYLINDRICAL_SURFACE('',#2152,0.0199999999999999);
#1782=CYLINDRICAL_SURFACE('',#2183,0.1);
#1783=CYLINDRICAL_SURFACE('',#2184,0.1);
#1784=CYLINDRICAL_SURFACE('',#2185,0.1);
#1785=CYLINDRICAL_SURFACE('',#2186,0.1);
#1786=ADVANCED_FACE('',(#1564),#1748,.F.);
#1787=ADVANCED_FACE('',(#1565),#68,.T.);
#1788=ADVANCED_FACE('',(#1566),#69,.T.);
#1789=ADVANCED_FACE('',(#1567),#70,.T.);
#1790=ADVANCED_FACE('',(#1568),#71,.T.);
#1791=ADVANCED_FACE('',(#1569),#72,.T.);
#1792=ADVANCED_FACE('',(#1570),#73,.T.);
#1793=ADVANCED_FACE('',(#1571),#74,.F.);
#1794=ADVANCED_FACE('',(#1572),#1749,.F.);
#1795=ADVANCED_FACE('',(#1573),#75,.T.);
#1796=ADVANCED_FACE('',(#1574),#76,.F.);
#1797=ADVANCED_FACE('',(#1575),#77,.F.);
#1798=ADVANCED_FACE('',(#1576),#78,.F.);
#1799=ADVANCED_FACE('',(#1577),#79,.F.);
#1800=ADVANCED_FACE('',(#1578),#80,.F.);
#1801=ADVANCED_FACE('',(#1579),#81,.T.);
#1802=ADVANCED_FACE('',(#1580),#82,.T.);
#1803=ADVANCED_FACE('',(#1581),#1750,.F.);
#1804=ADVANCED_FACE('',(#1582),#83,.T.);
#1805=ADVANCED_FACE('',(#1583),#84,.T.);
#1806=ADVANCED_FACE('',(#1584),#85,.T.);
#1807=ADVANCED_FACE('',(#1585),#86,.T.);
#1808=ADVANCED_FACE('',(#1586),#87,.T.);
#1809=ADVANCED_FACE('',(#1587),#88,.F.);
#1810=ADVANCED_FACE('',(#1588),#1751,.F.);
#1811=ADVANCED_FACE('',(#1589),#89,.T.);
#1812=ADVANCED_FACE('',(#1590),#90,.F.);
#1813=ADVANCED_FACE('',(#1591),#91,.F.);
#1814=ADVANCED_FACE('',(#1592),#92,.F.);
#1815=ADVANCED_FACE('',(#1593),#93,.F.);
#1816=ADVANCED_FACE('',(#1594),#94,.F.);
#1817=ADVANCED_FACE('',(#1595),#95,.T.);
#1818=ADVANCED_FACE('',(#1596),#1752,.T.);
#1819=ADVANCED_FACE('',(#1597),#96,.F.);
#1820=ADVANCED_FACE('',(#1598,#1599),#34,.T.);
#1821=ADVANCED_FACE('',(#1600,#1601),#1753,.T.);
#1822=ADVANCED_FACE('',(#1602,#1603),#35,.T.);
#1823=ADVANCED_FACE('',(#1604,#1605),#1754,.T.);
#1824=ADVANCED_FACE('',(#1606,#1607),#18,.F.);
#1825=ADVANCED_FACE('',(#1608,#1609),#1755,.T.);
#1826=ADVANCED_FACE('',(#1610,#1611),#19,.F.);
#1827=ADVANCED_FACE('',(#1612,#1613),#1756,.T.);
#1828=ADVANCED_FACE('',(#1614,#1615),#36,.T.);
#1829=ADVANCED_FACE('',(#1616,#1617),#1757,.T.);
#1830=ADVANCED_FACE('',(#1618,#1619),#37,.T.);
#1831=ADVANCED_FACE('',(#1620,#1621),#1758,.T.);
#1832=ADVANCED_FACE('',(#1622,#1623),#20,.F.);
#1833=ADVANCED_FACE('',(#1624,#1625),#1759,.T.);
#1834=ADVANCED_FACE('',(#1626,#1627),#21,.F.);
#1835=ADVANCED_FACE('',(#1628,#1629),#1760,.T.);
#1836=ADVANCED_FACE('',(#1630,#1631),#38,.T.);
#1837=ADVANCED_FACE('',(#1632,#1633),#1761,.T.);
#1838=ADVANCED_FACE('',(#1634,#1635),#39,.T.);
#1839=ADVANCED_FACE('',(#1636,#1637),#1762,.T.);
#1840=ADVANCED_FACE('',(#1638,#1639),#22,.F.);
#1841=ADVANCED_FACE('',(#1640,#1641),#1763,.T.);
#1842=ADVANCED_FACE('',(#1642,#1643),#23,.F.);
#1843=ADVANCED_FACE('',(#1644,#1645),#1764,.T.);
#1844=ADVANCED_FACE('',(#1646,#1647),#40,.T.);
#1845=ADVANCED_FACE('',(#1648,#1649),#1765,.T.);
#1846=ADVANCED_FACE('',(#1650,#1651),#41,.T.);
#1847=ADVANCED_FACE('',(#1652),#1766,.T.);
#1848=ADVANCED_FACE('',(#1653),#97,.F.);
#1849=ADVANCED_FACE('',(#1654),#98,.F.);
#1850=ADVANCED_FACE('',(#1655),#99,.F.);
#1851=ADVANCED_FACE('',(#1656),#100,.F.);
#1852=ADVANCED_FACE('',(#1657),#1767,.T.);
#1853=ADVANCED_FACE('',(#1658,#1659),#42,.T.);
#1854=ADVANCED_FACE('',(#1660,#1661),#43,.T.);
#1855=ADVANCED_FACE('',(#1662),#101,.F.);
#1856=ADVANCED_FACE('',(#1663),#1768,.T.);
#1857=ADVANCED_FACE('',(#1664,#1665),#44,.T.);
#1858=ADVANCED_FACE('',(#1666,#1667),#1769,.T.);
#1859=ADVANCED_FACE('',(#1668,#1669),#1770,.T.);
#1860=ADVANCED_FACE('',(#1670,#1671),#24,.T.);
#1861=ADVANCED_FACE('',(#1672,#1673),#1771,.T.);
#1862=ADVANCED_FACE('',(#1674,#1675),#25,.T.);
#1863=ADVANCED_FACE('',(#1676,#1677),#1772,.T.);
#1864=ADVANCED_FACE('',(#1678,#1679),#45,.T.);
#1865=ADVANCED_FACE('',(#1680,#1681),#1773,.T.);
#1866=ADVANCED_FACE('',(#1682,#1683),#46,.T.);
#1867=ADVANCED_FACE('',(#1684,#1685),#1774,.T.);
#1868=ADVANCED_FACE('',(#1686,#1687),#26,.T.);
#1869=ADVANCED_FACE('',(#1688,#1689),#1775,.T.);
#1870=ADVANCED_FACE('',(#1690,#1691),#27,.T.);
#1871=ADVANCED_FACE('',(#1692,#1693),#1776,.T.);
#1872=ADVANCED_FACE('',(#1694,#1695),#47,.T.);
#1873=ADVANCED_FACE('',(#1696,#1697),#1777,.T.);
#1874=ADVANCED_FACE('',(#1698,#1699),#48,.T.);
#1875=ADVANCED_FACE('',(#1700,#1701),#1778,.T.);
#1876=ADVANCED_FACE('',(#1702,#1703),#28,.T.);
#1877=ADVANCED_FACE('',(#1704,#1705),#1779,.T.);
#1878=ADVANCED_FACE('',(#1706,#1707),#29,.T.);
#1879=ADVANCED_FACE('',(#1708,#1709),#1780,.T.);
#1880=ADVANCED_FACE('',(#1710,#1711),#49,.T.);
#1881=ADVANCED_FACE('',(#1712,#1713),#1781,.T.);
#1882=ADVANCED_FACE('',(#1714),#102,.T.);
#1883=ADVANCED_FACE('',(#1715),#103,.T.);
#1884=ADVANCED_FACE('',(#1716),#104,.F.);
#1885=ADVANCED_FACE('',(#1717),#105,.F.);
#1886=ADVANCED_FACE('',(#1718),#106,.F.);
#1887=ADVANCED_FACE('',(#1719),#107,.F.);
#1888=ADVANCED_FACE('',(#1720),#108,.F.);
#1889=ADVANCED_FACE('',(#1721),#109,.F.);
#1890=ADVANCED_FACE('',(#1722),#110,.F.);
#1891=ADVANCED_FACE('',(#1723),#111,.F.);
#1892=ADVANCED_FACE('',(#1724),#112,.F.);
#1893=ADVANCED_FACE('',(#1725),#113,.T.);
#1894=ADVANCED_FACE('',(#1726),#114,.T.);
#1895=ADVANCED_FACE('',(#1727),#115,.T.);
#1896=ADVANCED_FACE('',(#1728),#116,.F.);
#1897=ADVANCED_FACE('',(#1729),#117,.F.);
#1898=ADVANCED_FACE('',(#1730),#118,.F.);
#1899=ADVANCED_FACE('',(#1731),#119,.F.);
#1900=ADVANCED_FACE('',(#1732),#120,.F.);
#1901=ADVANCED_FACE('',(#1733),#121,.T.);
#1902=ADVANCED_FACE('',(#1734),#122,.T.);
#1903=ADVANCED_FACE('',(#1735),#123,.T.);
#1904=ADVANCED_FACE('',(#1736),#1782,.T.);
#1905=ADVANCED_FACE('',(#1737),#1783,.T.);
#1906=ADVANCED_FACE('',(#1738),#1784,.T.);
#1907=ADVANCED_FACE('',(#1739),#1785,.T.);
#1908=ADVANCED_FACE('',(#1740),#124,.T.);
#1909=ADVANCED_FACE('',(#1741),#125,.F.);
#1910=ADVANCED_FACE('',(#1742),#126,.F.);
#1911=ADVANCED_FACE('',(#1743),#127,.F.);
#1912=ADVANCED_FACE('',(#1744),#128,.F.);
#1913=ADVANCED_FACE('',(#1745),#129,.F.);
#1914=ADVANCED_FACE('',(#1746),#130,.T.);
#1915=ADVANCED_FACE('',(#1747),#131,.F.);
#1916=CLOSED_SHELL('',(#1786,#1787,#1788,#1789,#1790,#1791,#1792,#1793));
#1917=CLOSED_SHELL('',(#1794,#1795,#1796,#1797,#1798,#1799,#1800,#1801));
#1918=CLOSED_SHELL('',(#1802,#1803,#1804,#1805,#1806,#1807,#1808,#1809));
#1919=CLOSED_SHELL('',(#1810,#1811,#1812,#1813,#1814,#1815,#1816,#1817));
#1920=CLOSED_SHELL('',(#1818,#1819,#1820,#1821,#1822,#1823,#1824,#1825,
#1826,#1827,#1828,#1829,#1830,#1831,#1832,#1833,#1834,#1835,#1836,#1837,
#1838,#1839,#1840,#1841,#1842,#1843,#1844,#1845,#1846,#1847,#1848,#1849,
#1850));
#1921=CLOSED_SHELL('',(#1851,#1852,#1853,#1854,#1855,#1856,#1857,#1858,
#1859,#1860,#1861,#1862,#1863,#1864,#1865,#1866,#1867,#1868,#1869,#1870,
#1871,#1872,#1873,#1874,#1875,#1876,#1877,#1878,#1879,#1880,#1881,#1882,
#1883));
#1922=CLOSED_SHELL('',(#1884,#1885,#1886,#1887,#1888,#1889,#1890,#1891,
#1892,#1893,#1894,#1895,#1896,#1897,#1898,#1899,#1900,#1901,#1902,#1903,
#1904,#1905,#1906,#1907,#1908,#1909));
#1923=CLOSED_SHELL('',(#1910,#1911,#1912,#1913,#1914,#1915));
#1924=STYLED_ITEM('',(#1932),#1983);
#1925=STYLED_ITEM('',(#1933),#1984);
#1926=STYLED_ITEM('',(#1934),#1985);
#1927=STYLED_ITEM('',(#1935),#1986);
#1928=STYLED_ITEM('',(#1936),#1987);
#1929=STYLED_ITEM('',(#1937),#1988);
#1930=STYLED_ITEM('',(#1938),#1989);
#1931=STYLED_ITEM('',(#1939),#1990);
#1932=PRESENTATION_STYLE_ASSIGNMENT((#1940));
#1933=PRESENTATION_STYLE_ASSIGNMENT((#1941));
#1934=PRESENTATION_STYLE_ASSIGNMENT((#1942));
#1935=PRESENTATION_STYLE_ASSIGNMENT((#1943));
#1936=PRESENTATION_STYLE_ASSIGNMENT((#1944));
#1937=PRESENTATION_STYLE_ASSIGNMENT((#1945));
#1938=PRESENTATION_STYLE_ASSIGNMENT((#1946));
#1939=PRESENTATION_STYLE_ASSIGNMENT((#1947));
#1940=SURFACE_STYLE_USAGE(.BOTH.,#1948);
#1941=SURFACE_STYLE_USAGE(.BOTH.,#1949);
#1942=SURFACE_STYLE_USAGE(.BOTH.,#1950);
#1943=SURFACE_STYLE_USAGE(.BOTH.,#1951);
#1944=SURFACE_STYLE_USAGE(.BOTH.,#1952);
#1945=SURFACE_STYLE_USAGE(.BOTH.,#1953);
#1946=SURFACE_STYLE_USAGE(.BOTH.,#1954);
#1947=SURFACE_STYLE_USAGE(.BOTH.,#1955);
#1948=SURFACE_SIDE_STYLE('',(#1956));
#1949=SURFACE_SIDE_STYLE('',(#1957));
#1950=SURFACE_SIDE_STYLE('',(#1958));
#1951=SURFACE_SIDE_STYLE('',(#1959));
#1952=SURFACE_SIDE_STYLE('',(#1960));
#1953=SURFACE_SIDE_STYLE('',(#1961));
#1954=SURFACE_SIDE_STYLE('',(#1962));
#1955=SURFACE_SIDE_STYLE('',(#1963));
#1956=SURFACE_STYLE_FILL_AREA(#1964);
#1957=SURFACE_STYLE_FILL_AREA(#1965);
#1958=SURFACE_STYLE_FILL_AREA(#1966);
#1959=SURFACE_STYLE_FILL_AREA(#1967);
#1960=SURFACE_STYLE_FILL_AREA(#1968);
#1961=SURFACE_STYLE_FILL_AREA(#1969);
#1962=SURFACE_STYLE_FILL_AREA(#1970);
#1963=SURFACE_STYLE_FILL_AREA(#1971);
#1964=FILL_AREA_STYLE('',(#1972));
#1965=FILL_AREA_STYLE('',(#1973));
#1966=FILL_AREA_STYLE('',(#1974));
#1967=FILL_AREA_STYLE('',(#1975));
#1968=FILL_AREA_STYLE('',(#1976));
#1969=FILL_AREA_STYLE('',(#1977));
#1970=FILL_AREA_STYLE('',(#1978));
#1971=FILL_AREA_STYLE('',(#1979));
#1972=FILL_AREA_STYLE_COLOUR('',#1980);
#1973=FILL_AREA_STYLE_COLOUR('',#1980);
#1974=FILL_AREA_STYLE_COLOUR('',#1980);
#1975=FILL_AREA_STYLE_COLOUR('',#1980);
#1976=FILL_AREA_STYLE_COLOUR('',#1981);
#1977=FILL_AREA_STYLE_COLOUR('',#1981);
#1978=FILL_AREA_STYLE_COLOUR('',#1982);
#1979=FILL_AREA_STYLE_COLOUR('',#1982);
#1980=COLOUR_RGB('',0.5,0.5,0.5);
#1981=COLOUR_RGB('',0.550000011920929,0.311243504285812,0.21841649711132);
#1982=COLOUR_RGB('',0.200000002980232,0.200000002980232,0.200000002980232);
#1983=MANIFOLD_SOLID_BREP('',#1916);
#1984=MANIFOLD_SOLID_BREP('',#1917);
#1985=MANIFOLD_SOLID_BREP('',#1918);
#1986=MANIFOLD_SOLID_BREP('',#1919);
#1987=MANIFOLD_SOLID_BREP('',#1920);
#1988=MANIFOLD_SOLID_BREP('',#1921);
#1989=MANIFOLD_SOLID_BREP('',#1922);
#1990=MANIFOLD_SOLID_BREP('',#1923);
#1991=SHAPE_DEFINITION_REPRESENTATION(#4480,#1995);
#1992=SHAPE_DEFINITION_REPRESENTATION(#4479,#1996);
#1993=SHAPE_DEFINITION_REPRESENTATION(#4482,#1997);
#1994=SHAPE_DEFINITION_REPRESENTATION(#4484,#1998);
#1995=SHAPE_REPRESENTATION('solder contacts',(#1999),#4469);
#1996=SHAPE_REPRESENTATION('7442335xxx_0504H',(#1999,#2040,#2189,#2196),
#4468);
#1997=SHAPE_REPRESENTATION('core',(#1999),#4470);
#1998=SHAPE_REPRESENTATION('Ferrite',(#1999),#4471);
#1999=AXIS2_PLACEMENT_3D('',#2745,#2197,#2198);
#2000=AXIS2_PLACEMENT_3D('',#2746,#2199,#2200);
#2001=AXIS2_PLACEMENT_3D('',#2747,#2201,#2202);
#2002=AXIS2_PLACEMENT_3D('',#2752,#2204,#2205);
#2003=AXIS2_PLACEMENT_3D('',#2755,#2207,#2208);
#2004=AXIS2_PLACEMENT_3D('',#2757,#2210,#2211);
#2005=AXIS2_PLACEMENT_3D('',#2766,#2216,#2217);
#2006=AXIS2_PLACEMENT_3D('',#2772,#2221,#2222);
#2007=AXIS2_PLACEMENT_3D('',#2778,#2226,#2227);
#2008=AXIS2_PLACEMENT_3D('',#2782,#2231,#2232);
#2009=AXIS2_PLACEMENT_3D('',#2783,#2233,#2234);
#2010=AXIS2_PLACEMENT_3D('',#2784,#2235,#2236);
#2011=AXIS2_PLACEMENT_3D('',#2788,#2238,#2239);
#2012=AXIS2_PLACEMENT_3D('',#2792,#2241,#2242);
#2013=AXIS2_PLACEMENT_3D('',#2793,#2243,#2244);
#2014=AXIS2_PLACEMENT_3D('',#2795,#2246,#2247);
#2015=AXIS2_PLACEMENT_3D('',#2804,#2252,#2253);
#2016=AXIS2_PLACEMENT_3D('',#2810,#2257,#2258);
#2017=AXIS2_PLACEMENT_3D('',#2816,#2262,#2263);
#2018=AXIS2_PLACEMENT_3D('',#2820,#2267,#2268);
#2019=AXIS2_PLACEMENT_3D('',#2821,#2269,#2270);
#2020=AXIS2_PLACEMENT_3D('',#2822,#2271,#2272);
#2021=AXIS2_PLACEMENT_3D('',#2823,#2273,#2274);
#2022=AXIS2_PLACEMENT_3D('',#2827,#2276,#2277);
#2023=AXIS2_PLACEMENT_3D('',#2828,#2278,#2279);
#2024=AXIS2_PLACEMENT_3D('',#2833,#2282,#2283);
#2025=AXIS2_PLACEMENT_3D('',#2842,#2288,#2289);
#2026=AXIS2_PLACEMENT_3D('',#2848,#2293,#2294);
#2027=AXIS2_PLACEMENT_3D('',#2854,#2298,#2299);
#2028=AXIS2_PLACEMENT_3D('',#2858,#2303,#2304);
#2029=AXIS2_PLACEMENT_3D('',#2859,#2305,#2306);
#2030=AXIS2_PLACEMENT_3D('',#2860,#2307,#2308);
#2031=AXIS2_PLACEMENT_3D('',#2864,#2310,#2311);
#2032=AXIS2_PLACEMENT_3D('',#2868,#2313,#2314);
#2033=AXIS2_PLACEMENT_3D('',#2869,#2315,#2316);
#2034=AXIS2_PLACEMENT_3D('',#2871,#2318,#2319);
#2035=AXIS2_PLACEMENT_3D('',#2880,#2324,#2325);
#2036=AXIS2_PLACEMENT_3D('',#2886,#2329,#2330);
#2037=AXIS2_PLACEMENT_3D('',#2892,#2334,#2335);
#2038=AXIS2_PLACEMENT_3D('',#2896,#2339,#2340);
#2039=AXIS2_PLACEMENT_3D('',#2897,#2341,#2342);
#2040=AXIS2_PLACEMENT_3D('',#2898,#2343,#2344);
#2041=AXIS2_PLACEMENT_3D('',#2899,#2345,#2346);
#2042=AXIS2_PLACEMENT_3D('',#2903,#2348,#2349);
#2043=AXIS2_PLACEMENT_3D('',#2907,#2351,#2352);
#2044=AXIS2_PLACEMENT_3D('',#2908,#2353,#2354);
#2045=AXIS2_PLACEMENT_3D('',#2910,#2356,#2357);
#2046=AXIS2_PLACEMENT_3D('',#2911,#2358,#2359);
#2047=AXIS2_PLACEMENT_3D('',#2913,#2360,#2361);
#2048=AXIS2_PLACEMENT_3D('',#2915,#2362,#2363);
#2049=AXIS2_PLACEMENT_3D('',#2916,#2364,#2365);
#2050=AXIS2_PLACEMENT_3D('',#2918,#2366,#2367);
#2051=AXIS2_PLACEMENT_3D('',#2926,#2368,#2369);
#2052=AXIS2_PLACEMENT_3D('',#2927,#2370,#2371);
#2053=AXIS2_PLACEMENT_3D('',#2929,#2372,#2373);
#2054=AXIS2_PLACEMENT_3D('',#3029,#2374,#2375);
#2055=AXIS2_PLACEMENT_3D('',#3031,#2376,#2377);
#2056=AXIS2_PLACEMENT_3D('',#3032,#2378,#2379);
#2057=AXIS2_PLACEMENT_3D('',#3132,#2380,#2381);
#2058=AXIS2_PLACEMENT_3D('',#3134,#2382,#2383);
#2059=AXIS2_PLACEMENT_3D('',#3135,#2384,#2385);
#2060=AXIS2_PLACEMENT_3D('',#3137,#2386,#2387);
#2061=AXIS2_PLACEMENT_3D('',#3138,#2388,#2389);
#2062=AXIS2_PLACEMENT_3D('',#3140,#2390,#2391);
#2063=AXIS2_PLACEMENT_3D('',#3141,#2392,#2393);
#2064=AXIS2_PLACEMENT_3D('',#3143,#2394,#2395);
#2065=AXIS2_PLACEMENT_3D('',#3144,#2396,#2397);
#2066=AXIS2_PLACEMENT_3D('',#3146,#2398,#2399);
#2067=AXIS2_PLACEMENT_3D('',#3147,#2400,#2401);
#2068=AXIS2_PLACEMENT_3D('',#3247,#2402,#2403);
#2069=AXIS2_PLACEMENT_3D('',#3249,#2404,#2405);
#2070=AXIS2_PLACEMENT_3D('',#3250,#2406,#2407);
#2071=AXIS2_PLACEMENT_3D('',#3350,#2408,#2409);
#2072=AXIS2_PLACEMENT_3D('',#3352,#2410,#2411);
#2073=AXIS2_PLACEMENT_3D('',#3353,#2412,#2413);
#2074=AXIS2_PLACEMENT_3D('',#3355,#2414,#2415);
#2075=AXIS2_PLACEMENT_3D('',#3356,#2416,#2417);
#2076=AXIS2_PLACEMENT_3D('',#3358,#2418,#2419);
#2077=AXIS2_PLACEMENT_3D('',#3359,#2420,#2421);
#2078=AXIS2_PLACEMENT_3D('',#3361,#2422,#2423);
#2079=AXIS2_PLACEMENT_3D('',#3362,#2424,#2425);
#2080=AXIS2_PLACEMENT_3D('',#3364,#2426,#2427);
#2081=AXIS2_PLACEMENT_3D('',#3365,#2428,#2429);
#2082=AXIS2_PLACEMENT_3D('',#3465,#2430,#2431);
#2083=AXIS2_PLACEMENT_3D('',#3467,#2432,#2433);
#2084=AXIS2_PLACEMENT_3D('',#3468,#2434,#2435);
#2085=AXIS2_PLACEMENT_3D('',#3568,#2436,#2437);
#2086=AXIS2_PLACEMENT_3D('',#3570,#2438,#2439);
#2087=AXIS2_PLACEMENT_3D('',#3571,#2440,#2441);
#2088=AXIS2_PLACEMENT_3D('',#3572,#2442,#2443);
#2089=AXIS2_PLACEMENT_3D('',#3580,#2444,#2445);
#2090=AXIS2_PLACEMENT_3D('',#3582,#2446,#2447);
#2091=AXIS2_PLACEMENT_3D('',#3583,#2448,#2449);
#2092=AXIS2_PLACEMENT_3D('',#3585,#2450,#2451);
#2093=AXIS2_PLACEMENT_3D('',#3586,#2452,#2453);
#2094=AXIS2_PLACEMENT_3D('',#3589,#2455,#2456);
#2095=AXIS2_PLACEMENT_3D('',#3592,#2458,#2459);
#2096=AXIS2_PLACEMENT_3D('',#3594,#2461,#2462);
#2097=AXIS2_PLACEMENT_3D('',#3595,#2463,#2464);
#2098=AXIS2_PLACEMENT_3D('',#3596,#2465,#2466);
#2099=AXIS2_PLACEMENT_3D('',#3600,#2468,#2469);
#2100=AXIS2_PLACEMENT_3D('',#3601,#2470,#2471);
#2101=AXIS2_PLACEMENT_3D('',#3604,#2473,#2474);
#2102=AXIS2_PLACEMENT_3D('',#3607,#2476,#2477);
#2103=AXIS2_PLACEMENT_3D('',#3608,#2478,#2479);
#2104=AXIS2_PLACEMENT_3D('',#3617,#2480,#2481);
#2105=AXIS2_PLACEMENT_3D('',#3618,#2482,#2483);
#2106=AXIS2_PLACEMENT_3D('',#3620,#2484,#2485);
#2107=AXIS2_PLACEMENT_3D('',#3628,#2486,#2487);
#2108=AXIS2_PLACEMENT_3D('',#3632,#2489,#2490);
#2109=AXIS2_PLACEMENT_3D('',#3633,#2491,#2492);
#2110=AXIS2_PLACEMENT_3D('',#3636,#2495,#2496);
#2111=AXIS2_PLACEMENT_3D('',#3637,#2497,#2498);
#2112=AXIS2_PLACEMENT_3D('',#3639,#2499,#2500);
#2113=AXIS2_PLACEMENT_3D('',#3641,#2501,#2502);
#2114=AXIS2_PLACEMENT_3D('',#3642,#2503,#2504);
#2115=AXIS2_PLACEMENT_3D('',#3643,#2505,#2506);
#2116=AXIS2_PLACEMENT_3D('',#3743,#2507,#2508);
#2117=AXIS2_PLACEMENT_3D('',#3745,#2509,#2510);
#2118=AXIS2_PLACEMENT_3D('',#3746,#2511,#2512);
#2119=AXIS2_PLACEMENT_3D('',#3846,#2513,#2514);
#2120=AXIS2_PLACEMENT_3D('',#3848,#2515,#2516);
#2121=AXIS2_PLACEMENT_3D('',#3849,#2517,#2518);
#2122=AXIS2_PLACEMENT_3D('',#3851,#2519,#2520);
#2123=AXIS2_PLACEMENT_3D('',#3852,#2521,#2522);
#2124=AXIS2_PLACEMENT_3D('',#3854,#2523,#2524);
#2125=AXIS2_PLACEMENT_3D('',#3855,#2525,#2526);
#2126=AXIS2_PLACEMENT_3D('',#3857,#2527,#2528);
#2127=AXIS2_PLACEMENT_3D('',#3858,#2529,#2530);
#2128=AXIS2_PLACEMENT_3D('',#3860,#2531,#2532);
#2129=AXIS2_PLACEMENT_3D('',#3861,#2533,#2534);
#2130=AXIS2_PLACEMENT_3D('',#3961,#2535,#2536);
#2131=AXIS2_PLACEMENT_3D('',#3963,#2537,#2538);
#2132=AXIS2_PLACEMENT_3D('',#3964,#2539,#2540);
#2133=AXIS2_PLACEMENT_3D('',#4064,#2541,#2542);
#2134=AXIS2_PLACEMENT_3D('',#4066,#2543,#2544);
#2135=AXIS2_PLACEMENT_3D('',#4067,#2545,#2546);
#2136=AXIS2_PLACEMENT_3D('',#4069,#2547,#2548);
#2137=AXIS2_PLACEMENT_3D('',#4070,#2549,#2550);
#2138=AXIS2_PLACEMENT_3D('',#4072,#2551,#2552);
#2139=AXIS2_PLACEMENT_3D('',#4073,#2553,#2554);
#2140=AXIS2_PLACEMENT_3D('',#4075,#2555,#2556);
#2141=AXIS2_PLACEMENT_3D('',#4076,#2557,#2558);
#2142=AXIS2_PLACEMENT_3D('',#4078,#2559,#2560);
#2143=AXIS2_PLACEMENT_3D('',#4079,#2561,#2562);
#2144=AXIS2_PLACEMENT_3D('',#4179,#2563,#2564);
#2145=AXIS2_PLACEMENT_3D('',#4181,#2565,#2566);
#2146=AXIS2_PLACEMENT_3D('',#4182,#2567,#2568);
#2147=AXIS2_PLACEMENT_3D('',#4282,#2569,#2570);
#2148=AXIS2_PLACEMENT_3D('',#4284,#2571,#2572);
#2149=AXIS2_PLACEMENT_3D('',#4285,#2573,#2574);
#2150=AXIS2_PLACEMENT_3D('',#4287,#2575,#2576);
#2151=AXIS2_PLACEMENT_3D('',#4288,#2577,#2578);
#2152=AXIS2_PLACEMENT_3D('',#4290,#2579,#2580);
#2153=AXIS2_PLACEMENT_3D('',#4291,#2581,#2582);
#2154=AXIS2_PLACEMENT_3D('',#4292,#2583,#2584);
#2155=AXIS2_PLACEMENT_3D('',#4293,#2585,#2586);
#2156=AXIS2_PLACEMENT_3D('',#4302,#2591,#2592);
#2157=AXIS2_PLACEMENT_3D('',#4312,#2597,#2598);
#2158=AXIS2_PLACEMENT_3D('',#4316,#2600,#2601);
#2159=AXIS2_PLACEMENT_3D('',#4317,#2602,#2603);
#2160=AXIS2_PLACEMENT_3D('',#4321,#2605,#2606);
#2161=AXIS2_PLACEMENT_3D('',#4332,#2612,#2613);
#2162=AXIS2_PLACEMENT_3D('',#4338,#2617,#2618);
#2163=AXIS2_PLACEMENT_3D('',#4352,#2626,#2627);
#2164=AXIS2_PLACEMENT_3D('',#4355,#2630,#2631);
#2165=AXIS2_PLACEMENT_3D('',#4356,#2632,#2633);
#2166=AXIS2_PLACEMENT_3D('',#4362,#2637,#2638);
#2167=AXIS2_PLACEMENT_3D('',#4368,#2642,#2643);
#2168=AXIS2_PLACEMENT_3D('',#4383,#2652,#2653);
#2169=AXIS2_PLACEMENT_3D('',#4385,#2655,#2656);
#2170=AXIS2_PLACEMENT_3D('',#4388,#2659,#2660);
#2171=AXIS2_PLACEMENT_3D('',#4389,#2661,#2662);
#2172=AXIS2_PLACEMENT_3D('',#4390,#2663,#2664);
#2173=AXIS2_PLACEMENT_3D('',#4391,#2665,#2666);
#2174=AXIS2_PLACEMENT_3D('',#4392,#2667,#2668);
#2175=AXIS2_PLACEMENT_3D('',#4406,#2676,#2677);
#2176=AXIS2_PLACEMENT_3D('',#4407,#2678,#2679);
#2177=AXIS2_PLACEMENT_3D('',#4411,#2682,#2683);
#2178=AXIS2_PLACEMENT_3D('',#4423,#2690,#2691);
#2179=AXIS2_PLACEMENT_3D('',#4426,#2694,#2695);
#2180=AXIS2_PLACEMENT_3D('',#4427,#2696,#2697);
#2181=AXIS2_PLACEMENT_3D('',#4429,#2699,#2700);
#2182=AXIS2_PLACEMENT_3D('',#4432,#2703,#2704);
#2183=AXIS2_PLACEMENT_3D('',#4433,#2705,#2706);
#2184=AXIS2_PLACEMENT_3D('',#4434,#2707,#2708);
#2185=AXIS2_PLACEMENT_3D('',#4435,#2709,#2710);
#2186=AXIS2_PLACEMENT_3D('',#4436,#2711,#2712);
#2187=AXIS2_PLACEMENT_3D('',#4437,#2713,#2714);
#2188=AXIS2_PLACEMENT_3D('',#4438,#2715,#2716);
#2189=AXIS2_PLACEMENT_3D('',#4439,#2717,#2718);
#2190=AXIS2_PLACEMENT_3D('',#4440,#2719,#2720);
#2191=AXIS2_PLACEMENT_3D('',#4449,#2725,#2726);
#2192=AXIS2_PLACEMENT_3D('',#4455,#2730,#2731);
#2193=AXIS2_PLACEMENT_3D('',#4461,#2735,#2736);
#2194=AXIS2_PLACEMENT_3D('',#4464,#2739,#2740);
#2195=AXIS2_PLACEMENT_3D('',#4465,#2741,#2742);
#2196=AXIS2_PLACEMENT_3D('',#4466,#2743,#2744);
#2197=DIRECTION('',(0.,0.,1.));
#2198=DIRECTION('',(1.,0.,0.));
#2199=DIRECTION('',(0.707106781186548,0.707106781186548,0.));
#2200=DIRECTION('',(-0.707106781186548,0.707106781186548,0.));
#2201=DIRECTION('',(-1.,-3.09772049281572E-16,0.));
#2202=DIRECTION('',(-3.09772049281572E-16,1.,0.));
#2203=DIRECTION('',(0.707106781186548,0.707106781186548,0.));
#2204=DIRECTION('',(-0.707106781186548,-0.707106781186548,0.));
#2205=DIRECTION('',(0.707106781186547,-0.707106781186547,0.));
#2206=DIRECTION('',(0.707106781186548,0.707106781186548,0.));
#2207=DIRECTION('',(-0.707106781186548,-0.707106781186548,0.));
#2208=DIRECTION('',(0.707106781186548,-0.707106781186548,0.));
#2209=DIRECTION('',(-0.707106781186548,0.707106781186548,0.));
#2210=DIRECTION('',(0.,-1.,0.));
#2211=DIRECTION('',(0.,0.,-1.));
#2212=DIRECTION('',(-1.,0.,0.));
#2213=DIRECTION('',(0.,0.,-1.));
#2214=DIRECTION('',(-1.,0.,0.));
#2215=DIRECTION('',(0.,0.,-1.));
#2216=DIRECTION('',(1.,0.,0.));
#2217=DIRECTION('',(0.,0.,-1.));
#2218=DIRECTION('',(0.,-1.,0.));
#2219=DIRECTION('',(0.,0.,-1.));
#2220=DIRECTION('',(0.,-1.,0.));
#2221=DIRECTION('',(4.64658073922358E-16,1.,0.));
#2222=DIRECTION('',(-1.,4.64658073922358E-16,0.));
#2223=DIRECTION('',(1.,-4.64658073922358E-16,0.));
#2224=DIRECTION('',(0.,0.,-1.));
#2225=DIRECTION('',(1.,-4.64658073922358E-16,0.));
#2226=DIRECTION('',(-1.,-3.09772049281572E-16,0.));
#2227=DIRECTION('',(3.09772049281572E-16,-1.,0.));
#2228=DIRECTION('',(-3.09772049281572E-16,1.,0.));
#2229=DIRECTION('',(-3.09772049281572E-16,1.,0.));
#2230=DIRECTION('',(-3.09772049281572E-16,1.,0.));
#2231=DIRECTION('',(0.,0.,-1.));
#2232=DIRECTION('',(-1.,0.,0.));
#2233=DIRECTION('',(0.,0.,-1.));
#2234=DIRECTION('',(-1.,0.,0.));
#2235=DIRECTION('',(0.342020143325669,0.939692620785908,0.));
#2236=DIRECTION('',(-0.939692620785909,0.342020143325669,0.));
#2237=DIRECTION('',(0.342020143325669,0.939692620785908,0.));
#2238=DIRECTION('',(-0.342020143325668,-0.939692620785909,0.));
#2239=DIRECTION('',(0.939692620785908,-0.342020143325668,0.));
#2240=DIRECTION('',(0.342020143325669,0.939692620785908,0.));
#2241=DIRECTION('',(-4.64658073922358E-16,1.,0.));
#2242=DIRECTION('',(1.,4.64658073922358E-16,0.));
#2243=DIRECTION('',(-0.342020143325668,-0.939692620785909,0.));
#2244=DIRECTION('',(0.939692620785909,-0.342020143325668,0.));
#2245=DIRECTION('',(0.939692620785909,-0.342020143325668,0.));
#2246=DIRECTION('',(-1.,0.,0.));
#2247=DIRECTION('',(0.,0.,1.));
#2248=DIRECTION('',(0.,1.,0.));
#2249=DIRECTION('',(0.,0.,-1.));
#2250=DIRECTION('',(0.,1.,0.));
#2251=DIRECTION('',(0.,0.,-1.));
#2252=DIRECTION('',(0.,-1.,0.));
#2253=DIRECTION('',(0.,0.,-1.));
#2254=DIRECTION('',(-1.,0.,0.));
#2255=DIRECTION('',(0.,0.,-1.));
#2256=DIRECTION('',(-1.,0.,0.));
#2257=DIRECTION('',(1.,-3.09772049281572E-16,0.));
#2258=DIRECTION('',(3.09772049281572E-16,1.,0.));
#2259=DIRECTION('',(-3.09772049281572E-16,-1.,0.));
#2260=DIRECTION('',(0.,0.,-1.));
#2261=DIRECTION('',(-3.09772049281572E-16,-1.,0.));
#2262=DIRECTION('',(-4.64658073922358E-16,1.,0.));
#2263=DIRECTION('',(-1.,-4.64658073922358E-16,0.));
#2264=DIRECTION('',(1.,4.64658073922358E-16,0.));
#2265=DIRECTION('',(1.,4.64658073922358E-16,0.));
#2266=DIRECTION('',(1.,4.64658073922358E-16,0.));
#2267=DIRECTION('',(0.,0.,1.));
#2268=DIRECTION('',(1.,0.,0.));
#2269=DIRECTION('',(0.,0.,1.));
#2270=DIRECTION('',(1.,0.,0.));
#2271=DIRECTION('',(0.707106781186546,0.707106781186549,0.));
#2272=DIRECTION('',(-0.707106781186549,0.707106781186546,0.));
#2273=DIRECTION('',(0.707106781186546,0.707106781186549,0.));
#2274=DIRECTION('',(-0.707106781186549,0.707106781186546,0.));
#2275=DIRECTION('',(0.707106781186549,-0.707106781186546,0.));
#2276=DIRECTION('',(-0.707106781186547,-0.707106781186548,0.));
#2277=DIRECTION('',(0.707106781186548,-0.707106781186547,0.));
#2278=DIRECTION('',(1.,3.09772049281572E-16,0.));
#2279=DIRECTION('',(3.09772049281572E-16,-1.,0.));
#2280=DIRECTION('',(-0.707106781186547,-0.707106781186548,0.));
#2281=DIRECTION('',(-0.707106781186547,-0.707106781186548,0.));
#2282=DIRECTION('',(0.,1.,0.));
#2283=DIRECTION('',(0.,0.,1.));
#2284=DIRECTION('',(1.,0.,0.));
#2285=DIRECTION('',(0.,0.,-1.));
#2286=DIRECTION('',(1.,0.,0.));
#2287=DIRECTION('',(0.,0.,-1.));
#2288=DIRECTION('',(-1.,0.,0.));
#2289=DIRECTION('',(0.,0.,1.));
#2290=DIRECTION('',(0.,1.,0.));
#2291=DIRECTION('',(0.,0.,-1.));
#2292=DIRECTION('',(0.,1.,0.));
#2293=DIRECTION('',(-4.64658073922358E-16,-1.,0.));
#2294=DIRECTION('',(1.,-4.64658073922358E-16,0.));
#2295=DIRECTION('',(-1.,4.64658073922358E-16,0.));
#2296=DIRECTION('',(0.,0.,-1.));
#2297=DIRECTION('',(-1.,4.64658073922358E-16,0.));
#2298=DIRECTION('',(1.,3.09772049281572E-16,0.));
#2299=DIRECTION('',(-3.09772049281572E-16,1.,0.));
#2300=DIRECTION('',(3.09772049281572E-16,-1.,0.));
#2301=DIRECTION('',(3.09772049281572E-16,-1.,0.));
#2302=DIRECTION('',(3.09772049281572E-16,-1.,0.));
#2303=DIRECTION('',(0.,0.,-1.));
#2304=DIRECTION('',(-1.,0.,0.));
#2305=DIRECTION('',(0.,0.,-1.));
#2306=DIRECTION('',(-1.,0.,0.));
#2307=DIRECTION('',(-0.342020143325669,-0.939692620785908,0.));
#2308=DIRECTION('',(0.939692620785908,-0.342020143325669,0.));
#2309=DIRECTION('',(-0.342020143325669,-0.939692620785908,0.));
#2310=DIRECTION('',(0.342020143325668,0.939692620785909,0.));
#2311=DIRECTION('',(-0.939692620785908,0.342020143325668,0.));
#2312=DIRECTION('',(-0.342020143325669,-0.939692620785908,0.));
#2313=DIRECTION('',(4.64658073922358E-16,-1.,0.));
#2314=DIRECTION('',(-1.,-4.64658073922358E-16,0.));
#2315=DIRECTION('',(0.342020143325668,0.939692620785909,0.));
#2316=DIRECTION('',(-0.939692620785909,0.342020143325668,0.));
#2317=DIRECTION('',(-0.939692620785909,0.342020143325668,0.));
#2318=DIRECTION('',(1.,0.,0.));
#2319=DIRECTION('',(0.,0.,-1.));
#2320=DIRECTION('',(0.,-1.,0.));
#2321=DIRECTION('',(0.,0.,-1.));
#2322=DIRECTION('',(0.,-1.,0.));
#2323=DIRECTION('',(0.,0.,-1.));
#2324=DIRECTION('',(0.,1.,0.));
#2325=DIRECTION('',(0.,0.,1.));
#2326=DIRECTION('',(1.,0.,0.));
#2327=DIRECTION('',(0.,0.,-1.));
#2328=DIRECTION('',(1.,0.,0.));
#2329=DIRECTION('',(-1.,3.09772049281572E-16,0.));
#2330=DIRECTION('',(-3.09772049281572E-16,-1.,0.));
#2331=DIRECTION('',(3.09772049281572E-16,1.,0.));
#2332=DIRECTION('',(0.,0.,-1.));
#2333=DIRECTION('',(3.09772049281572E-16,1.,0.));
#2334=DIRECTION('',(4.64658073922358E-16,-1.,0.));
#2335=DIRECTION('',(1.,4.64658073922358E-16,0.));
#2336=DIRECTION('',(-1.,-4.64658073922358E-16,0.));
#2337=DIRECTION('',(-1.,-4.64658073922358E-16,0.));
#2338=DIRECTION('',(-1.,-4.64658073922358E-16,0.));
#2339=DIRECTION('',(0.,0.,1.));
#2340=DIRECTION('',(1.,0.,0.));
#2341=DIRECTION('',(0.,0.,1.));
#2342=DIRECTION('',(1.,0.,0.));
#2343=DIRECTION('',(0.,0.,1.));
#2344=DIRECTION('',(1.,0.,0.));
#2345=DIRECTION('',(0.342020143325669,0.939692620785908,0.));
#2346=DIRECTION('',(-0.939692620785909,0.342020143325669,0.));
#2347=DIRECTION('',(0.342020143325669,0.939692620785908,0.));
#2348=DIRECTION('',(-0.342020143325668,-0.939692620785909,0.));
#2349=DIRECTION('',(0.939692620785908,-0.342020143325668,0.));
#2350=DIRECTION('',(0.342020143325669,0.939692620785908,0.));
#2351=DIRECTION('',(-0.342020143325668,-0.939692620785909,0.));
#2352=DIRECTION('',(0.939692620785908,-0.342020143325668,0.));
#2353=DIRECTION('',(-0.342020143325668,-0.939692620785909,0.));
#2354=DIRECTION('',(0.939692620785909,-0.342020143325668,0.));
#2355=DIRECTION('',(-0.939692620785909,0.342020143325668,-1.14086254113961E-16));
#2356=DIRECTION('',(-0.939692620785908,0.342020143325669,0.));
#2357=DIRECTION('',(-0.342020143325669,-0.939692620785908,0.));
#2358=DIRECTION('',(0.,0.,1.));
#2359=DIRECTION('',(-1.,0.,0.));
#2360=DIRECTION('',(-0.328294992024127,-0.901983077506326,0.280444158620029));
#2361=DIRECTION('',(0.939692620785909,-0.342020143325668,-9.71445146547012E-17));
#2362=DIRECTION('',(-0.328294992024128,-0.901983077506326,0.280444158620028));
#2363=DIRECTION('',(0.939692620785908,-0.342020143325669,0.));
#2364=DIRECTION('',(-0.328294992024128,-0.901983077506327,0.280444158620026));
#2365=DIRECTION('',(0.939692620785908,-0.342020143325668,-1.11022302462516E-16));
#2366=DIRECTION('',(-0.939692620785908,0.342020143325669,0.));
#2367=DIRECTION('',(-0.342020143325669,-0.939692620785908,0.));
#2368=DIRECTION('',(0.,0.,-1.));
#2369=DIRECTION('',(-1.,0.,0.));
#2370=DIRECTION('',(-2.38697950294409E-15,2.44249065417534E-15,1.));
#2371=DIRECTION('',(-0.707106781186547,0.707106781186548,-3.33066907387547E-15));
#2372=DIRECTION('',(0.,0.,-1.));
#2373=DIRECTION('',(-0.803644720138091,-0.595109371287473,0.));
#2374=DIRECTION('',(-0.106033917322952,0.994362513561905,0.));
#2375=DIRECTION('',(-0.857355231009116,-0.091424136008081,-0.506540852465507));
#2376=DIRECTION('',(-0.106033917322952,0.994362513561905,0.));
#2377=DIRECTION('',(-0.994362513561905,-0.106033917322952,0.));
#2378=DIRECTION('',(-0.106033917322952,0.994362513561905,0.));
#2379=DIRECTION('',(-0.857355231009116,-0.091424136008081,-0.506540852465507));
#2380=DIRECTION('',(0.,0.,1.));
#2381=DIRECTION('',(-0.911065741880141,0.412261099271311,0.));
#2382=DIRECTION('',(0.,0.,1.));
#2383=DIRECTION('',(1.,0.,0.));
#2384=DIRECTION('',(0.,0.,1.));
#2385=DIRECTION('',(-0.911065741880141,0.412261099271311,0.));
#2386=DIRECTION('',(-1.,0.,0.));
#2387=DIRECTION('',(0.,0.,1.));
#2388=DIRECTION('',(0.,-1.,0.));
#2389=DIRECTION('',(-0.911065741880141,0.,0.412261099271311));
#2390=DIRECTION('',(0.,-1.,0.));
#2391=DIRECTION('',(0.,0.,-1.));
#2392=DIRECTION('',(0.,-1.,0.));
#2393=DIRECTION('',(-0.911065741880141,0.,0.412261099271311));
#2394=DIRECTION('',(-1.,0.,0.));
#2395=DIRECTION('',(0.,0.,1.));
#2396=DIRECTION('',(0.,0.,-1.));
#2397=DIRECTION('',(-0.911065741880141,-0.412261099271311,0.));
#2398=DIRECTION('',(0.,0.,-1.));
#2399=DIRECTION('',(-1.,0.,0.));
#2400=DIRECTION('',(0.,0.,-1.));
#2401=DIRECTION('',(-0.911065741880141,-0.412261099271311,0.));
#2402=DIRECTION('',(-0.106033917322952,0.994362513561905,0.));
#2403=DIRECTION('',(-0.94428967931722,-0.10069439708359,-0.313333113364922));
#2404=DIRECTION('',(-0.106033917322952,0.994362513561905,0.));
#2405=DIRECTION('',(-0.994362513561905,-0.106033917322952,0.));
#2406=DIRECTION('',(-0.106033917322952,0.994362513561905,1.32517550993468E-15));
#2407=DIRECTION('',(-0.94428967931722,-0.100694397083589,-0.313333113364922));
#2408=DIRECTION('',(0.,0.,1.));
#2409=DIRECTION('',(-0.977513616754299,0.210872305104131,0.));
#2410=DIRECTION('',(0.,0.,1.));
#2411=DIRECTION('',(1.,0.,0.));
#2412=DIRECTION('',(0.,0.,1.));
#2413=DIRECTION('',(-0.977513616754299,0.210872305104131,0.));
#2414=DIRECTION('',(-1.,-3.21149932608265E-17,0.));
#2415=DIRECTION('',(3.21149932608265E-17,-1.,0.));
#2416=DIRECTION('',(3.21149932608265E-17,-1.,0.));
#2417=DIRECTION('',(-0.977513616754299,-3.13928432144305E-17,0.210872305104131));
#2418=DIRECTION('',(3.21149932608265E-17,-1.,0.));
#2419=DIRECTION('',(1.,3.21149932608265E-17,0.));
#2420=DIRECTION('',(3.21149932608265E-17,-1.,0.));
#2421=DIRECTION('',(-0.977513616754299,-3.13928432144305E-17,0.210872305104131));
#2422=DIRECTION('',(-1.,-3.21149932608265E-17,0.));
#2423=DIRECTION('',(3.21149932608265E-17,-1.,0.));
#2424=DIRECTION('',(0.,0.,-1.));
#2425=DIRECTION('',(-0.977513616754299,-0.210872305104131,0.));
#2426=DIRECTION('',(0.,0.,-1.));
#2427=DIRECTION('',(-1.,0.,0.));
#2428=DIRECTION('',(0.,0.,-1.));
#2429=DIRECTION('',(-0.977513616754299,-0.210872305104131,0.));
#2430=DIRECTION('',(-0.106033917322952,0.994362513561905,0.));
#2431=DIRECTION('',(-0.988756808377149,-0.105436152552065,-0.106033917322952));
#2432=DIRECTION('',(-0.106033917322952,0.994362513561905,0.));
#2433=DIRECTION('',(-0.994362513561905,-0.106033917322952,0.));
#2434=DIRECTION('',(-0.106033917322952,0.994362513561905,0.));
#2435=DIRECTION('',(-0.988756808377149,-0.105436152552065,-0.106033917322952));
#2436=DIRECTION('',(0.,0.,1.));
#2437=DIRECTION('',(-1.,0.,0.));
#2438=DIRECTION('',(0.,0.,1.));
#2439=DIRECTION('',(1.,0.,0.));
#2440=DIRECTION('',(-0.707106781186547,0.707106781186548,0.));
#2441=DIRECTION('',(-0.707106781186548,-0.707106781186547,0.));
#2442=DIRECTION('',(0.707106781186546,0.707106781186549,0.));
#2443=DIRECTION('',(-0.707106781186549,0.707106781186546,0.));
#2444=DIRECTION('',(0.22533732875383,0.225337328753835,0.947864007408328));
#2445=DIRECTION('',(-0.707106781186547,0.707106781186548,-3.1641356201817E-15));
#2446=DIRECTION('',(-0.225337328753833,-0.225337328753832,-0.947864007408328));
#2447=DIRECTION('',(-0.972885847597011,0.,0.231285813541265));
#2448=DIRECTION('',(0.22533732875383,0.225337328753834,0.947864007408328));
#2449=DIRECTION('',(-0.707106781186547,0.707106781186548,-3.1641356201817E-15));
#2450=DIRECTION('',(-0.707106781186547,0.707106781186548,0.));
#2451=DIRECTION('',(-0.707106781186548,-0.707106781186547,0.));
#2452=DIRECTION('',(-0.707106781186547,-0.707106781186548,0.));
#2453=DIRECTION('',(0.707106781186548,-0.707106781186547,0.));
#2454=DIRECTION('',(-0.707106781186547,-0.707106781186548,0.));
#2455=DIRECTION('',(0.707106781186546,0.707106781186549,0.));
#2456=DIRECTION('',(-0.707106781186549,0.707106781186546,0.));
#2457=DIRECTION('',(-0.707106781186547,-0.707106781186548,0.));
#2458=DIRECTION('',(0.707106781186546,0.707106781186549,0.));
#2459=DIRECTION('',(-0.707106781186549,0.707106781186546,0.));
#2460=DIRECTION('',(0.707106781186549,-0.707106781186546,8.58484595278453E-17));
#2461=DIRECTION('',(-1.21408055773116E-16,0.,1.));
#2462=DIRECTION('',(1.,0.,1.21408055773116E-16));
#2463=DIRECTION('',(-1.21408055773116E-16,0.,1.));
#2464=DIRECTION('',(1.,0.,1.21408055773116E-16));
#2465=DIRECTION('',(0.342020143325668,0.939692620785909,0.));
#2466=DIRECTION('',(-0.939692620785909,0.342020143325668,0.));
#2467=DIRECTION('',(-0.939692620785909,0.342020143325668,-1.14086254113961E-16));
#2468=DIRECTION('',(0.342020143325668,0.939692620785909,0.));
#2469=DIRECTION('',(-0.939692620785908,0.342020143325668,0.));
#2470=DIRECTION('',(-0.342020143325669,-0.939692620785908,0.));
#2471=DIRECTION('',(0.939692620785908,-0.342020143325669,0.));
#2472=DIRECTION('',(-0.342020143325669,-0.939692620785908,0.));
#2473=DIRECTION('',(0.342020143325668,0.939692620785909,0.));
#2474=DIRECTION('',(-0.939692620785908,0.342020143325668,0.));
#2475=DIRECTION('',(-0.342020143325669,-0.939692620785908,0.));
#2476=DIRECTION('',(0.939692620785909,-0.342020143325668,0.));
#2477=DIRECTION('',(0.342020143325668,0.939692620785909,0.));
#2478=DIRECTION('',(0.328294992024127,0.901983077506326,0.280444158620028));
#2479=DIRECTION('',(-0.939692620785909,0.342020143325668,8.32667268468867E-17));
#2480=DIRECTION('',(-0.707106781186547,0.707106781186548,0.));
#2481=DIRECTION('',(-0.707106781186548,-0.707106781186547,0.));
#2482=DIRECTION('',(-0.225337328753834,-0.225337328753835,0.947864007408327));
#2483=DIRECTION('',(0.707106781186547,-0.707106781186548,-7.21644966006352E-16));
#2484=DIRECTION('',(-0.707106781186548,-0.707106781186548,0.));
#2485=DIRECTION('',(0.707106781186547,-0.707106781186547,0.));
#2486=DIRECTION('',(-0.707106781186548,-0.707106781186548,0.));
#2487=DIRECTION('',(0.707106781186548,-0.707106781186548,0.));
#2488=DIRECTION('',(0.707106781186548,-0.707106781186548,8.58484595278452E-17));
#2489=DIRECTION('',(-0.707106781186548,-0.707106781186548,0.));
#2490=DIRECTION('',(0.707106781186547,-0.707106781186547,0.));
#2491=DIRECTION('',(0.707106781186548,0.707106781186548,0.));
#2492=DIRECTION('',(-0.707106781186548,0.707106781186548,0.));
#2493=DIRECTION('',(0.707106781186548,0.707106781186548,0.));
#2494=DIRECTION('',(0.707106781186548,0.707106781186548,0.));
#2495=DIRECTION('',(0.939692620785909,-0.342020143325668,0.));
#2496=DIRECTION('',(0.342020143325668,0.939692620785909,0.));
#2497=DIRECTION('',(0.,0.,1.));
#2498=DIRECTION('',(1.,0.,0.));
#2499=DIRECTION('',(0.328294992024127,0.901983077506326,0.280444158620027));
#2500=DIRECTION('',(-0.939692620785908,0.342020143325669,9.71445146547012E-17));
#2501=DIRECTION('',(0.328294992024127,0.901983077506326,0.280444158620027));
#2502=DIRECTION('',(-0.939692620785909,0.342020143325668,0.));
#2503=DIRECTION('',(0.,0.,-1.));
#2504=DIRECTION('',(-1.,0.,0.));
#2505=DIRECTION('',(0.,0.,1.));
#2506=DIRECTION('',(1.,0.,0.));
#2507=DIRECTION('',(0.106033917322952,-0.994362513561905,0.));
#2508=DIRECTION('',(0.98875680837715,0.105436152552066,-0.106033917322952));
#2509=DIRECTION('',(-0.106033917322952,0.994362513561905,0.));
#2510=DIRECTION('',(-0.994362513561905,-0.106033917322952,0.));
#2511=DIRECTION('',(0.106033917322952,-0.994362513561905,0.));
#2512=DIRECTION('',(0.988756808377149,0.105436152552066,-0.106033917322952));
#2513=DIRECTION('',(0.,0.,-1.));
#2514=DIRECTION('',(0.977513616754299,0.210872305104131,0.));
#2515=DIRECTION('',(0.,0.,1.));
#2516=DIRECTION('',(1.,0.,0.));
#2517=DIRECTION('',(0.,0.,-1.));
#2518=DIRECTION('',(0.977513616754299,0.210872305104131,0.));
#2519=DIRECTION('',(-1.,1.28459973043306E-16,0.));
#2520=DIRECTION('',(-1.28459973043306E-16,-1.,0.));
#2521=DIRECTION('',(1.28459973043306E-16,1.,0.));
#2522=DIRECTION('',(0.977513616754299,-1.25571372857722E-16,0.210872305104131));
#2523=DIRECTION('',(-1.28459973043306E-16,-1.,0.));
#2524=DIRECTION('',(1.,-1.28459973043306E-16,0.));
#2525=DIRECTION('',(1.28459973043306E-16,1.,0.));
#2526=DIRECTION('',(0.977513616754299,-1.25571372857722E-16,0.210872305104131));
#2527=DIRECTION('',(-1.,1.28459973043306E-16,0.));
#2528=DIRECTION('',(-1.28459973043306E-16,-1.,0.));
#2529=DIRECTION('',(0.,0.,1.));
#2530=DIRECTION('',(0.977513616754299,-0.210872305104131,0.));
#2531=DIRECTION('',(0.,0.,-1.));
#2532=DIRECTION('',(-1.,0.,0.));
#2533=DIRECTION('',(0.,0.,1.));
#2534=DIRECTION('',(0.977513616754299,-0.210872305104131,0.));
#2535=DIRECTION('',(0.106033917322952,-0.994362513561905,0.));
#2536=DIRECTION('',(0.944289679317219,0.10069439708359,-0.313333113364922));
#2537=DIRECTION('',(-0.106033917322952,0.994362513561905,0.));
#2538=DIRECTION('',(-0.994362513561905,-0.106033917322952,0.));
#2539=DIRECTION('',(0.106033917322952,-0.994362513561905,0.));
#2540=DIRECTION('',(0.944289679317219,0.10069439708359,-0.313333113364922));
#2541=DIRECTION('',(0.,0.,-1.));
#2542=DIRECTION('',(0.91106574188014,0.41226109927131,0.));
#2543=DIRECTION('',(0.,0.,1.));
#2544=DIRECTION('',(1.,0.,0.));
#2545=DIRECTION('',(0.,0.,-1.));
#2546=DIRECTION('',(0.91106574188014,0.41226109927131,0.));
#2547=DIRECTION('',(-1.,1.28459973043306E-16,0.));
#2548=DIRECTION('',(-1.28459973043306E-16,-1.,0.));
#2549=DIRECTION('',(1.28459973043306E-16,1.,0.));
#2550=DIRECTION('',(0.91106574188014,-1.17035480642603E-16,0.41226109927131));
#2551=DIRECTION('',(-1.28459973043306E-16,-1.,0.));
#2552=DIRECTION('',(1.,-1.28459973043306E-16,0.));
#2553=DIRECTION('',(1.28459973043306E-16,1.,0.));
#2554=DIRECTION('',(0.91106574188014,-1.17035480642603E-16,0.41226109927131));
#2555=DIRECTION('',(-1.,1.28459973043306E-16,0.));
#2556=DIRECTION('',(-1.28459973043306E-16,-1.,0.));
#2557=DIRECTION('',(0.,0.,1.));
#2558=DIRECTION('',(0.91106574188014,-0.412261099271311,0.));
#2559=DIRECTION('',(0.,0.,-1.));
#2560=DIRECTION('',(-1.,0.,0.));
#2561=DIRECTION('',(0.,0.,1.));
#2562=DIRECTION('',(0.91106574188014,-0.412261099271311,0.));
#2563=DIRECTION('',(0.106033917322952,-0.994362513561905,0.));
#2564=DIRECTION('',(0.857355231009115,0.0914241360080808,-0.506540852465507));
#2565=DIRECTION('',(-0.106033917322952,0.994362513561905,0.));
#2566=DIRECTION('',(-0.994362513561905,-0.106033917322952,0.));
#2567=DIRECTION('',(0.106033917322952,-0.994362513561905,0.));
#2568=DIRECTION('',(0.857355231009115,0.0914241360080808,-0.506540852465507));
#2569=DIRECTION('',(0.,0.,-1.));
#2570=DIRECTION('',(0.80364472013809,0.595109371287472,0.));
#2571=DIRECTION('',(0.,0.,1.));
#2572=DIRECTION('',(1.,0.,0.));
#2573=DIRECTION('',(-1.27675647831893E-15,-2.38697950294409E-15,1.));
#2574=DIRECTION('',(0.707106781186547,-0.707106781186548,-8.32667268468867E-16));
#2575=DIRECTION('',(-0.707106781186547,0.707106781186548,0.));
#2576=DIRECTION('',(-0.707106781186548,-0.707106781186547,0.));
#2577=DIRECTION('',(-0.225337328753835,-0.225337328753836,0.947864007408326));
#2578=DIRECTION('',(0.707106781186547,-0.707106781186548,-7.7715611723761E-16));
#2579=DIRECTION('',(-0.225337328753834,-0.225337328753834,0.947864007408327));
#2580=DIRECTION('',(0.972885847597011,0.,0.231285813541267));
#2581=DIRECTION('',(1.21408055773116E-16,0.,-1.));
#2582=DIRECTION('',(-1.,0.,-1.21408055773116E-16));
#2583=DIRECTION('',(1.21408055773116E-16,0.,-1.));
#2584=DIRECTION('',(-1.,0.,-1.21408055773116E-16));
#2585=DIRECTION('',(0.,0.,-1.));
#2586=DIRECTION('',(-1.,0.,0.));
#2587=DIRECTION('',(3.09772049281572E-16,-1.,0.));
#2588=DIRECTION('',(-1.,0.,0.));
#2589=DIRECTION('',(-3.09772049281572E-16,-1.,0.));
#2590=DIRECTION('',(-1.,0.,0.));
#2591=DIRECTION('',(-1.,3.09772049281572E-16,0.));
#2592=DIRECTION('',(-3.09772049281572E-16,-1.,0.));
#2593=DIRECTION('',(0.,0.,-1.));
#2594=DIRECTION('',(3.09772049281572E-16,1.,0.));
#2595=DIRECTION('',(0.,0.,-1.));
#2596=DIRECTION('',(3.09772049281572E-16,1.,0.));
#2597=DIRECTION('',(-1.,3.09772049281572E-16,0.));
#2598=DIRECTION('',(-3.09772049281572E-16,-1.,0.));
#2599=DIRECTION('',(0.,0.,-1.));
#2600=DIRECTION('',(-1.,3.09772049281572E-16,0.));
#2601=DIRECTION('',(-3.09772049281572E-16,-1.,0.));
#2602=DIRECTION('',(-1.,3.09772049281572E-16,0.));
#2603=DIRECTION('',(-3.09772049281572E-16,-1.,0.));
#2604=DIRECTION('',(0.,0.,-1.));
#2605=DIRECTION('',(-1.,3.09772049281572E-16,0.));
#2606=DIRECTION('',(-3.09772049281572E-16,-1.,0.));
#2607=DIRECTION('',(3.09772049281572E-16,-1.,0.));
#2608=DIRECTION('',(0.,0.,-1.));
#2609=DIRECTION('',(3.09772049281572E-16,-1.,0.));
#2610=DIRECTION('',(0.,0.,-1.));
#2611=DIRECTION('',(0.,1.,0.));
#2612=DIRECTION('',(4.64658073922358E-16,-1.,0.));
#2613=DIRECTION('',(1.,4.64658073922358E-16,0.));
#2614=DIRECTION('',(-1.,-4.64658073922358E-16,0.));
#2615=DIRECTION('',(-1.,-4.64658073922358E-16,0.));
#2616=DIRECTION('',(0.,0.,-1.));
#2617=DIRECTION('',(1.,0.,0.));
#2618=DIRECTION('',(0.,0.,-1.));
#2619=DIRECTION('',(0.,0.,-1.));
#2620=DIRECTION('',(1.35525271560688E-16,-1.,0.));
#2621=DIRECTION('',(0.,0.,-1.));
#2622=DIRECTION('',(0.,1.,0.));
#2623=DIRECTION('',(0.,0.,-1.));
#2624=DIRECTION('',(0.,1.,0.));
#2625=DIRECTION('',(0.,-1.,0.));
#2626=DIRECTION('',(0.,1.,0.));
#2627=DIRECTION('',(0.,0.,1.));
#2628=DIRECTION('',(1.,0.,0.));
#2629=DIRECTION('',(1.,0.,0.));
#2630=DIRECTION('',(0.,0.,1.));
#2631=DIRECTION('',(1.,0.,0.));
#2632=DIRECTION('',(0.,-1.,0.));
#2633=DIRECTION('',(0.,0.,-1.));
#2634=DIRECTION('',(-1.,0.,0.));
#2635=DIRECTION('',(0.,0.,-1.));
#2636=DIRECTION('',(-1.,0.,0.));
#2637=DIRECTION('',(0.,1.,0.));
#2638=DIRECTION('',(0.,0.,1.));
#2639=DIRECTION('',(-1.,0.,0.));
#2640=DIRECTION('',(0.,0.,-1.));
#2641=DIRECTION('',(-1.,0.,0.));
#2642=DIRECTION('',(0.,0.,1.));
#2643=DIRECTION('',(1.,0.,0.));
#2644=DIRECTION('',(-3.09772049281572E-16,1.,0.));
#2645=DIRECTION('',(-1.,0.,0.));
#2646=DIRECTION('',(-1.,4.64658073922358E-16,0.));
#2647=DIRECTION('',(-1.,0.,0.));
#2648=DIRECTION('',(-3.09772049281572E-16,-1.,0.));
#2649=DIRECTION('',(1.,4.64658073922358E-16,0.));
#2650=DIRECTION('',(0.,1.,0.));
#2651=DIRECTION('',(1.,-4.64658073922358E-16,0.));
#2652=DIRECTION('',(-4.64658073922358E-16,-1.,0.));
#2653=DIRECTION('',(1.,-4.64658073922358E-16,0.));
#2654=DIRECTION('',(-1.,4.64658073922358E-16,0.));
#2655=DIRECTION('',(0.,1.,0.));
#2656=DIRECTION('',(0.,0.,1.));
#2657=DIRECTION('',(1.,0.,0.));
#2658=DIRECTION('',(-1.,0.,0.));
#2659=DIRECTION('',(0.,0.,-1.));
#2660=DIRECTION('',(-1.,0.,0.));
#2661=DIRECTION('',(1.,-3.09772049281572E-16,0.));
#2662=DIRECTION('',(3.09772049281572E-16,1.,0.));
#2663=DIRECTION('',(1.,-3.09772049281572E-16,0.));
#2664=DIRECTION('',(3.09772049281572E-16,1.,0.));
#2665=DIRECTION('',(1.,-3.09772049281572E-16,0.));
#2666=DIRECTION('',(3.09772049281572E-16,1.,0.));
#2667=DIRECTION('',(1.,-3.09772049281572E-16,0.));
#2668=DIRECTION('',(3.09772049281572E-16,1.,0.));
#2669=DIRECTION('',(0.,0.,-1.));
#2670=DIRECTION('',(-3.09772049281572E-16,1.,0.));
#2671=DIRECTION('',(0.,0.,-1.));
#2672=DIRECTION('',(0.,1.,0.));
#2673=DIRECTION('',(0.,0.,-1.));
#2674=DIRECTION('',(-3.09772049281572E-16,-1.,0.));
#2675=DIRECTION('',(0.,0.,-1.));
#2676=DIRECTION('',(1.,-3.09772049281572E-16,0.));
#2677=DIRECTION('',(3.09772049281572E-16,1.,0.));
#2678=DIRECTION('',(-4.64658073922358E-16,1.,0.));
#2679=DIRECTION('',(-1.,-4.64658073922358E-16,0.));
#2680=DIRECTION('',(1.,4.64658073922358E-16,0.));
#2681=DIRECTION('',(0.,0.,-1.));
#2682=DIRECTION('',(-1.,0.,0.));
#2683=DIRECTION('',(0.,0.,1.));
#2684=DIRECTION('',(0.,1.,0.));
#2685=DIRECTION('',(0.,0.,-1.));
#2686=DIRECTION('',(0.,-1.,0.));
#2687=DIRECTION('',(0.,0.,-1.));
#2688=DIRECTION('',(0.,-1.,0.));
#2689=DIRECTION('',(0.,0.,-1.));
#2690=DIRECTION('',(0.,-1.,0.));
#2691=DIRECTION('',(0.,0.,-1.));
#2692=DIRECTION('',(-1.,0.,0.));
#2693=DIRECTION('',(1.,0.,0.));
#2694=DIRECTION('',(0.,0.,1.));
#2695=DIRECTION('',(1.,0.,0.));
#2696=DIRECTION('',(4.64658073922358E-16,1.,0.));
#2697=DIRECTION('',(-1.,4.64658073922358E-16,0.));
#2698=DIRECTION('',(1.,-4.64658073922358E-16,0.));
#2699=DIRECTION('',(0.,-1.,0.));
#2700=DIRECTION('',(0.,0.,-1.));
#2701=DIRECTION('',(-1.,0.,0.));
#2702=DIRECTION('',(-1.,0.,0.));
#2703=DIRECTION('',(0.,0.,-1.));
#2704=DIRECTION('',(-1.,0.,0.));
#2705=DIRECTION('',(-1.,0.,0.));
#2706=DIRECTION('',(0.,0.,1.));
#2707=DIRECTION('',(-1.,0.,0.));
#2708=DIRECTION('',(0.,0.,1.));
#2709=DIRECTION('',(-1.,0.,0.));
#2710=DIRECTION('',(0.,0.,1.));
#2711=DIRECTION('',(-1.,0.,0.));
#2712=DIRECTION('',(0.,0.,1.));
#2713=DIRECTION('',(0.,0.,1.));
#2714=DIRECTION('',(1.,0.,0.));
#2715=DIRECTION('',(0.,0.,-1.));
#2716=DIRECTION('',(-1.,0.,0.));
#2717=DIRECTION('',(0.,0.,1.));
#2718=DIRECTION('',(1.,0.,0.));
#2719=DIRECTION('',(-1.,0.,0.));
#2720=DIRECTION('',(0.,0.,1.));
#2721=DIRECTION('',(0.,-1.,0.));
#2722=DIRECTION('',(0.,0.,1.));
#2723=DIRECTION('',(0.,-1.,0.));
#2724=DIRECTION('',(0.,0.,1.));
#2725=DIRECTION('',(0.,1.,0.));
#2726=DIRECTION('',(0.,0.,1.));
#2727=DIRECTION('',(-1.,0.,0.));
#2728=DIRECTION('',(0.,0.,1.));
#2729=DIRECTION('',(-1.,0.,0.));
#2730=DIRECTION('',(1.,0.,0.));
#2731=DIRECTION('',(0.,0.,-1.));
#2732=DIRECTION('',(0.,1.,0.));
#2733=DIRECTION('',(0.,0.,1.));
#2734=DIRECTION('',(0.,1.,0.));
#2735=DIRECTION('',(0.,-1.,0.));
#2736=DIRECTION('',(0.,0.,-1.));
#2737=DIRECTION('',(1.,0.,0.));
#2738=DIRECTION('',(1.,0.,0.));
#2739=DIRECTION('',(0.,0.,-1.));
#2740=DIRECTION('',(-1.,0.,0.));
#2741=DIRECTION('',(0.,0.,-1.));
#2742=DIRECTION('',(-1.,0.,0.));
#2743=DIRECTION('',(0.,0.,1.));
#2744=DIRECTION('',(1.,0.,0.));
#2745=CARTESIAN_POINT('',(0.,0.,0.));
#2746=CARTESIAN_POINT('',(0.228210678118655,-0.351289321881346,0.009));
#2747=CARTESIAN_POINT('',(0.25,-0.329500000000001,0.009));
#2748=CARTESIAN_POINT('',(0.25,-0.354758661880631,0.));
#2749=CARTESIAN_POINT('',(0.25,-0.304241338119371,0.));
#2750=CARTESIAN_POINT('',(0.21558134717834,-0.338659990941031,-4.72730816669111E-17));
#2751=CARTESIAN_POINT('',(0.286292025296994,-0.267949312822376,0.));
#2752=CARTESIAN_POINT('',(0.298921356237309,-0.280578643762691,0.009));
#2753=CARTESIAN_POINT('',(0.311550687177625,-0.293207974703006,0.));
#2754=CARTESIAN_POINT('',(0.24084000905897,-0.363918652821661,-4.42064766365533E-17));
#2755=CARTESIAN_POINT('',(0.298921356237309,-0.280578643762691,0.009));
#2756=CARTESIAN_POINT('',(0.00917135623730928,0.00917135623730928,0.));
#2757=CARTESIAN_POINT('',(0.6,-0.5,0.03));
#2758=CARTESIAN_POINT('',(0.6,-0.5,0.));
#2759=CARTESIAN_POINT('',(0.6,-0.5,0.));
#2760=CARTESIAN_POINT('',(0.25,-0.5,0.));
#2761=CARTESIAN_POINT('',(0.6,-0.5,0.03));
#2762=CARTESIAN_POINT('',(0.6,-0.5,0.03));
#2763=CARTESIAN_POINT('',(0.6,-0.5,0.03));
#2764=CARTESIAN_POINT('',(0.25,-0.5,0.03));
#2765=CARTESIAN_POINT('',(0.25,-0.5,0.03));
#2766=CARTESIAN_POINT('',(0.6,-0.149999999999999,0.03));
#2767=CARTESIAN_POINT('',(0.6,-0.149999999999999,0.));
#2768=CARTESIAN_POINT('',(0.6,-0.149999999999999,0.));
#2769=CARTESIAN_POINT('',(0.6,-0.149999999999999,0.03));
#2770=CARTESIAN_POINT('',(0.6,-0.149999999999999,0.03));
#2771=CARTESIAN_POINT('',(0.6,-0.149999999999999,0.03));
#2772=CARTESIAN_POINT('',(0.249999999999999,-0.149999999999999,0.03));
#2773=CARTESIAN_POINT('',(0.249999999999999,-0.149999999999999,0.));
#2774=CARTESIAN_POINT('',(0.249999999999999,-0.149999999999999,0.));
#2775=CARTESIAN_POINT('',(0.249999999999999,-0.149999999999999,0.03));
#2776=CARTESIAN_POINT('',(0.249999999999999,-0.149999999999999,0.03));
#2777=CARTESIAN_POINT('',(0.249999999999999,-0.149999999999999,0.03));
#2778=CARTESIAN_POINT('',(0.25,-0.5,0.03));
#2779=CARTESIAN_POINT('',(0.25,-0.5,0.));
#2780=CARTESIAN_POINT('',(0.25,-0.5,0.03));
#2781=CARTESIAN_POINT('',(0.25,-0.5,0.));
#2782=CARTESIAN_POINT('',(0.,0.,0.));
#2783=CARTESIAN_POINT('',(0.,0.,0.03));
#2784=CARTESIAN_POINT('',(0.310871683128888,0.123021720055827,0.009));
#2785=CARTESIAN_POINT('',(0.294088236263673,0.129130395143153,-3.76130294377577E-17));
#2786=CARTESIAN_POINT('',(0.301684151232463,0.149999999999999,0.));
#2787=CARTESIAN_POINT('',(0.362492264928807,0.317068919300335,0.));
#2788=CARTESIAN_POINT('',(0.379275711794022,0.310960244213008,0.009));
#2789=CARTESIAN_POINT('',(0.396059158659236,0.304851569125682,0.));
#2790=CARTESIAN_POINT('',(0.327655129994102,0.1169130449685,-3.35377381316035E-17));
#2791=CARTESIAN_POINT('',(0.339697796768072,0.149999999999999,0.));
#2792=CARTESIAN_POINT('',(0.320690974000268,0.149999999999999,0.009));
#2793=CARTESIAN_POINT('',(0.379275711794022,0.310960244213008,0.009));
#2794=CARTESIAN_POINT('',(0.144307526224719,0.396481669759772,0.));
#2795=CARTESIAN_POINT('',(0.6,0.149999999999999,0.03));
#2796=CARTESIAN_POINT('',(0.6,0.149999999999999,0.));
#2797=CARTESIAN_POINT('',(0.6,0.149999999999999,0.));
#2798=CARTESIAN_POINT('',(0.6,0.5,0.));
#2799=CARTESIAN_POINT('',(0.6,0.5,0.03));
#2800=CARTESIAN_POINT('',(0.6,0.5,0.03));
#2801=CARTESIAN_POINT('',(0.6,0.149999999999999,0.03));
#2802=CARTESIAN_POINT('',(0.6,0.149999999999999,0.03));
#2803=CARTESIAN_POINT('',(0.6,0.149999999999999,0.03));
#2804=CARTESIAN_POINT('',(0.6,0.5,0.03));
#2805=CARTESIAN_POINT('',(0.6,0.5,0.));
#2806=CARTESIAN_POINT('',(0.25,0.5,0.));
#2807=CARTESIAN_POINT('',(0.25,0.5,0.03));
#2808=CARTESIAN_POINT('',(0.25,0.5,0.03));
#2809=CARTESIAN_POINT('',(0.6,0.5,0.03));
#2810=CARTESIAN_POINT('',(0.25,0.5,0.03));
#2811=CARTESIAN_POINT('',(0.25,0.5,0.));
#2812=CARTESIAN_POINT('',(0.249999999999999,0.149999999999999,0.));
#2813=CARTESIAN_POINT('',(0.249999999999999,0.149999999999999,0.03));
#2814=CARTESIAN_POINT('',(0.249999999999999,0.149999999999999,0.03));
#2815=CARTESIAN_POINT('',(0.25,0.5,0.03));
#2816=CARTESIAN_POINT('',(0.249999999999999,0.149999999999999,0.03));
#2817=CARTESIAN_POINT('',(0.249999999999999,0.149999999999999,0.));
#2818=CARTESIAN_POINT('',(0.249999999999999,0.149999999999999,0.));
#2819=CARTESIAN_POINT('',(0.249999999999999,0.149999999999999,0.03));
#2820=CARTESIAN_POINT('',(0.,0.,0.));
#2821=CARTESIAN_POINT('',(0.,0.,0.03));
#2822=CARTESIAN_POINT('',(-0.298921356237309,0.280578643762691,0.009));
#2823=CARTESIAN_POINT('',(-0.298921356237309,0.280578643762691,0.009));
#2824=CARTESIAN_POINT('',(-0.286292025296994,0.267949312822376,0.));
#2825=CARTESIAN_POINT('',(-0.311550687177624,0.293207974703006,0.));
#2826=CARTESIAN_POINT('',(-0.0091713562373087,-0.00917135623730874,0.));
#2827=CARTESIAN_POINT('',(-0.228210678118655,0.351289321881345,0.009));
#2828=CARTESIAN_POINT('',(-0.25,0.329500000000001,0.009));
#2829=CARTESIAN_POINT('',(-0.25,0.354758661880631,0.));
#2830=CARTESIAN_POINT('',(-0.25,0.30424133811937,0.));
#2831=CARTESIAN_POINT('',(-0.21558134717834,0.33865999094103,-9.84165852608285E-17));
#2832=CARTESIAN_POINT('',(-0.24084000905897,0.36391865282166,-1.01483190291186E-16));
#2833=CARTESIAN_POINT('',(-0.6,0.5,0.03));
#2834=CARTESIAN_POINT('',(-0.6,0.5,0.));
#2835=CARTESIAN_POINT('',(-0.6,0.5,0.));
#2836=CARTESIAN_POINT('',(-0.25,0.5,0.));
#2837=CARTESIAN_POINT('',(-0.6,0.5,0.03));
#2838=CARTESIAN_POINT('',(-0.6,0.5,0.03));
#2839=CARTESIAN_POINT('',(-0.6,0.5,0.03));
#2840=CARTESIAN_POINT('',(-0.25,0.5,0.03));
#2841=CARTESIAN_POINT('',(-0.25,0.5,0.03));
#2842=CARTESIAN_POINT('',(-0.6,0.149999999999999,0.03));
#2843=CARTESIAN_POINT('',(-0.6,0.149999999999999,0.));
#2844=CARTESIAN_POINT('',(-0.6,0.149999999999999,0.));
#2845=CARTESIAN_POINT('',(-0.6,0.149999999999999,0.03));
#2846=CARTESIAN_POINT('',(-0.6,0.149999999999999,0.03));
#2847=CARTESIAN_POINT('',(-0.6,0.149999999999999,0.03));
#2848=CARTESIAN_POINT('',(-0.249999999999999,0.149999999999999,0.03));
#2849=CARTESIAN_POINT('',(-0.249999999999999,0.149999999999999,0.));
#2850=CARTESIAN_POINT('',(-0.249999999999999,0.149999999999999,0.));
#2851=CARTESIAN_POINT('',(-0.249999999999999,0.149999999999999,0.03));
#2852=CARTESIAN_POINT('',(-0.249999999999999,0.149999999999999,0.03));
#2853=CARTESIAN_POINT('',(-0.249999999999999,0.149999999999999,0.03));
#2854=CARTESIAN_POINT('',(-0.25,0.5,0.03));
#2855=CARTESIAN_POINT('',(-0.25,0.5,0.));
#2856=CARTESIAN_POINT('',(-0.25,0.5,0.03));
#2857=CARTESIAN_POINT('',(-0.25,0.5,0.));
#2858=CARTESIAN_POINT('',(0.,0.,0.));
#2859=CARTESIAN_POINT('',(0.,0.,0.03));
#2860=CARTESIAN_POINT('',(-0.310871683128888,-0.123021720055827,0.009));
#2861=CARTESIAN_POINT('',(-0.294088236263673,-0.129130395143153,-1.08076637489982E-16));
#2862=CARTESIAN_POINT('',(-0.362492264928807,-0.317068919300335,0.));
#2863=CARTESIAN_POINT('',(-0.301684151232463,-0.149999999999999,0.));
#2864=CARTESIAN_POINT('',(-0.379275711794021,-0.310960244213008,0.009));
#2865=CARTESIAN_POINT('',(-0.396059158659236,-0.304851569125682,0.));
#2866=CARTESIAN_POINT('',(-0.327655129994102,-0.1169130449685,-1.12151928796136E-16));
#2867=CARTESIAN_POINT('',(-0.339697796768072,-0.149999999999999,0.));
#2868=CARTESIAN_POINT('',(-0.320690974000267,-0.149999999999999,0.009));
#2869=CARTESIAN_POINT('',(-0.379275711794021,-0.310960244213008,0.009));
#2870=CARTESIAN_POINT('',(-0.144307526224719,-0.396481669759772,0.));
#2871=CARTESIAN_POINT('',(-0.6,-0.149999999999999,0.03));
#2872=CARTESIAN_POINT('',(-0.6,-0.149999999999999,0.));
#2873=CARTESIAN_POINT('',(-0.6,-0.149999999999999,0.));
#2874=CARTESIAN_POINT('',(-0.6,-0.5,0.));
#2875=CARTESIAN_POINT('',(-0.6,-0.5,0.03));
#2876=CARTESIAN_POINT('',(-0.6,-0.5,0.03));
#2877=CARTESIAN_POINT('',(-0.6,-0.149999999999999,0.03));
#2878=CARTESIAN_POINT('',(-0.6,-0.149999999999999,0.03));
#2879=CARTESIAN_POINT('',(-0.6,-0.149999999999999,0.03));
#2880=CARTESIAN_POINT('',(-0.6,-0.5,0.03));
#2881=CARTESIAN_POINT('',(-0.6,-0.5,0.));
#2882=CARTESIAN_POINT('',(-0.25,-0.5,0.));
#2883=CARTESIAN_POINT('',(-0.25,-0.5,0.03));
#2884=CARTESIAN_POINT('',(-0.25,-0.5,0.03));
#2885=CARTESIAN_POINT('',(-0.6,-0.5,0.03));
#2886=CARTESIAN_POINT('',(-0.25,-0.5,0.03));
#2887=CARTESIAN_POINT('',(-0.25,-0.5,0.));
#2888=CARTESIAN_POINT('',(-0.249999999999999,-0.149999999999999,0.));
#2889=CARTESIAN_POINT('',(-0.249999999999999,-0.149999999999999,0.03));
#2890=CARTESIAN_POINT('',(-0.249999999999999,-0.149999999999999,0.03));
#2891=CARTESIAN_POINT('',(-0.25,-0.5,0.03));
#2892=CARTESIAN_POINT('',(-0.249999999999999,-0.149999999999999,0.03));
#2893=CARTESIAN_POINT('',(-0.249999999999999,-0.149999999999999,0.));
#2894=CARTESIAN_POINT('',(-0.249999999999999,-0.149999999999999,0.));
#2895=CARTESIAN_POINT('',(-0.249999999999999,-0.149999999999999,0.03));
#2896=CARTESIAN_POINT('',(0.,0.,0.));
#2897=CARTESIAN_POINT('',(0.,0.,0.03));
#2898=CARTESIAN_POINT('',(0.,0.,0.));
#2899=CARTESIAN_POINT('',(0.310871683128888,0.123021720055827,0.009));
#2900=CARTESIAN_POINT('',(0.327655129994102,0.1169130449685,-3.35377381316035E-17));
#2901=CARTESIAN_POINT('',(0.396059158659236,0.304851569125682,-3.3881317890172E-17));
#2902=CARTESIAN_POINT('',(0.327655129994102,0.1169130449685,-3.30648611671982E-17));
#2903=CARTESIAN_POINT('',(0.379275711794022,0.310960244213008,0.009));
#2904=CARTESIAN_POINT('',(0.362492264928807,0.317068919300335,-3.72694496791892E-17));
#2905=CARTESIAN_POINT('',(0.294088236263673,0.129130395143153,-3.76130294377577E-17));
#2906=CARTESIAN_POINT('',(0.294088236251929,0.129130395146054,-3.71401524747782E-17));
#2907=CARTESIAN_POINT('',(0.310871683128888,0.123021720055827,0.009));
#2908=CARTESIAN_POINT('',(0.379275711794022,0.310960244213008,0.009));
#2909=CARTESIAN_POINT('',(0.379275711794022,0.310960244213008,-2.71050543121376E-17));
#2910=CARTESIAN_POINT('',(0.163803021498821,-0.281046106882194,0.27));
#2911=CARTESIAN_POINT('',(0.1125,-0.422,0.27));
#2912=CARTESIAN_POINT('',(0.0924999999999999,-0.422,0.27));
#2913=CARTESIAN_POINT('',(0.149415388799911,-0.320575802841857,0.126019448665252));
#2914=CARTESIAN_POINT('',(0.168209241215629,-0.327416205708371,0.126019448665252));
#2915=CARTESIAN_POINT('',(0.262912907465854,-0.00874393314304907,0.0290648288841745));
#2916=CARTESIAN_POINT('',(0.262912907465854,-0.00874393314304915,0.0290648288841746));
#2917=CARTESIAN_POINT('',(0.281706759881572,-0.0155843360095625,0.0290648288841746));
#2918=CARTESIAN_POINT('',(0.310871683128888,0.123021720055826,0.509));
#2919=CARTESIAN_POINT('',(0.327655129994102,0.1169130449685,-3.30648611671982E-17));
#2920=CARTESIAN_POINT('',(0.32135431475723,0.099601697381038,-3.38298308948925E-17));
#2921=CARTESIAN_POINT('',(0.312882174095255,0.0710833227727225,-3.48584170208992E-17));
#2922=CARTESIAN_POINT('',(0.265041712875119,-0.00429760187817257,-4.06666344049251E-17));
#2923=CARTESIAN_POINT('',(0.275485542709472,0.083859534961288,-3.9398669329911E-17));
#2924=CARTESIAN_POINT('',(0.287732473394401,0.111668080211235,-3.79117932862657E-17));
#2925=CARTESIAN_POINT('',(0.294088236252019,0.129130395146019,-3.71401524747672E-17));
#2926=CARTESIAN_POINT('',(-0.1575,0.422,0.47));
#2927=CARTESIAN_POINT('',(-0.157499999997561,0.422000000002439,0.270000000000001));
#2928=CARTESIAN_POINT('',(-0.171642135621292,0.43614213562617,0.270000000000001));
#2929=CARTESIAN_POINT('',(-0.1575,0.422,0.47));
#2930=CARTESIAN_POINT('',(-0.173572894402762,0.410097812574251,0.47));
#2931=CARTESIAN_POINT('',(-0.161637625947196,0.298171517279839,0.58186918295069));
#2932=CARTESIAN_POINT('',(-0.162452987025035,0.305817792276457,0.58186918295069));
#2933=CARTESIAN_POINT('',(-0.163197795454147,0.312802440211683,0.581150347881569));
#2934=CARTESIAN_POINT('',(-0.164729056198945,0.327162263196237,0.578298830920615));
#2935=CARTESIAN_POINT('',(-0.16548045171661,0.334208683384117,0.576165022073954));
#2936=CARTESIAN_POINT('',(-0.167646656093154,0.354522866648601,0.567760353246712));
#2937=CARTESIAN_POINT('',(-0.168969618843673,0.366929317331243,0.559477923151995));
#2938=CARTESIAN_POINT('',(-0.171179583329006,0.387653873171471,0.538776358532993));
#2939=CARTESIAN_POINT('',(-0.172064447423491,0.395951932013096,0.526377057072246));
#2940=CARTESIAN_POINT('',(-0.172962769683762,0.404376198542742,0.506062644519378));
#2941=CARTESIAN_POINT('',(-0.173190936479415,0.40651589604864,0.499014397791766));
#2942=CARTESIAN_POINT('',(-0.173495935374493,0.409376107909152,0.484646564658977));
#2943=CARTESIAN_POINT('',(-0.173572894402762,0.410097812574251,0.477662304451311));
#2944=CARTESIAN_POINT('',(-0.173572894402762,0.410097812574251,0.47));
#2945=CARTESIAN_POINT('',(-0.141490216536021,0.30031993771468,0.547380544478671));
#2946=CARTESIAN_POINT('',(-0.142186746258963,0.306851838672045,0.547380544478671));
#2947=CARTESIAN_POINT('',(-0.142575284270512,0.310495461802577,0.546880532809539));
#2948=CARTESIAN_POINT('',(-0.143639923035661,0.320479407555748,0.544897960983278));
#2949=CARTESIAN_POINT('',(-0.144162178228885,0.325377000701094,0.543414635578289));
#2950=CARTESIAN_POINT('',(-0.145666958600878,0.339488496634009,0.537576231652404));
#2951=CARTESIAN_POINT('',(-0.146584702704258,0.348094896892374,0.531827289534695));
#2952=CARTESIAN_POINT('',(-0.148115469398437,0.362450086780001,0.517488030117306));
#2953=CARTESIAN_POINT('',(-0.148727098967826,0.368185812964057,0.508912336170653));
#2954=CARTESIAN_POINT('',(-0.14934751983863,0.374003982019143,0.494882314445837));
#2955=CARTESIAN_POINT('',(-0.149504986628992,0.375480670586541,0.490017270007875));
#2956=CARTESIAN_POINT('',(-0.149715441603775,0.377454270572289,0.480103198593356));
#2957=CARTESIAN_POINT('',(-0.149768519551263,0.377952023768727,0.476525660660388));
#2958=CARTESIAN_POINT('',(-0.149768519551263,0.377952023768727,0.47));
#2959=CARTESIAN_POINT('',(-0.107196007295656,0.303976903155003,0.567642178577291));
#2960=CARTESIAN_POINT('',(-0.107962348920112,0.31116348461101,0.567642178577291));
#2961=CARTESIAN_POINT('',(-0.108560191246376,0.316769917092861,0.567013610958744));
#2962=CARTESIAN_POINT('',(-0.109898964457907,0.329324634765448,0.564520544976989));
#2963=CARTESIAN_POINT('',(-0.11055583666174,0.33548463632139,0.562655068867702));
#2964=CARTESIAN_POINT('',(-0.112449195178827,0.353240131748292,0.555309017126911));
#2965=CARTESIAN_POINT('',(-0.1136050000559,0.364079013039955,0.548071683218235));
#2966=CARTESIAN_POINT('',(-0.115534786767529,0.382176123980119,0.529994650849227));
#2967=CARTESIAN_POINT('',(-0.116306938126582,0.389417187836137,0.519172636380235));
#2968=CARTESIAN_POINT('',(-0.117090622510194,0.39676640583355,0.501450615401981));
#2969=CARTESIAN_POINT('',(-0.117289624649628,0.39863260367447,0.495302967535298));
#2970=CARTESIAN_POINT('',(-0.117555622968658,0.401127076799601,0.482772368061219));
#2971=CARTESIAN_POINT('',(-0.117622730745739,0.401756398620226,0.477193424353374));
#2972=CARTESIAN_POINT('',(-0.117622730745739,0.401756398620226,0.47));
#2973=CARTESIAN_POINT('',(-0.127343416706832,0.301828482720162,0.60213081704931));
#2974=CARTESIAN_POINT('',(-0.128228589686184,0.310129438215422,0.60213081704931));
#2975=CARTESIAN_POINT('',(-0.12918270243001,0.319076895501968,0.601283426030774));
#2976=CARTESIAN_POINT('',(-0.130988097621192,0.336007490405937,0.597921414914325));
#2977=CARTESIAN_POINT('',(-0.131874110149466,0.344316319004413,0.595405455363367));
#2978=CARTESIAN_POINT('',(-0.134428892671103,0.368274501762885,0.58549313872122));
#2979=CARTESIAN_POINT('',(-0.135989916195314,0.382913433478823,0.575722316835534));
#2980=CARTESIAN_POINT('',(-0.138598900698098,0.407379910371588,0.551282979264915));
#2981=CARTESIAN_POINT('',(-0.139644286582247,0.417183306885176,0.536637357281828));
#2982=CARTESIAN_POINT('',(-0.140705872355326,0.427138622357149,0.512630945475523));
#2983=CARTESIAN_POINT('',(-0.140975574500051,0.429667829136569,0.50430009531919));
#2984=CARTESIAN_POINT('',(-0.141336116739376,0.433048914136463,0.48731573412684));
#2985=CARTESIAN_POINT('',(-0.141427105597238,0.43390218742575,0.478330068144297));
#2986=CARTESIAN_POINT('',(-0.141427105597238,0.43390218742575,0.47));
#2987=CARTESIAN_POINT('',(-0.147490826118007,0.299680062285321,0.636619455521329));
#2988=CARTESIAN_POINT('',(-0.148494830452257,0.309095391819834,0.636619455521329));
#2989=CARTESIAN_POINT('',(-0.149805213613645,0.321383873911074,0.635553241102805));
#2990=CARTESIAN_POINT('',(-0.152077230784476,0.342690346046426,0.631322284851662));
#2991=CARTESIAN_POINT('',(-0.153192383637191,0.353148001687436,0.628155841859031));
#2992=CARTESIAN_POINT('',(-0.156408590163379,0.383308871777478,0.615677260315529));
#2993=CARTESIAN_POINT('',(-0.158374832334729,0.401747853917692,0.603372950452833));
#2994=CARTESIAN_POINT('',(-0.161663014628667,0.432583696763058,0.572571307680603));
#2995=CARTESIAN_POINT('',(-0.162981635037912,0.444949425934215,0.554102078183421));
#2996=CARTESIAN_POINT('',(-0.164321122200459,0.457510838880748,0.523811275549064));
#2997=CARTESIAN_POINT('',(-0.164661524350474,0.460703054598668,0.513297223103081));
#2998=CARTESIAN_POINT('',(-0.165116610510093,0.464970751473326,0.491859100192462));
#2999=CARTESIAN_POINT('',(-0.165231480448737,0.466047976231273,0.479466711935221));
#3000=CARTESIAN_POINT('',(-0.165231480448737,0.466047976231273,0.47));
#3001=CARTESIAN_POINT('',(-0.181785035358372,0.296023096844998,0.616357821422709));
#3002=CARTESIAN_POINT('',(-0.182719227791107,0.304783745880869,0.616357821422709));
#3003=CARTESIAN_POINT('',(-0.183820306637781,0.31510941862079,0.615420162953599));
#3004=CARTESIAN_POINT('',(-0.18581818936223,0.333845118836726,0.611699700857951));
#3005=CARTESIAN_POINT('',(-0.186798725204336,0.343040366067141,0.608915408569619));
#3006=CARTESIAN_POINT('',(-0.18962635358543,0.369557236663194,0.597944474841021));
#3007=CARTESIAN_POINT('',(-0.191354534983088,0.385763737770112,0.587128556769294));
#3008=CARTESIAN_POINT('',(-0.194243697259575,0.41285765956294,0.56006468694868));
#3009=CARTESIAN_POINT('',(-0.195401795879156,0.423718051062135,0.543841777973839));
#3010=CARTESIAN_POINT('',(-0.196578019528895,0.434748415066341,0.51724297459292));
#3011=CARTESIAN_POINT('',(-0.196876886329838,0.437551121510739,0.508011525575658));
#3012=CARTESIAN_POINT('',(-0.19727642914521,0.441297945246015,0.489189930724598));
#3013=CARTESIAN_POINT('',(-0.197377269254261,0.442243601379774,0.478798948242234));
#3014=CARTESIAN_POINT('',(-0.197377269254261,0.442243601379774,0.47));
#3015=CARTESIAN_POINT('',(-0.161637625947196,0.298171517279839,0.58186918295069));
#3016=CARTESIAN_POINT('',(-0.162452987025035,0.305817792276457,0.58186918295069));
#3017=CARTESIAN_POINT('',(-0.163197795454147,0.312802440211683,0.581150347881569));
#3018=CARTESIAN_POINT('',(-0.164729056198945,0.327162263196237,0.578298830920615));
#3019=CARTESIAN_POINT('',(-0.16548045171661,0.334208683384117,0.576165022073954));
#3020=CARTESIAN_POINT('',(-0.167646656093154,0.354522866648601,0.567760353246712));
#3021=CARTESIAN_POINT('',(-0.168969618843673,0.366929317331243,0.559477923151995));
#3022=CARTESIAN_POINT('',(-0.171179583329006,0.387653873171471,0.538776358532993));
#3023=CARTESIAN_POINT('',(-0.172064447423491,0.395951932013096,0.526377057072246));
#3024=CARTESIAN_POINT('',(-0.172962769683762,0.404376198542742,0.506062644519378));
#3025=CARTESIAN_POINT('',(-0.173190936479415,0.40651589604864,0.499014397791766));
#3026=CARTESIAN_POINT('',(-0.173495935374493,0.409376107909152,0.484646564658977));
#3027=CARTESIAN_POINT('',(-0.173572894402762,0.410097812574251,0.477662304451311));
#3028=CARTESIAN_POINT('',(-0.173572894402762,0.410097812574251,0.47));
#3029=CARTESIAN_POINT('',(-0.144490521327014,0.3,0.592));
#3030=CARTESIAN_POINT('',(-0.161637625947196,0.298171517279839,0.58186918295069));
#3031=CARTESIAN_POINT('',(-0.0805094786729857,-0.3,0.592));
#3032=CARTESIAN_POINT('',(-0.0805094786729858,-0.3,0.592));
#3033=CARTESIAN_POINT('',(-0.0976565832931681,-0.301828482720162,0.58186918295069));
#3034=CARTESIAN_POINT('',(-0.0857213148376028,-0.413754778014574,0.47));
#3035=CARTESIAN_POINT('',(-0.0857213148376028,-0.413754778014574,0.477662304430767));
#3036=CARTESIAN_POINT('',(-0.0857982738654766,-0.413033073353179,0.484646564627919));
#3037=CARTESIAN_POINT('',(-0.0861032727597982,-0.410172861499765,0.499014397749957));
#3038=CARTESIAN_POINT('',(-0.0863314395550876,-0.408033163997273,0.506062644478116));
#3039=CARTESIAN_POINT('',(-0.0872297618148868,-0.399608897472044,0.526377057041337));
#3040=CARTESIAN_POINT('',(-0.0881146259098759,-0.391310838625707,0.538776358519067));
#3041=CARTESIAN_POINT('',(-0.0903245903981494,-0.370586282757889,0.559477923165686));
#3042=CARTESIAN_POINT('',(-0.0916475531504882,-0.358179832058182,0.567760353265206));
#3043=CARTESIAN_POINT('',(-0.0938137575281434,-0.337865648783282,0.576165022088095));
#3044=CARTESIAN_POINT('',(-0.0945651530458687,-0.330819228594837,0.578298830931369));
#3045=CARTESIAN_POINT('',(-0.0960964137895244,-0.316459405620998,0.581150347885258));
#3046=CARTESIAN_POINT('',(-0.0968412222175158,-0.309474757696279,0.58186918295069));
#3047=CARTESIAN_POINT('',(-0.097656583293168,-0.301828482720162,0.58186918295069));
#3048=CARTESIAN_POINT('',(-0.0692308708667504,-0.377312148339368,0.47));
#3049=CARTESIAN_POINT('',(-0.0692308708667504,-0.377312148339368,0.476525660642891));
#3050=CARTESIAN_POINT('',(-0.0692839488139654,-0.376814395145485,0.480103198571931));
#3051=CARTESIAN_POINT('',(-0.0694944037882266,-0.374840795164637,0.49001726997902));
#3052=CARTESIAN_POINT('',(-0.069651870578338,-0.373364106599592,0.49488231441735));
#3053=CARTESIAN_POINT('',(-0.0702722914488141,-0.36754593754757,0.508912336149285));
#3054=CARTESIAN_POINT('',(-0.0708839210185494,-0.36181021136028,0.51748803010766));
#3055=CARTESIAN_POINT('',(-0.0724146877147647,-0.347455021453541,0.531827289544179));
#3056=CARTESIAN_POINT('',(-0.0733324318194103,-0.338848621183314,0.537576231665242));
#3057=CARTESIAN_POINT('',(-0.0748372121921782,-0.324737125243134,0.543414635588117));
#3058=CARTESIAN_POINT('',(-0.0753594673854453,-0.319839532097386,0.544897960990754));
#3059=CARTESIAN_POINT('',(-0.0764241061498004,-0.309855586351654,0.546880532812104));
#3060=CARTESIAN_POINT('',(-0.0768126441609182,-0.306211963225172,0.547380544478671));
#3061=CARTESIAN_POINT('',(-0.0775091738819924,-0.299680062285321,0.547380544478671));
#3062=CARTESIAN_POINT('',(-0.0327882411915447,-0.393802592310221,0.47));
#3063=CARTESIAN_POINT('',(-0.0327882411915447,-0.393802592310221,0.477193424334087));
#3064=CARTESIAN_POINT('',(-0.0328553489682812,-0.393173270492826,0.482772368034135));
#3065=CARTESIAN_POINT('',(-0.0331213472866517,-0.390678797373886,0.495302967498833));
#3066=CARTESIAN_POINT('',(-0.0333203494257694,-0.388812599535937,0.501450615365989));
#3067=CARTESIAN_POINT('',(-0.034104033808968,-0.381463381542384,0.519172636353261));
#3068=CARTESIAN_POINT('',(-0.0348761851684601,-0.374222317682263,0.529994650837067));
#3069=CARTESIAN_POINT('',(-0.0368059718826573,-0.356125206718006,0.54807168323019));
#3070=CARTESIAN_POINT('',(-0.0379617767613215,-0.345286325411425,0.555309017143071));
#3071=CARTESIAN_POINT('',(-0.0398551352793805,-0.327530829975406,0.562655068880064));
#3072=CARTESIAN_POINT('',(-0.0405120074832663,-0.321370828418967,0.564520544986391));
#3073=CARTESIAN_POINT('',(-0.0418507806937993,-0.308816110755744,0.567013610961969));
#3074=CARTESIAN_POINT('',(-0.0424486230192267,-0.303209678281736,0.567642178577291));
#3075=CARTESIAN_POINT('',(-0.0432149646416277,-0.296023096844998,0.567642178577291));
#3076=CARTESIAN_POINT('',(-0.0492786851623972,-0.430245221985426,0.47));
#3077=CARTESIAN_POINT('',(-0.0492786851623972,-0.430245221985426,0.478330068121963));
#3078=CARTESIAN_POINT('',(-0.0493696740197925,-0.429391948700519,0.487315734090123));
#3079=CARTESIAN_POINT('',(-0.0497302162582232,-0.426010863709014,0.50430009526977));
#3080=CARTESIAN_POINT('',(-0.049999918402519,-0.423481656933618,0.512630945426756));
#3081=CARTESIAN_POINT('',(-0.0510615041750407,-0.413526341466858,0.536637357245312));
#3082=CARTESIAN_POINT('',(-0.0521068900597866,-0.40372294494769,0.551282979248474));
#3083=CARTESIAN_POINT('',(-0.0547158745660419,-0.379256468022353,0.575722316851697));
#3084=CARTESIAN_POINT('',(-0.0562768980923994,-0.364617536286293,0.585493138743035));
#3085=CARTESIAN_POINT('',(-0.0588316806153457,-0.340659353515554,0.595405455380042));
#3086=CARTESIAN_POINT('',(-0.0597176931436896,-0.332350524916418,0.597921414927005));
#3087=CARTESIAN_POINT('',(-0.0615230883335233,-0.315419930025088,0.601283426035123));
#3088=CARTESIAN_POINT('',(-0.0624772010758244,-0.306472472752842,0.60213081704931));
#3089=CARTESIAN_POINT('',(-0.0633623740528034,-0.298171517279839,0.60213081704931));
#3090=CARTESIAN_POINT('',(-0.0657691291332496,-0.466687851660632,0.47));
#3091=CARTESIAN_POINT('',(-0.0657691291332496,-0.466687851660632,0.479466711909838));
#3092=CARTESIAN_POINT('',(-0.0658839990713038,-0.465610626908213,0.491859100146111));
#3093=CARTESIAN_POINT('',(-0.0663390852297948,-0.461342930044143,0.513297223040708));
#3094=CARTESIAN_POINT('',(-0.0666794873792686,-0.458150714331299,0.523811275487523));
#3095=CARTESIAN_POINT('',(-0.0680189745411134,-0.445589301391332,0.554102078137363));
#3096=CARTESIAN_POINT('',(-0.0693375949511131,-0.433223572213117,0.572571307659881));
#3097=CARTESIAN_POINT('',(-0.0726257772494266,-0.402387729326701,0.603372950473204));
#3098=CARTESIAN_POINT('',(-0.0745920194234774,-0.383948747161162,0.615677260343));
#3099=CARTESIAN_POINT('',(-0.077808225951311,-0.353787877055702,0.62815584188002));
#3100=CARTESIAN_POINT('',(-0.078923378804113,-0.343330221413869,0.63132228486762));
#3101=CARTESIAN_POINT('',(-0.0811953959732473,-0.322023749294432,0.635553241108276));
#3102=CARTESIAN_POINT('',(-0.082505779132422,-0.309735267223948,0.636619455521329));
#3103=CARTESIAN_POINT('',(-0.0835097834639791,-0.30031993771468,0.636619455521329));
#3104=CARTESIAN_POINT('',(-0.102211758808455,-0.45019740768978,0.47));
#3105=CARTESIAN_POINT('',(-0.102211758808455,-0.45019740768978,0.478798948218642));
#3106=CARTESIAN_POINT('',(-0.102312598916988,-0.449251751560873,0.489189930683907));
#3107=CARTESIAN_POINT('',(-0.10271214173137,-0.445504927834894,0.508011525520895));
#3108=CARTESIAN_POINT('',(-0.103011008531837,-0.442702221394953,0.517242974538883));
#3109=CARTESIAN_POINT('',(-0.104187232180959,-0.431671857396518,0.543841777933388));
#3110=CARTESIAN_POINT('',(-0.105345330801202,-0.420811465891134,0.560064686930474));
#3111=CARTESIAN_POINT('',(-0.108234493081534,-0.393717544062236,0.587128556787193));
#3112=CARTESIAN_POINT('',(-0.109962674481566,-0.37751104293305,0.597944474865171));
#3113=CARTESIAN_POINT('',(-0.112790302864109,-0.35099417232343,0.608915408588073));
#3114=CARTESIAN_POINT('',(-0.113770838706292,-0.341798925092288,0.611699700871983));
#3115=CARTESIAN_POINT('',(-0.115768721429248,-0.323063224890342,0.615420162958411));
#3116=CARTESIAN_POINT('',(-0.116869800274113,-0.312737552167385,0.616357821422709));
#3117=CARTESIAN_POINT('',(-0.117803992704344,-0.303976903155003,0.616357821422709));
#3118=CARTESIAN_POINT('',(-0.0857213148376028,-0.413754778014574,0.47));
#3119=CARTESIAN_POINT('',(-0.0857213148376028,-0.413754778014574,0.477662304430767));
#3120=CARTESIAN_POINT('',(-0.0857982738654766,-0.413033073353179,0.484646564627919));
#3121=CARTESIAN_POINT('',(-0.0861032727597982,-0.410172861499765,0.499014397749957));
#3122=CARTESIAN_POINT('',(-0.0863314395550876,-0.408033163997273,0.506062644478116));
#3123=CARTESIAN_POINT('',(-0.0872297618148868,-0.399608897472044,0.526377057041337));
#3124=CARTESIAN_POINT('',(-0.0881146259098759,-0.391310838625707,0.538776358519067));
#3125=CARTESIAN_POINT('',(-0.0903245903981494,-0.370586282757889,0.559477923165686));
#3126=CARTESIAN_POINT('',(-0.0916475531504882,-0.358179832058182,0.567760353265206));
#3127=CARTESIAN_POINT('',(-0.0938137575281434,-0.337865648783282,0.576165022088095));
#3128=CARTESIAN_POINT('',(-0.0945651530458687,-0.330819228594837,0.578298830931369));
#3129=CARTESIAN_POINT('',(-0.0960964137895244,-0.316459405620998,0.581150347885258));
#3130=CARTESIAN_POINT('',(-0.0968412222175158,-0.309474757696279,0.58186918295069));
#3131=CARTESIAN_POINT('',(-0.097656583293168,-0.301828482720162,0.58186918295069));
#3132=CARTESIAN_POINT('',(-0.0675,-0.422,0.47));
#3133=CARTESIAN_POINT('',(-0.0857213148376028,-0.413754778014574,0.47));
#3134=CARTESIAN_POINT('',(-0.0675,-0.422,0.27));
#3135=CARTESIAN_POINT('',(-0.0675,-0.422,0.27));
#3136=CARTESIAN_POINT('',(-0.0857213148376028,-0.413754778014574,0.27));
#3137=CARTESIAN_POINT('',(-0.0675,-0.3,0.27));
#3138=CARTESIAN_POINT('',(-0.0675,-0.3,0.148));
#3139=CARTESIAN_POINT('',(-0.0857213148376028,-0.3,0.156245221985426));
#3140=CARTESIAN_POINT('',(-0.0675,0.3,0.148));
#3141=CARTESIAN_POINT('',(-0.0675,0.3,0.148));
#3142=CARTESIAN_POINT('',(-0.0857213148376028,0.3,0.156245221985426));
#3143=CARTESIAN_POINT('',(-0.0675,0.3,0.27));
#3144=CARTESIAN_POINT('',(-0.0675,0.422,0.27));
#3145=CARTESIAN_POINT('',(-0.0857213148376028,0.413754778014574,0.27));
#3146=CARTESIAN_POINT('',(-0.0675,0.422,0.47));
#3147=CARTESIAN_POINT('',(-0.0674999999999999,0.422,0.47));
#3148=CARTESIAN_POINT('',(-0.0857213148376028,0.413754778014574,0.47));
#3149=CARTESIAN_POINT('',(-0.0733763149133586,0.297986112058328,0.585733337732701));
#3150=CARTESIAN_POINT('',(-0.0742049900206461,0.305757243064447,0.585733337732701));
#3151=CARTESIAN_POINT('',(-0.0749897154803715,0.313116224042318,0.584989985387024));
#3152=CARTESIAN_POINT('',(-0.0765732571975117,0.327966326367497,0.582041110610675));
#3153=CARTESIAN_POINT('',(-0.0773503259142262,0.335253504110909,0.57983442069903));
#3154=CARTESIAN_POINT('',(-0.0795906371515615,0.356262645047701,0.571142224000876));
#3155=CARTESIAN_POINT('',(-0.0809590011600737,0.369094858638634,0.562575938407209));
#3156=CARTESIAN_POINT('',(-0.0832450639058447,0.390533047054532,0.541161532308853));
#3157=CARTESIAN_POINT('',(-0.0841605415746423,0.399118193193033,0.52833382857087));
#3158=CARTESIAN_POINT('',(-0.0850900002911662,0.407834450490214,0.507315304172881));
#3159=CARTESIAN_POINT('',(-0.0853260884132508,0.410048432435097,0.50002244843948));
#3160=CARTESIAN_POINT('',(-0.085641680139995,0.413007981517008,0.485155609680372));
#3161=CARTESIAN_POINT('',(-0.0857213148376028,0.413754778014574,0.477789655594607));
#3162=CARTESIAN_POINT('',(-0.0857213148376028,0.413754778014574,0.47));
#3163=CARTESIAN_POINT('',(-0.0609136468258497,0.299315069555811,0.547747606515434));
#3164=CARTESIAN_POINT('',(-0.0616114412690325,0.305858830778548,0.547747606515434));
#3165=CARTESIAN_POINT('',(-0.0620037710610321,0.309538012383524,0.547245265912298));
#3166=CARTESIAN_POINT('',(-0.0630733760765705,0.319568530529237,0.545253445916637));
#3167=CARTESIAN_POINT('',(-0.0635980700066634,0.324488993606996,0.543763197426611));
#3168=CARTESIAN_POINT('',(-0.0651098899039327,0.338666504643615,0.537897480783745));
#3169=CARTESIAN_POINT('',(-0.0660319467430008,0.347313348778872,0.532121574793348));
#3170=CARTESIAN_POINT('',(-0.0675699421285866,0.361736327728146,0.517714601461778));
#3171=CARTESIAN_POINT('',(-0.0681844797287293,0.367499324778372,0.509098212920495));
#3172=CARTESIAN_POINT('',(-0.068807858299649,0.373345230487885,0.495001306522947));
#3173=CARTESIAN_POINT('',(-0.0689660775490555,0.374828975448987,0.490113026297357));
#3174=CARTESIAN_POINT('',(-0.0691775387532959,0.376812011630973,0.480151553566926));
#3175=CARTESIAN_POINT('',(-0.0692308708667504,0.377312148339368,0.476537757942376));
#3176=CARTESIAN_POINT('',(-0.0692308708667504,0.377312148339368,0.47));
#3177=CARTESIAN_POINT('',(-0.0231420596531609,0.303342845439155,0.560280931050031));
#3178=CARTESIAN_POINT('',(-0.0238830379389594,0.310291575141532,0.560280931050031));
#3179=CARTESIAN_POINT('',(-0.0244048379844456,0.315184900012538,0.559699069050594));
#3180=CARTESIAN_POINT('',(-0.0256440155016842,0.326805631396416,0.557391470530224));
#3181=CARTESIAN_POINT('',(-0.0262519800442864,0.332506987773708,0.555664833465873));
#3182=CARTESIAN_POINT('',(-0.0280041643650668,0.348938582959698,0.548866524749923));
#3183=CARTESIAN_POINT('',(-0.0290734794618415,0.35896638231167,0.542169937966456));
#3184=CARTESIAN_POINT('',(-0.0308582983440005,0.375704017162141,0.525450874641983));
#3185=CARTESIAN_POINT('',(-0.0315721305851845,0.382398177290578,0.515444970132827));
#3186=CARTESIAN_POINT('',(-0.0322964997564041,0.389191150407347,0.499064288172086));
#3187=CARTESIAN_POINT('',(-0.032480411702019,0.390915835764002,0.493382622529352));
#3188=CARTESIAN_POINT('',(-0.0327262305871746,0.393221070642572,0.481802632991998));
#3189=CARTESIAN_POINT('',(-0.0327882411915447,0.393802592310221,0.47695081934877));
#3190=CARTESIAN_POINT('',(-0.0327882411915447,0.393802592310221,0.47));
#3191=CARTESIAN_POINT('',(-0.0356047277406698,0.302013887941672,0.598266662267298));
#3192=CARTESIAN_POINT('',(-0.036476586690573,0.310189987427431,0.598266662267298));
#3193=CARTESIAN_POINT('',(-0.037390782403785,0.318763111671333,0.59744378852532));
#3194=CARTESIAN_POINT('',(-0.0391438966226254,0.335203427234677,0.594179135224263));
#3195=CARTESIAN_POINT('',(-0.0400042359518492,0.343271498277621,0.591736056738292));
#3196=CARTESIAN_POINT('',(-0.0424849116126957,0.366534723363785,0.582111267967054));
#3197=CARTESIAN_POINT('',(-0.0440005338789143,0.380747892171432,0.572624301580317));
#3198=CARTESIAN_POINT('',(-0.0465334201212586,0.404500736488527,0.548897805489058));
#3199=CARTESIAN_POINT('',(-0.0475481924310976,0.41401704570524,0.534680585783203));
#3200=CARTESIAN_POINT('',(-0.0485786417479213,0.423680370409676,0.51137828582202));
#3201=CARTESIAN_POINT('',(-0.0488404225662143,0.426135292750112,0.503292044671475));
#3202=CARTESIAN_POINT('',(-0.0491903719738737,0.429417040528608,0.486806689105444));
#3203=CARTESIAN_POINT('',(-0.0492786851623972,0.430245221985426,0.478202717001001));
#3204=CARTESIAN_POINT('',(-0.0492786851623972,0.430245221985426,0.47));
#3205=CARTESIAN_POINT('',(-0.0480673958281786,0.300684930444189,0.636252393484566));
#3206=CARTESIAN_POINT('',(-0.0490701354421867,0.310088399713331,0.636252393484566));
#3207=CARTESIAN_POINT('',(-0.0503767268231244,0.322341323330127,0.635188508000046));
#3208=CARTESIAN_POINT('',(-0.0526437777435666,0.343601223072937,0.630966799918302));
#3209=CARTESIAN_POINT('',(-0.0537564918594121,0.354036008781534,0.627807280010711));
#3210=CARTESIAN_POINT('',(-0.0569656588603246,0.384130863767871,0.615356011184185));
#3211=CARTESIAN_POINT('',(-0.0589275882959871,0.402529402031194,0.603078665194178));
#3212=CARTESIAN_POINT('',(-0.0622085418985167,0.433297455814914,0.572344736336133));
#3213=CARTESIAN_POINT('',(-0.0635242542770106,0.445635914119902,0.553916201433579));
#3214=CARTESIAN_POINT('',(-0.0648607837394386,0.458169590412006,0.523692283471954));
#3215=CARTESIAN_POINT('',(-0.0652004334304097,0.461354749736222,0.513201466813599));
#3216=CARTESIAN_POINT('',(-0.065654513360573,0.465613010414644,0.49181074521889));
#3217=CARTESIAN_POINT('',(-0.0657691291332496,0.466687851660632,0.479454614653233));
#3218=CARTESIAN_POINT('',(-0.0657691291332496,0.466687851660632,0.47));
#3219=CARTESIAN_POINT('',(-0.0858389830008674,0.296657154560845,0.623719068949969));
#3220=CARTESIAN_POINT('',(-0.0867985387722598,0.305655655350347,0.623719068949969));
#3221=CARTESIAN_POINT('',(-0.0879756598997109,0.316694435701112,0.62273470486175));
#3222=CARTESIAN_POINT('',(-0.0900731383184529,0.336364122205757,0.618828775304714));
#3223=CARTESIAN_POINT('',(-0.0911025818217892,0.346018014614821,0.615905643971449));
#3224=CARTESIAN_POINT('',(-0.0940713843991904,0.373858785451788,0.604386967218007));
#3225=CARTESIAN_POINT('',(-0.0958860555771466,0.390876368498396,0.59303030202107));
#3226=CARTESIAN_POINT('',(-0.0989201856831028,0.419329766380919,0.564608463155928));
#3227=CARTESIAN_POINT('',(-0.100136603420555,0.430737061607695,0.547569444221246));
#3228=CARTESIAN_POINT('',(-0.101372142282683,0.442323670492544,0.519629301822815));
#3229=CARTESIAN_POINT('',(-0.101686099277446,0.445267889421207,0.509931870581604));
#3230=CARTESIAN_POINT('',(-0.102105821526694,0.449203951403044,0.490159665793818));
#3231=CARTESIAN_POINT('',(-0.102211758808455,0.45019740768978,0.479041553246839));
#3232=CARTESIAN_POINT('',(-0.102211758808455,0.45019740768978,0.47));
#3233=CARTESIAN_POINT('',(-0.0733763149133586,0.297986112058328,0.585733337732701));
#3234=CARTESIAN_POINT('',(-0.0742049900206461,0.305757243064447,0.585733337732701));
#3235=CARTESIAN_POINT('',(-0.0749897154803715,0.313116224042318,0.584989985387024));
#3236=CARTESIAN_POINT('',(-0.0765732571975117,0.327966326367497,0.582041110610675));
#3237=CARTESIAN_POINT('',(-0.0773503259142262,0.335253504110909,0.57983442069903));
#3238=CARTESIAN_POINT('',(-0.0795906371515615,0.356262645047701,0.571142224000876));
#3239=CARTESIAN_POINT('',(-0.0809590011600737,0.369094858638634,0.562575938407209));
#3240=CARTESIAN_POINT('',(-0.0832450639058447,0.390533047054532,0.541161532308853));
#3241=CARTESIAN_POINT('',(-0.0841605415746423,0.399118193193033,0.52833382857087));
#3242=CARTESIAN_POINT('',(-0.0850900002911662,0.407834450490214,0.507315304172881));
#3243=CARTESIAN_POINT('',(-0.0853260884132508,0.410048432435097,0.50002244843948));
#3244=CARTESIAN_POINT('',(-0.085641680139995,0.413007981517008,0.485155609680372));
#3245=CARTESIAN_POINT('',(-0.0857213148376028,0.413754778014574,0.477789655594607));
#3246=CARTESIAN_POINT('',(-0.0857213148376028,0.413754778014574,0.47));
#3247=CARTESIAN_POINT('',(-0.0544905213270142,0.3,0.592));
#3248=CARTESIAN_POINT('',(-0.0733763149133586,0.297986112058328,0.585733337732701));
#3249=CARTESIAN_POINT('',(0.00949052132701432,-0.3,0.592));
#3250=CARTESIAN_POINT('',(0.00949052132701435,-0.3,0.592));
#3251=CARTESIAN_POINT('',(-0.00939527225933005,-0.302013887941672,0.585733337732701));
#3252=CARTESIAN_POINT('',(0.00294972766491408,-0.417782553897918,0.47));
#3253=CARTESIAN_POINT('',(0.00294972766491408,-0.417782553897918,0.477789655573721));
#3254=CARTESIAN_POINT('',(0.00287009296771505,-0.417035757404184,0.485155609648235));
#3255=CARTESIAN_POINT('',(0.00255450124175418,-0.414076208329617,0.50002244839622));
#3256=CARTESIAN_POINT('',(0.00231841312004509,-0.411862226388258,0.507315304130191));
#3257=CARTESIAN_POINT('',(0.00138895440400841,-0.403145969095644,0.528333828538893));
#3258=CARTESIAN_POINT('',(0.000473476734690874,-0.394560822952267,0.541161532294446));
#3259=CARTESIAN_POINT('',(-0.0018125860141238,-0.373122634507829,0.562575938421372));
#3260=CARTESIAN_POINT('',(-0.00318095002451779,-0.360290420899247,0.571142224020006));
#3261=CARTESIAN_POINT('',(-0.00542126126300151,-0.339281279951685,0.579834420713655));
#3262=CARTESIAN_POINT('',(-0.00619832997977804,-0.331994102207693,0.582041110621797));
#3263=CARTESIAN_POINT('',(-0.00778187169573634,-0.317143999893596,0.584989985390838));
#3264=CARTESIAN_POINT('',(-0.00856659715426436,-0.309785018926955,0.585733337732701));
#3265=CARTESIAN_POINT('',(-0.00939527225933007,-0.302013887941672,0.585733337732701));
#3266=CARTESIAN_POINT('',(0.0113846198690793,-0.378682009227746,0.47));
#3267=CARTESIAN_POINT('',(0.0113846198690793,-0.378682009227746,0.476537757924847));
#3268=CARTESIAN_POINT('',(0.0113312877558985,-0.378181872521917,0.480151553545399));
#3269=CARTESIAN_POINT('',(0.0111198265521834,-0.376198836344854,0.490113026268365));
#3270=CARTESIAN_POINT('',(0.0109616073030288,-0.374715091386117,0.495001306494326));
#3271=CARTESIAN_POINT('',(0.0103382287324375,-0.36886918567968,0.509098212899026));
#3272=CARTESIAN_POINT('',(0.00972369113194843,-0.363106188626205,0.517714601452085));
#3273=CARTESIAN_POINT('',(0.0081856957443146,-0.348683209657731,0.532121574802877));
#3274=CARTESIAN_POINT('',(0.00726363890397592,-0.340036365510555,0.537897480796646));
#3275=CARTESIAN_POINT('',(0.00575181900592813,-0.325858854466638,0.543763197436484));
#3276=CARTESIAN_POINT('',(0.00522712507579226,-0.320938391388475,0.545253445924148));
#3277=CARTESIAN_POINT('',(0.00415752006105116,-0.310907873250237,0.547245265914875));
#3278=CARTESIAN_POINT('',(0.00376519026949058,-0.30722869164938,0.547747606515434));
#3279=CARTESIAN_POINT('',(0.00306739582817875,-0.300684930444189,0.547747606515434));
#3280=CARTESIAN_POINT('',(0.0504851645392513,-0.387116901431911,0.47));
#3281=CARTESIAN_POINT('',(0.0504851645392513,-0.387116901431911,0.476950819330133));
#3282=CARTESIAN_POINT('',(0.0504231539351995,-0.386535379767247,0.48180263296697));
#3283=CARTESIAN_POINT('',(0.0501773350506542,-0.384230144894399,0.493382622495652));
#3284=CARTESIAN_POINT('',(0.049993423105332,-0.382505459540491,0.499064288138822));
#3285=CARTESIAN_POINT('',(0.0492690539344934,-0.37571248642729,0.515444970107893));
#3286=CARTESIAN_POINT('',(0.0485552216929055,-0.369018326295067,0.525450874630735));
#3287=CARTESIAN_POINT('',(0.0467704028083701,-0.352280691422314,0.542169937977514));
#3288=CARTESIAN_POINT('',(0.0457010877101232,-0.342252892056533,0.548866524764879));
#3289=CARTESIAN_POINT('',(0.0439489033884421,-0.325821296862099,0.555664833477314));
#3290=CARTESIAN_POINT('',(0.0433409388457905,-0.320119940484345,0.557391470538928));
#3291=CARTESIAN_POINT('',(0.0421017613294764,-0.308499209109133,0.559699069053578));
#3292=CARTESIAN_POINT('',(0.0415799612846793,-0.303605884244591,0.560280931050031));
#3293=CARTESIAN_POINT('',(0.0408389830008675,-0.296657154560846,0.560280931050031));
#3294=CARTESIAN_POINT('',(0.042050272335086,-0.426217446102083,0.47));
#3295=CARTESIAN_POINT('',(0.042050272335086,-0.426217446102083,0.478202716979008));
#3296=CARTESIAN_POINT('',(0.041961959147016,-0.425389264649514,0.486806689069806));
#3297=CARTESIAN_POINT('',(0.041612009740225,-0.422107516879162,0.503292044623508));
#3298=CARTESIAN_POINT('',(0.0413502289223483,-0.419652594542631,0.511378285774688));
#3299=CARTESIAN_POINT('',(0.0403197796060644,-0.409989269843255,0.534680585747759));
#3300=CARTESIAN_POINT('',(0.039305007295648,-0.40047296062113,0.548897805473095));
#3301=CARTESIAN_POINT('',(0.0367721210499316,-0.376720116272412,0.57262430159601));
#3302=CARTESIAN_POINT('',(0.0352564987816295,-0.362506947445225,0.582111267988239));
#3303=CARTESIAN_POINT('',(0.0327758231195124,-0.339243722347147,0.591736056754484));
#3304=CARTESIAN_POINT('',(0.0319154837902202,-0.331175651303563,0.594179135236577));
#3305=CARTESIAN_POINT('',(0.0301623695726889,-0.314735335752492,0.597443788529541));
#3306=CARTESIAN_POINT('',(0.0292481738609244,-0.306162211522166,0.598266662267298));
#3307=CARTESIAN_POINT('',(0.0283763149133587,-0.297986112058329,0.598266662267298));
#3308=CARTESIAN_POINT('',(0.0336153801309208,-0.465317990772255,0.47));
#3309=CARTESIAN_POINT('',(0.0336153801309208,-0.465317990772255,0.479454614627883));
#3310=CARTESIAN_POINT('',(0.0335007643588324,-0.464243149531782,0.491810745172643));
#3311=CARTESIAN_POINT('',(0.0330466844297957,-0.459984888863926,0.513201466751364));
#3312=CARTESIAN_POINT('',(0.0327070347393645,-0.456799729544772,0.523692283410554));
#3313=CARTESIAN_POINT('',(0.0313705052776353,-0.444266053259219,0.553916201387625));
#3314=CARTESIAN_POINT('',(0.0300547928983905,-0.431927594947192,0.572344736315455));
#3315=CARTESIAN_POINT('',(0.0267738392914932,-0.40115954112251,0.603078665214507));
#3316=CARTESIAN_POINT('',(0.0248119098531358,-0.382761002833917,0.615356011211599));
#3317=CARTESIAN_POINT('',(0.0216027428505827,-0.352666147832194,0.627807280031654));
#3318=CARTESIAN_POINT('',(0.0204900287346499,-0.34223136212278,0.630966799934225));
#3319=CARTESIAN_POINT('',(0.0182229778159014,-0.320971462395851,0.635188508005505));
#3320=CARTESIAN_POINT('',(0.0169163864371694,-0.308718538799741,0.636252393484566));
#3321=CARTESIAN_POINT('',(0.0159136468258499,-0.299315069555812,0.636252393484566));
#3322=CARTESIAN_POINT('',(-0.00548516453925117,-0.45688309856809,0.47));
#3323=CARTESIAN_POINT('',(-0.00548516453925117,-0.45688309856809,0.479041553222596));
#3324=CARTESIAN_POINT('',(-0.00559110182046847,-0.455889642286451,0.490159665751071));
#3325=CARTESIAN_POINT('',(-0.00601082406867507,-0.451953580314381,0.509931870524076));
#3326=CARTESIAN_POINT('',(-0.00632478106293865,-0.449009361390398,0.519629301766057));
#3327=CARTESIAN_POINT('',(-0.00756031992442069,-0.437422752511609,0.54756944417876));
#3328=CARTESIAN_POINT('',(-0.00877673766256669,-0.42601545727833,0.564608463136807));
#3329=CARTESIAN_POINT('',(-0.0118108677725622,-0.397562059357928,0.593030302039868));
#3330=CARTESIAN_POINT('',(-0.0136255389530115,-0.38054447628794,0.604386967243366));
#3331=CARTESIAN_POINT('',(-0.0165943415319312,-0.352703705436733,0.615905643990825));
#3332=CARTESIAN_POINT('',(-0.0176237850353483,-0.34304981302691,0.618828775319447));
#3333=CARTESIAN_POINT('',(-0.0197212634525239,-0.323380126536956,0.6227347048668));
#3334=CARTESIAN_POINT('',(-0.0208983845780193,-0.31234134620453,0.623719068949969));
#3335=CARTESIAN_POINT('',(-0.0218579403468389,-0.303342845439155,0.623719068949969));
#3336=CARTESIAN_POINT('',(0.00294972766491408,-0.417782553897918,0.47));
#3337=CARTESIAN_POINT('',(0.00294972766491408,-0.417782553897918,0.477789655573721));
#3338=CARTESIAN_POINT('',(0.00287009296771505,-0.417035757404184,0.485155609648235));
#3339=CARTESIAN_POINT('',(0.00255450124175418,-0.414076208329617,0.50002244839622));
#3340=CARTESIAN_POINT('',(0.00231841312004509,-0.411862226388258,0.507315304130191));
#3341=CARTESIAN_POINT('',(0.00138895440400841,-0.403145969095644,0.528333828538893));
#3342=CARTESIAN_POINT('',(0.000473476734690874,-0.394560822952267,0.541161532294446));
#3343=CARTESIAN_POINT('',(-0.0018125860141238,-0.373122634507829,0.562575938421372));
#3344=CARTESIAN_POINT('',(-0.00318095002451779,-0.360290420899247,0.571142224020006));
#3345=CARTESIAN_POINT('',(-0.00542126126300151,-0.339281279951685,0.579834420713655));
#3346=CARTESIAN_POINT('',(-0.00619832997977804,-0.331994102207693,0.582041110621797));
#3347=CARTESIAN_POINT('',(-0.00778187169573634,-0.317143999893596,0.584989985390838));
#3348=CARTESIAN_POINT('',(-0.00856659715426436,-0.309785018926955,0.585733337732701));
#3349=CARTESIAN_POINT('',(-0.00939527225933007,-0.302013887941672,0.585733337732701));
#3350=CARTESIAN_POINT('',(0.0225000000000001,-0.422,0.47));
#3351=CARTESIAN_POINT('',(0.00294972766491407,-0.417782553897918,0.47));
#3352=CARTESIAN_POINT('',(0.0225000000000001,-0.422,0.27));
#3353=CARTESIAN_POINT('',(0.0225000000000001,-0.422,0.27));
#3354=CARTESIAN_POINT('',(0.00294972766491408,-0.417782553897918,0.27));
#3355=CARTESIAN_POINT('',(0.0225000000000001,-0.3,0.27));
#3356=CARTESIAN_POINT('',(0.0225000000000001,-0.3,0.148));
#3357=CARTESIAN_POINT('',(0.00294972766491407,-0.3,0.152217446102083));
#3358=CARTESIAN_POINT('',(0.0225,0.3,0.148));
#3359=CARTESIAN_POINT('',(0.0225000000000001,0.3,0.148));
#3360=CARTESIAN_POINT('',(0.00294972766491408,0.3,0.152217446102083));
#3361=CARTESIAN_POINT('',(0.0225,0.3,0.27));
#3362=CARTESIAN_POINT('',(0.0225,0.422,0.27));
#3363=CARTESIAN_POINT('',(0.00294972766491405,0.417782553897918,0.27));
#3364=CARTESIAN_POINT('',(0.0225,0.422,0.47));
#3365=CARTESIAN_POINT('',(0.0225,0.422,0.47));
#3366=CARTESIAN_POINT('',(0.00294972766491403,0.417782553897918,0.47));
#3367=CARTESIAN_POINT('',(0.0157343425054428,0.297891276948959,0.589879321653541));
#3368=CARTESIAN_POINT('',(0.014891382320271,0.305796370241014,0.589879321653541));
#3369=CARTESIAN_POINT('',(0.0140638285121929,0.313556985952324,0.589109663882713));
#3370=CARTESIAN_POINT('',(0.0124241927504502,0.328933125762445,0.586056330574045));
#3371=CARTESIAN_POINT('',(0.0116195783797802,0.336478620527395,0.583771444073336));
#3372=CARTESIAN_POINT('',(0.00929975535510752,0.358233405336547,0.574770748881502));
#3373=CARTESIAN_POINT('',(0.0078826787829837,0.37152243452402,0.565899905007729));
#3374=CARTESIAN_POINT('',(0.00551496760903595,0.393726303755263,0.543720666888332));
#3375=CARTESIAN_POINT('',(0.00456664358857439,0.40261947568048,0.530433315684538));
#3376=CARTESIAN_POINT('',(0.00360377750245394,0.411649019865877,0.508659325588867));
#3377=CARTESIAN_POINT('',(0.00335919031812386,0.413942704127816,0.501104020481126));
#3378=CARTESIAN_POINT('',(0.00303223317973342,0.417008835514501,0.48570178150649));
#3379=CARTESIAN_POINT('',(0.00294972766491405,0.417782553897918,0.477926294994991));
#3380=CARTESIAN_POINT('',(0.00294972766491405,0.417782553897918,0.47));
#3381=CARTESIAN_POINT('',(0.0199517886075254,0.298341004613873,0.550104821111065));
#3382=CARTESIAN_POINT('',(0.0192458723301216,0.304960930593083,0.550104821111065));
#3383=CARTESIAN_POINT('',(0.0188291923211959,0.308868463121229,0.549587524460512));
#3384=CARTESIAN_POINT('',(0.0177276948277345,0.31919806183769,0.547536314177353));
#3385=CARTESIAN_POINT('',(0.01718733971352,0.32426539201988,0.546001606725452));
#3386=CARTESIAN_POINT('',(0.0156303130935002,0.338866841656509,0.53996049211532));
#3387=CARTESIAN_POINT('',(0.0146805605450112,0.347773410000117,0.534011428380757));
#3388=CARTESIAN_POINT('',(0.01309614364157,0.362631719627943,0.519169606955795));
#3389=CARTESIAN_POINT('',(0.0124629311258866,0.36856984588613,0.510291884136342));
#3390=CARTESIAN_POINT('',(0.0118205586705916,0.374593872022453,0.495765454903426));
#3391=CARTESIAN_POINT('',(0.0116575072476993,0.376122932032686,0.490727958108833));
#3392=CARTESIAN_POINT('',(0.0114395841963489,0.378166565980907,0.480462081592319));
#3393=CARTESIAN_POINT('',(0.0113846198690793,0.378682009227746,0.476615444782237));
#3394=CARTESIAN_POINT('',(0.0113846198690793,0.378682009227746,0.47));
#3395=CARTESIAN_POINT('',(0.0595020609426114,0.302558450715956,0.554346177803983));
#3396=CARTESIAN_POINT('',(0.0587815309783602,0.309315420602933,0.554346177803983));
#3397=CARTESIAN_POINT('',(0.0583210374126529,0.313633826930232,0.55380197060743));
#3398=CARTESIAN_POINT('',(0.0571621555066971,0.324501563914974,0.551643898864203));
#3399=CARTESIAN_POINT('',(0.0565936210878843,0.32983315335362,0.550029196016103));
#3400=CARTESIAN_POINT('',(0.054955253619027,0.345197399394902,0.543672486320245));
#3401=CARTESIAN_POINT('',(0.0539556679400558,0.354571291762145,0.537411858352827));
#3402=CARTESIAN_POINT('',(0.0522877243963945,0.370212895660477,0.521787610977037));
#3403=CARTESIAN_POINT('',(0.0516209099429979,0.376466133423443,0.51243966712134));
#3404=CARTESIAN_POINT('',(0.0509443616265958,0.38281065319059,0.497140393720593));
#3405=CARTESIAN_POINT('',(0.0507726156319864,0.384421248962262,0.491834410257537));
#3406=CARTESIAN_POINT('',(0.0505430657230131,0.386573916997522,0.481020817365157));
#3407=CARTESIAN_POINT('',(0.0504851645392512,0.387116901431911,0.476755227387862));
#3408=CARTESIAN_POINT('',(0.0504851645392512,0.387116901431911,0.47));
#3409=CARTESIAN_POINT('',(0.0552846148405288,0.302108723051042,0.594120678346459));
#3410=CARTESIAN_POINT('',(0.0544270409685097,0.310150860250865,0.594120678346459));
#3411=CARTESIAN_POINT('',(0.0535556736036499,0.318322349761327,0.593324110029631));
#3412=CARTESIAN_POINT('',(0.0518586534294128,0.334236627839729,0.590163915260895));
#3413=CARTESIAN_POINT('',(0.0510258597541445,0.342046381861135,0.587799033363987));
#3414=CARTESIAN_POINT('',(0.0486246958806343,0.36456396307494,0.578482743086427));
#3415=CARTESIAN_POINT('',(0.0471577861780282,0.378320316286047,0.5693003349798));
#3416=CARTESIAN_POINT('',(0.0447065483638605,0.401307479787797,0.546338670909574));
#3417=CARTESIAN_POINT('',(0.0437246224056857,0.410515763217793,0.532581098669535));
#3418=CARTESIAN_POINT('',(0.0427275804584582,0.419865801034014,0.510034264406034));
#3419=CARTESIAN_POINT('',(0.0424742987024109,0.422241021057392,0.50221047262983));
#3420=CARTESIAN_POINT('',(0.0421357147063976,0.425416186531116,0.486260517279327));
#3421=CARTESIAN_POINT('',(0.042050272335086,0.426217446102083,0.478066077600617));
#3422=CARTESIAN_POINT('',(0.042050272335086,0.426217446102083,0.47));
#3423=CARTESIAN_POINT('',(0.0510671687384461,0.301658995386128,0.633895178888935));
#3424=CARTESIAN_POINT('',(0.0500725509586592,0.310986299898797,0.633895178888935));
#3425=CARTESIAN_POINT('',(0.0487903097946469,0.323010872592422,0.632846249451832));
#3426=CARTESIAN_POINT('',(0.0465551513521285,0.343971691764485,0.628683931657587));
#3427=CARTESIAN_POINT('',(0.0454580984204047,0.35425961036865,0.62556887071187));
#3428=CARTESIAN_POINT('',(0.0422941381422417,0.383930526754978,0.613292999852609));
#3429=CARTESIAN_POINT('',(0.0403599044160007,0.40206934080995,0.601188811606773));
#3430=CARTESIAN_POINT('',(0.0371253723313264,0.432402063915117,0.570889730842111));
#3431=CARTESIAN_POINT('',(0.0358283348683735,0.444565393012142,0.55272253021773));
#3432=CARTESIAN_POINT('',(0.0345107992903206,0.456920948877439,0.522928135091475));
#3433=CARTESIAN_POINT('',(0.0341759817728354,0.460060793152522,0.512586535002124));
#3434=CARTESIAN_POINT('',(0.0337283636897821,0.46425845606471,0.491500217193498));
#3435=CARTESIAN_POINT('',(0.0336153801309207,0.465317990772255,0.479376927813372));
#3436=CARTESIAN_POINT('',(0.0336153801309207,0.465317990772255,0.47));
#3437=CARTESIAN_POINT('',(0.0115168964033602,0.297441549284045,0.629653822196017));
#3438=CARTESIAN_POINT('',(0.0105368923104205,0.306631809888946,0.629653822196017));
#3439=CARTESIAN_POINT('',(0.00929846470318989,0.318245508783419,0.628631803304914));
#3440=CARTESIAN_POINT('',(0.0071206906731659,0.3386681896872,0.624576346970737));
#3441=CARTESIAN_POINT('',(0.00605181704604044,0.34869184903491,0.621541281421219));
#3442=CARTESIAN_POINT('',(0.00296919761671481,0.377599969016586,0.609581005647684));
#3443=CARTESIAN_POINT('',(0.00108479702095616,0.395271459047923,0.597788381634702));
#3444=CARTESIAN_POINT('',(-0.00206620842349811,0.424820887882582,0.568271726820869));
#3445=CARTESIAN_POINT('',(-0.00332964394873781,0.43666910547483,0.550574747232733));
#3446=CARTESIAN_POINT('',(-0.00461300366568369,0.448704167709301,0.521553196274307));
#3447=CARTESIAN_POINT('',(-0.00493912661145162,0.451762476222946,0.511480082853419));
#3448=CARTESIAN_POINT('',(-0.00537511783688205,0.455851105048095,0.49094148142066));
#3449=CARTESIAN_POINT('',(-0.0054851645392512,0.45688309856809,0.479237145207746));
#3450=CARTESIAN_POINT('',(-0.0054851645392512,0.45688309856809,0.47));
#3451=CARTESIAN_POINT('',(0.0157343425054428,0.297891276948959,0.589879321653541));
#3452=CARTESIAN_POINT('',(0.014891382320271,0.305796370241014,0.589879321653541));
#3453=CARTESIAN_POINT('',(0.0140638285121929,0.313556985952324,0.589109663882713));
#3454=CARTESIAN_POINT('',(0.0124241927504502,0.328933125762445,0.586056330574045));
#3455=CARTESIAN_POINT('',(0.0116195783797802,0.336478620527395,0.583771444073336));
#3456=CARTESIAN_POINT('',(0.00929975535510752,0.358233405336547,0.574770748881502));
#3457=CARTESIAN_POINT('',(0.0078826787829837,0.37152243452402,0.565899905007729));
#3458=CARTESIAN_POINT('',(0.00551496760903595,0.393726303755263,0.543720666888332));
#3459=CARTESIAN_POINT('',(0.00456664358857439,0.40261947568048,0.530433315684538));
#3460=CARTESIAN_POINT('',(0.00360377750245394,0.411649019865877,0.508659325588867));
#3461=CARTESIAN_POINT('',(0.00335919031812386,0.413942704127816,0.501104020481126));
#3462=CARTESIAN_POINT('',(0.00303223317973342,0.417008835514501,0.48570178150649));
#3463=CARTESIAN_POINT('',(0.00294972766491405,0.417782553897918,0.477926294994991));
#3464=CARTESIAN_POINT('',(0.00294972766491405,0.417782553897918,0.47));
#3465=CARTESIAN_POINT('',(0.0355094786729858,0.3,0.592));
#3466=CARTESIAN_POINT('',(0.0157343425054428,0.297891276948959,0.589879321653541));
#3467=CARTESIAN_POINT('',(0.0994905213270142,-0.3,0.592));
#3468=CARTESIAN_POINT('',(0.0994905213270142,-0.3,0.592));
#3469=CARTESIAN_POINT('',(0.0797153851594712,-0.302108723051042,0.589879321653541));
#3470=CARTESIAN_POINT('',(0.0924999999999999,-0.422,0.47));
#3471=CARTESIAN_POINT('',(0.0924999999999999,-0.422,0.477926294973739));
#3472=CARTESIAN_POINT('',(0.0924174944856039,-0.421226281620554,0.485701781473195));
#3473=CARTESIAN_POINT('',(0.0920905373480249,-0.418160150241478,0.50110402043631));
#3474=CARTESIAN_POINT('',(0.091845950164084,-0.415866465983187,0.508659325544641));
#3475=CARTESIAN_POINT('',(0.0908830840784678,-0.406836921802523,0.530433315651414));
#3476=CARTESIAN_POINT('',(0.0899347600574674,-0.39794374987225,0.543720666873412));
#3477=CARTESIAN_POINT('',(0.0875670488803677,-0.37573988061145,0.565899905022397));
#3478=CARTESIAN_POINT('',(0.0861499723062951,-0.362450851405701,0.574770748901312));
#3479=CARTESIAN_POINT('',(0.0838301492804336,-0.3406960665854,0.583771444088478));
#3480=CARTESIAN_POINT('',(0.0830255349096994,-0.333150571819848,0.586056330585561));
#3481=CARTESIAN_POINT('',(0.0813858991491805,-0.317774432021205,0.589109663886662));
#3482=CARTESIAN_POINT('',(0.0805583453423828,-0.310013816321902,0.589879321653541));
#3483=CARTESIAN_POINT('',(0.0797153851594712,-0.302108723051041,0.589879321653541));
#3484=CARTESIAN_POINT('',(0.0924999999999999,-0.382,0.47));
#3485=CARTESIAN_POINT('',(0.0924999999999999,-0.382,0.476615444764499));
#3486=CARTESIAN_POINT('',(0.0924450356730123,-0.381484556755806,0.480462081570133));
#3487=CARTESIAN_POINT('',(0.092227112622203,-0.37944092281266,0.490727958078957));
#3488=CARTESIAN_POINT('',(0.0920640611995706,-0.377911862804862,0.495765454873932));
#3489=CARTESIAN_POINT('',(0.0914216887446133,-0.371887836671711,0.510291884114223));
#3490=CARTESIAN_POINT('',(0.0907884762285728,-0.365949710410171,0.519169606945812));
#3491=CARTESIAN_POINT('',(0.0892040593230223,-0.351091400762567,0.534011428390571));
#3492=CARTESIAN_POINT('',(0.0882543067732245,-0.342184832406684,0.539960492128609));
#3493=CARTESIAN_POINT('',(0.0866972801524034,-0.32758338276254,0.54600160673562));
#3494=CARTESIAN_POINT('',(0.0861569250381446,-0.322516052579935,0.547536314185088));
#3495=CARTESIAN_POINT('',(0.0850554275455042,-0.312186453871173,0.549587524463166));
#3496=CARTESIAN_POINT('',(0.0846387475370649,-0.308278921347587,0.550104821111065));
#3497=CARTESIAN_POINT('',(0.0839328312615538,-0.301658995386127,0.550104821111065));
#3498=CARTESIAN_POINT('',(0.1325,-0.382,0.47));
#3499=CARTESIAN_POINT('',(0.1325,-0.382,0.47675522736975));
#3500=CARTESIAN_POINT('',(0.132442098816535,-0.381457015568398,0.481020817341787));
#3501=CARTESIAN_POINT('',(0.132212548908132,-0.379304347538482,0.491834410226067));
#3502=CARTESIAN_POINT('',(0.132040802913796,-0.377693751769375,0.497140393689529));
#3503=CARTESIAN_POINT('',(0.131364254597749,-0.371349232005565,0.512439667098046));
#3504=CARTESIAN_POINT('',(0.130697440143976,-0.365095994239066,0.521787610966526));
#3505=CARTESIAN_POINT('',(0.129029496598095,-0.349454390319912,0.53741185836316));
#3506=CARTESIAN_POINT('',(0.128029910917746,-0.340080497939754,0.543672486334228));
#3507=CARTESIAN_POINT('',(0.126391543448047,-0.32471625189057,0.550029196026802));
#3508=CARTESIAN_POINT('',(0.125823009029187,-0.319384662451489,0.551643898872342));
#3509=CARTESIAN_POINT('',(0.124664127124095,-0.308516925474849,0.553801970610221));
#3510=CARTESIAN_POINT('',(0.124203633558959,-0.304198519152905,0.554346177803983));
#3511=CARTESIAN_POINT('',(0.12348310359664,-0.297441549284045,0.554346177803983));
#3512=CARTESIAN_POINT('',(0.1325,-0.422,0.47));
#3513=CARTESIAN_POINT('',(0.1325,-0.422,0.47806607757899));
#3514=CARTESIAN_POINT('',(0.132414557629127,-0.421198740433145,0.486260517244849));
#3515=CARTESIAN_POINT('',(0.132075973633954,-0.4180235749673,0.502210472583421));
#3516=CARTESIAN_POINT('',(0.131822691878309,-0.415648354947701,0.510034264360238));
#3517=CARTESIAN_POINT('',(0.130825649931604,-0.406298317136378,0.532581098635238));
#3518=CARTESIAN_POINT('',(0.129843723972871,-0.397090033701145,0.546338670894127));
#3519=CARTESIAN_POINT('',(0.12739248615544,-0.374102870168795,0.569300334994986));
#3520=CARTESIAN_POINT('',(0.125925576450817,-0.360346516938772,0.578482743106932));
#3521=CARTESIAN_POINT('',(0.123524412576077,-0.33782893571343,0.58779903337966));
#3522=CARTESIAN_POINT('',(0.122691618900742,-0.330019181691403,0.590163915272814));
#3523=CARTESIAN_POINT('',(0.120994598727772,-0.314104903624881,0.593324110033718));
#3524=CARTESIAN_POINT('',(0.120123231364277,-0.305933414127219,0.594120678346459));
#3525=CARTESIAN_POINT('',(0.119265657494557,-0.297891276948959,0.594120678346459));
#3526=CARTESIAN_POINT('',(0.1325,-0.462,0.47));
#3527=CARTESIAN_POINT('',(0.1325,-0.462,0.47937692778823));
#3528=CARTESIAN_POINT('',(0.132387016441718,-0.460940465297892,0.491500217147911));
#3529=CARTESIAN_POINT('',(0.131939398359776,-0.456742802396119,0.512586534940774));
#3530=CARTESIAN_POINT('',(0.131604580842823,-0.453602958126026,0.522928135030947));
#3531=CARTESIAN_POINT('',(0.130287045265458,-0.44124740226719,0.552722530172429));
#3532=CARTESIAN_POINT('',(0.128990007801766,-0.429084073163224,0.570889730821728));
#3533=CARTESIAN_POINT('',(0.125755475712785,-0.398751350017678,0.601188811626812));
#3534=CARTESIAN_POINT('',(0.123821241983887,-0.38061253593779,0.613292999879636));
#3535=CARTESIAN_POINT('',(0.120657281704107,-0.350941619536291,0.625568870732519));
#3536=CARTESIAN_POINT('',(0.119560228772297,-0.340653700931317,0.628683931673287));
#3537=CARTESIAN_POINT('',(0.117325070331448,-0.319692881774912,0.632846249457214));
#3538=CARTESIAN_POINT('',(0.116042829169595,-0.307668309101533,0.633895178888935));
#3539=CARTESIAN_POINT('',(0.115048211392475,-0.298341004613873,0.633895178888935));
#3540=CARTESIAN_POINT('',(0.0924999999999999,-0.462,0.47));
#3541=CARTESIAN_POINT('',(0.0924999999999999,-0.462,0.47923714518298));
#3542=CARTESIAN_POINT('',(0.0923899532981954,-0.460968006485301,0.490941481376258));
#3543=CARTESIAN_POINT('',(0.0919539620738468,-0.456879377670297,0.511480082793663));
#3544=CARTESIAN_POINT('',(0.0916278391285973,-0.453821069161513,0.52155319621535));
#3545=CARTESIAN_POINT('',(0.0903444794123222,-0.441786006933336,0.550574747188606));
#3546=CARTESIAN_POINT('',(0.089081043886362,-0.429937789334329,0.568271726801013));
#3547=CARTESIAN_POINT('',(0.085930038437713,-0.400388360460332,0.597788381654223));
#3548=CARTESIAN_POINT('',(0.0840456378393657,-0.382716870404718,0.609581005674016));
#3549=CARTESIAN_POINT('',(0.0809630184084637,-0.353808750408261,0.621541281441337));
#3550=CARTESIAN_POINT('',(0.0798941447812541,-0.343785091059762,0.624576346986033));
#3551=CARTESIAN_POINT('',(0.0777163707528569,-0.323362410171236,0.628631803310158));
#3552=CARTESIAN_POINT('',(0.0764779431477006,-0.311748711296216,0.629653822196017));
#3553=CARTESIAN_POINT('',(0.0754979390573885,-0.302558450715955,0.629653822196017));
#3554=CARTESIAN_POINT('',(0.0924999999999999,-0.422,0.47));
#3555=CARTESIAN_POINT('',(0.0924999999999999,-0.422,0.477926294973739));
#3556=CARTESIAN_POINT('',(0.0924174944856039,-0.421226281620554,0.485701781473195));
#3557=CARTESIAN_POINT('',(0.0920905373480249,-0.418160150241478,0.50110402043631));
#3558=CARTESIAN_POINT('',(0.091845950164084,-0.415866465983187,0.508659325544641));
#3559=CARTESIAN_POINT('',(0.0908830840784678,-0.406836921802523,0.530433315651414));
#3560=CARTESIAN_POINT('',(0.0899347600574674,-0.39794374987225,0.543720666873412));
#3561=CARTESIAN_POINT('',(0.0875670488803677,-0.37573988061145,0.565899905022397));
#3562=CARTESIAN_POINT('',(0.0861499723062951,-0.362450851405701,0.574770748901312));
#3563=CARTESIAN_POINT('',(0.0838301492804336,-0.3406960665854,0.583771444088478));
#3564=CARTESIAN_POINT('',(0.0830255349096994,-0.333150571819848,0.586056330585561));
#3565=CARTESIAN_POINT('',(0.0813858991491805,-0.317774432021205,0.589109663886662));
#3566=CARTESIAN_POINT('',(0.0805583453423828,-0.310013816321902,0.589879321653541));
#3567=CARTESIAN_POINT('',(0.0797153851594712,-0.302108723051041,0.589879321653541));
#3568=CARTESIAN_POINT('',(0.1125,-0.422,0.47));
#3569=CARTESIAN_POINT('',(0.0924999999999999,-0.422,0.47));
#3570=CARTESIAN_POINT('',(0.1125,-0.422,0.27));
#3571=CARTESIAN_POINT('',(-0.228210678118655,0.351289321881345,0.049));
#3572=CARTESIAN_POINT('',(-0.228210678118655,0.351289321881345,0.009));
#3573=CARTESIAN_POINT('',(-0.24084000905897,0.36391865282166,-1.01643953670516E-16));
#3574=CARTESIAN_POINT('',(-0.21558134717834,0.33865999094103,-9.82558218814988E-17));
#3575=CARTESIAN_POINT('',(-0.215581347178331,0.338659990941024,-9.90181456857403E-17));
#3576=CARTESIAN_POINT('',(-0.205545864150506,0.34869547396885,-9.77997572025879E-17));
#3577=CARTESIAN_POINT('',(-0.189292634544265,0.390207365455736,-9.58264843725323E-17));
#3578=CARTESIAN_POINT('',(-0.230772822862022,0.373985839018623,-1.00862513212822E-16));
#3579=CARTESIAN_POINT('',(-0.240840009058976,0.363918652821668,-1.020847507161E-16));
#3580=CARTESIAN_POINT('',(-0.201401035427411,0.378098964572589,0.0362529957426963));
#3581=CARTESIAN_POINT('',(-0.215543171051142,0.39224110019632,0.0362529957426963));
#3582=CARTESIAN_POINT('',(-0.1685597141692,0.4109402858308,0.174397468070222));
#3583=CARTESIAN_POINT('',(-0.1685597141692,0.4109402858308,0.174397468070222));
#3584=CARTESIAN_POINT('',(-0.182701849792931,0.425082421454531,0.174397468070222));
#3585=CARTESIAN_POINT('',(-0.369632034353526,0.209867965646475,0.270000000000001));
#3586=CARTESIAN_POINT('',(-0.228210678118655,0.351289321881345,0.009));
#3587=CARTESIAN_POINT('',(-0.24084000905897,0.36391865282166,-1.01483190291186E-16));
#3588=CARTESIAN_POINT('',(-0.311550687177624,0.293207974703006,-1.09953519763729E-16));
#3589=CARTESIAN_POINT('',(-0.298921356237309,0.280578643762691,0.009));
#3590=CARTESIAN_POINT('',(-0.286292025296994,0.267949312822376,-9.82558218814988E-17));
#3591=CARTESIAN_POINT('',(-0.21558134717834,0.33865999094103,-9.84165852608285E-17));
#3592=CARTESIAN_POINT('',(-0.298921356237309,0.280578643762691,0.009));
#3593=CARTESIAN_POINT('',(-0.298921356237309,0.280578643762691,-1.0842021724855E-16));
#3594=CARTESIAN_POINT('',(0.6,1.6846842434118,0.));
#3595=CARTESIAN_POINT('',(0.6,1.6846842434118,0.));
#3596=CARTESIAN_POINT('',(-0.379275711794021,-0.310960244213008,0.009));
#3597=CARTESIAN_POINT('',(-0.379275711794021,-0.310960244213008,-1.18584612615602E-16));
#3598=CARTESIAN_POINT('',(-0.362492264928807,-0.317068919300335,-1.0842021724855E-16));
#3599=CARTESIAN_POINT('',(-0.396059158659236,-0.304851569125682,-1.11808349037568E-16));
#3600=CARTESIAN_POINT('',(-0.379275711794021,-0.310960244213008,0.009));
#3601=CARTESIAN_POINT('',(-0.310871683128888,-0.123021720055827,0.009));
#3602=CARTESIAN_POINT('',(-0.294088236263673,-0.129130395143153,-1.08076637489982E-16));
#3603=CARTESIAN_POINT('',(-0.294088236263673,-0.129130395143153,-1.08549514454387E-16));
#3604=CARTESIAN_POINT('',(-0.310871683128888,-0.123021720055827,0.009));
#3605=CARTESIAN_POINT('',(-0.327655129994105,-0.116913044968497,-1.12624805760542E-16));
#3606=CARTESIAN_POINT('',(-0.327655129994102,-0.1169130449685,-1.12151928796136E-16));
#3607=CARTESIAN_POINT('',(-0.310871683128888,-0.123021720055827,0.509));
#3608=CARTESIAN_POINT('',(-0.262912907465854,0.00874393314304991,0.0290648288841752));
#3609=CARTESIAN_POINT('',(-0.281706759881572,0.0155843360095633,0.0290648288841752));
#3610=CARTESIAN_POINT('',(-0.294088236263673,-0.129130395143153,-1.08549514454387E-16));
#3611=CARTESIAN_POINT('',(-0.287771438888448,-0.111775136991451,-1.07782604366348E-16));
#3612=CARTESIAN_POINT('',(-0.275610914702479,-0.0844670579744354,-1.06306218767748E-16));
#3613=CARTESIAN_POINT('',(-0.265111794464844,0.00451568732319284,-1.05031540992369E-16));
#3614=CARTESIAN_POINT('',(-0.312902186897454,-0.0712301287262107,-1.10833679622246E-16));
#3615=CARTESIAN_POINT('',(-0.321366291790247,-0.0996346040087946,-1.1186129014114E-16));
#3616=CARTESIAN_POINT('',(-0.327655129994105,-0.116913044968497,-1.12624805760542E-16));
#3617=CARTESIAN_POINT('',(0.228210678118655,-0.351289321881346,0.049));
#3618=CARTESIAN_POINT('',(0.201401035427412,-0.378098964572589,0.0362529957426962));
#3619=CARTESIAN_POINT('',(0.215543171051142,-0.39224110019632,0.0362529957426962));
#3620=CARTESIAN_POINT('',(0.228210678118655,-0.351289321881346,0.009));
#3621=CARTESIAN_POINT('',(0.24084000905897,-0.363918652821661,-4.40457132572236E-17));
#3622=CARTESIAN_POINT('',(0.215581347178339,-0.33865999094103,-4.66715212419985E-17));
#3623=CARTESIAN_POINT('',(0.215581347178332,-0.338659990941024,-4.66715212419994E-17));
#3624=CARTESIAN_POINT('',(0.205545864150506,-0.34869547396885,-4.78899097251518E-17));
#3625=CARTESIAN_POINT('',(0.189292634544265,-0.390207365455736,-4.98631828581299E-17));
#3626=CARTESIAN_POINT('',(0.230772822862022,-0.373985839018623,-4.4827153714918E-17));
#3627=CARTESIAN_POINT('',(0.240840009058976,-0.363918652821669,-4.36049162116398E-17));
#3628=CARTESIAN_POINT('',(0.298921356237309,-0.280578643762691,0.009));
#3629=CARTESIAN_POINT('',(0.298921356237309,-0.280578643762691,-3.72694496791892E-17));
#3630=CARTESIAN_POINT('',(0.286292025296994,-0.267949312822376,-4.21908839833853E-17));
#3631=CARTESIAN_POINT('',(0.311550687177625,-0.293207974703006,-4.40457132572236E-17));
#3632=CARTESIAN_POINT('',(0.298921356237309,-0.280578643762691,0.009));
#3633=CARTESIAN_POINT('',(0.228210678118655,-0.351289321881346,0.009));
#3634=CARTESIAN_POINT('',(0.21558134717834,-0.338659990941031,-4.72730816669111E-17));
#3635=CARTESIAN_POINT('',(0.24084000905897,-0.363918652821661,-4.42064766365533E-17));
#3636=CARTESIAN_POINT('',(-0.163803021498821,0.281046106882195,0.27));
#3637=CARTESIAN_POINT('',(-0.1125,0.422,0.27));
#3638=CARTESIAN_POINT('',(-0.0925000000000001,0.422,0.27));
#3639=CARTESIAN_POINT('',(-0.149415388799911,0.320575802841858,0.126019448665253));
#3640=CARTESIAN_POINT('',(-0.168209241215629,0.327416205708371,0.126019448665253));
#3641=CARTESIAN_POINT('',(-0.262912907465854,0.0087439331430498,0.0290648288841754));
#3642=CARTESIAN_POINT('',(-0.1125,0.422,0.47));
#3643=CARTESIAN_POINT('',(-0.1125,0.422,0.47));
#3644=CARTESIAN_POINT('',(-0.0925000000000002,0.422,0.47));
#3645=CARTESIAN_POINT('',(-0.0797153851594714,0.302108723051042,0.589879321653541));
#3646=CARTESIAN_POINT('',(-0.0805583453446431,0.310013816343097,0.589879321653541));
#3647=CARTESIAN_POINT('',(-0.0813858991527213,0.317774432054406,0.589109663882713));
#3648=CARTESIAN_POINT('',(-0.083025534914464,0.333150571864528,0.586056330574044));
#3649=CARTESIAN_POINT('',(-0.0838301492851341,0.340696066629478,0.583771444073335));
#3650=CARTESIAN_POINT('',(-0.0861499723098065,0.36245085143863,0.574770748881503));
#3651=CARTESIAN_POINT('',(-0.0875670488819306,0.375739880626102,0.565899905007728));
#3652=CARTESIAN_POINT('',(-0.0899347600558781,0.397943749857346,0.543720666888334));
#3653=CARTESIAN_POINT('',(-0.0908830840763396,0.406836921782563,0.530433315684539));
#3654=CARTESIAN_POINT('',(-0.0918459501624603,0.415866465967959,0.508659325588867));
#3655=CARTESIAN_POINT('',(-0.0920905373467903,0.418160150229899,0.501104020481126));
#3656=CARTESIAN_POINT('',(-0.0924174944851809,0.421226281616583,0.485701781506489));
#3657=CARTESIAN_POINT('',(-0.0925000000000001,0.422,0.477926294994991));
#3658=CARTESIAN_POINT('',(-0.0925000000000001,0.422,0.47));
#3659=CARTESIAN_POINT('',(-0.083932831261554,0.301658995386128,0.550104821111065));
#3660=CARTESIAN_POINT('',(-0.0846387475389578,0.308278921365337,0.550104821111065));
#3661=CARTESIAN_POINT('',(-0.0850554275478835,0.312186453893483,0.549587524460512));
#3662=CARTESIAN_POINT('',(-0.0861569250413449,0.322516052609945,0.547536314177352));
#3663=CARTESIAN_POINT('',(-0.0866972801555596,0.327583382792135,0.546001606725452));
#3664=CARTESIAN_POINT('',(-0.0882543067755791,0.342184832428764,0.539960492115321));
#3665=CARTESIAN_POINT('',(-0.0892040593240684,0.351091400772372,0.534011428380755));
#3666=CARTESIAN_POINT('',(-0.0907884762275092,0.365949710400198,0.519169606955797));
#3667=CARTESIAN_POINT('',(-0.0914216887431927,0.371887836658385,0.510291884136343));
#3668=CARTESIAN_POINT('',(-0.092064061198488,0.377911862794707,0.495765454903426));
#3669=CARTESIAN_POINT('',(-0.09222711262138,0.379440922804941,0.490727958108833));
#3670=CARTESIAN_POINT('',(-0.0924450356727307,0.381484556753161,0.480462081592318));
#3671=CARTESIAN_POINT('',(-0.0925000000000001,0.382,0.476615444782237));
#3672=CARTESIAN_POINT('',(-0.0925000000000001,0.382,0.47));
#3673=CARTESIAN_POINT('',(-0.12348310359664,0.297441549284045,0.554346177803983));
#3674=CARTESIAN_POINT('',(-0.124203633560891,0.304198519171023,0.554346177803983));
#3675=CARTESIAN_POINT('',(-0.124664127126598,0.308516925498321,0.553801970607428));
#3676=CARTESIAN_POINT('',(-0.125823009032554,0.319384662483064,0.551643898864204));
#3677=CARTESIAN_POINT('',(-0.126391543451367,0.324716251921709,0.550029196016103));
#3678=CARTESIAN_POINT('',(-0.128029910920224,0.340080497962991,0.543672486320245));
#3679=CARTESIAN_POINT('',(-0.129029496599196,0.349454390330234,0.537411858352826));
#3680=CARTESIAN_POINT('',(-0.130697440142857,0.365095994228566,0.521787610977039));
#3681=CARTESIAN_POINT('',(-0.131364254596254,0.371349231991531,0.51243966712134));
#3682=CARTESIAN_POINT('',(-0.132040802912656,0.37769375175868,0.497140393720594));
#3683=CARTESIAN_POINT('',(-0.132212548907265,0.379304347530351,0.491834410257537));
#3684=CARTESIAN_POINT('',(-0.132442098816238,0.381457015565612,0.481020817365157));
#3685=CARTESIAN_POINT('',(-0.1325,0.382,0.476755227387862));
#3686=CARTESIAN_POINT('',(-0.1325,0.382,0.47));
#3687=CARTESIAN_POINT('',(-0.119265657494557,0.297891276948959,0.594120678346459));
#3688=CARTESIAN_POINT('',(-0.120123231366576,0.305933414148782,0.594120678346459));
#3689=CARTESIAN_POINT('',(-0.120994598731436,0.314104903659244,0.59332411002963));
#3690=CARTESIAN_POINT('',(-0.122691618905673,0.330019181737647,0.590163915260896));
#3691=CARTESIAN_POINT('',(-0.123524412580942,0.337828935759052,0.587799033363986));
#3692=CARTESIAN_POINT('',(-0.125925576454452,0.360346516972857,0.578482743086428));
#3693=CARTESIAN_POINT('',(-0.127392486157058,0.374102870183964,0.569300334979799));
#3694=CARTESIAN_POINT('',(-0.129843723971226,0.397090033685714,0.546338670909576));
#3695=CARTESIAN_POINT('',(-0.130825649929401,0.406298317115709,0.532581098669536));
#3696=CARTESIAN_POINT('',(-0.131822691876628,0.415648354931932,0.510034264406034));
#3697=CARTESIAN_POINT('',(-0.132075973632675,0.418023574955309,0.50221047262983));
#3698=CARTESIAN_POINT('',(-0.132414557628688,0.421198740429034,0.486260517279328));
#3699=CARTESIAN_POINT('',(-0.1325,0.422,0.478066077600617));
#3700=CARTESIAN_POINT('',(-0.1325,0.422,0.47));
#3701=CARTESIAN_POINT('',(-0.115048211392475,0.298341004613873,0.633895178888935));
#3702=CARTESIAN_POINT('',(-0.116042829172262,0.307668309126542,0.633895178888935));
#3703=CARTESIAN_POINT('',(-0.117325070336274,0.319692881820167,0.632846249451832));
#3704=CARTESIAN_POINT('',(-0.119560228778793,0.34065370099223,0.628683931657588));
#3705=CARTESIAN_POINT('',(-0.120657281710516,0.350941619596396,0.62556887071187));
#3706=CARTESIAN_POINT('',(-0.123821241988679,0.380612535982724,0.61329299985261));
#3707=CARTESIAN_POINT('',(-0.12575547571492,0.398751350037694,0.601188811606772));
#3708=CARTESIAN_POINT('',(-0.128990007799594,0.429084073142862,0.570889730842113));
#3709=CARTESIAN_POINT('',(-0.130287045262547,0.441247402239888,0.552722530217732));
#3710=CARTESIAN_POINT('',(-0.1316045808406,0.453602958105184,0.522928135091475));
#3711=CARTESIAN_POINT('',(-0.131939398358086,0.456742802380268,0.512586535002123));
#3712=CARTESIAN_POINT('',(-0.132387016441139,0.460940465292456,0.491500217193499));
#3713=CARTESIAN_POINT('',(-0.1325,0.462,0.479376927813372));
#3714=CARTESIAN_POINT('',(-0.1325,0.462,0.47));
#3715=CARTESIAN_POINT('',(-0.0754979390573887,0.302558450715956,0.629653822196017));
#3716=CARTESIAN_POINT('',(-0.0764779431503284,0.311748711320857,0.629653822196017));
#3717=CARTESIAN_POINT('',(-0.0777163707575591,0.323362410215329,0.628631803304914));
#3718=CARTESIAN_POINT('',(-0.079894144787583,0.343785091119112,0.624576346970736));
#3719=CARTESIAN_POINT('',(-0.0809630184147086,0.353808750466821,0.621541281421218));
#3720=CARTESIAN_POINT('',(-0.0840456378440339,0.382716870448496,0.609581005647686));
#3721=CARTESIAN_POINT('',(-0.0859300384397928,0.400388360479832,0.5977883816347));
#3722=CARTESIAN_POINT('',(-0.089081043884247,0.429937789314494,0.568271726820871));
#3723=CARTESIAN_POINT('',(-0.0903444794094865,0.441786006906741,0.550574747232734));
#3724=CARTESIAN_POINT('',(-0.0916278391264327,0.453821069141212,0.521553196274307));
#3725=CARTESIAN_POINT('',(-0.0919539620722005,0.456879377654857,0.511480082853419));
#3726=CARTESIAN_POINT('',(-0.0923899532976311,0.460968006480006,0.490941481420661));
#3727=CARTESIAN_POINT('',(-0.0925000000000001,0.462,0.479237145207746));
#3728=CARTESIAN_POINT('',(-0.0925000000000001,0.462,0.47));
#3729=CARTESIAN_POINT('',(-0.0797153851594714,0.302108723051042,0.589879321653541));
#3730=CARTESIAN_POINT('',(-0.0805583453446431,0.310013816343097,0.589879321653541));
#3731=CARTESIAN_POINT('',(-0.0813858991527213,0.317774432054406,0.589109663882713));
#3732=CARTESIAN_POINT('',(-0.083025534914464,0.333150571864528,0.586056330574044));
#3733=CARTESIAN_POINT('',(-0.0838301492851341,0.340696066629478,0.583771444073335));
#3734=CARTESIAN_POINT('',(-0.0861499723098065,0.36245085143863,0.574770748881503));
#3735=CARTESIAN_POINT('',(-0.0875670488819306,0.375739880626102,0.565899905007728));
#3736=CARTESIAN_POINT('',(-0.0899347600558781,0.397943749857346,0.543720666888334));
#3737=CARTESIAN_POINT('',(-0.0908830840763396,0.406836921782563,0.530433315684539));
#3738=CARTESIAN_POINT('',(-0.0918459501624603,0.415866465967959,0.508659325588867));
#3739=CARTESIAN_POINT('',(-0.0920905373467903,0.418160150229899,0.501104020481126));
#3740=CARTESIAN_POINT('',(-0.0924174944851809,0.421226281616583,0.485701781506489));
#3741=CARTESIAN_POINT('',(-0.0925000000000001,0.422,0.477926294994991));
#3742=CARTESIAN_POINT('',(-0.0925000000000001,0.422,0.47));
#3743=CARTESIAN_POINT('',(-0.0994905213270143,0.300000000000001,0.592));
#3744=CARTESIAN_POINT('',(-0.0797153851594714,0.302108723051042,0.589879321653541));
#3745=CARTESIAN_POINT('',(-0.0355094786729859,-0.3,0.592));
#3746=CARTESIAN_POINT('',(-0.035509478672986,-0.3,0.592));
#3747=CARTESIAN_POINT('',(-0.015734342505443,-0.297891276948959,0.589879321653541));
#3748=CARTESIAN_POINT('',(-0.00294972766491418,-0.417782553897918,0.47));
#3749=CARTESIAN_POINT('',(-0.00294972766491418,-0.417782553897918,0.47792629497374));
#3750=CARTESIAN_POINT('',(-0.00303223317931029,-0.41700883551847,0.485701781473194));
#3751=CARTESIAN_POINT('',(-0.00335919031688923,-0.413942704139397,0.501104020436309));
#3752=CARTESIAN_POINT('',(-0.0036037775008302,-0.411649019881106,0.508659325544639));
#3753=CARTESIAN_POINT('',(-0.00456664358644611,-0.402619475700442,0.530433315651412));
#3754=CARTESIAN_POINT('',(-0.00551496760744662,-0.393726303770167,0.543720666873412));
#3755=CARTESIAN_POINT('',(-0.00788267878454669,-0.371522434509367,0.565899905022398));
#3756=CARTESIAN_POINT('',(-0.00929975535861935,-0.358233405303619,0.574770748901311));
#3757=CARTESIAN_POINT('',(-0.0116195783844801,-0.336478620483321,0.583771444088478));
#3758=CARTESIAN_POINT('',(-0.0124241927552147,-0.328933125717767,0.586056330585561));
#3759=CARTESIAN_POINT('',(-0.0140638285157337,-0.313556985919122,0.589109663886662));
#3760=CARTESIAN_POINT('',(-0.0148913823225314,-0.305796370219819,0.589879321653541));
#3761=CARTESIAN_POINT('',(-0.015734342505443,-0.297891276948959,0.589879321653541));
#3762=CARTESIAN_POINT('',(-0.0113846198690794,-0.378682009227746,0.47));
#3763=CARTESIAN_POINT('',(-0.0113846198690794,-0.378682009227746,0.476615444764499));
#3764=CARTESIAN_POINT('',(-0.0114395841960671,-0.378166565983551,0.480462081570132));
#3765=CARTESIAN_POINT('',(-0.0116575072468764,-0.376122932040406,0.490727958078956));
#3766=CARTESIAN_POINT('',(-0.0118205586695089,-0.374593872032608,0.49576545487393));
#3767=CARTESIAN_POINT('',(-0.0124629311244658,-0.368569845899456,0.510291884114221));
#3768=CARTESIAN_POINT('',(-0.0130961436405066,-0.362631719637916,0.519169606945811));
#3769=CARTESIAN_POINT('',(-0.0146805605460572,-0.347773409990313,0.534011428390572));
#3770=CARTESIAN_POINT('',(-0.0156303130958552,-0.33886684163443,0.539960492128607));
#3771=CARTESIAN_POINT('',(-0.0171873397166757,-0.324265391990287,0.54600160673562));
#3772=CARTESIAN_POINT('',(-0.0177276948309348,-0.319198061807681,0.547536314185088));
#3773=CARTESIAN_POINT('',(-0.0188291923235753,-0.308868463098919,0.549587524463166));
#3774=CARTESIAN_POINT('',(-0.0192458723320145,-0.304960930575333,0.550104821111065));
#3775=CARTESIAN_POINT('',(-0.0199517886075256,-0.298341004613873,0.550104821111065));
#3776=CARTESIAN_POINT('',(-0.0504851645392514,-0.387116901431911,0.47));
#3777=CARTESIAN_POINT('',(-0.0504851645392514,-0.387116901431911,0.47675522736975));
#3778=CARTESIAN_POINT('',(-0.0505430657227163,-0.386573917000308,0.481020817341786));
#3779=CARTESIAN_POINT('',(-0.0507726156311194,-0.384421248970394,0.491834410226067));
#3780=CARTESIAN_POINT('',(-0.0509443616254556,-0.382810653201287,0.497140393689527));
#3781=CARTESIAN_POINT('',(-0.0516209099415013,-0.376466133437476,0.512439667098045));
#3782=CARTESIAN_POINT('',(-0.0522877243952749,-0.370212895670977,0.521787610966527));
#3783=CARTESIAN_POINT('',(-0.053955667941157,-0.354571291751823,0.537411858363161));
#3784=CARTESIAN_POINT('',(-0.0549552536215055,-0.345197399371666,0.543672486334228));
#3785=CARTESIAN_POINT('',(-0.0565936210912046,-0.329833153322483,0.550029196026801));
#3786=CARTESIAN_POINT('',(-0.0571621555100641,-0.324501563883401,0.551643898872342));
#3787=CARTESIAN_POINT('',(-0.0583210374151562,-0.31363382690676,0.553801970610221));
#3788=CARTESIAN_POINT('',(-0.0587815309802923,-0.309315420584816,0.554346177803983));
#3789=CARTESIAN_POINT('',(-0.0595020609426116,-0.302558450715955,0.554346177803983));
#3790=CARTESIAN_POINT('',(-0.0420502723350861,-0.426217446102083,0.47));
#3791=CARTESIAN_POINT('',(-0.0420502723350861,-0.426217446102083,0.47806607757899));
#3792=CARTESIAN_POINT('',(-0.0421357147059595,-0.425416186535227,0.486260517244847));
#3793=CARTESIAN_POINT('',(-0.0424742987011323,-0.422241021069384,0.50221047258342));
#3794=CARTESIAN_POINT('',(-0.0427275804567769,-0.419865801049784,0.510034264360236));
#3795=CARTESIAN_POINT('',(-0.0437246224034816,-0.410515763238462,0.532581098635236));
#3796=CARTESIAN_POINT('',(-0.044706548362215,-0.401307479803228,0.546338670894128));
#3797=CARTESIAN_POINT('',(-0.0471577861796464,-0.378320316270877,0.569300334994986));
#3798=CARTESIAN_POINT('',(-0.0486246958842697,-0.364563963040855,0.578482743106932));
#3799=CARTESIAN_POINT('',(-0.051025859759009,-0.342046381815516,0.587799033379659));
#3800=CARTESIAN_POINT('',(-0.051858653434344,-0.334236627793487,0.590163915272815));
#3801=CARTESIAN_POINT('',(-0.0535556736073146,-0.318322349726964,0.593324110033717));
#3802=CARTESIAN_POINT('',(-0.0544270409708092,-0.310150860229302,0.594120678346459));
#3803=CARTESIAN_POINT('',(-0.0552846148405289,-0.302108723051041,0.594120678346459));
#3804=CARTESIAN_POINT('',(-0.0336153801309209,-0.465317990772255,0.47));
#3805=CARTESIAN_POINT('',(-0.0336153801309209,-0.465317990772255,0.47937692778823));
#3806=CARTESIAN_POINT('',(-0.0337283636892026,-0.464258456070147,0.491500217147909));
#3807=CARTESIAN_POINT('',(-0.0341759817711452,-0.460060793168374,0.512586534940773));
#3808=CARTESIAN_POINT('',(-0.0345107992880983,-0.456920948898282,0.522928135030944));
#3809=CARTESIAN_POINT('',(-0.035828334865462,-0.444565393039447,0.552722530172426));
#3810=CARTESIAN_POINT('',(-0.0371253723291551,-0.432402063935479,0.57088973082173));
#3811=CARTESIAN_POINT('',(-0.0403599044181359,-0.402069340789932,0.601188811626811));
#3812=CARTESIAN_POINT('',(-0.0422941381470338,-0.383930526710045,0.613292999879636));
#3813=CARTESIAN_POINT('',(-0.0454580984268135,-0.35425961030855,0.625568870732518));
#3814=CARTESIAN_POINT('',(-0.0465551513586239,-0.343971691703574,0.628683931673287));
#3815=CARTESIAN_POINT('',(-0.048790309799473,-0.323010872547167,0.632846249457214));
#3816=CARTESIAN_POINT('',(-0.0500725509613262,-0.310986299873788,0.633895178888935));
#3817=CARTESIAN_POINT('',(-0.0510671687384463,-0.301658995386127,0.633895178888935));
#3818=CARTESIAN_POINT('',(0.00548516453925109,-0.45688309856809,0.47));
#3819=CARTESIAN_POINT('',(0.00548516453925109,-0.45688309856809,0.47923714518298));
#3820=CARTESIAN_POINT('',(0.00537511783744652,-0.45585110505339,0.490941481376256));
#3821=CARTESIAN_POINT('',(0.00493912661309791,-0.451762476238388,0.511480082793662));
#3822=CARTESIAN_POINT('',(0.00461300366784848,-0.448704167729603,0.521553196215347));
#3823=CARTESIAN_POINT('',(0.00332964395157357,-0.436669105501427,0.550574747188603));
#3824=CARTESIAN_POINT('',(0.00206620842561331,-0.424820887902419,0.568271726801013));
#3825=CARTESIAN_POINT('',(-0.00108479702303616,-0.395271459028422,0.597788381654223));
#3826=CARTESIAN_POINT('',(-0.0029691976213835,-0.377599968972809,0.609581005674015));
#3827=CARTESIAN_POINT('',(-0.00605181705228463,-0.348691848976354,0.621541281441336));
#3828=CARTESIAN_POINT('',(-0.0071206906794946,-0.338668189627854,0.624576346986033));
#3829=CARTESIAN_POINT('',(-0.00929846470789205,-0.318245508739325,0.628631803310158));
#3830=CARTESIAN_POINT('',(-0.0105368923130483,-0.306631809864305,0.629653822196017));
#3831=CARTESIAN_POINT('',(-0.0115168964033603,-0.297441549284045,0.629653822196017));
#3832=CARTESIAN_POINT('',(-0.00294972766491418,-0.417782553897918,0.47));
#3833=CARTESIAN_POINT('',(-0.00294972766491418,-0.417782553897918,0.47792629497374));
#3834=CARTESIAN_POINT('',(-0.00303223317931029,-0.41700883551847,0.485701781473194));
#3835=CARTESIAN_POINT('',(-0.00335919031688923,-0.413942704139397,0.501104020436309));
#3836=CARTESIAN_POINT('',(-0.0036037775008302,-0.411649019881106,0.508659325544639));
#3837=CARTESIAN_POINT('',(-0.00456664358644611,-0.402619475700442,0.530433315651412));
#3838=CARTESIAN_POINT('',(-0.00551496760744662,-0.393726303770167,0.543720666873412));
#3839=CARTESIAN_POINT('',(-0.00788267878454669,-0.371522434509367,0.565899905022398));
#3840=CARTESIAN_POINT('',(-0.00929975535861935,-0.358233405303619,0.574770748901311));
#3841=CARTESIAN_POINT('',(-0.0116195783844801,-0.336478620483321,0.583771444088478));
#3842=CARTESIAN_POINT('',(-0.0124241927552147,-0.328933125717767,0.586056330585561));
#3843=CARTESIAN_POINT('',(-0.0140638285157337,-0.313556985919122,0.589109663886662));
#3844=CARTESIAN_POINT('',(-0.0148913823225314,-0.305796370219819,0.589879321653541));
#3845=CARTESIAN_POINT('',(-0.015734342505443,-0.297891276948959,0.589879321653541));
#3846=CARTESIAN_POINT('',(-0.0225000000000002,-0.422,0.47));
#3847=CARTESIAN_POINT('',(-0.00294972766491418,-0.417782553897918,0.47));
#3848=CARTESIAN_POINT('',(-0.0225000000000002,-0.422,0.27));
#3849=CARTESIAN_POINT('',(-0.0225000000000002,-0.422,0.27));
#3850=CARTESIAN_POINT('',(-0.0029497276649142,-0.417782553897918,0.27));
#3851=CARTESIAN_POINT('',(-0.0225000000000002,-0.3,0.27));
#3852=CARTESIAN_POINT('',(-0.0225000000000002,-0.3,0.148));
#3853=CARTESIAN_POINT('',(-0.00294972766491419,-0.3,0.152217446102082));
#3854=CARTESIAN_POINT('',(-0.0225000000000001,0.3,0.148));
#3855=CARTESIAN_POINT('',(-0.0225000000000001,0.3,0.148));
#3856=CARTESIAN_POINT('',(-0.00294972766491409,0.3,0.152217446102082));
#3857=CARTESIAN_POINT('',(-0.0225000000000001,0.3,0.27));
#3858=CARTESIAN_POINT('',(-0.0225000000000001,0.422,0.27));
#3859=CARTESIAN_POINT('',(-0.00294972766491409,0.417782553897918,0.27));
#3860=CARTESIAN_POINT('',(-0.0225000000000001,0.422,0.47));
#3861=CARTESIAN_POINT('',(-0.0225000000000001,0.422,0.47));
#3862=CARTESIAN_POINT('',(-0.00294972766491413,0.417782553897918,0.47));
#3863=CARTESIAN_POINT('',(0.0093952722593301,0.302013887941672,0.585733337732702));
#3864=CARTESIAN_POINT('',(0.00856659715204255,0.309785018947791,0.585733337732702));
#3865=CARTESIAN_POINT('',(0.00778187169231694,0.317143999925662,0.584989985387024));
#3866=CARTESIAN_POINT('',(0.00619832997517692,0.331994102250841,0.582041110610676));
#3867=CARTESIAN_POINT('',(0.00542126125846256,0.339281279994253,0.579834420699029));
#3868=CARTESIAN_POINT('',(0.00318095002112655,0.360290420931045,0.571142224000877));
#3869=CARTESIAN_POINT('',(0.00181258601261506,0.373122634521979,0.56257593840721));
#3870=CARTESIAN_POINT('',(-0.000473476733156161,0.394560822937875,0.541161532308852));
#3871=CARTESIAN_POINT('',(-0.00138895440195332,0.403145969076377,0.52833382857087));
#3872=CARTESIAN_POINT('',(-0.0023184131184778,0.411862226373558,0.507315304172881));
#3873=CARTESIAN_POINT('',(-0.00255450124056218,0.41407620831844,0.50002244843948));
#3874=CARTESIAN_POINT('',(-0.00287009296730656,0.417035757400353,0.485155609680373));
#3875=CARTESIAN_POINT('',(-0.00294972766491408,0.417782553897918,0.477789655594607));
#3876=CARTESIAN_POINT('',(-0.00294972766491408,0.417782553897918,0.47));
#3877=CARTESIAN_POINT('',(-0.00306739582817875,0.300684930444189,0.547747606515434));
#3878=CARTESIAN_POINT('',(-0.00376519027136151,0.307228691666925,0.547747606515434));
#3879=CARTESIAN_POINT('',(-0.00415752006336139,0.310907873271901,0.547245265912298));
#3880=CARTESIAN_POINT('',(-0.00522712507889952,0.320938391417615,0.545253445916638));
#3881=CARTESIAN_POINT('',(-0.00575181900899218,0.325858854495374,0.543763197426611));
#3882=CARTESIAN_POINT('',(-0.00726363890626235,0.340036365531992,0.537897480783746));
#3883=CARTESIAN_POINT('',(-0.00818569574532974,0.348683209667251,0.532121574793349));
#3884=CARTESIAN_POINT('',(-0.00972369113091583,0.363106188616522,0.517714601461777));
#3885=CARTESIAN_POINT('',(-0.0103382287310581,0.36886918566675,0.509098212920495));
#3886=CARTESIAN_POINT('',(-0.0109616073019782,0.374715091376262,0.495001306522947));
#3887=CARTESIAN_POINT('',(-0.0111198265513846,0.376198836337364,0.490113026297356));
#3888=CARTESIAN_POINT('',(-0.011331287755625,0.37818187251935,0.480151553566927));
#3889=CARTESIAN_POINT('',(-0.0113846198690793,0.378682009227746,0.476537757942376));
#3890=CARTESIAN_POINT('',(-0.0113846198690793,0.378682009227746,0.47));
#3891=CARTESIAN_POINT('',(-0.0408389830008675,0.296657154560846,0.560280931050031));
#3892=CARTESIAN_POINT('',(-0.041579961286666,0.303605884263222,0.560280931050031));
#3893=CARTESIAN_POINT('',(-0.0421017613321527,0.308499209134229,0.559699069050594));
#3894=CARTESIAN_POINT('',(-0.0433409388493906,0.320119940518107,0.557391470530225));
#3895=CARTESIAN_POINT('',(-0.0439489033919928,0.325821296895399,0.555664833465872));
#3896=CARTESIAN_POINT('',(-0.0457010877127742,0.342252892081388,0.548866524749924));
#3897=CARTESIAN_POINT('',(-0.0467704028095479,0.35228069143336,0.542169937966457));
#3898=CARTESIAN_POINT('',(-0.0485552216917074,0.369018326283831,0.525450874641982));
#3899=CARTESIAN_POINT('',(-0.0492690539328911,0.375712486412268,0.515444970132828));
#3900=CARTESIAN_POINT('',(-0.0499934231041109,0.382505459529038,0.499064288172086));
#3901=CARTESIAN_POINT('',(-0.0501773350497256,0.384230144885693,0.493382622529351));
#3902=CARTESIAN_POINT('',(-0.0504231539348814,0.386535379764263,0.481802632991999));
#3903=CARTESIAN_POINT('',(-0.0504851645392513,0.387116901431911,0.47695081934877));
#3904=CARTESIAN_POINT('',(-0.0504851645392513,0.387116901431911,0.47));
#3905=CARTESIAN_POINT('',(-0.0283763149133587,0.297986112058329,0.598266662267299));
#3906=CARTESIAN_POINT('',(-0.0292481738632619,0.306162211544088,0.598266662267299));
#3907=CARTESIAN_POINT('',(-0.0301623695764743,0.31473533578799,0.59744378852532));
#3908=CARTESIAN_POINT('',(-0.0319154837953141,0.331175651351333,0.594179135224264));
#3909=CARTESIAN_POINT('',(-0.032775823124538,0.339243722394278,0.591736056738291));
#3910=CARTESIAN_POINT('',(-0.0352564987853852,0.362506947480441,0.582111267967055));
#3911=CARTESIAN_POINT('',(-0.0367721210516031,0.376720116288088,0.572624301580318));
#3912=CARTESIAN_POINT('',(-0.0393050072939478,0.400472960605184,0.548897805489056));
#3913=CARTESIAN_POINT('',(-0.0403197796037863,0.409989269821896,0.534680585783204));
#3914=CARTESIAN_POINT('',(-0.0413502289206105,0.419652594526333,0.51137828582202));
#3915=CARTESIAN_POINT('',(-0.0416120097389032,0.422107516866769,0.503292044671475));
#3916=CARTESIAN_POINT('',(-0.0419619591465629,0.425389264645265,0.486806689105445));
#3917=CARTESIAN_POINT('',(-0.042050272335086,0.426217446102083,0.478202717001001));
#3918=CARTESIAN_POINT('',(-0.042050272335086,0.426217446102083,0.47));
#3919=CARTESIAN_POINT('',(-0.0159136468258498,0.299315069555812,0.636252393484566));
#3920=CARTESIAN_POINT('',(-0.0169163864398579,0.308718538824954,0.636252393484566));
#3921=CARTESIAN_POINT('',(-0.018222977820796,0.32097146244175,0.635188508000046));
#3922=CARTESIAN_POINT('',(-0.0204900287412377,0.34223136218456,0.630966799918303));
#3923=CARTESIAN_POINT('',(-0.0216027428570833,0.352666147893157,0.627807280010711));
#3924=CARTESIAN_POINT('',(-0.0248119098579963,0.382761002879495,0.615356011184185));
#3925=CARTESIAN_POINT('',(-0.0267738392936583,0.401159541142817,0.60307866519418));
#3926=CARTESIAN_POINT('',(-0.0300547928961881,0.431927594926537,0.572344736336131));
#3927=CARTESIAN_POINT('',(-0.0313705052746814,0.444266053231525,0.55391620143358));
#3928=CARTESIAN_POINT('',(-0.0327070347371101,0.456799729523629,0.523692283471954));
#3929=CARTESIAN_POINT('',(-0.0330466844280808,0.459984888847845,0.513201466813599));
#3930=CARTESIAN_POINT('',(-0.0335007643582445,0.464243149526267,0.491810745218891));
#3931=CARTESIAN_POINT('',(-0.0336153801309208,0.465317990772255,0.479454614653233));
#3932=CARTESIAN_POINT('',(-0.0336153801309208,0.465317990772255,0.47));
#3933=CARTESIAN_POINT('',(0.0218579403468389,0.303342845439155,0.623719068949969));
#3934=CARTESIAN_POINT('',(0.0208983845754466,0.312341346228657,0.623719068949969));
#3935=CARTESIAN_POINT('',(0.0197212634479953,0.323380126579422,0.62273470486175));
#3936=CARTESIAN_POINT('',(0.0176237850292533,0.343049813084068,0.618828775304715));
#3937=CARTESIAN_POINT('',(0.0165943415259173,0.352703705493132,0.615905643971448));
#3938=CARTESIAN_POINT('',(0.0136255389485155,0.380544476330098,0.604386967218008));
#3939=CARTESIAN_POINT('',(0.0118108677705599,0.397562059376707,0.593030302021071));
#3940=CARTESIAN_POINT('',(0.00877673766460352,0.426015457259228,0.564608463155927));
#3941=CARTESIAN_POINT('',(0.00756031992715147,0.437422752486005,0.547569444221246));
#3942=CARTESIAN_POINT('',(0.00632478106502262,0.449009361370854,0.519629301822815));
#3943=CARTESIAN_POINT('',(0.00601082407026023,0.451953580299516,0.509931870581603));
#3944=CARTESIAN_POINT('',(0.00559110182101188,0.455889642281355,0.490159665793819));
#3945=CARTESIAN_POINT('',(0.00548516453925118,0.45688309856809,0.479041553246838));
#3946=CARTESIAN_POINT('',(0.00548516453925118,0.45688309856809,0.47));
#3947=CARTESIAN_POINT('',(0.0093952722593301,0.302013887941672,0.585733337732702));
#3948=CARTESIAN_POINT('',(0.00856659715204255,0.309785018947791,0.585733337732702));
#3949=CARTESIAN_POINT('',(0.00778187169231694,0.317143999925662,0.584989985387024));
#3950=CARTESIAN_POINT('',(0.00619832997517692,0.331994102250841,0.582041110610676));
#3951=CARTESIAN_POINT('',(0.00542126125846256,0.339281279994253,0.579834420699029));
#3952=CARTESIAN_POINT('',(0.00318095002112655,0.360290420931045,0.571142224000877));
#3953=CARTESIAN_POINT('',(0.00181258601261506,0.373122634521979,0.56257593840721));
#3954=CARTESIAN_POINT('',(-0.000473476733156161,0.394560822937875,0.541161532308852));
#3955=CARTESIAN_POINT('',(-0.00138895440195332,0.403145969076377,0.52833382857087));
#3956=CARTESIAN_POINT('',(-0.0023184131184778,0.411862226373558,0.507315304172881));
#3957=CARTESIAN_POINT('',(-0.00255450124056218,0.41407620831844,0.50002244843948));
#3958=CARTESIAN_POINT('',(-0.00287009296730656,0.417035757400353,0.485155609680373));
#3959=CARTESIAN_POINT('',(-0.00294972766491408,0.417782553897918,0.477789655594607));
#3960=CARTESIAN_POINT('',(-0.00294972766491408,0.417782553897918,0.47));
#3961=CARTESIAN_POINT('',(-0.00949052132701429,0.3,0.592));
#3962=CARTESIAN_POINT('',(0.0093952722593301,0.302013887941672,0.585733337732702));
#3963=CARTESIAN_POINT('',(0.0544905213270141,-0.3,0.592));
#3964=CARTESIAN_POINT('',(0.054490521327014,-0.3,0.592));
#3965=CARTESIAN_POINT('',(0.0733763149133584,-0.297986112058328,0.585733337732702));
#3966=CARTESIAN_POINT('',(0.0857213148376026,-0.413754778014574,0.47));
#3967=CARTESIAN_POINT('',(0.0857213148376026,-0.413754778014574,0.477789655573722));
#3968=CARTESIAN_POINT('',(0.0856416801404036,-0.41300798152084,0.485155609648235));
#3969=CARTESIAN_POINT('',(0.0853260884144425,-0.410048432446274,0.50002244839622));
#3970=CARTESIAN_POINT('',(0.0850900002927336,-0.407834450504914,0.507315304130192));
#3971=CARTESIAN_POINT('',(0.0841605415766969,-0.399118193212301,0.528333828538892));
#3972=CARTESIAN_POINT('',(0.0832450639073791,-0.390533047068921,0.541161532294447));
#3973=CARTESIAN_POINT('',(0.080959001158565,-0.369094858624489,0.562575938421371));
#3974=CARTESIAN_POINT('',(0.0795906371481711,-0.356262645015903,0.571142224020005));
#3975=CARTESIAN_POINT('',(0.0773503259096868,-0.335253504068342,0.579834420713655));
#3976=CARTESIAN_POINT('',(0.0765732571929103,-0.327966326324349,0.582041110621798));
#3977=CARTESIAN_POINT('',(0.0749897154769523,-0.313116224010252,0.584989985390838));
#3978=CARTESIAN_POINT('',(0.0742049900184242,-0.305757243043611,0.585733337732702));
#3979=CARTESIAN_POINT('',(0.0733763149133584,-0.297986112058328,0.585733337732702));
#3980=CARTESIAN_POINT('',(0.0692308708667502,-0.377312148339369,0.47));
#3981=CARTESIAN_POINT('',(0.0692308708667502,-0.377312148339369,0.476537757924847));
#3982=CARTESIAN_POINT('',(0.0691775387535694,-0.376812011633539,0.480151553545399));
#3983=CARTESIAN_POINT('',(0.0689660775498541,-0.374828975456477,0.490113026268365));
#3984=CARTESIAN_POINT('',(0.0688078583006996,-0.37334523049774,0.495001306494327));
#3985=CARTESIAN_POINT('',(0.0681844797301083,-0.367499324791303,0.509098212899026));
#3986=CARTESIAN_POINT('',(0.067569942129619,-0.361736327737826,0.517714601452086));
#3987=CARTESIAN_POINT('',(0.0660319467419857,-0.347313348769356,0.532121574802876));
#3988=CARTESIAN_POINT('',(0.065109889901647,-0.338666504622177,0.537897480796646));
#3989=CARTESIAN_POINT('',(0.0635980700035988,-0.32448899357826,0.543763197436484));
#3990=CARTESIAN_POINT('',(0.063073376073463,-0.319568530500098,0.545253445924148));
#3991=CARTESIAN_POINT('',(0.0620037710587221,-0.309538012361859,0.547245265914875));
#3992=CARTESIAN_POINT('',(0.0616114412671614,-0.305858830761002,0.547747606515434));
#3993=CARTESIAN_POINT('',(0.0609136468258496,-0.299315069555811,0.547747606515434));
#3994=CARTESIAN_POINT('',(0.0327882411915446,-0.393802592310221,0.47));
#3995=CARTESIAN_POINT('',(0.0327882411915446,-0.393802592310221,0.476950819330133));
#3996=CARTESIAN_POINT('',(0.0327262305874927,-0.393221070645557,0.48180263296697));
#3997=CARTESIAN_POINT('',(0.0324804117029473,-0.39091583577271,0.493382622495652));
#3998=CARTESIAN_POINT('',(0.0322964997576253,-0.3891911504188,0.499064288138824));
#3999=CARTESIAN_POINT('',(0.0315721305867865,-0.382398177305601,0.515444970107891));
#4000=CARTESIAN_POINT('',(0.0308582983451987,-0.375704017173375,0.525450874630735));
#4001=CARTESIAN_POINT('',(0.0290734794606634,-0.358966382300627,0.542169937977513));
#4002=CARTESIAN_POINT('',(0.0280041643624169,-0.348938582934843,0.548866524764879));
#4003=CARTESIAN_POINT('',(0.0262519800407351,-0.332506987740409,0.555664833477314));
#4004=CARTESIAN_POINT('',(0.0256440154980837,-0.326805631362655,0.557391470538928));
#4005=CARTESIAN_POINT('',(0.0244048379817697,-0.315184899987442,0.559699069053578));
#4006=CARTESIAN_POINT('',(0.0238830379369726,-0.310291575122901,0.560280931050031));
#4007=CARTESIAN_POINT('',(0.0231420596531608,-0.303342845439155,0.560280931050031));
#4008=CARTESIAN_POINT('',(0.049278685162397,-0.430245221985427,0.47));
#4009=CARTESIAN_POINT('',(0.049278685162397,-0.430245221985427,0.478202716979008));
#4010=CARTESIAN_POINT('',(0.049190371974327,-0.429417040532858,0.486806689069807));
#4011=CARTESIAN_POINT('',(0.0488404225675357,-0.426135292762506,0.503292044623508));
#4012=CARTESIAN_POINT('',(0.0485786417496592,-0.423680370425975,0.511378285774689));
#4013=CARTESIAN_POINT('',(0.0475481924333751,-0.414017045726598,0.534680585747758));
#4014=CARTESIAN_POINT('',(0.0465334201229587,-0.40450073650447,0.548897805473097));
#4015=CARTESIAN_POINT('',(0.0440005338772427,-0.38074789215576,0.572624301596008));
#4016=CARTESIAN_POINT('',(0.042484911608941,-0.366534723328568,0.582111267988238));
#4017=CARTESIAN_POINT('',(0.040004235946823,-0.34327149823049,0.591736056754484));
#4018=CARTESIAN_POINT('',(0.039143896617531,-0.335203427186906,0.594179135236577));
#4019=CARTESIAN_POINT('',(0.0373907823999999,-0.318763111635835,0.597443788529541));
#4020=CARTESIAN_POINT('',(0.0364765866882353,-0.31018998740551,0.598266662267299));
#4021=CARTESIAN_POINT('',(0.0356047277406697,-0.302013887941672,0.598266662267299));
#4022=CARTESIAN_POINT('',(0.0657691291332495,-0.466687851660632,0.47));
#4023=CARTESIAN_POINT('',(0.0657691291332495,-0.466687851660632,0.479454614627883));
#4024=CARTESIAN_POINT('',(0.0656545133611612,-0.465613010420159,0.491810745172643));
#4025=CARTESIAN_POINT('',(0.0652004334321241,-0.461354749752303,0.513201466751363));
#4026=CARTESIAN_POINT('',(0.0648607837416932,-0.458169590433149,0.523692283410554));
#4027=CARTESIAN_POINT('',(0.0635242542799637,-0.445635914147596,0.553916201387624));
#4028=CARTESIAN_POINT('',(0.0622085419007188,-0.433297455835565,0.572344736315458));
#4029=CARTESIAN_POINT('',(0.0589275882938221,-0.402529402010893,0.603078665214503));
#4030=CARTESIAN_POINT('',(0.056965658855465,-0.384130863722294,0.615356011211598));
#4031=CARTESIAN_POINT('',(0.053756491852911,-0.354036008720571,0.627807280031655));
#4032=CARTESIAN_POINT('',(0.0526437777369784,-0.343601223011157,0.630966799934226));
#4033=CARTESIAN_POINT('',(0.0503767268182302,-0.322341323284228,0.635188508005504));
#4034=CARTESIAN_POINT('',(0.049070135439498,-0.310088399688118,0.636252393484566));
#4035=CARTESIAN_POINT('',(0.0480673958281785,-0.300684930444189,0.636252393484566));
#4036=CARTESIAN_POINT('',(0.102211758808455,-0.45019740768978,0.47));
#4037=CARTESIAN_POINT('',(0.102211758808455,-0.45019740768978,0.479041553222596));
#4038=CARTESIAN_POINT('',(0.102105821527238,-0.449203951408142,0.490159665751072));
#4039=CARTESIAN_POINT('',(0.101686099279031,-0.445267889436071,0.509931870524076));
#4040=CARTESIAN_POINT('',(0.101372142284768,-0.442323670512089,0.519629301766057));
#4041=CARTESIAN_POINT('',(0.100136603423285,-0.430737061633299,0.547569444178758));
#4042=CARTESIAN_POINT('',(0.0989201856851392,-0.419329766400017,0.564608463136808));
#4043=CARTESIAN_POINT('',(0.0958860555751443,-0.390876368479622,0.593030302039867));
#4044=CARTESIAN_POINT('',(0.0940713843946951,-0.37385878540963,0.604386967243364));
#4045=CARTESIAN_POINT('',(0.0911025818157748,-0.346018014558423,0.615905643990826));
#4046=CARTESIAN_POINT('',(0.0900731383123577,-0.3363641221486,0.618828775319447));
#4047=CARTESIAN_POINT('',(0.0879756598951825,-0.316694435658645,0.622734704866801));
#4048=CARTESIAN_POINT('',(0.0867985387696869,-0.30565565532622,0.623719068949969));
#4049=CARTESIAN_POINT('',(0.0858389830008673,-0.296657154560845,0.623719068949969));
#4050=CARTESIAN_POINT('',(0.0857213148376026,-0.413754778014574,0.47));
#4051=CARTESIAN_POINT('',(0.0857213148376026,-0.413754778014574,0.477789655573722));
#4052=CARTESIAN_POINT('',(0.0856416801404036,-0.41300798152084,0.485155609648235));
#4053=CARTESIAN_POINT('',(0.0853260884144425,-0.410048432446274,0.50002244839622));
#4054=CARTESIAN_POINT('',(0.0850900002927336,-0.407834450504914,0.507315304130192));
#4055=CARTESIAN_POINT('',(0.0841605415766969,-0.399118193212301,0.528333828538892));
#4056=CARTESIAN_POINT('',(0.0832450639073791,-0.390533047068921,0.541161532294447));
#4057=CARTESIAN_POINT('',(0.080959001158565,-0.369094858624489,0.562575938421371));
#4058=CARTESIAN_POINT('',(0.0795906371481711,-0.356262645015903,0.571142224020005));
#4059=CARTESIAN_POINT('',(0.0773503259096868,-0.335253504068342,0.579834420713655));
#4060=CARTESIAN_POINT('',(0.0765732571929103,-0.327966326324349,0.582041110621798));
#4061=CARTESIAN_POINT('',(0.0749897154769523,-0.313116224010252,0.584989985390838));
#4062=CARTESIAN_POINT('',(0.0742049900184242,-0.305757243043611,0.585733337732702));
#4063=CARTESIAN_POINT('',(0.0733763149133584,-0.297986112058328,0.585733337732702));
#4064=CARTESIAN_POINT('',(0.0674999999999998,-0.422,0.47));
#4065=CARTESIAN_POINT('',(0.0857213148376026,-0.413754778014574,0.47));
#4066=CARTESIAN_POINT('',(0.0674999999999998,-0.422,0.27));
#4067=CARTESIAN_POINT('',(0.0674999999999998,-0.422,0.27));
#4068=CARTESIAN_POINT('',(0.0857213148376025,-0.413754778014574,0.27));
#4069=CARTESIAN_POINT('',(0.0674999999999998,-0.3,0.27));
#4070=CARTESIAN_POINT('',(0.0674999999999998,-0.3,0.148));
#4071=CARTESIAN_POINT('',(0.0857213148376026,-0.3,0.156245221985426));
#4072=CARTESIAN_POINT('',(0.0674999999999999,0.3,0.148));
#4073=CARTESIAN_POINT('',(0.0674999999999999,0.3,0.148));
#4074=CARTESIAN_POINT('',(0.0857213148376027,0.3,0.156245221985426));
#4075=CARTESIAN_POINT('',(0.0674999999999999,0.3,0.27));
#4076=CARTESIAN_POINT('',(0.0674999999999999,0.422,0.27));
#4077=CARTESIAN_POINT('',(0.0857213148376027,0.413754778014574,0.27));
#4078=CARTESIAN_POINT('',(0.0674999999999999,0.422,0.47));
#4079=CARTESIAN_POINT('',(0.0674999999999999,0.422,0.47));
#4080=CARTESIAN_POINT('',(0.0857213148376027,0.413754778014574,0.47));
#4081=CARTESIAN_POINT('',(0.097656583293168,0.301828482720162,0.58186918295069));
#4082=CARTESIAN_POINT('',(0.0968412222153296,0.30947475771678,0.58186918295069));
#4083=CARTESIAN_POINT('',(0.0960964137862179,0.316459405652007,0.581150347881569));
#4084=CARTESIAN_POINT('',(0.0945651530414191,0.330819228636561,0.578298830920614));
#4085=CARTESIAN_POINT('',(0.0938137575237545,0.337865648824441,0.576165022073955));
#4086=CARTESIAN_POINT('',(0.0916475531472096,0.358179832088925,0.567760353246711));
#4087=CARTESIAN_POINT('',(0.0903245903966912,0.370586282771566,0.559477923151995));
#4088=CARTESIAN_POINT('',(0.088114625911359,0.391310838611795,0.538776358532993));
#4089=CARTESIAN_POINT('',(0.0872297618168731,0.399608897453419,0.526377057072246));
#4090=CARTESIAN_POINT('',(0.0863314395566022,0.408033163983066,0.506062644519378));
#4091=CARTESIAN_POINT('',(0.08610327276095,0.410172861488963,0.499014397791767));
#4092=CARTESIAN_POINT('',(0.0857982738658713,0.413033073349476,0.484646564658976));
#4093=CARTESIAN_POINT('',(0.0857213148376027,0.413754778014574,0.477662304451311));
#4094=CARTESIAN_POINT('',(0.0857213148376027,0.413754778014574,0.47));
#4095=CARTESIAN_POINT('',(0.0775091738819924,0.299680062285321,0.547380544478671));
#4096=CARTESIAN_POINT('',(0.0768126441590506,0.306211963242686,0.547380544478671));
#4097=CARTESIAN_POINT('',(0.0764241061475011,0.309855586373218,0.546880532809539));
#4098=CARTESIAN_POINT('',(0.0753594673823521,0.31983953212639,0.544897960983278));
#4099=CARTESIAN_POINT('',(0.0748372121891284,0.324737125271735,0.54341463557829));
#4100=CARTESIAN_POINT('',(0.0733324318171346,0.338848621204651,0.537576231652403));
#4101=CARTESIAN_POINT('',(0.0724146877137547,0.347455021463016,0.531827289534695));
#4102=CARTESIAN_POINT('',(0.0708839210195766,0.361810211350643,0.517488030117306));
#4103=CARTESIAN_POINT('',(0.070272291450187,0.367545937534698,0.508912336170652));
#4104=CARTESIAN_POINT('',(0.0696518705793835,0.373364106589785,0.494882314445837));
#4105=CARTESIAN_POINT('',(0.0694944037890215,0.374840795157183,0.490017270007875));
#4106=CARTESIAN_POINT('',(0.0692839488142375,0.376814395142931,0.480103198593355));
#4107=CARTESIAN_POINT('',(0.0692308708667503,0.377312148339369,0.476525660660388));
#4108=CARTESIAN_POINT('',(0.0692308708667503,0.377312148339369,0.47));
#4109=CARTESIAN_POINT('',(0.0432149646416278,0.296023096844998,0.567642178577291));
#4110=CARTESIAN_POINT('',(0.042448623017172,0.303209678301005,0.567642178577291));
#4111=CARTESIAN_POINT('',(0.0418507806909082,0.308816110782856,0.567013610958745));
#4112=CARTESIAN_POINT('',(0.0405120074793765,0.321370828455443,0.564520544976989));
#4113=CARTESIAN_POINT('',(0.0398551352755439,0.327530830011384,0.562655068867703));
#4114=CARTESIAN_POINT('',(0.037961776758457,0.345286325438288,0.555309017126909));
#4115=CARTESIAN_POINT('',(0.0368059718813841,0.356125206729949,0.548071683218234));
#4116=CARTESIAN_POINT('',(0.0348761851697552,0.374222317670115,0.529994650849228));
#4117=CARTESIAN_POINT('',(0.0341040338107015,0.381463381526132,0.519172636380234));
#4118=CARTESIAN_POINT('',(0.0333203494270905,0.388812599523545,0.501450615401981));
#4119=CARTESIAN_POINT('',(0.0331213472876563,0.390678797364465,0.495302967535298));
#4120=CARTESIAN_POINT('',(0.0328553489686254,0.393173270489596,0.482772368061219));
#4121=CARTESIAN_POINT('',(0.0327882411915447,0.393802592310221,0.477193424353374));
#4122=CARTESIAN_POINT('',(0.0327882411915447,0.393802592310221,0.47));
#4123=CARTESIAN_POINT('',(0.0633623740528034,0.298171517279839,0.60213081704931));
#4124=CARTESIAN_POINT('',(0.062477201073451,0.306472472775099,0.60213081704931));
#4125=CARTESIAN_POINT('',(0.061523088329625,0.315419930061644,0.601283426030775));
#4126=CARTESIAN_POINT('',(0.0597176931384435,0.332350524965614,0.597921414914325));
#4127=CARTESIAN_POINT('',(0.05883168061017,0.340659353564089,0.595405455363368));
#4128=CARTESIAN_POINT('',(0.0562768980885319,0.364617536322563,0.585493138721218));
#4129=CARTESIAN_POINT('',(0.0547158745643206,0.3792564680385,0.575722316835533));
#4130=CARTESIAN_POINT('',(0.0521068900615375,0.403722944931266,0.551282979264915));
#4131=CARTESIAN_POINT('',(0.0510615041773876,0.413526341444853,0.536637357281827));
#4132=CARTESIAN_POINT('',(0.0499999184043093,0.423481656916826,0.512630945475522));
#4133=CARTESIAN_POINT('',(0.0497302162595847,0.426010863696246,0.50430009531919));
#4134=CARTESIAN_POINT('',(0.0493696740202592,0.429391948696141,0.48731573412684));
#4135=CARTESIAN_POINT('',(0.0492786851623971,0.430245221985427,0.478330068144297));
#4136=CARTESIAN_POINT('',(0.0492786851623971,0.430245221985427,0.47));
#4137=CARTESIAN_POINT('',(0.0835097834639791,0.30031993771468,0.636619455521329));
#4138=CARTESIAN_POINT('',(0.08250577912973,0.309735267249193,0.636619455521329));
#4139=CARTESIAN_POINT('',(0.0811953959683419,0.322023749340433,0.635553241102805));
#4140=CARTESIAN_POINT('',(0.0789233787975106,0.343330221475785,0.631322284851661));
#4141=CARTESIAN_POINT('',(0.0778082259447962,0.353787877116795,0.628155841859032));
#4142=CARTESIAN_POINT('',(0.0745920194186068,0.383948747206837,0.615677260315526));
#4143=CARTESIAN_POINT('',(0.0726257772472571,0.402387729347051,0.603372950452832));
#4144=CARTESIAN_POINT('',(0.0693375949533198,0.433223572192418,0.572571307680602));
#4145=CARTESIAN_POINT('',(0.0680189745440738,0.445589301363574,0.554102078183421));
#4146=CARTESIAN_POINT('',(0.066679487381528,0.458150714310108,0.523811275549063));
#4147=CARTESIAN_POINT('',(0.0663390852315132,0.461342930028027,0.513297223103082));
#4148=CARTESIAN_POINT('',(0.0658839990718931,0.465610626902686,0.491859100192461));
#4149=CARTESIAN_POINT('',(0.0657691291332496,0.466687851660632,0.47946671193522));
#4150=CARTESIAN_POINT('',(0.0657691291332496,0.466687851660632,0.47));
#4151=CARTESIAN_POINT('',(0.117803992704344,0.303976903155003,0.616357821422709));
#4152=CARTESIAN_POINT('',(0.116869800271609,0.312737552190874,0.616357821422709));
#4153=CARTESIAN_POINT('',(0.115768721424935,0.323063224930795,0.6154201629536));
#4154=CARTESIAN_POINT('',(0.113770838700486,0.341798925146732,0.61169970085795));
#4155=CARTESIAN_POINT('',(0.112790302858381,0.350994172377146,0.60891540856962));
#4156=CARTESIAN_POINT('',(0.109962674477285,0.3775110429732,0.59794447484102));
#4157=CARTESIAN_POINT('',(0.108234493079628,0.393717544080117,0.587128556769294));
#4158=CARTESIAN_POINT('',(0.105345330803141,0.420811465872947,0.56006468694868));
#4159=CARTESIAN_POINT('',(0.104187232183559,0.43167185737214,0.54384177797384));
#4160=CARTESIAN_POINT('',(0.103011008533821,0.442702221376347,0.517242974592919));
#4161=CARTESIAN_POINT('',(0.102712141732879,0.445504927820744,0.508011525575659));
#4162=CARTESIAN_POINT('',(0.102312598917505,0.44925175155602,0.489189930724597));
#4163=CARTESIAN_POINT('',(0.102211758808455,0.45019740768978,0.478798948242234));
#4164=CARTESIAN_POINT('',(0.102211758808455,0.45019740768978,0.47));
#4165=CARTESIAN_POINT('',(0.097656583293168,0.301828482720162,0.58186918295069));
#4166=CARTESIAN_POINT('',(0.0968412222153296,0.30947475771678,0.58186918295069));
#4167=CARTESIAN_POINT('',(0.0960964137862179,0.316459405652007,0.581150347881569));
#4168=CARTESIAN_POINT('',(0.0945651530414191,0.330819228636561,0.578298830920614));
#4169=CARTESIAN_POINT('',(0.0938137575237545,0.337865648824441,0.576165022073955));
#4170=CARTESIAN_POINT('',(0.0916475531472096,0.358179832088925,0.567760353246711));
#4171=CARTESIAN_POINT('',(0.0903245903966912,0.370586282771566,0.559477923151995));
#4172=CARTESIAN_POINT('',(0.088114625911359,0.391310838611795,0.538776358532993));
#4173=CARTESIAN_POINT('',(0.0872297618168731,0.399608897453419,0.526377057072246));
#4174=CARTESIAN_POINT('',(0.0863314395566022,0.408033163983066,0.506062644519378));
#4175=CARTESIAN_POINT('',(0.08610327276095,0.410172861488963,0.499014397791767));
#4176=CARTESIAN_POINT('',(0.0857982738658713,0.413033073349476,0.484646564658976));
#4177=CARTESIAN_POINT('',(0.0857213148376027,0.413754778014574,0.477662304451311));
#4178=CARTESIAN_POINT('',(0.0857213148376027,0.413754778014574,0.47));
#4179=CARTESIAN_POINT('',(0.0805094786729857,0.3,0.592));
#4180=CARTESIAN_POINT('',(0.097656583293168,0.301828482720162,0.58186918295069));
#4181=CARTESIAN_POINT('',(0.144490521327014,-0.3,0.592));
#4182=CARTESIAN_POINT('',(0.144490521327014,-0.3,0.592));
#4183=CARTESIAN_POINT('',(0.161637625947196,-0.298171517279838,0.58186918295069));
#4184=CARTESIAN_POINT('',(0.173572894402762,-0.410097812574251,0.47));
#4185=CARTESIAN_POINT('',(0.173572894402762,-0.410097812574251,0.477662304430767));
#4186=CARTESIAN_POINT('',(0.173495935374888,-0.409376107912856,0.48464656462792));
#4187=CARTESIAN_POINT('',(0.173190936480566,-0.406515896059442,0.499014397749959));
#4188=CARTESIAN_POINT('',(0.172962769685277,-0.404376198556949,0.50606264447812));
#4189=CARTESIAN_POINT('',(0.172064447425477,-0.395951932031719,0.526377057041337));
#4190=CARTESIAN_POINT('',(0.171179583330489,-0.387653873185383,0.538776358519066));
#4191=CARTESIAN_POINT('',(0.168969618842215,-0.366929317317567,0.559477923165686));
#4192=CARTESIAN_POINT('',(0.167646656089876,-0.354522866617857,0.567760353265207));
#4193=CARTESIAN_POINT('',(0.165480451712221,-0.334208683342957,0.576165022088096));
#4194=CARTESIAN_POINT('',(0.164729056194496,-0.327162263154512,0.578298830931369));
#4195=CARTESIAN_POINT('',(0.16319779545084,-0.312802440180675,0.581150347885258));
#4196=CARTESIAN_POINT('',(0.162452987022849,-0.305817792255955,0.58186918295069));
#4197=CARTESIAN_POINT('',(0.161637625947196,-0.298171517279838,0.58186918295069));
#4198=CARTESIAN_POINT('',(0.149768519551263,-0.377952023768727,0.47));
#4199=CARTESIAN_POINT('',(0.149768519551263,-0.377952023768727,0.476525660642891));
#4200=CARTESIAN_POINT('',(0.149715441604048,-0.377454270574844,0.480103198571931));
#4201=CARTESIAN_POINT('',(0.149504986629786,-0.375480670593996,0.490017269979022));
#4202=CARTESIAN_POINT('',(0.149347519839675,-0.374003982028951,0.494882314417353));
#4203=CARTESIAN_POINT('',(0.148727098969199,-0.368185812976928,0.508912336149285));
#4204=CARTESIAN_POINT('',(0.148115469399464,-0.362450086789638,0.51748803010766));
#4205=CARTESIAN_POINT('',(0.146584702703248,-0.348094896882901,0.531827289544179));
#4206=CARTESIAN_POINT('',(0.145666958598603,-0.339488496612671,0.537576231665243));
#4207=CARTESIAN_POINT('',(0.144162178225835,-0.325377000672492,0.543414635588118));
#4208=CARTESIAN_POINT('',(0.143639923032568,-0.320479407526743,0.544897960990755));
#4209=CARTESIAN_POINT('',(0.142575284268212,-0.310495461781013,0.546880532812104));
#4210=CARTESIAN_POINT('',(0.142186746257095,-0.306851838654531,0.547380544478671));
#4211=CARTESIAN_POINT('',(0.141490216536021,-0.300319937714679,0.547380544478671));
#4212=CARTESIAN_POINT('',(0.117622730745739,-0.401756398620226,0.47));
#4213=CARTESIAN_POINT('',(0.117622730745739,-0.401756398620226,0.477193424334087));
#4214=CARTESIAN_POINT('',(0.117555622969003,-0.40112707680283,0.482772368034136));
#4215=CARTESIAN_POINT('',(0.117289624650632,-0.398632603683891,0.495302967498834));
#4216=CARTESIAN_POINT('',(0.117090622511515,-0.396766405845943,0.501450615365993));
#4217=CARTESIAN_POINT('',(0.116306938128316,-0.389417187852387,0.519172636353261));
#4218=CARTESIAN_POINT('',(0.115534786768824,-0.382176123992267,0.529994650837066));
#4219=CARTESIAN_POINT('',(0.113605000054627,-0.364079013028012,0.548071683230191));
#4220=CARTESIAN_POINT('',(0.112449195175962,-0.353240131721428,0.555309017143072));
#4221=CARTESIAN_POINT('',(0.110555836657903,-0.33548463628541,0.562655068880065));
#4222=CARTESIAN_POINT('',(0.109898964454018,-0.329324634728971,0.564520544986392));
#4223=CARTESIAN_POINT('',(0.108560191243484,-0.316769917065748,0.567013610961969));
#4224=CARTESIAN_POINT('',(0.107962348918057,-0.311163484591741,0.567642178577291));
#4225=CARTESIAN_POINT('',(0.107196007295656,-0.303976903155003,0.567642178577291));
#4226=CARTESIAN_POINT('',(0.141427105597238,-0.43390218742575,0.47));
#4227=CARTESIAN_POINT('',(0.141427105597238,-0.43390218742575,0.478330068121963));
#4228=CARTESIAN_POINT('',(0.141336116739843,-0.433048914140842,0.487315734090125));
#4229=CARTESIAN_POINT('',(0.140975574501412,-0.429667829149338,0.504300095269771));
#4230=CARTESIAN_POINT('',(0.140705872357116,-0.427138622373941,0.512630945426761));
#4231=CARTESIAN_POINT('',(0.139644286584594,-0.417183306907178,0.536637357245312));
#4232=CARTESIAN_POINT('',(0.138598900699849,-0.407379910388012,0.551282979248473));
#4233=CARTESIAN_POINT('',(0.135989916193593,-0.382913433462678,0.575722316851698));
#4234=CARTESIAN_POINT('',(0.134428892667236,-0.368274501726614,0.585493138743037));
#4235=CARTESIAN_POINT('',(0.131874110144289,-0.344316318955875,0.595405455380043));
#4236=CARTESIAN_POINT('',(0.130988097615946,-0.336007490356739,0.597921414927006));
#4237=CARTESIAN_POINT('',(0.129182702426112,-0.31907689546541,0.601283426035122));
#4238=CARTESIAN_POINT('',(0.128228589683811,-0.310129438193165,0.60213081704931));
#4239=CARTESIAN_POINT('',(0.127343416706832,-0.301828482720162,0.60213081704931));
#4240=CARTESIAN_POINT('',(0.165231480448737,-0.466047976231273,0.47));
#4241=CARTESIAN_POINT('',(0.165231480448737,-0.466047976231273,0.479466711909838));
#4242=CARTESIAN_POINT('',(0.165116610510683,-0.464970751478854,0.491859100146114));
#4243=CARTESIAN_POINT('',(0.164661524352192,-0.460703054614784,0.513297223040709));
#4244=CARTESIAN_POINT('',(0.164321122202718,-0.457510838901939,0.523811275487528));
#4245=CARTESIAN_POINT('',(0.162981635040873,-0.444949425961971,0.554102078137364));
#4246=CARTESIAN_POINT('',(0.161663014630874,-0.432583696783757,0.57257130765988));
#4247=CARTESIAN_POINT('',(0.15837483233256,-0.401747853897344,0.603372950473205));
#4248=CARTESIAN_POINT('',(0.156408590158509,-0.3833088717318,0.615677260343001));
#4249=CARTESIAN_POINT('',(0.153192383630675,-0.35314800162634,0.628155841880022));
#4250=CARTESIAN_POINT('',(0.152077230777873,-0.342690345984508,0.631322284867621));
#4251=CARTESIAN_POINT('',(0.149805213608739,-0.321383873865072,0.635553241108276));
#4252=CARTESIAN_POINT('',(0.148494830449565,-0.30909539179459,0.636619455521329));
#4253=CARTESIAN_POINT('',(0.147490826118007,-0.299680062285321,0.636619455521329));
#4254=CARTESIAN_POINT('',(0.197377269254261,-0.442243601379775,0.47));
#4255=CARTESIAN_POINT('',(0.197377269254261,-0.442243601379775,0.478798948218642));
#4256=CARTESIAN_POINT('',(0.197276429145728,-0.441297945250868,0.489189930683909));
#4257=CARTESIAN_POINT('',(0.196876886331346,-0.437551121524888,0.508011525520896));
#4258=CARTESIAN_POINT('',(0.196578019530879,-0.434748415084948,0.517242974538888));
#4259=CARTESIAN_POINT('',(0.195401795881756,-0.423718051086511,0.543841777933389));
#4260=CARTESIAN_POINT('',(0.194243697261514,-0.412857659581127,0.560064686930473));
#4261=CARTESIAN_POINT('',(0.191354534981182,-0.385763737752233,0.587128556787194));
#4262=CARTESIAN_POINT('',(0.189626353581149,-0.369557236623042,0.597944474865171));
#4263=CARTESIAN_POINT('',(0.186798725198607,-0.343040366013422,0.608915408588075));
#4264=CARTESIAN_POINT('',(0.185818189356424,-0.333845118782281,0.611699700871983));
#4265=CARTESIAN_POINT('',(0.183820306633467,-0.315109418580337,0.615420162958411));
#4266=CARTESIAN_POINT('',(0.182719227788602,-0.30478374585738,0.616357821422709));
#4267=CARTESIAN_POINT('',(0.181785035358372,-0.296023096844998,0.616357821422709));
#4268=CARTESIAN_POINT('',(0.173572894402762,-0.410097812574251,0.47));
#4269=CARTESIAN_POINT('',(0.173572894402762,-0.410097812574251,0.477662304430767));
#4270=CARTESIAN_POINT('',(0.173495935374888,-0.409376107912856,0.48464656462792));
#4271=CARTESIAN_POINT('',(0.173190936480566,-0.406515896059442,0.499014397749959));
#4272=CARTESIAN_POINT('',(0.172962769685277,-0.404376198556949,0.50606264447812));
#4273=CARTESIAN_POINT('',(0.172064447425477,-0.395951932031719,0.526377057041337));
#4274=CARTESIAN_POINT('',(0.171179583330489,-0.387653873185383,0.538776358519066));
#4275=CARTESIAN_POINT('',(0.168969618842215,-0.366929317317567,0.559477923165686));
#4276=CARTESIAN_POINT('',(0.167646656089876,-0.354522866617857,0.567760353265207));
#4277=CARTESIAN_POINT('',(0.165480451712221,-0.334208683342957,0.576165022088096));
#4278=CARTESIAN_POINT('',(0.164729056194496,-0.327162263154512,0.578298830931369));
#4279=CARTESIAN_POINT('',(0.16319779545084,-0.312802440180675,0.581150347885258));
#4280=CARTESIAN_POINT('',(0.162452987022849,-0.305817792255955,0.58186918295069));
#4281=CARTESIAN_POINT('',(0.161637625947196,-0.298171517279838,0.58186918295069));
#4282=CARTESIAN_POINT('',(0.1575,-0.422,0.47));
#4283=CARTESIAN_POINT('',(0.173572894402762,-0.410097812574251,0.47));
#4284=CARTESIAN_POINT('',(0.1575,-0.422,0.27));
#4285=CARTESIAN_POINT('',(0.157499999997561,-0.422000000002439,0.27));
#4286=CARTESIAN_POINT('',(0.171642135621292,-0.43614213562617,0.27));
#4287=CARTESIAN_POINT('',(0.369632034353526,-0.209867965646475,0.27));
#4288=CARTESIAN_POINT('',(0.1685597141692,-0.4109402858308,0.174397468070221));
#4289=CARTESIAN_POINT('',(0.182701849792931,-0.425082421454531,0.174397468070221));
#4290=CARTESIAN_POINT('',(0.201401035427412,-0.378098964572589,0.0362529957426962));
#4291=CARTESIAN_POINT('',(0.6,-1.6846842434118,0.));
#4292=CARTESIAN_POINT('',(0.6,-1.6846842434118,0.));
#4293=CARTESIAN_POINT('',(0.6,0.4,0.57));
#4294=CARTESIAN_POINT('',(0.25,-0.5,0.57));
#4295=CARTESIAN_POINT('',(0.249999999999999,0.3,0.57));
#4296=CARTESIAN_POINT('',(0.25,-0.3,0.57));
#4297=CARTESIAN_POINT('',(0.6,0.3,0.57));
#4298=CARTESIAN_POINT('',(-0.249999999999999,0.3,0.57));
#4299=CARTESIAN_POINT('',(-0.25,-0.5,0.57));
#4300=CARTESIAN_POINT('',(-0.25,-0.3,0.57));
#4301=CARTESIAN_POINT('',(0.6,-0.3,0.57));
#4302=CARTESIAN_POINT('',(-0.25,-0.5,0.62));
#4303=CARTESIAN_POINT('',(-0.25,-0.5,0.62));
#4304=CARTESIAN_POINT('',(-0.25,-0.5,0.65));
#4305=CARTESIAN_POINT('',(-0.25,-0.5,0.03));
#4306=CARTESIAN_POINT('',(-0.25,-0.5,0.03));
#4307=CARTESIAN_POINT('',(-0.249999999999999,-0.149999999999999,0.03));
#4308=CARTESIAN_POINT('',(-0.249999999999999,-0.149999999999999,0.62));
#4309=CARTESIAN_POINT('',(-0.249999999999999,-0.149999999999999,0.17));
#4310=CARTESIAN_POINT('',(-0.25,-0.5,0.17));
#4311=CARTESIAN_POINT('',(-0.25,-0.3,0.17));
#4312=CARTESIAN_POINT('',(-0.249999999999999,-0.3,0.27));
#4313=CARTESIAN_POINT('',(-0.25,-0.4,0.27));
#4314=CARTESIAN_POINT('',(-0.25,-0.4,0.62));
#4315=CARTESIAN_POINT('',(-0.25,-0.4,0.47));
#4316=CARTESIAN_POINT('',(-0.249999999999999,-0.3,0.47));
#4317=CARTESIAN_POINT('',(-0.249999999999999,0.3,0.47));
#4318=CARTESIAN_POINT('',(-0.25,0.4,0.47));
#4319=CARTESIAN_POINT('',(-0.25,0.4,0.62));
#4320=CARTESIAN_POINT('',(-0.25,0.4,0.27));
#4321=CARTESIAN_POINT('',(-0.249999999999999,0.3,0.27));
#4322=CARTESIAN_POINT('',(-0.25,0.3,0.17));
#4323=CARTESIAN_POINT('',(-0.25,0.5,0.17));
#4324=CARTESIAN_POINT('',(-0.249999999999999,0.149999999999999,0.17));
#4325=CARTESIAN_POINT('',(-0.249999999999999,0.149999999999999,0.62));
#4326=CARTESIAN_POINT('',(-0.249999999999999,0.149999999999999,0.03));
#4327=CARTESIAN_POINT('',(-0.25,0.5,0.03));
#4328=CARTESIAN_POINT('',(-0.25,0.5,0.03));
#4329=CARTESIAN_POINT('',(-0.25,0.5,0.62));
#4330=CARTESIAN_POINT('',(-0.25,0.5,0.65));
#4331=CARTESIAN_POINT('',(-0.25,-0.5,0.65));
#4332=CARTESIAN_POINT('',(-0.249999999999999,-0.149999999999999,0.62));
#4333=CARTESIAN_POINT('',(-0.249999999999999,-0.149999999999999,0.17));
#4334=CARTESIAN_POINT('',(-0.6,-0.149999999999999,0.17));
#4335=CARTESIAN_POINT('',(-0.249999999999999,-0.149999999999999,0.03));
#4336=CARTESIAN_POINT('',(-0.6,-0.149999999999999,0.03));
#4337=CARTESIAN_POINT('',(-0.6,-0.149999999999999,0.62));
#4338=CARTESIAN_POINT('',(-0.6,-0.149999999999999,0.62));
#4339=CARTESIAN_POINT('',(-0.6,-0.5,0.62));
#4340=CARTESIAN_POINT('',(-0.6,-0.5,0.65));
#4341=CARTESIAN_POINT('',(-0.6,-0.5,0.03));
#4342=CARTESIAN_POINT('',(-0.6,0.5,0.65));
#4343=CARTESIAN_POINT('',(-0.6,0.5,0.65));
#4344=CARTESIAN_POINT('',(-0.6,0.5,0.62));
#4345=CARTESIAN_POINT('',(-0.6,0.5,0.03));
#4346=CARTESIAN_POINT('',(-0.6,0.149999999999999,0.03));
#4347=CARTESIAN_POINT('',(-0.6,0.149999999999999,0.03));
#4348=CARTESIAN_POINT('',(-0.6,0.149999999999999,0.62));
#4349=CARTESIAN_POINT('',(-0.6,0.149999999999999,0.17));
#4350=CARTESIAN_POINT('',(-0.6,-0.4,0.17));
#4351=CARTESIAN_POINT('',(-0.6,-0.149999999999999,0.03));
#4352=CARTESIAN_POINT('',(-0.6,-0.5,0.62));
#4353=CARTESIAN_POINT('',(-0.6,-0.5,0.03));
#4354=CARTESIAN_POINT('',(-0.6,-0.5,0.65));
#4355=CARTESIAN_POINT('',(0.,0.,0.03));
#4356=CARTESIAN_POINT('',(0.6,0.4,0.17));
#4357=CARTESIAN_POINT('',(0.6,0.4,0.47));
#4358=CARTESIAN_POINT('',(0.25,0.4,0.47));
#4359=CARTESIAN_POINT('',(0.25,0.4,0.62));
#4360=CARTESIAN_POINT('',(0.25,0.4,0.27));
#4361=CARTESIAN_POINT('',(0.6,0.4,0.27));
#4362=CARTESIAN_POINT('',(0.6,-0.4,0.57));
#4363=CARTESIAN_POINT('',(0.6,-0.4,0.27));
#4364=CARTESIAN_POINT('',(0.25,-0.4,0.27));
#4365=CARTESIAN_POINT('',(0.25,-0.4,0.62));
#4366=CARTESIAN_POINT('',(0.25,-0.4,0.47));
#4367=CARTESIAN_POINT('',(0.6,-0.4,0.47));
#4368=CARTESIAN_POINT('',(0.6,-0.4,0.17));
#4369=CARTESIAN_POINT('',(0.25,-0.5,0.17));
#4370=CARTESIAN_POINT('',(0.25,-0.3,0.17));
#4371=CARTESIAN_POINT('',(0.249999999999999,-0.149999999999999,0.17));
#4372=CARTESIAN_POINT('',(0.6,-0.3,0.17));
#4373=CARTESIAN_POINT('',(-0.249999999999999,0.149999999999999,0.17));
#4374=CARTESIAN_POINT('',(0.6,0.3,0.17));
#4375=CARTESIAN_POINT('',(0.25,0.3,0.17));
#4376=CARTESIAN_POINT('',(0.25,0.5,0.17));
#4377=CARTESIAN_POINT('',(0.249999999999999,0.149999999999999,0.17));
#4378=CARTESIAN_POINT('',(0.249999999999999,0.149999999999999,0.17));
#4379=CARTESIAN_POINT('',(0.6,0.149999999999999,0.17));
#4380=CARTESIAN_POINT('',(0.6,-0.4,0.17));
#4381=CARTESIAN_POINT('',(0.6,-0.149999999999999,0.17));
#4382=CARTESIAN_POINT('',(0.249999999999999,-0.149999999999999,0.17));
#4383=CARTESIAN_POINT('',(-0.249999999999999,0.149999999999999,0.62));
#4384=CARTESIAN_POINT('',(-0.249999999999999,0.149999999999999,0.03));
#4385=CARTESIAN_POINT('',(-0.6,0.5,0.62));
#4386=CARTESIAN_POINT('',(-0.6,0.5,0.03));
#4387=CARTESIAN_POINT('',(-0.25,0.5,0.65));
#4388=CARTESIAN_POINT('',(0.,0.,0.03));
#4389=CARTESIAN_POINT('',(0.25,0.5,0.62));
#4390=CARTESIAN_POINT('',(0.25,0.3,0.47));
#4391=CARTESIAN_POINT('',(0.249999999999999,-0.3,0.47));
#4392=CARTESIAN_POINT('',(0.249999999999999,-0.3,0.27));
#4393=CARTESIAN_POINT('',(0.249999999999999,-0.149999999999999,0.62));
#4394=CARTESIAN_POINT('',(0.249999999999999,-0.149999999999999,0.03));
#4395=CARTESIAN_POINT('',(0.25,-0.5,0.03));
#4396=CARTESIAN_POINT('',(0.25,-0.5,0.03));
#4397=CARTESIAN_POINT('',(0.25,-0.5,0.62));
#4398=CARTESIAN_POINT('',(0.25,-0.5,0.65));
#4399=CARTESIAN_POINT('',(0.25,-0.5,0.65));
#4400=CARTESIAN_POINT('',(0.25,0.5,0.65));
#4401=CARTESIAN_POINT('',(0.25,0.5,0.62));
#4402=CARTESIAN_POINT('',(0.25,0.5,0.03));
#4403=CARTESIAN_POINT('',(0.25,0.5,0.03));
#4404=CARTESIAN_POINT('',(0.249999999999999,0.149999999999999,0.03));
#4405=CARTESIAN_POINT('',(0.249999999999999,0.149999999999999,0.62));
#4406=CARTESIAN_POINT('',(0.25,0.3,0.27));
#4407=CARTESIAN_POINT('',(0.249999999999999,0.149999999999999,0.62));
#4408=CARTESIAN_POINT('',(0.249999999999999,0.149999999999999,0.03));
#4409=CARTESIAN_POINT('',(0.6,0.149999999999999,0.03));
#4410=CARTESIAN_POINT('',(0.6,0.149999999999999,0.62));
#4411=CARTESIAN_POINT('',(0.6,0.149999999999999,0.62));
#4412=CARTESIAN_POINT('',(0.6,0.149999999999999,0.03));
#4413=CARTESIAN_POINT('',(0.6,0.5,0.03));
#4414=CARTESIAN_POINT('',(0.6,0.5,0.62));
#4415=CARTESIAN_POINT('',(0.6,0.5,0.65));
#4416=CARTESIAN_POINT('',(0.6,0.5,0.65));
#4417=CARTESIAN_POINT('',(0.6,-0.5,0.65));
#4418=CARTESIAN_POINT('',(0.6,-0.5,0.62));
#4419=CARTESIAN_POINT('',(0.6,-0.5,0.03));
#4420=CARTESIAN_POINT('',(0.6,-0.149999999999999,0.03));
#4421=CARTESIAN_POINT('',(0.6,-0.149999999999999,0.03));
#4422=CARTESIAN_POINT('',(0.6,-0.149999999999999,0.62));
#4423=CARTESIAN_POINT('',(0.6,0.5,0.62));
#4424=CARTESIAN_POINT('',(0.6,0.5,0.03));
#4425=CARTESIAN_POINT('',(0.25,0.5,0.65));
#4426=CARTESIAN_POINT('',(0.,0.,0.03));
#4427=CARTESIAN_POINT('',(0.249999999999999,-0.149999999999999,0.62));
#4428=CARTESIAN_POINT('',(0.249999999999999,-0.149999999999999,0.03));
#4429=CARTESIAN_POINT('',(0.6,-0.5,0.62));
#4430=CARTESIAN_POINT('',(0.6,-0.5,0.03));
#4431=CARTESIAN_POINT('',(0.6,-0.5,0.65));
#4432=CARTESIAN_POINT('',(0.,0.,0.03));
#4433=CARTESIAN_POINT('',(0.6,0.3,0.27));
#4434=CARTESIAN_POINT('',(0.6,-0.3,0.47));
#4435=CARTESIAN_POINT('',(0.6,-0.3,0.27));
#4436=CARTESIAN_POINT('',(0.6,0.3,0.47));
#4437=CARTESIAN_POINT('',(0.,0.,0.65));
#4438=CARTESIAN_POINT('',(0.,0.,0.65));
#4439=CARTESIAN_POINT('',(0.,0.,3.04931861011548E-17));
#4440=CARTESIAN_POINT('',(0.6,0.5,0.65));
#4441=CARTESIAN_POINT('',(0.6,0.5,0.9));
#4442=CARTESIAN_POINT('',(0.6,0.5,0.9));
#4443=CARTESIAN_POINT('',(0.6,-0.5,0.9));
#4444=CARTESIAN_POINT('',(0.6,-0.5,0.65));
#4445=CARTESIAN_POINT('',(0.6,-0.5,0.65));
#4446=CARTESIAN_POINT('',(0.6,0.5,0.65));
#4447=CARTESIAN_POINT('',(0.6,0.5,0.65));
#4448=CARTESIAN_POINT('',(0.6,0.5,0.65));
#4449=CARTESIAN_POINT('',(0.6,-0.5,0.65));
#4450=CARTESIAN_POINT('',(0.6,-0.5,0.9));
#4451=CARTESIAN_POINT('',(-0.6,-0.5,0.9));
#4452=CARTESIAN_POINT('',(-0.6,-0.5,0.65));
#4453=CARTESIAN_POINT('',(-0.6,-0.5,0.65));
#4454=CARTESIAN_POINT('',(0.6,-0.5,0.65));
#4455=CARTESIAN_POINT('',(-0.6,-0.5,0.65));
#4456=CARTESIAN_POINT('',(-0.6,-0.5,0.9));
#4457=CARTESIAN_POINT('',(-0.6,0.5,0.9));
#4458=CARTESIAN_POINT('',(-0.6,0.5,0.65));
#4459=CARTESIAN_POINT('',(-0.6,0.5,0.65));
#4460=CARTESIAN_POINT('',(-0.6,-0.5,0.65));
#4461=CARTESIAN_POINT('',(-0.6,0.5,0.65));
#4462=CARTESIAN_POINT('',(-0.6,0.5,0.9));
#4463=CARTESIAN_POINT('',(-0.6,0.5,0.65));
#4464=CARTESIAN_POINT('',(0.,0.,0.65));
#4465=CARTESIAN_POINT('',(0.,0.,0.9));
#4466=CARTESIAN_POINT('',(0.,1.0842021724855E-16,-1.0842021724855E-16));
#4467=MECHANICAL_DESIGN_GEOMETRIC_PRESENTATION_REPRESENTATION('',(#1924,
#1925,#1926,#1927,#1928,#1929,#1930,#1931),#4468);
#4468=(
GEOMETRIC_REPRESENTATION_CONTEXT(3)
GLOBAL_UNCERTAINTY_ASSIGNED_CONTEXT((#4472))
GLOBAL_UNIT_ASSIGNED_CONTEXT((#4478,#4477,#4476))
REPRESENTATION_CONTEXT('7442335xxx_0504H','TOP_LEVEL_ASSEMBLY_PART')
);
#4469=(
GEOMETRIC_REPRESENTATION_CONTEXT(3)
GLOBAL_UNCERTAINTY_ASSIGNED_CONTEXT((#4473))
GLOBAL_UNIT_ASSIGNED_CONTEXT((#4478,#4477,#4476))
REPRESENTATION_CONTEXT('solder contacts','COMPONENT_PART')
);
#4470=(
GEOMETRIC_REPRESENTATION_CONTEXT(3)
GLOBAL_UNCERTAINTY_ASSIGNED_CONTEXT((#4474))
GLOBAL_UNIT_ASSIGNED_CONTEXT((#4478,#4477,#4476))
REPRESENTATION_CONTEXT('core','COMPONENT_PART')
);
#4471=(
GEOMETRIC_REPRESENTATION_CONTEXT(3)
GLOBAL_UNCERTAINTY_ASSIGNED_CONTEXT((#4475))
GLOBAL_UNIT_ASSIGNED_CONTEXT((#4478,#4477,#4476))
REPRESENTATION_CONTEXT('Ferrite','COMPONENT_PART')
);
#4472=UNCERTAINTY_MEASURE_WITH_UNIT(LENGTH_MEASURE(0.005),#4478,
'DISTANCE_ACCURACY_VALUE','Maximum Tolerance applied to model');
#4473=UNCERTAINTY_MEASURE_WITH_UNIT(LENGTH_MEASURE(0.005),#4478,
'DISTANCE_ACCURACY_VALUE','Maximum Tolerance applied to model');
#4474=UNCERTAINTY_MEASURE_WITH_UNIT(LENGTH_MEASURE(0.005),#4478,
'DISTANCE_ACCURACY_VALUE','Maximum Tolerance applied to model');
#4475=UNCERTAINTY_MEASURE_WITH_UNIT(LENGTH_MEASURE(0.005),#4478,
'DISTANCE_ACCURACY_VALUE','Maximum Tolerance applied to model');
#4476=(
NAMED_UNIT(*)
SI_UNIT($,.STERADIAN.)
SOLID_ANGLE_UNIT()
);
#4477=(
NAMED_UNIT(*)
PLANE_ANGLE_UNIT()
SI_UNIT($,.RADIAN.)
);
#4478=(
LENGTH_UNIT()
NAMED_UNIT(*)
SI_UNIT(.MILLI.,.METRE.)
);
#4479=PRODUCT_DEFINITION_SHAPE('','',#4486);
#4480=PRODUCT_DEFINITION_SHAPE('','',#4487);
#4481=PRODUCT_DEFINITION_SHAPE(' ','NAUO PRDDFN',#53);
#4482=PRODUCT_DEFINITION_SHAPE('','',#4488);
#4483=PRODUCT_DEFINITION_SHAPE(' ','NAUO PRDDFN',#54);
#4484=PRODUCT_DEFINITION_SHAPE('','',#4489);
#4485=PRODUCT_DEFINITION_SHAPE(' ','NAUO PRDDFN',#55);
#4486=PRODUCT_DEFINITION('','',#4494,#4490);
#4487=PRODUCT_DEFINITION('','',#4495,#4491);
#4488=PRODUCT_DEFINITION('','',#4496,#4492);
#4489=PRODUCT_DEFINITION('','',#4497,#4493);
#4490=PRODUCT_DEFINITION_CONTEXT('',#4515,'design');
#4491=PRODUCT_DEFINITION_CONTEXT('',#4515,'design');
#4492=PRODUCT_DEFINITION_CONTEXT('',#4515,'design');
#4493=PRODUCT_DEFINITION_CONTEXT('',#4515,'design');
#4494=PRODUCT_DEFINITION_FORMATION_WITH_SPECIFIED_SOURCE('','',#4502,
 .NOT_KNOWN.);
#4495=PRODUCT_DEFINITION_FORMATION_WITH_SPECIFIED_SOURCE('','',#4503,
 .NOT_KNOWN.);
#4496=PRODUCT_DEFINITION_FORMATION_WITH_SPECIFIED_SOURCE('','',#4504,
 .NOT_KNOWN.);
#4497=PRODUCT_DEFINITION_FORMATION_WITH_SPECIFIED_SOURCE('','',#4505,
 .NOT_KNOWN.);
#4498=PRODUCT_RELATED_PRODUCT_CATEGORY('','',(#4502));
#4499=PRODUCT_RELATED_PRODUCT_CATEGORY('','',(#4503));
#4500=PRODUCT_RELATED_PRODUCT_CATEGORY('','',(#4504));
#4501=PRODUCT_RELATED_PRODUCT_CATEGORY('','',(#4505));
#4502=PRODUCT('7442335xxx_0504H','7442335xxx_0504H','7442335xxx_0504H',
(#4510));
#4503=PRODUCT('solder contacts','solder contacts','solder contacts',(#4511));
#4504=PRODUCT('core','core','core',(#4512));
#4505=PRODUCT('Ferrite','Ferrite','Ferrite',(#4513));
#4506=PRODUCT_CATEGORY('','');
#4507=PRODUCT_CATEGORY('','');
#4508=PRODUCT_CATEGORY('','');
#4509=PRODUCT_CATEGORY('','');
#4510=PRODUCT_CONTEXT('',#4515,'mechanical');
#4511=PRODUCT_CONTEXT('',#4515,'mechanical');
#4512=PRODUCT_CONTEXT('',#4515,'mechanical');
#4513=PRODUCT_CONTEXT('',#4515,'mechanical');
#4514=APPLICATION_PROTOCOL_DEFINITION('international standard',
'automotive_design',2010,#4515);
#4515=APPLICATION_CONTEXT(
'core data for automotive mechanical design processes');
ENDSEC;
END-ISO-10303-21;
